ISO-10303-21;
HEADER;
FILE_DESCRIPTION((''),'2;1');
FILE_NAME('BB_GOT_STUTZEN','2018-01-23T',('wilden.bw'),(''),
'CREO PARAMETRIC BY PTC INC, 2015480','CREO PARAMETRIC BY PTC INC, 2015480','');
FILE_SCHEMA(('AUTOMOTIVE_DESIGN { 1 0 10303 214 1 1 1 1 }'));
ENDSEC;
DATA;
#245=CARTESIAN_POINT('',(3.204211705783E0,-1.000000013728E1,1.408201458807E0));
#246=CARTESIAN_POINT('',(3.316909458152E0,-9.780209232762E0,1.151779035326E0));
#247=CARTESIAN_POINT('',(3.473662997152E0,-9.335088835486E0,6.326066913450E-1));
#248=CARTESIAN_POINT('',(3.523608203771E0,-8.655186993904E0,
-1.606667605140E-1));
#249=CARTESIAN_POINT('',(3.413768526355E0,-8.053599611346E0,
-8.625041895907E-1));
#250=CARTESIAN_POINT('',(3.200121969073E0,-7.542097391281E0,-1.459260878077E0));
#251=CARTESIAN_POINT('',(2.917686903443E0,-7.113833415286E0,-1.958901658842E0));
#252=CARTESIAN_POINT('',(2.590021781807E0,-6.759695901250E0,-2.372063220546E0));
#253=CARTESIAN_POINT('',(2.237247500306E0,-6.474302987415E0,-2.705022213568E0));
#254=CARTESIAN_POINT('',(1.872642353492E0,-6.249503665524E0,-2.967288921771E0));
#255=CARTESIAN_POINT('',(1.511765942265E0,-6.080197195572E0,-3.164812409141E0));
#256=CARTESIAN_POINT('',(1.162716649265E0,-5.957627747158E0,-3.307811089700E0));
#257=CARTESIAN_POINT('',(8.217634374696E-1,-5.871369807930E0,
-3.408443044963E0));
#258=CARTESIAN_POINT('',(4.488282888039E-1,-5.810821825289E0,
-3.479085938248E0));
#259=CARTESIAN_POINT('',(1.551490020569E-1,-5.792893595903E0,
-3.499999411245E0));
#260=CARTESIAN_POINT('',(1.028875581336E-9,-5.792893218812E0,-3.5E0));
#262=DRAUGHTING_PRE_DEFINED_CURVE_FONT('continuous');
#263=CURVE_STYLE('',#262,POSITIVE_LENGTH_MEASURE(2.E-2),#130);
#264=PRESENTATION_STYLE_ASSIGNMENT((#263));
#265=STYLED_ITEM('',(#264),#261);
#266=CARTESIAN_POINT('',(0.E0,1.25E1,0.E0));
#267=DIRECTION('',(0.E0,-1.E0,0.E0));
#268=DIRECTION('',(0.E0,0.E0,-1.E0));
#269=AXIS2_PLACEMENT_3D('',#266,#267,#268);
#271=CURVE_STYLE('',#262,POSITIVE_LENGTH_MEASURE(2.E-2),#130);
#272=PRESENTATION_STYLE_ASSIGNMENT((#271));
#273=STYLED_ITEM('',(#272),#270);
#274=CARTESIAN_POINT('',(0.E0,-1.E1,0.E0));
#275=DIRECTION('',(0.E0,1.E0,0.E0));
#276=DIRECTION('',(0.E0,0.E0,1.E0));
#277=AXIS2_PLACEMENT_3D('',#274,#275,#276);
#279=CURVE_STYLE('',#262,POSITIVE_LENGTH_MEASURE(2.E-2),#130);
#280=PRESENTATION_STYLE_ASSIGNMENT((#279));
#281=STYLED_ITEM('',(#280),#278);
#282=CARTESIAN_POINT('',(2.746432817094E0,-1.E1,1.207106781187E0));
#283=DIRECTION('',(-4.023689270622E-1,0.E0,9.154776056982E-1));
#284=DIRECTION('',(0.E0,-1.E0,0.E0));
#285=AXIS2_PLACEMENT_3D('',#282,#283,#284);
#287=CURVE_STYLE('',#262,POSITIVE_LENGTH_MEASURE(2.E-2),#130);
#288=PRESENTATION_STYLE_ASSIGNMENT((#287));
#289=STYLED_ITEM('',(#288),#286);
#290=CARTESIAN_POINT('',(2.746432817094E0,-1.E1,1.207106781187E0));
#291=DIRECTION('',(-1.E0,0.E0,0.E0));
#292=DIRECTION('',(0.E0,-7.071067811865E-1,-7.071067811865E-1));
#293=AXIS2_PLACEMENT_3D('',#290,#291,#292);
#295=CURVE_STYLE('',#262,POSITIVE_LENGTH_MEASURE(2.E-2),#130);
#296=PRESENTATION_STYLE_ASSIGNMENT((#295));
#297=STYLED_ITEM('',(#296),#294);
#298=CARTESIAN_POINT('',(3.204211705783E0,-1.000000013728E1,1.408201458807E0));
#299=CARTESIAN_POINT('',(3.221415158970E0,-1.004460826551E1,1.369059828159E0));
#300=CARTESIAN_POINT('',(3.233243005027E0,-1.013742348149E1,1.284202629152E0));
#301=CARTESIAN_POINT('',(3.185470311901E0,-1.025506596355E1,1.144063635126E0));
#302=CARTESIAN_POINT('',(3.077276140816E0,-1.033881690450E1,1.013387300726E0));
#303=CARTESIAN_POINT('',(2.924309540725E0,-1.037549426784E1,9.084663161359E-1));
#304=CARTESIAN_POINT('',(2.805088555502E0,-1.036733086375E1,8.673308638344E-1));
#305=CARTESIAN_POINT('',(2.746387749377E0,-1.035355352381E1,8.535535238094E-1));
#307=CURVE_STYLE('',#262,POSITIVE_LENGTH_MEASURE(2.E-2),#130);
#308=PRESENTATION_STYLE_ASSIGNMENT((#307));
#309=STYLED_ITEM('',(#308),#306);
#310=CARTESIAN_POINT('',(0.E0,-1.05E1,0.E0));
#311=DIRECTION('',(0.E0,1.E0,0.E0));
#312=DIRECTION('',(-9.154691413541E-1,0.E0,4.023881847524E-1));
#313=AXIS2_PLACEMENT_3D('',#310,#311,#312);
#315=CURVE_STYLE('',#262,POSITIVE_LENGTH_MEASURE(2.E-2),#130);
#316=PRESENTATION_STYLE_ASSIGNMENT((#315));
#317=STYLED_ITEM('',(#316),#314);
#318=CARTESIAN_POINT('',(1.028875581336E-9,-5.792893218812E0,-3.5E0));
#319=CARTESIAN_POINT('',(-1.880672471229E-1,-5.792896175950E0,
-3.499997142506E0));
#320=CARTESIAN_POINT('',(-5.746859207947E-1,-5.819010388467E0,
-3.469540110820E0));
#321=CARTESIAN_POINT('',(-1.166789695929E0,-5.947560373110E0,
-3.319565986196E0));
#322=CARTESIAN_POINT('',(-1.756012331633E0,-6.176957275282E0,
-3.051943339294E0));
#323=CARTESIAN_POINT('',(-2.320801581319E0,-6.519340388275E0,
-2.652468461362E0));
#324=CARTESIAN_POINT('',(-2.829324624037E0,-6.986660961353E0,
-2.107250868400E0));
#325=CARTESIAN_POINT('',(-3.222970855326E0,-7.561431042529E0,
-1.436686356073E0));
#326=CARTESIAN_POINT('',(-3.456931273111E0,-8.191476281756E0,
-7.016435011545E-1));
#327=CARTESIAN_POINT('',(-3.525558743354E0,-8.832244095344E0,
4.591085344768E-2));
#328=CARTESIAN_POINT('',(-3.439369276788E0,-9.449459408229E0,
7.660038697348E-1));
#329=CARTESIAN_POINT('',(-3.294816896159E0,-9.823269638203E0,1.202082049144E0));
#330=CARTESIAN_POINT('',(-3.204180101884E0,-1.000000110368E1,1.408280749372E0));
#332=CURVE_STYLE('',#262,POSITIVE_LENGTH_MEASURE(2.E-2),#130);
#333=PRESENTATION_STYLE_ASSIGNMENT((#332));
#334=STYLED_ITEM('',(#333),#331);
#335=CARTESIAN_POINT('',(0.E0,-1.E1,0.E0));
#336=DIRECTION('',(0.E0,1.E0,0.E0));
#337=DIRECTION('',(-9.154831258998E-1,0.E0,4.023563671582E-1));
#338=AXIS2_PLACEMENT_3D('',#335,#336,#337);
#340=CURVE_STYLE('',#262,POSITIVE_LENGTH_MEASURE(2.E-2),#130);
#341=PRESENTATION_STYLE_ASSIGNMENT((#340));
#342=STYLED_ITEM('',(#341),#339);
#343=DIRECTION('',(-2.055881208939E-12,1.E0,0.E0));
#344=VECTOR('',#343,2.25E1);
#345=CARTESIAN_POINT('',(4.625704145020E-11,-1.E1,3.5E0));
#346=LINE('',#345,#344);
#347=CURVE_STYLE('',#262,POSITIVE_LENGTH_MEASURE(2.E-2),#130);
#348=PRESENTATION_STYLE_ASSIGNMENT((#347));
#349=STYLED_ITEM('',(#348),#346);
#350=CARTESIAN_POINT('',(0.E0,1.25E1,0.E0));
#351=DIRECTION('',(0.E0,1.E0,0.E0));
#352=DIRECTION('',(0.E0,0.E0,-1.E0));
#353=AXIS2_PLACEMENT_3D('',#350,#351,#352);
#355=CURVE_STYLE('',#262,POSITIVE_LENGTH_MEASURE(2.E-2),#130);
#356=PRESENTATION_STYLE_ASSIGNMENT((#355));
#357=STYLED_ITEM('',(#356),#354);
#358=DIRECTION('',(5.624453624030E-11,-1.E0,0.E0));
#359=VECTOR('',#358,1.829289321881E1);
#360=CARTESIAN_POINT('',(0.E0,1.25E1,-3.5E0));
#361=LINE('',#360,#359);
#362=CURVE_STYLE('',#262,POSITIVE_LENGTH_MEASURE(2.E-2),#130);
#363=PRESENTATION_STYLE_ASSIGNMENT((#362));
#364=STYLED_ITEM('',(#363),#361);
#365=CARTESIAN_POINT('',(8.891501960862E-8,-5.792893218809E0,
-3.000000000004E0));
#366=DIRECTION('',(-1.E0,2.963484589828E-8,-2.963484485914E-8));
#367=DIRECTION('',(2.963484485789E-8,-4.216538229684E-11,-1.E0));
#368=AXIS2_PLACEMENT_3D('',#365,#366,#367);
#370=CURVE_STYLE('',#262,POSITIVE_LENGTH_MEASURE(2.E-2),#130);
#371=PRESENTATION_STYLE_ASSIGNMENT((#370));
#372=STYLED_ITEM('',(#371),#369);
#373=CARTESIAN_POINT('',(2.746387749377E0,-1.035355352381E1,8.535535238094E-1));
#374=CARTESIAN_POINT('',(2.843990433116E0,-1.013153167342E1,6.315316734197E-1));
#375=CARTESIAN_POINT('',(2.976996657410E0,-9.689689756797E0,1.896897567971E-1));
#376=CARTESIAN_POINT('',(3.020352525582E0,-9.008442906025E0,
-4.915570939745E-1));
#377=CARTESIAN_POINT('',(2.926046246458E0,-8.407183443298E0,-1.092816556702E0));
#378=CARTESIAN_POINT('',(2.742947752114E0,-7.895583327572E0,-1.604416672428E0));
#379=CARTESIAN_POINT('',(2.500843727121E0,-7.467351146936E0,-2.032648853064E0));
#380=CARTESIAN_POINT('',(2.219988217524E0,-7.113215058071E0,-2.386784941929E0));
#381=CARTESIAN_POINT('',(1.917611185563E0,-6.827832628932E0,-2.672167371068E0));
#382=CARTESIAN_POINT('',(1.605094060133E0,-6.603039578948E0,-2.896960421052E0));
#383=CARTESIAN_POINT('',(1.295781024352E0,-6.433739970687E0,-3.066260029313E0));
#384=CARTESIAN_POINT('',(9.965833789626E-1,-6.311174757117E0,
-3.188825242883E0));
#385=CARTESIAN_POINT('',(7.044149049403E-1,-6.224922030931E0,
-3.275077969069E0));
#386=CARTESIAN_POINT('',(3.844996627003E-1,-6.164372373761E0,
-3.335627626239E0));
#387=CARTESIAN_POINT('',(1.334294667589E-1,-6.146448509991E0,
-3.353551490009E0));
#388=CARTESIAN_POINT('',(0.E0,-6.146446609407E0,-3.353553390593E0));
#390=CURVE_STYLE('',#262,POSITIVE_LENGTH_MEASURE(2.E-2),#130);
#391=PRESENTATION_STYLE_ASSIGNMENT((#390));
#392=STYLED_ITEM('',(#391),#389);
#393=DIRECTION('',(1.E0,3.162306688868E-8,3.370702541465E-8));
#394=VECTOR('',#393,1.856532816979E0);
#395=CARTESIAN_POINT('',(8.898549323982E-1,-1.035355358252E1,
8.535534612312E-1));
#396=LINE('',#395,#394);
#397=CURVE_STYLE('',#262,POSITIVE_LENGTH_MEASURE(2.E-2),#130);
#398=PRESENTATION_STYLE_ASSIGNMENT((#397));
#399=STYLED_ITEM('',(#398),#396);
#400=CARTESIAN_POINT('',(-8.202625140771E-4,-7.510196362251E0,
-1.989802089798E0));
#401=CARTESIAN_POINT('',(5.117983268786E-2,-7.509876655930E0,
-1.990120456448E0));
#402=CARTESIAN_POINT('',(1.492819727386E-1,-7.514353950531E0,
-1.985647389619E0));
#403=CARTESIAN_POINT('',(2.778170437670E-1,-7.530765148786E0,
-1.969234492122E0));
#404=CARTESIAN_POINT('',(3.904797886146E-1,-7.553204655378E0,
-1.946795440840E0));
#405=CARTESIAN_POINT('',(4.921353281596E-1,-7.580106620827E0,
-1.919893353392E0));
#406=CARTESIAN_POINT('',(5.878703488187E-1,-7.611564158906E0,
-1.888435848002E0));
#407=CARTESIAN_POINT('',(6.806768512502E-1,-7.648246581567E0,
-1.851753416582E0));
#408=CARTESIAN_POINT('',(7.699880988699E-1,-7.689989648149E0,
-1.810010352347E0));
#409=CARTESIAN_POINT('',(8.540207806008E-1,-7.735682270466E0,
-1.764317729401E0));
#410=CARTESIAN_POINT('',(9.323173786043E-1,-7.784422202880E0,
-1.715577797156E0));
#411=CARTESIAN_POINT('',(1.005699943037E0,-7.836141035106E0,-1.663858964885E0));
#412=CARTESIAN_POINT('',(1.076312415218E0,-7.892189271822E0,-1.607810728181E0));
#413=CARTESIAN_POINT('',(1.146177095283E0,-7.954688160048E0,-1.545311839952E0));
#414=CARTESIAN_POINT('',(1.216576038697E0,-8.026099542957E0,-1.473900457043E0));
#415=CARTESIAN_POINT('',(1.287428610501E0,-8.108563517617E0,-1.391436482383E0));
#416=CARTESIAN_POINT('',(1.357176023837E0,-8.203254482489E0,-1.296745517511E0));
#417=CARTESIAN_POINT('',(1.423581237763E0,-8.310851348232E0,-1.189148651768E0));
#418=CARTESIAN_POINT('',(1.484471734991E0,-8.432076295972E0,-1.067923704028E0));
#419=CARTESIAN_POINT('',(1.537779757754E0,-8.568591227094E0,
-9.314087729064E-1));
#420=CARTESIAN_POINT('',(1.580320091593E0,-8.722346324892E0,
-7.776536751081E-1));
#421=CARTESIAN_POINT('',(1.608180942107E0,-8.898817601140E0,
-6.011823988606E-1));
#422=CARTESIAN_POINT('',(1.615021920167E0,-9.101218970845E0,
-3.987810291531E-1));
#423=CARTESIAN_POINT('',(1.591294718296E0,-9.314906947391E0,
-1.850930526177E-1));
#424=CARTESIAN_POINT('',(1.540121218878E0,-9.516003631807E0,1.600363183962E-2));
#425=CARTESIAN_POINT('',(1.470083139348E0,-9.692614590606E0,1.926145904860E-1));
#426=CARTESIAN_POINT('',(1.387504284116E0,-9.845646278490E0,3.456462789399E-1));
#427=CARTESIAN_POINT('',(1.296087914534E0,-9.979233909917E0,4.792339082397E-1));
#428=CARTESIAN_POINT('',(1.198445424021E0,-1.009570562175E1,5.957056280078E-1));
#429=CARTESIAN_POINT('',(1.096829383856E0,-1.019639944544E1,6.963994220813E-1));
#430=CARTESIAN_POINT('',(9.932809767313E-1,-1.028260991017E1,
7.826099973474E-1));
#431=CARTESIAN_POINT('',(9.241631043256E-1,-1.033125190448E1,
8.312517166335E-1));
#432=CARTESIAN_POINT('',(8.898549323982E-1,-1.035355358252E1,
8.535534612312E-1));
#434=CURVE_STYLE('',#262,POSITIVE_LENGTH_MEASURE(2.E-2),#130);
#435=PRESENTATION_STYLE_ASSIGNMENT((#434));
#436=STYLED_ITEM('',(#435),#433);
#437=CARTESIAN_POINT('',(-8.898374332789E-1,-1.035355296752E1,
8.535529950359E-1));
#438=CARTESIAN_POINT('',(-9.264025263592E-1,-1.032978175393E1,
8.297819648906E-1));
#439=CARTESIAN_POINT('',(-1.000061892468E0,-1.027769100585E1,
7.776909079411E-1));
#440=CARTESIAN_POINT('',(-1.110344581817E0,-1.018436510202E1,
6.843651282531E-1));
#441=CARTESIAN_POINT('',(-1.218269171780E0,-1.007435465529E1,
5.743546482600E-1));
#442=CARTESIAN_POINT('',(-1.321088506389E0,-9.946102412641E0,
4.461024145242E-1));
#443=CARTESIAN_POINT('',(-1.416031284271E0,-9.798026647420E0,
2.980266469152E-1));
#444=CARTESIAN_POINT('',(-1.500422996917E0,-9.625192020979E0,
1.251920211141E-1));
#445=CARTESIAN_POINT('',(-1.565595858578E0,-9.429528748280E0,
-7.047125175598E-2));
#446=CARTESIAN_POINT('',(-1.604277068114E0,-9.227770129255E0,
-2.722298707349E-1));
#447=CARTESIAN_POINT('',(-1.614843616632E0,-9.033581211666E0,
-4.664187883366E-1));
#448=CARTESIAN_POINT('',(-1.602798506110E0,-8.855895004098E0,
-6.441049959009E-1));
#449=CARTESIAN_POINT('',(-1.574136375937E0,-8.697471836748E0,
-8.025281632524E-1));
#450=CARTESIAN_POINT('',(-1.533588803747E0,-8.557498007479E0,
-9.425019925214E-1));
#451=CARTESIAN_POINT('',(-1.484325048112E0,-8.432561778086E0,
-1.067438221914E0));
#452=CARTESIAN_POINT('',(-1.428216331957E0,-8.319702670829E0,
-1.180297329171E0));
#453=CARTESIAN_POINT('',(-1.366744330137E0,-8.217946251726E0,
-1.282053748274E0));
#454=CARTESIAN_POINT('',(-1.302015960377E0,-8.127432548138E0,
-1.372567451862E0));
#455=CARTESIAN_POINT('',(-1.236109727584E0,-8.047902837147E0,
-1.452097162853E0));
#456=CARTESIAN_POINT('',(-1.170098858150E0,-7.978080879469E0,
-1.521919120531E0));
#457=CARTESIAN_POINT('',(-1.103718687109E0,-7.915893415980E0,
-1.584106584021E0));
#458=CARTESIAN_POINT('',(-1.035663748030E0,-7.859156599366E0,
-1.640843400633E0));
#459=CARTESIAN_POINT('',(-9.638780545190E-1,-7.805905619767E0,
-1.694094380235E0));
#460=CARTESIAN_POINT('',(-8.866398595E-1,-7.755226913882E0,-1.744773086110E0));
#461=CARTESIAN_POINT('',(-8.037876578698E-1,-7.707586288795E0,
-1.792413711234E0));
#462=CARTESIAN_POINT('',(-7.160759092093E-1,-7.663997232968E0,
-1.836002766925E0));
#463=CARTESIAN_POINT('',(-6.245050697590E-1,-7.625225687374E0,
-1.874774313029E0));
#464=CARTESIAN_POINT('',(-5.283266598544E-1,-7.591150973420E0,
-1.908849025077E0));
#465=CARTESIAN_POINT('',(-4.237171824156E-1,-7.561094909107E0,
-1.938905096501E0));
#466=CARTESIAN_POINT('',(-3.051759673111E-1,-7.535277902927E0,
-1.964722076141E0));
#467=CARTESIAN_POINT('',(-1.667138553848E-1,-7.515699940199E0,
-1.984300137921E0));
#468=CARTESIAN_POINT('',(-5.861601437843E-2,-7.509986389624E0,
-1.990013442053E0));
#469=CARTESIAN_POINT('',(-8.202625140771E-4,-7.510196362251E0,
-1.989802089798E0));
#471=CURVE_STYLE('',#262,POSITIVE_LENGTH_MEASURE(2.E-2),#130);
#472=PRESENTATION_STYLE_ASSIGNMENT((#471));
#473=STYLED_ITEM('',(#472),#470);
#474=DIRECTION('',(9.999999999997E-1,5.105708622480E-7,-4.957478401110E-7));
#475=VECTOR('',#474,1.856490328797E0);
#476=CARTESIAN_POINT('',(-2.746327762075E0,-1.035355391539E1,
8.535539153869E-1));
#477=LINE('',#476,#475);
#478=CURVE_STYLE('',#262,POSITIVE_LENGTH_MEASURE(2.E-2),#130);
#479=PRESENTATION_STYLE_ASSIGNMENT((#478));
#480=STYLED_ITEM('',(#479),#477);
#481=CARTESIAN_POINT('',(0.E0,-6.146446609407E0,-3.353553390593E0));
#482=CARTESIAN_POINT('',(-1.629688245051E-1,-6.146454769790E0,
-3.353545230210E0));
#483=CARTESIAN_POINT('',(-4.918437954830E-1,-6.172564160349E0,
-3.327435839651E0));
#484=CARTESIAN_POINT('',(-1.000432708816E0,-6.301141147580E0,
-3.198858852420E0));
#485=CARTESIAN_POINT('',(-1.505243091037E0,-6.530586931585E0,
-2.969413068415E0));
#486=CARTESIAN_POINT('',(-1.989450960427E0,-6.873051027080E0,
-2.626948972920E0));
#487=CARTESIAN_POINT('',(-2.425311625163E0,-7.340470992444E0,
-2.159529007556E0));
#488=CARTESIAN_POINT('',(-2.762671223928E0,-7.915239416709E0,
-1.584760583291E0));
#489=CARTESIAN_POINT('',(-2.963105399117E0,-8.545283377395E0,
-9.547166226046E-1));
#490=CARTESIAN_POINT('',(-3.021983962992E0,-9.185726282080E0,
-3.142737179201E-1));
#491=CARTESIAN_POINT('',(-2.947743650376E0,-9.803834457351E0,
3.038344573510E-1));
#492=CARTESIAN_POINT('',(-2.824727330987E0,-1.017520723398E1,
6.752072339797E-1));
#493=CARTESIAN_POINT('',(-2.746327762075E0,-1.035355391539E1,
8.535539153869E-1));
#495=CURVE_STYLE('',#262,POSITIVE_LENGTH_MEASURE(2.E-2),#130);
#496=PRESENTATION_STYLE_ASSIGNMENT((#495));
#497=STYLED_ITEM('',(#496),#494);
#498=DIRECTION('',(1.E0,5.597308512454E-13,4.893293758633E-9));
#499=VECTOR('',#498,1.856550784608E0);
#500=CARTESIAN_POINT('',(-2.746393609110E0,-1.05E1,1.207106781187E0));
#501=LINE('',#500,#499);
#502=CURVE_STYLE('',#262,POSITIVE_LENGTH_MEASURE(2.E-2),#130);
#503=PRESENTATION_STYLE_ASSIGNMENT((#502));
#504=STYLED_ITEM('',(#503),#501);
#505=CARTESIAN_POINT('',(-2.870162357079E-1,-1.049999994358E1,
1.088223005102E0));
#506=CARTESIAN_POINT('',(-3.371481769891E-1,-1.050000071010E1,
1.107158451357E0));
#507=CARTESIAN_POINT('',(-4.367630345101E-1,-1.049999964995E1,
1.141695923530E0));
#508=CARTESIAN_POINT('',(-5.850293410490E-1,-1.050000016004E1,
1.179129920951E0));
#509=CARTESIAN_POINT('',(-7.349132917587E-1,-1.049999970990E1,
1.201826457973E0));
#510=CARTESIAN_POINT('',(-8.378094778498E-1,-1.050000057021E1,
1.207108062446E0));
#511=CARTESIAN_POINT('',(-8.898428245013E-1,-1.05E1,1.207106790271E0));
#513=CURVE_STYLE('',#262,POSITIVE_LENGTH_MEASURE(2.E-2),#130);
#514=PRESENTATION_STYLE_ASSIGNMENT((#513));
#515=STYLED_ITEM('',(#514),#512);
#516=CARTESIAN_POINT('',(-2.340453734849E-5,-1.05E1,1.033769085426E0));
#517=CARTESIAN_POINT('',(-2.025032985903E-2,-1.05E1,1.033759083068E0));
#518=CARTESIAN_POINT('',(-6.025779649041E-2,-1.049999999946E1,
1.035301203942E0));
#519=CARTESIAN_POINT('',(-1.176352392870E-1,-1.050000000189E1,
1.041951456532E0));
#520=CARTESIAN_POINT('',(-1.762626840740E-1,-1.049999999298E1,
1.053407957788E0));
#521=CARTESIAN_POINT('',(-2.330469913781E-1,-1.050000002618E1,
1.068993554281E0));
#522=CARTESIAN_POINT('',(-2.692449466502E-1,-1.049999994358E1,
1.081513119970E0));
#523=CARTESIAN_POINT('',(-2.870162357079E-1,-1.049999994358E1,
1.088223005102E0));
#525=CURVE_STYLE('',#262,POSITIVE_LENGTH_MEASURE(2.E-2),#130);
#526=PRESENTATION_STYLE_ASSIGNMENT((#525));
#527=STYLED_ITEM('',(#526),#524);
#528=CARTESIAN_POINT('',(2.870616214112E-1,-1.049999999999E1,1.088226578633E0));
#529=CARTESIAN_POINT('',(2.696697598177E-1,-1.049999999999E1,1.081658908357E0));
#530=CARTESIAN_POINT('',(2.347542249691E-1,-1.05E1,1.069577831928E0));
#531=CARTESIAN_POINT('',(1.820408777473E-1,-1.05E1,1.054920103226E0));
#532=CARTESIAN_POINT('',(1.284362909881E-1,-1.05E1,1.043796368758E0));
#533=CARTESIAN_POINT('',(7.016122439149E-2,-1.05E1,1.036012123955E0));
#534=CARTESIAN_POINT('',(2.432233148340E-2,-1.05E1,1.033762341010E0));
#535=CARTESIAN_POINT('',(-2.340453734849E-5,-1.05E1,1.033769085426E0));
#537=CURVE_STYLE('',#262,POSITIVE_LENGTH_MEASURE(2.E-2),#130);
#538=PRESENTATION_STYLE_ASSIGNMENT((#537));
#539=STYLED_ITEM('',(#538),#536);
#540=CARTESIAN_POINT('',(8.898428477370E-1,-1.050000005716E1,1.207106740750E0));
#541=CARTESIAN_POINT('',(8.087801211772E-1,-1.049999938543E1,1.207103353259E0));
#542=CARTESIAN_POINT('',(6.561594275026E-1,-1.050000037628E1,1.194422630053E0));
#543=CARTESIAN_POINT('',(4.555158390828E-1,-1.049999960488E1,1.148721072446E0));
#544=CARTESIAN_POINT('',(3.408082328349E-1,-1.050000067109E1,1.108525847558E0));
#545=CARTESIAN_POINT('',(2.870616214112E-1,-1.049999999999E1,1.088226578633E0));
#547=CURVE_STYLE('',#262,POSITIVE_LENGTH_MEASURE(2.E-2),#130);
#548=PRESENTATION_STYLE_ASSIGNMENT((#547));
#549=STYLED_ITEM('',(#548),#546);
#550=DIRECTION('',(1.E0,3.078901006068E-8,2.178027763480E-8));
#551=VECTOR('',#550,1.856573262870E0);
#552=CARTESIAN_POINT('',(8.898428477370E-1,-1.050000005716E1,1.207106740750E0));
#553=LINE('',#552,#551);
#554=CURVE_STYLE('',#262,POSITIVE_LENGTH_MEASURE(2.E-2),#130);
#555=PRESENTATION_STYLE_ASSIGNMENT((#554));
#556=STYLED_ITEM('',(#555),#553);
#557=CARTESIAN_POINT('',(-2.746432817094E0,-1.E1,1.207106781187E0));
#558=DIRECTION('',(4.023689270622E-1,0.E0,9.154776056982E-1));
#559=DIRECTION('',(-9.154776056982E-1,2.046135350042E-8,4.023689270622E-1));
#560=AXIS2_PLACEMENT_3D('',#557,#558,#559);
#562=CURVE_STYLE('',#262,POSITIVE_LENGTH_MEASURE(2.E-2),#130);
#563=PRESENTATION_STYLE_ASSIGNMENT((#562));
#564=STYLED_ITEM('',(#563),#561);
#565=CARTESIAN_POINT('',(-2.746327762075E0,-1.035355391539E1,
8.535539153869E-1));
#566=CARTESIAN_POINT('',(-2.805535813914E0,-1.036650793907E1,
8.665079395659E-1));
#567=CARTESIAN_POINT('',(-2.924096047698E0,-1.037589571875E1,
9.088665604467E-1));
#568=CARTESIAN_POINT('',(-3.077340436484E0,-1.033869043288E1,1.013269397755E0));
#569=CARTESIAN_POINT('',(-3.185404369601E0,-1.025523553503E1,1.144210825598E0));
#570=CARTESIAN_POINT('',(-3.233416273850E0,-1.013693535438E1,1.283807333940E0));
#571=CARTESIAN_POINT('',(-3.221041998658E0,-1.004566177233E1,1.369916236689E0));
#572=CARTESIAN_POINT('',(-3.204180101884E0,-1.000000110368E1,1.408280749372E0));
#574=CURVE_STYLE('',#262,POSITIVE_LENGTH_MEASURE(2.E-2),#130);
#575=PRESENTATION_STYLE_ASSIGNMENT((#574));
#576=STYLED_ITEM('',(#575),#573);
#577=CARTESIAN_POINT('',(-2.746432817094E0,-1.E1,1.207106781187E0));
#578=DIRECTION('',(1.E0,0.E0,0.E0));
#579=DIRECTION('',(0.E0,-1.E0,0.E0));
#580=AXIS2_PLACEMENT_3D('',#577,#578,#579);
#582=CURVE_STYLE('',#262,POSITIVE_LENGTH_MEASURE(2.E-2),#130);
#583=PRESENTATION_STYLE_ASSIGNMENT((#582));
#584=STYLED_ITEM('',(#583),#581);
#585=CARTESIAN_POINT('',(-8.898425934915E-1,-1.E1,1.207106836220E0));
#586=DIRECTION('',(-9.999999999839E-1,0.E0,5.680267840779E-6));
#587=DIRECTION('',(-4.016556221839E-6,-7.071067261495E-1,-7.071068362121E-1));
#588=AXIS2_PLACEMENT_3D('',#585,#586,#587);
#590=CURVE_STYLE('',#262,POSITIVE_LENGTH_MEASURE(2.E-2),#130);
#591=PRESENTATION_STYLE_ASSIGNMENT((#590));
#592=STYLED_ITEM('',(#591),#589);
#593=CARTESIAN_POINT('',(-3.593041722540E-1,-1.045619540211E1,
8.967529412840E-1));
#594=CARTESIAN_POINT('',(-4.120754184544E-1,-1.044858739697E1,
8.985522367233E-1));
#595=CARTESIAN_POINT('',(-5.112358734967E-1,-1.043199753487E1,
8.992359595946E-1));
#596=CARTESIAN_POINT('',(-6.441478839217E-1,-1.040662361862E1,
8.926517448017E-1));
#597=CARTESIAN_POINT('',(-7.688027130542E-1,-1.038069213507E1,
8.780647208726E-1));
#598=CARTESIAN_POINT('',(-8.499936915193E-1,-1.036265174548E1,
8.626512405238E-1));
#599=CARTESIAN_POINT('',(-8.898374332789E-1,-1.035355296752E1,
8.535529950359E-1));
#601=CURVE_STYLE('',#262,POSITIVE_LENGTH_MEASURE(2.E-2),#130);
#602=PRESENTATION_STYLE_ASSIGNMENT((#601));
#603=STYLED_ITEM('',(#602),#600);
#604=CARTESIAN_POINT('',(1.256358017509E-6,-8.055116424073E0,
-1.881408201599E0));
#605=CARTESIAN_POINT('',(-1.004309191261E-4,-8.009456256005E0,
-1.862496147338E0));
#606=CARTESIAN_POINT('',(-2.629500596324E-4,-7.912649974180E0,
-1.838374766763E0));
#607=CARTESIAN_POINT('',(-4.153851418145E-4,-7.763712992012E0,
-1.846030742545E0));
#608=CARTESIAN_POINT('',(-1.347878454982E-3,-7.623898038750E0,
-1.896413900074E0));
#609=CARTESIAN_POINT('',(-1.117707168087E-3,-7.544672001373E0,
-1.955326631958E0));
#610=CARTESIAN_POINT('',(-8.202625140771E-4,-7.510196362251E0,
-1.989802089798E0));
#612=CURVE_STYLE('',#262,POSITIVE_LENGTH_MEASURE(2.E-2),#130);
#613=PRESENTATION_STYLE_ASSIGNMENT((#612));
#614=STYLED_ITEM('',(#613),#611);
#615=CARTESIAN_POINT('',(2.341462659881E-4,-8.291322829340E0,
-1.979264510043E0));
#616=CARTESIAN_POINT('',(-5.269597320606E-2,-8.291399900196E0,
-1.979731142681E0));
#617=CARTESIAN_POINT('',(-1.651486019211E-1,-8.300726956508E0,
-1.970348167135E0));
#618=CARTESIAN_POINT('',(-3.499280985823E-1,-8.354891073461E0,
-1.915531695288E0));
#619=CARTESIAN_POINT('',(-5.166781415229E-1,-8.442482228097E0,
-1.820981394835E0));
#620=CARTESIAN_POINT('',(-6.440344009719E-1,-8.538044775623E0,
-1.711331866272E0));
#621=CARTESIAN_POINT('',(-7.418246162902E-1,-8.633292652370E0,
-1.597923052255E0));
#622=CARTESIAN_POINT('',(-8.157706322277E-1,-8.723352279034E0,
-1.487985871800E0));
#623=CARTESIAN_POINT('',(-8.728273445846E-1,-8.808044951078E0,
-1.382743872465E0));
#624=CARTESIAN_POINT('',(-9.194403475427E-1,-8.891945754881E0,
-1.276975751773E0));
#625=CARTESIAN_POINT('',(-9.583118793220E-1,-8.978395996477E0,
-1.166956986161E0));
#626=CARTESIAN_POINT('',(-9.894063188277E-1,-9.067088860542E0,
-1.052932003353E0));
#627=CARTESIAN_POINT('',(-1.012470145027E0,-9.156481469993E0,
-9.367714784182E-1));
#628=CARTESIAN_POINT('',(-1.027605562354E0,-9.244489144583E0,
-8.215826957530E-1));
#629=CARTESIAN_POINT('',(-1.035930850391E0,-9.336036571813E0,
-7.014683718909E-1));
#630=CARTESIAN_POINT('',(-1.036079383881E0,-9.440391320282E0,
-5.635665740031E-1));
#631=CARTESIAN_POINT('',(-1.024765485302E0,-9.551449235565E0,
-4.155336797582E-1));
#632=CARTESIAN_POINT('',(-1.002145676259E0,-9.659017791925E0,
-2.720001576396E-1));
#633=CARTESIAN_POINT('',(-9.719330275958E-1,-9.754418814419E0,
-1.440951547055E-1));
#634=CARTESIAN_POINT('',(-9.356530168409E-1,-9.841459744581E0,
-2.674800786547E-2));
#635=CARTESIAN_POINT('',(-8.889414456921E-1,-9.930148124024E0,
9.319237345018E-2));
#636=CARTESIAN_POINT('',(-8.303652008151E-1,-1.001877817571E1,
2.132377835573E-1));
#637=CARTESIAN_POINT('',(-7.616835763276E-1,-1.010253137110E1,
3.270049070737E-1));
#638=CARTESIAN_POINT('',(-6.823268318352E-1,-1.018086372685E1,
4.336061211608E-1));
#639=CARTESIAN_POINT('',(-5.912389088089E-1,-1.025320405056E1,
5.322451239525E-1));
#640=CARTESIAN_POINT('',(-4.850424876434E-1,-1.031868195126E1,
6.216204415308E-1));
#641=CARTESIAN_POINT('',(-3.763357673287E-1,-1.036872219942E1,
6.899958034712E-1));
#642=CARTESIAN_POINT('',(-2.639949942426E-1,-1.040593474875E1,
7.409751284578E-1));
#643=CARTESIAN_POINT('',(-1.371260263056E-1,-1.043173858357E1,
7.760205349302E-1));
#644=CARTESIAN_POINT('',(-4.710524657168E-2,-1.043806209228E1,
7.847610878279E-1));
#645=CARTESIAN_POINT('',(-8.792130251914E-6,-1.043806051506E1,
7.847780578380E-1));
#647=CURVE_STYLE('',#262,POSITIVE_LENGTH_MEASURE(2.E-2),#130);
#648=PRESENTATION_STYLE_ASSIGNMENT((#647));
#649=STYLED_ITEM('',(#648),#646);
#650=DIRECTION('',(-3.558957656155E-4,3.826849290729E-1,-9.238788440043E-1));
#651=VECTOR('',#650,6.239973765063E-2);
#652=CARTESIAN_POINT('',(1.341567215346E-5,-1.046193995424E1,
8.424278553248E-1));
#653=LINE('',#652,#651);
#654=CURVE_STYLE('',#262,POSITIVE_LENGTH_MEASURE(2.E-2),#130);
#655=PRESENTATION_STYLE_ASSIGNMENT((#654));
#656=STYLED_ITEM('',(#655),#653);
#657=CARTESIAN_POINT('',(1.341567215346E-5,-1.046193995424E1,
8.424278553248E-1));
#658=CARTESIAN_POINT('',(-2.539933113951E-2,-1.046193983187E1,
8.424161598593E-1));
#659=CARTESIAN_POINT('',(-7.474896882295E-2,-1.046182171948E1,
8.440427954723E-1));
#660=CARTESIAN_POINT('',(-1.473271515442E-1,-1.046122025387E1,
8.509680707435E-1));
#661=CARTESIAN_POINT('',(-2.211853412997E-1,-1.046005334418E1,
8.626013634444E-1));
#662=CARTESIAN_POINT('',(-2.922924941776E-1,-1.045837337123E1,
8.780783203153E-1));
#663=CARTESIAN_POINT('',(-3.373512231504E-1,-1.045695957714E1,
8.902851571070E-1));
#664=CARTESIAN_POINT('',(-3.593041722540E-1,-1.045619540211E1,
8.967529412840E-1));
#666=CURVE_STYLE('',#262,POSITIVE_LENGTH_MEASURE(2.E-2),#130);
#667=PRESENTATION_STYLE_ASSIGNMENT((#666));
#668=STYLED_ITEM('',(#667),#665);
#669=CARTESIAN_POINT('',(-3.593041722540E-1,-1.045619540211E1,
8.967529412840E-1));
#670=CARTESIAN_POINT('',(-3.843549039408E-1,-1.044877499552E1,
8.885312852479E-1));
#671=CARTESIAN_POINT('',(-4.359162597923E-1,-1.043185064421E1,
8.697852816133E-1));
#672=CARTESIAN_POINT('',(-5.166751131550E-1,-1.039924311961E1,
8.336443296241E-1));
#673=CARTESIAN_POINT('',(-6.005478628726E-1,-1.035807811105E1,
7.879907220904E-1));
#674=CARTESIAN_POINT('',(-6.866885546583E-1,-1.030728344894E1,
7.315963570940E-1));
#675=CARTESIAN_POINT('',(-7.738598002134E-1,-1.024575885149E1,
6.632353749615E-1));
#676=CARTESIAN_POINT('',(-8.607316353464E-1,-1.017220268920E1,
5.813928825848E-1));
#677=CARTESIAN_POINT('',(-9.456015445233E-1,-1.008545143034E1,
4.847208560850E-1));
#678=CARTESIAN_POINT('',(-1.026246909383E0,-9.984519201603E0,
3.720114308158E-1));
#679=CARTESIAN_POINT('',(-1.100214110513E0,-9.868329999425E0,
2.419645402360E-1));
#680=CARTESIAN_POINT('',(-1.165492485337E0,-9.734422210573E0,
9.162121353278E-2));
#681=CARTESIAN_POINT('',(-1.217237010302E0,-9.581140975962E0,
-8.111393941533E-2));
#682=CARTESIAN_POINT('',(-1.248508346196E0,-9.414861035383E0,
-2.695387955838E-1));
#683=CARTESIAN_POINT('',(-1.256917240756E0,-9.250006258539E0,
-4.573166756406E-1));
#684=CARTESIAN_POINT('',(-1.243645940266E0,-9.097086236428E0,
-6.326852740138E-1));
#685=CARTESIAN_POINT('',(-1.215025202594E0,-8.959708609840E0,
-7.913179318969E-1));
#686=CARTESIAN_POINT('',(-1.176169898103E0,-8.840546354457E0,
-9.297691097561E-1));
#687=CARTESIAN_POINT('',(-1.130304226991E0,-8.736716564522E0,
-1.051295896388E0));
#688=CARTESIAN_POINT('',(-1.079474083713E0,-8.645112723286E0,
-1.159276899933E0));
#689=CARTESIAN_POINT('',(-1.025189294871E0,-8.563932281925E0,
-1.255602877621E0));
#690=CARTESIAN_POINT('',(-9.688420690325E-1,-8.492541761991E0,
-1.340883459386E0));
#691=CARTESIAN_POINT('',(-9.120300848760E-1,-8.430490343526E0,
-1.415531664342E0));
#692=CARTESIAN_POINT('',(-8.562280230734E-1,-8.377123483392E0,
-1.480150038985E0));
#693=CARTESIAN_POINT('',(-8.019708182483E-1,-8.331172060774E0,
-1.536125733395E0));
#694=CARTESIAN_POINT('',(-7.487343367825E-1,-8.290955201024E0,
-1.585397118786E0));
#695=CARTESIAN_POINT('',(-6.953785803355E-1,-8.254910161340E0,
-1.629805470272E0));
#696=CARTESIAN_POINT('',(-6.402555325077E-1,-8.221685354354E0,
-1.670970091709E0));
#697=CARTESIAN_POINT('',(-5.824427400117E-1,-8.190801481276E0,
-1.709451273153E0));
#698=CARTESIAN_POINT('',(-5.222401596950E-1,-8.162590867020E0,
-1.744780614562E0));
#699=CARTESIAN_POINT('',(-4.607037915398E-1,-8.137638792691E0,
-1.776197841773E0));
#700=CARTESIAN_POINT('',(-3.979288835597E-1,-8.115962306899E0,
-1.803648217475E0));
#701=CARTESIAN_POINT('',(-3.330671711035E-1,-8.097221023020E0,
-1.827504459857E0));
#702=CARTESIAN_POINT('',(-2.638136816857E-1,-8.081010566133E0,
-1.848196083206E0));
#703=CARTESIAN_POINT('',(-1.869698190850E-1,-8.067409144862E0,
-1.865572247098E0));
#704=CARTESIAN_POINT('',(-9.982248014140E-2,-8.057463906607E0,
-1.878252739458E0));
#705=CARTESIAN_POINT('',(-3.408429219188E-2,-8.054845871588E0,
-1.881631831034E0));
#706=CARTESIAN_POINT('',(1.256358017509E-6,-8.055116424073E0,
-1.881408201599E0));
#708=CURVE_STYLE('',#262,POSITIVE_LENGTH_MEASURE(2.E-2),#130);
#709=PRESENTATION_STYLE_ASSIGNMENT((#708));
#710=STYLED_ITEM('',(#709),#707);
#711=CARTESIAN_POINT('',(-1.093854229918E-7,-8.100000000013E0,
-2.441210716349E0));
#712=DIRECTION('',(-9.999827155640E-1,-7.814225819854E-8,-5.879504507477E-3));
#713=DIRECTION('',(7.330062021348E-8,-9.999999999997E-1,8.236927007207E-7));
#714=AXIS2_PLACEMENT_3D('',#711,#712,#713);
#716=CURVE_STYLE('',#262,POSITIVE_LENGTH_MEASURE(2.E-2),#130);
#717=PRESENTATION_STYLE_ASSIGNMENT((#716));
#718=STYLED_ITEM('',(#717),#715);
#719=CARTESIAN_POINT('',(-2.701922477558E-9,-8.6E0,-2.441216679024E0));
#720=CARTESIAN_POINT('',(-6.087206979113E-2,-8.600003526140E0,
-2.441764171715E0));
#721=CARTESIAN_POINT('',(-1.846893048024E-1,-8.611817877999E0,
-2.425344202845E0));
#722=CARTESIAN_POINT('',(-3.784989959074E-1,-8.675256923585E0,
-2.338740809734E0));
#723=CARTESIAN_POINT('',(-5.379791657277E-1,-8.772143530471E0,
-2.201533788232E0));
#724=CARTESIAN_POINT('',(-6.472470493939E-1,-8.870111269063E0,
-2.057117228473E0));
#725=CARTESIAN_POINT('',(-7.247985257293E-1,-8.962718600449E0,
-1.916128252885E0));
#726=CARTESIAN_POINT('',(-7.792585449181E-1,-9.046627884207E0,
-1.785215310650E0));
#727=CARTESIAN_POINT('',(-8.187426854592E-1,-9.123310050716E0,
-1.663051244624E0));
#728=CARTESIAN_POINT('',(-8.487323767397E-1,-9.197176560671E0,
-1.543326979496E0));
#729=CARTESIAN_POINT('',(-8.717163766166E-1,-9.271717453559E0,
-1.420831920127E0));
#730=CARTESIAN_POINT('',(-8.879821726824E-1,-9.346935217719E0,
-1.295366127864E0));
#731=CARTESIAN_POINT('',(-8.975738124475E-1,-9.421504335013E0,
-1.169095134822E0));
#732=CARTESIAN_POINT('',(-9.009186716284E-1,-9.493497675879E0,
-1.045789191569E0));
#733=CARTESIAN_POINT('',(-8.986243292903E-1,-9.567445027416E0,
-9.182779646273E-1));
#734=CARTESIAN_POINT('',(-8.886399333098E-1,-9.651380902662E0,
-7.718438180964E-1));
#735=CARTESIAN_POINT('',(-8.692665037717E-1,-9.738908529805E0,
-6.170565920369E-1));
#736=CARTESIAN_POINT('',(-8.415945688759E-1,-9.822677715322E0,
-4.680904986138E-1));
#737=CARTESIAN_POINT('',(-8.091144151467E-1,-9.896621681643E0,
-3.354450529542E-1));
#738=CARTESIAN_POINT('',(-7.728041911282E-1,-9.963427387058E0,
-2.145134994137E-1));
#739=CARTESIAN_POINT('',(-7.284525949765E-1,-1.003074064400E1,
-9.188824108091E-2));
#740=CARTESIAN_POINT('',(-6.749169906730E-1,-1.009748227624E1,
3.026604934446E-2));
#741=CARTESIAN_POINT('',(-6.140482431031E-1,-1.015995469182E1,
1.453115185639E-1));
#742=CARTESIAN_POINT('',(-5.455473322822E-1,-1.021771995924E1,
2.522178632501E-1));
#743=CARTESIAN_POINT('',(-4.685879575108E-1,-1.027043438403E1,
3.502750406460E-1));
#744=CARTESIAN_POINT('',(-3.810529476437E-1,-1.031732355617E1,
4.378769078899E-1));
#745=CARTESIAN_POINT('',(-2.930283972351E-1,-1.035261129057E1,
5.040922259158E-1));
#746=CARTESIAN_POINT('',(-2.042697820140E-1,-1.037824906314E1,
5.525065021838E-1));
#747=CARTESIAN_POINT('',(-1.056881145239E-1,-1.039574598634E1,
5.852381463880E-1));
#748=CARTESIAN_POINT('',(-3.587389427343E-2,-1.039999994602E1,
5.934131032665E-1));
#749=CARTESIAN_POINT('',(-2.168338279148E-10,-1.04E1,5.934355920142E-1));
#751=CURVE_STYLE('',#262,POSITIVE_LENGTH_MEASURE(2.E-2),#130);
#752=PRESENTATION_STYLE_ASSIGNMENT((#751));
#753=STYLED_ITEM('',(#752),#750);
#754=CARTESIAN_POINT('',(0.E0,-9.5E0,-2.175E1));
#755=DIRECTION('',(0.E0,0.E0,1.E0));
#756=DIRECTION('',(0.E0,1.E0,0.E0));
#757=AXIS2_PLACEMENT_3D('',#754,#755,#756);
#759=CURVE_STYLE('',#262,POSITIVE_LENGTH_MEASURE(2.E-2),#130);
#760=PRESENTATION_STYLE_ASSIGNMENT((#759));
#761=STYLED_ITEM('',(#760),#758);
#762=CARTESIAN_POINT('',(-2.168338279148E-10,-1.04E1,5.934355920142E-1));
#763=CARTESIAN_POINT('',(2.998302280919E-2,-1.039999996208E1,
5.934258670378E-1));
#764=CARTESIAN_POINT('',(9.301556866234E-2,-1.039702122558E1,
5.876595995822E-1));
#765=CARTESIAN_POINT('',(1.961633068536E-1,-1.038060824113E1,
5.569327699776E-1));
#766=CARTESIAN_POINT('',(3.044266541848E-1,-1.034957326728E1,
4.983371999094E-1));
#767=CARTESIAN_POINT('',(4.096870147026E-1,-1.030387746645E1,
4.127198481609E-1));
#768=CARTESIAN_POINT('',(4.991755925571E-1,-1.025102784830E1,
3.141053007447E-1));
#769=CARTESIAN_POINT('',(5.759063264611E-1,-1.019377882534E1,
2.078101339163E-1));
#770=CARTESIAN_POINT('',(6.455327504089E-1,-1.012945488748E1,
8.907273780924E-2));
#771=CARTESIAN_POINT('',(7.052388358071E-1,-1.006134441271E1,
-3.591105483328E-2));
#772=CARTESIAN_POINT('',(7.531514413920E-1,-9.994832459024E0,
-1.574001865686E-1));
#773=CARTESIAN_POINT('',(7.942567843377E-1,-9.925963761643E0,
-2.825637977277E-1));
#774=CARTESIAN_POINT('',(8.313547583032E-1,-9.848428565612E0,
-4.220536019965E-1));
#775=CARTESIAN_POINT('',(8.610283698901E-1,-9.766607142710E0,
-5.678473553114E-1));
#776=CARTESIAN_POINT('',(8.816437628793E-1,-9.686453517917E0,
-7.099510287530E-1));
#777=CARTESIAN_POINT('',(8.937664979649E-1,-9.613248264087E0,
-8.385741924312E-1));
#778=CARTESIAN_POINT('',(8.996854223503E-1,-9.545411591236E0,
-9.562406906645E-1));
#779=CARTESIAN_POINT('',(9.005883709698E-1,-9.478069677181E0,
-1.072250306868E0));
#780=CARTESIAN_POINT('',(8.963243013557E-1,-9.409363549323E0,
-1.189766892760E0));
#781=CARTESIAN_POINT('',(8.865920092094E-1,-9.339972138210E0,
-1.307045947840E0));
#782=CARTESIAN_POINT('',(8.713190990594E-1,-9.270913305449E0,
-1.422130768969E0));
#783=CARTESIAN_POINT('',(8.503188616738E-1,-9.202052935617E0,
-1.535325826275E0));
#784=CARTESIAN_POINT('',(8.218744359699E-1,-9.130236575902E0,
-1.651899785451E0));
#785=CARTESIAN_POINT('',(7.821957074246E-1,-9.051359540780E0,
-1.777801029876E0));
#786=CARTESIAN_POINT('',(7.240218552891E-1,-8.961109561839E0,
-1.918695666462E0));
#787=CARTESIAN_POINT('',(6.436655720925E-1,-8.866802108581E0,
-2.061953546785E0));
#788=CARTESIAN_POINT('',(5.518043549467E-1,-8.785689621105E0,
-2.181459594574E0));
#789=CARTESIAN_POINT('',(4.556016500131E-1,-8.721111671521E0,
-2.274099105084E0));
#790=CARTESIAN_POINT('',(3.572030888894E-1,-8.671604648830E0,
-2.343212161932E0));
#791=CARTESIAN_POINT('',(2.568122948305E-1,-8.635136787869E0,
-2.393460146641E0));
#792=CARTESIAN_POINT('',(1.430407672459E-1,-8.608392144602E0,
-2.430283731979E0));
#793=CARTESIAN_POINT('',(4.982771527324E-2,-8.600000760758E0,
-2.441823954672E0));
#794=CARTESIAN_POINT('',(-2.701922477558E-9,-8.6E0,-2.441216679024E0));
#796=CURVE_STYLE('',#262,POSITIVE_LENGTH_MEASURE(2.E-2),#130);
#797=PRESENTATION_STYLE_ASSIGNMENT((#796));
#798=STYLED_ITEM('',(#797),#795);
#799=DIRECTION('',(5.261413184703E-11,-1.327690143972E-14,-1.E0));
#800=VECTOR('',#799,2.234343559201E1);
#801=CARTESIAN_POINT('',(-2.168338279148E-10,-1.04E1,5.934355920142E-1));
#802=LINE('',#801,#800);
#803=CURVE_STYLE('',#262,POSITIVE_LENGTH_MEASURE(2.E-2),#130);
#804=PRESENTATION_STYLE_ASSIGNMENT((#803));
#805=STYLED_ITEM('',(#804),#802);
#806=CARTESIAN_POINT('',(0.E0,-9.5E0,-2.175E1));
#807=DIRECTION('',(0.E0,0.E0,1.E0));
#808=DIRECTION('',(0.E0,-1.E0,0.E0));
#809=AXIS2_PLACEMENT_3D('',#806,#807,#808);
#811=CURVE_STYLE('',#262,POSITIVE_LENGTH_MEASURE(2.E-2),#130);
#812=PRESENTATION_STYLE_ASSIGNMENT((#811));
#813=STYLED_ITEM('',(#812),#810);
#814=DIRECTION('',(-9.027889638219E-11,2.033141368783E-14,1.E0));
#815=VECTOR('',#814,1.930878332098E1);
#816=CARTESIAN_POINT('',(-9.587468288576E-10,-8.6E0,-2.175E1));
#817=LINE('',#816,#815);
#818=CURVE_STYLE('',#262,POSITIVE_LENGTH_MEASURE(2.E-2),#130);
#819=PRESENTATION_STYLE_ASSIGNMENT((#818));
#820=STYLED_ITEM('',(#819),#817);
#821=CARTESIAN_POINT('',(-3.020054408346E-6,-1.089999999342E1,
5.934359963469E-1));
#822=DIRECTION('',(9.999999917821E-1,-2.156994581912E-6,-1.281839033010E-4));
#823=DIRECTION('',(2.156994519206E-6,9.999999999977E-1,-6.274323365772E-10));
#824=AXIS2_PLACEMENT_3D('',#821,#822,#823);
#826=CURVE_STYLE('',#262,POSITIVE_LENGTH_MEASURE(2.E-2),#130);
#827=PRESENTATION_STYLE_ASSIGNMENT((#826));
#828=STYLED_ITEM('',(#827),#825);
#829=CARTESIAN_POINT('',(-8.792130251914E-6,-1.043806051506E1,
7.847780578380E-1));
#830=CARTESIAN_POINT('',(3.954350697536E-2,-1.043806091506E1,
7.847692969647E-1));
#831=CARTESIAN_POINT('',(1.207432561258E-1,-1.043363001377E1,
7.786110827667E-1));
#832=CARTESIAN_POINT('',(2.537424990777E-1,-1.040937017229E1,
7.456582514960E-1));
#833=CARTESIAN_POINT('',(3.907274172113E-1,-1.036430642195E1,
6.839383871529E-1));
#834=CARTESIAN_POINT('',(5.201312340280E-1,-1.029973436787E1,
5.957643742501E-1));
#835=CARTESIAN_POINT('',(6.277264043222E-1,-1.022642715287E1,
4.957024037287E-1));
#836=CARTESIAN_POINT('',(7.177629049185E-1,-1.014827299898E1,
3.892060740049E-1));
#837=CARTESIAN_POINT('',(7.974702145212E-1,-1.006154135453E1,
2.713049606624E-1));
#838=CARTESIAN_POINT('',(8.637893574232E-1,-9.970696533577E0,
1.481215915573E-1));
#839=CARTESIAN_POINT('',(9.152715317217E-1,-9.882631629061E0,
2.889199583172E-2));
#840=CARTESIAN_POINT('',(9.573947506980E-1,-9.792546452571E0,
-9.285994011239E-2));
#841=CARTESIAN_POINT('',(9.929780738640E-1,-9.692200674559E0,
-2.275953620548E-1));
#842=CARTESIAN_POINT('',(1.018466051209E0,-9.586915228081E0,
-3.681914374535E-1));
#843=CARTESIAN_POINT('',(1.032540966033E0,-9.484658379438E0,
-5.046338700843E-1));
#844=CARTESIAN_POINT('',(1.036739774807E0,-9.393045701913E0,
-6.262854737574E-1));
#845=CARTESIAN_POINT('',(1.033945548966E0,-9.308685496939E0,
-7.372742641882E-1));
#846=CARTESIAN_POINT('',(1.024823442588E0,-9.225503039118E0,
-8.464487422106E-1));
#847=CARTESIAN_POINT('',(1.009078643302E0,-9.141803681300E0,
-9.559261746370E-1));
#848=CARTESIAN_POINT('',(9.866653935703E-1,-9.058857683420E0,
-1.063562866828E0));
#849=CARTESIAN_POINT('',(9.577292713861E-1,-8.977519195509E0,
-1.168061872723E0));
#850=CARTESIAN_POINT('',(9.220897170544E-1,-8.897597634798E0,
-1.269785599776E0));
#851=CARTESIAN_POINT('',(8.775356813610E-1,-8.815812546846E0,
-1.373002174664E0));
#852=CARTESIAN_POINT('',(8.197977001473E-1,-8.728448018009E0,
-1.481747864213E0));
#853=CARTESIAN_POINT('',(7.406863273395E-1,-8.631528620202E0,
-1.600105356499E0));
#854=CARTESIAN_POINT('',(6.397354410839E-1,-8.534790989509E0,
-1.715064317206E0));
#855=CARTESIAN_POINT('',(5.333524606547E-1,-8.455890326753E0,
-1.805470904248E0));
#856=CARTESIAN_POINT('',(4.300420516389E-1,-8.396147323756E0,
-1.871296590291E0));
#857=CARTESIAN_POINT('',(3.310235599787E-1,-8.352205408018E0,
-1.917599528429E0));
#858=CARTESIAN_POINT('',(2.329798210336E-1,-8.320515344690E0,
-1.950341512953E0));
#859=CARTESIAN_POINT('',(1.278041112633E-1,-8.298087978741E0,
-1.973105995471E0));
#860=CARTESIAN_POINT('',(4.360227096212E-2,-8.291403284845E0,
-1.979787076068E0));
#861=CARTESIAN_POINT('',(2.341462659881E-4,-8.291322829340E0,
-1.979264510043E0));
#863=CURVE_STYLE('',#262,POSITIVE_LENGTH_MEASURE(2.E-2),#130);
#864=PRESENTATION_STYLE_ASSIGNMENT((#863));
#865=STYLED_ITEM('',(#864),#862);
#866=DIRECTION('',(9.108848849263E-4,-9.238564528432E-1,-3.827380629474E-1));
#867=VECTOR('',#866,2.556743577860E-1);
#868=CARTESIAN_POINT('',(1.256358017509E-6,-8.055116424073E0,
-1.881408201599E0));
#869=LINE('',#868,#867);
#870=CURVE_STYLE('',#262,POSITIVE_LENGTH_MEASURE(2.E-2),#130);
#871=PRESENTATION_STYLE_ASSIGNMENT((#870));
#872=STYLED_ITEM('',(#871),#869);
#873=CARTESIAN_POINT('',(1.256358017509E-6,-8.055116424073E0,
-1.881408201599E0));
#874=CARTESIAN_POINT('',(3.023575810115E-2,-8.054783085244E0,
-1.881678072054E0));
#875=CARTESIAN_POINT('',(8.915451776354E-2,-8.056768131480E0,
-1.879102023252E0));
#876=CARTESIAN_POINT('',(1.695879666453E-1,-8.065060203363E0,
-1.868555004281E0));
#877=CARTESIAN_POINT('',(2.422814291781E-1,-8.076856749994E0,
-1.853515708809E0));
#878=CARTESIAN_POINT('',(3.093161295874E-1,-8.091335958433E0,
-1.835031846508E0));
#879=CARTESIAN_POINT('',(3.735268585111E-1,-8.108558603750E0,
-1.813079716641E0));
#880=CARTESIAN_POINT('',(4.368651055198E-1,-8.128991909966E0,
-1.787125378205E0));
#881=CARTESIAN_POINT('',(4.989067662056E-1,-8.152665250024E0,
-1.757246634058E0));
#882=CARTESIAN_POINT('',(5.592763429082E-1,-8.179468037934E0,
-1.723611538926E0));
#883=CARTESIAN_POINT('',(6.172747745587E-1,-8.208932138886E0,
-1.686830690523E0));
#884=CARTESIAN_POINT('',(6.730495789295E-1,-8.240970150056E0,
-1.647047955911E0));
#885=CARTESIAN_POINT('',(7.278287336156E-1,-8.276315183765E0,
-1.603405497340E0));
#886=CARTESIAN_POINT('',(7.832909659553E-1,-8.316471254146E0,
-1.554102789993E0));
#887=CARTESIAN_POINT('',(8.406605633605E-1,-8.363253858888E0,
-1.497003567776E0));
#888=CARTESIAN_POINT('',(9.002575872964E-1,-8.418472392486E0,
-1.430036983921E0));
#889=CARTESIAN_POINT('',(9.612040619521E-1,-8.483439530592E0,
-1.351788142434E0));
#890=CARTESIAN_POINT('',(1.021838085415E0,-8.559043606142E0,-1.261411594134E0));
#891=CARTESIAN_POINT('',(1.080614810632E0,-8.646497713095E0,-1.157613594074E0));
#892=CARTESIAN_POINT('',(1.135755120903E0,-8.747044357324E0,-1.039140241814E0));
#893=CARTESIAN_POINT('',(1.184654897378E0,-8.862028278787E0,
-9.046992793624E-1));
#894=CARTESIAN_POINT('',(1.224626034035E0,-8.995964223689E0,
-7.493436668287E-1));
#895=CARTESIAN_POINT('',(1.251496765688E0,-9.153112668836E0,
-5.682074398412E-1));
#896=CARTESIAN_POINT('',(1.256421866465E0,-9.326556153117E0,
-3.699796916011E-1));
#897=CARTESIAN_POINT('',(1.235576101773E0,-9.498732252841E0,
-1.743563375396E-1));
#898=CARTESIAN_POINT('',(1.195131096423E0,-9.654075815849E0,1.166672875683E-3));
#899=CARTESIAN_POINT('',(1.140784844951E0,-9.789190967516E0,1.531676948791E-1));
#900=CARTESIAN_POINT('',(1.076290427790E0,-9.908434148153E0,2.868681668423E-1));
#901=CARTESIAN_POINT('',(1.004508946700E0,-1.001341736359E1,4.043036847832E-1));
#902=CARTESIAN_POINT('',(9.275876514267E-1,-1.010497425531E1,
5.064876080740E-1));
#903=CARTESIAN_POINT('',(8.473673789082E-1,-1.018417088530E1,
5.947186230579E-1));
#904=CARTESIAN_POINT('',(7.655138170363E-1,-1.025191822200E1,
6.700792957873E-1));
#905=CARTESIAN_POINT('',(6.834939187222E-1,-1.030913893907E1,
7.336566295889E-1));
#906=CARTESIAN_POINT('',(6.022515996542E-1,-1.035701929859E1,
7.868124663029E-1));
#907=CARTESIAN_POINT('',(5.225145341022E-1,-1.039646466306E1,
8.305650306812E-1));
#908=CARTESIAN_POINT('',(4.459869326890E-1,-1.042815999805E1,
8.656973068912E-1));
#909=CARTESIAN_POINT('',(3.887283073880E-1,-1.044749066306E1,
8.871090788725E-1));
#910=CARTESIAN_POINT('',(3.593508779875E-1,-1.045619430841E1,
8.967531142352E-1));
#912=CURVE_STYLE('',#262,POSITIVE_LENGTH_MEASURE(2.E-2),#130);
#913=PRESENTATION_STYLE_ASSIGNMENT((#912));
#914=STYLED_ITEM('',(#913),#911);
#915=CARTESIAN_POINT('',(3.593508779875E-1,-1.045619430841E1,
8.967531142352E-1));
#916=CARTESIAN_POINT('',(3.378265893940E-1,-1.045694509356E1,
8.904143818394E-1));
#917=CARTESIAN_POINT('',(2.944106164536E-1,-1.045830695355E1,
8.786490179424E-1));
#918=CARTESIAN_POINT('',(2.283822871802E-1,-1.045989882275E1,
8.641163163896E-1));
#919=CARTESIAN_POINT('',(1.609345012175E-1,-1.046104522667E1,
8.528664982306E-1));
#920=CARTESIAN_POINT('',(8.715429609469E-2,-1.046176842732E1,
8.447999538139E-1));
#921=CARTESIAN_POINT('',(3.056945959846E-2,-1.046194014232E1,
8.424221061940E-1));
#922=CARTESIAN_POINT('',(1.341567215346E-5,-1.046193995424E1,
8.424278553248E-1));
#924=CURVE_STYLE('',#262,POSITIVE_LENGTH_MEASURE(2.E-2),#130);
#925=PRESENTATION_STYLE_ASSIGNMENT((#924));
#926=STYLED_ITEM('',(#925),#923);
#927=CARTESIAN_POINT('',(8.898549323982E-1,-1.035355358252E1,
8.535534612312E-1));
#928=CARTESIAN_POINT('',(8.277673708180E-1,-1.036772944479E1,
8.677286944966E-1));
#929=CARTESIAN_POINT('',(7.052744350046E-1,-1.039445945492E1,
8.881099173355E-1));
#930=CARTESIAN_POINT('',(5.305373610785E-1,-1.042879650371E1,
8.996206541577E-1));
#931=CARTESIAN_POINT('',(4.160952003720E-1,-1.044800159623E1,
8.986611751784E-1));
#932=CARTESIAN_POINT('',(3.593508779875E-1,-1.045619430841E1,
8.967531142352E-1));
#934=CURVE_STYLE('',#262,POSITIVE_LENGTH_MEASURE(2.E-2),#130);
#935=PRESENTATION_STYLE_ASSIGNMENT((#934));
#936=STYLED_ITEM('',(#935),#933);
#937=CARTESIAN_POINT('',(8.898417506693E-1,-1.E1,1.207106781116E0));
#938=DIRECTION('',(9.999999999990E-1,0.E0,1.385126126600E-6));
#939=DIRECTION('',(0.E0,-1.E0,1.385713290686E-10));
#940=AXIS2_PLACEMENT_3D('',#937,#938,#939);
#942=CURVE_STYLE('',#262,POSITIVE_LENGTH_MEASURE(2.E-2),#130);
#943=PRESENTATION_STYLE_ASSIGNMENT((#942));
#944=STYLED_ITEM('',(#943),#941);
#945=CARTESIAN_POINT('',(2.870610141128E-1,-9.999999999979E0,1.088223463178E0));
#946=DIRECTION('',(-9.355190279223E-1,0.E0,-3.532763060202E-1));
#947=DIRECTION('',(1.446131019204E-1,-9.123781350111E-1,-3.829532471552E-1));
#948=AXIS2_PLACEMENT_3D('',#945,#946,#947);
#950=CURVE_STYLE('',#262,POSITIVE_LENGTH_MEASURE(2.E-2),#130);
#951=PRESENTATION_STYLE_ASSIGNMENT((#950));
#952=STYLED_ITEM('',(#951),#949);
#953=CARTESIAN_POINT('',(-2.156909245645E-5,-9.999999981355E0,
1.033769086336E0));
#954=DIRECTION('',(-9.999999605407E-1,0.E0,-2.809244528193E-4));
#955=DIRECTION('',(1.075056281098E-4,-9.238788037256E-1,-3.826851767041E-1));
#956=AXIS2_PLACEMENT_3D('',#953,#954,#955);
#958=CURVE_STYLE('',#262,POSITIVE_LENGTH_MEASURE(2.E-2),#130);
#959=PRESENTATION_STYLE_ASSIGNMENT((#958));
#960=STYLED_ITEM('',(#959),#957);
#961=CARTESIAN_POINT('',(-2.870171729428E-1,-9.999999999969E0,
1.088221698347E0));
#962=DIRECTION('',(9.355385559341E-1,0.E0,-3.532245891225E-1));
#963=DIRECTION('',(-1.846967023651E-12,-1.E0,-4.891642646194E-12));
#964=AXIS2_PLACEMENT_3D('',#961,#962,#963);
#966=CURVE_STYLE('',#262,POSITIVE_LENGTH_MEASURE(2.E-2),#130);
#967=PRESENTATION_STYLE_ASSIGNMENT((#966));
#968=STYLED_ITEM('',(#967),#965);
#969=CARTESIAN_POINT('',(-8.273736140652E-10,-1.065E1,-2.175E1));
#970=DIRECTION('',(1.E0,-7.194553147682E-10,0.E0));
#971=DIRECTION('',(0.E0,9.415884960617E-9,-1.E0));
#972=AXIS2_PLACEMENT_3D('',#969,#970,#971);
#974=CURVE_STYLE('',#262,POSITIVE_LENGTH_MEASURE(2.E-2),#130);
#975=PRESENTATION_STYLE_ASSIGNMENT((#974));
#976=STYLED_ITEM('',(#975),#973);
#977=CARTESIAN_POINT('',(0.E0,-9.5E0,-2.2E1));
#978=DIRECTION('',(0.E0,0.E0,-1.E0));
#979=DIRECTION('',(0.E0,-1.E0,0.E0));
#980=AXIS2_PLACEMENT_3D('',#977,#978,#979);
#982=CURVE_STYLE('',#262,POSITIVE_LENGTH_MEASURE(2.E-2),#130);
#983=PRESENTATION_STYLE_ASSIGNMENT((#982));
#984=STYLED_ITEM('',(#983),#981);
#985=CARTESIAN_POINT('',(0.E0,-9.5E0,-2.2E1));
#986=DIRECTION('',(0.E0,0.E0,-1.E0));
#987=DIRECTION('',(0.E0,1.E0,0.E0));
#988=AXIS2_PLACEMENT_3D('',#985,#986,#987);
#990=CURVE_STYLE('',#262,POSITIVE_LENGTH_MEASURE(2.E-2),#130);
#991=PRESENTATION_STYLE_ASSIGNMENT((#990));
#992=STYLED_ITEM('',(#991),#989);
#993=CARTESIAN_POINT('',(0.E0,-9.5E0,-2.2E1));
#994=DIRECTION('',(0.E0,0.E0,1.E0));
#995=DIRECTION('',(0.E0,1.E0,0.E0));
#996=AXIS2_PLACEMENT_3D('',#993,#994,#995);
#998=CURVE_STYLE('',#262,POSITIVE_LENGTH_MEASURE(2.E-2),#130);
#999=PRESENTATION_STYLE_ASSIGNMENT((#998));
#1000=STYLED_ITEM('',(#999),#997);
#1001=CARTESIAN_POINT('',(0.E0,-9.5E0,-2.2E1));
#1002=DIRECTION('',(0.E0,0.E0,1.E0));
#1003=DIRECTION('',(0.E0,-1.E0,0.E0));
#1004=AXIS2_PLACEMENT_3D('',#1001,#1002,#1003);
#1006=CURVE_STYLE('',#262,POSITIVE_LENGTH_MEASURE(2.E-2),#130);
#1007=PRESENTATION_STYLE_ASSIGNMENT((#1006));
#1008=STYLED_ITEM('',(#1007),#1005);
#1009=CARTESIAN_POINT('',(0.E0,-1.101459193145E1,-2.19E1));
#1010=DIRECTION('',(-1.E0,0.E0,0.E0));
#1011=DIRECTION('',(0.E0,9.592326932761E-13,-1.E0));
#1012=AXIS2_PLACEMENT_3D('',#1009,#1010,#1011);
#1014=CURVE_STYLE('',#262,POSITIVE_LENGTH_MEASURE(2.E-2),#130);
#1015=PRESENTATION_STYLE_ASSIGNMENT((#1014));
#1016=STYLED_ITEM('',(#1015),#1013);
#1017=CARTESIAN_POINT('',(0.E0,-7.985408068546E0,-2.19E1));
#1018=DIRECTION('',(1.E0,0.E0,0.E0));
#1019=DIRECTION('',(0.E0,-9.769962616701E-13,-1.E0));
#1020=AXIS2_PLACEMENT_3D('',#1017,#1018,#1019);
#1022=CURVE_STYLE('',#262,POSITIVE_LENGTH_MEASURE(2.E-2),#130);
#1023=PRESENTATION_STYLE_ASSIGNMENT((#1022));
#1024=STYLED_ITEM('',(#1023),#1021);
#1025=CARTESIAN_POINT('',(0.E0,-9.5E0,-2.191564344650E1));
#1026=DIRECTION('',(0.E0,0.E0,-1.E0));
#1027=DIRECTION('',(0.E0,1.E0,0.E0));
#1028=AXIS2_PLACEMENT_3D('',#1025,#1026,#1027);
#1030=CURVE_STYLE('',#262,POSITIVE_LENGTH_MEASURE(2.E-2),#130);
#1031=PRESENTATION_STYLE_ASSIGNMENT((#1030));
#1032=STYLED_ITEM('',(#1031),#1029);
#1033=CARTESIAN_POINT('',(0.E0,-9.5E0,-2.191564344650E1));
#1034=DIRECTION('',(0.E0,0.E0,-1.E0));
#1035=DIRECTION('',(0.E0,-1.E0,0.E0));
#1036=AXIS2_PLACEMENT_3D('',#1033,#1034,#1035);
#1038=CURVE_STYLE('',#262,POSITIVE_LENGTH_MEASURE(2.E-2),#130);
#1039=PRESENTATION_STYLE_ASSIGNMENT((#1038));
#1040=STYLED_ITEM('',(#1039),#1037);
#1041=DIRECTION('',(1.203933986315E-10,-1.564344650402E-1,-9.876883405951E-1));
#1042=VECTOR('',#1041,3.750063864581E0);
#1043=CARTESIAN_POINT('',(0.E0,-7.3E0,-1.821174909119E1));
#1044=LINE('',#1043,#1042);
#1045=CURVE_STYLE('',#262,POSITIVE_LENGTH_MEASURE(2.E-2),#130);
#1046=PRESENTATION_STYLE_ASSIGNMENT((#1045));
#1047=STYLED_ITEM('',(#1046),#1044);
#1048=DIRECTION('',(-1.203933984679E-10,1.564344650402E-1,-9.876883405951E-1));
#1049=VECTOR('',#1048,3.750063864581E0);
#1050=CARTESIAN_POINT('',(0.E0,-1.17E1,-1.821174909119E1));
#1051=LINE('',#1050,#1049);
#1052=CURVE_STYLE('',#262,POSITIVE_LENGTH_MEASURE(2.E-2),#130);
#1053=PRESENTATION_STYLE_ASSIGNMENT((#1052));
#1054=STYLED_ITEM('',(#1053),#1051);
#1055=CARTESIAN_POINT('',(0.E0,-9.5E0,-1.82E1));
#1056=DIRECTION('',(0.E0,0.E0,-1.E0));
#1057=DIRECTION('',(0.E0,-1.E0,0.E0));
#1058=AXIS2_PLACEMENT_3D('',#1055,#1056,#1057);
#1060=CURVE_STYLE('',#262,POSITIVE_LENGTH_MEASURE(2.E-2),#130);
#1061=PRESENTATION_STYLE_ASSIGNMENT((#1060));
#1062=STYLED_ITEM('',(#1061),#1059);
#1063=DIRECTION('',(9.885447974616E-9,0.E0,1.E0));
#1064=VECTOR('',#1063,1.174909119495E-2);
#1065=CARTESIAN_POINT('',(0.E0,-1.17E1,-1.821174909119E1));
#1066=LINE('',#1065,#1064);
#1067=CURVE_STYLE('',#262,POSITIVE_LENGTH_MEASURE(2.E-2),#130);
#1068=PRESENTATION_STYLE_ASSIGNMENT((#1067));
#1069=STYLED_ITEM('',(#1068),#1066);
#1070=CARTESIAN_POINT('',(0.E0,-9.5E0,-1.821174909119E1));
#1071=DIRECTION('',(0.E0,0.E0,-1.E0));
#1072=DIRECTION('',(0.E0,-1.E0,0.E0));
#1073=AXIS2_PLACEMENT_3D('',#1070,#1071,#1072);
#1075=CURVE_STYLE('',#262,POSITIVE_LENGTH_MEASURE(2.E-2),#130);
#1076=PRESENTATION_STYLE_ASSIGNMENT((#1075));
#1077=STYLED_ITEM('',(#1076),#1074);
#1078=DIRECTION('',(-9.885471365747E-9,2.267864990472E-13,1.E0));
#1079=VECTOR('',#1078,1.174909119500E-2);
#1080=CARTESIAN_POINT('',(0.E0,-7.3E0,-1.821174909119E1));
#1081=LINE('',#1080,#1079);
#1082=CURVE_STYLE('',#262,POSITIVE_LENGTH_MEASURE(2.E-2),#130);
#1083=PRESENTATION_STYLE_ASSIGNMENT((#1082));
#1084=STYLED_ITEM('',(#1083),#1081);
#1085=CARTESIAN_POINT('',(0.E0,-9.5E0,-1.43E1));
#1086=DIRECTION('',(0.E0,0.E0,-1.E0));
#1087=DIRECTION('',(0.E0,-1.E0,0.E0));
#1088=AXIS2_PLACEMENT_3D('',#1085,#1086,#1087);
#1090=CURVE_STYLE('',#262,POSITIVE_LENGTH_MEASURE(2.E-2),#130);
#1091=PRESENTATION_STYLE_ASSIGNMENT((#1090));
#1092=STYLED_ITEM('',(#1091),#1089);
#1093=DIRECTION('',(9.885449039021E-9,0.E0,1.E0));
#1094=VECTOR('',#1093,1.174909119495E-2);
#1095=CARTESIAN_POINT('',(0.E0,-1.17E1,-1.431174909119E1));
#1096=LINE('',#1095,#1094);
#1097=CURVE_STYLE('',#262,POSITIVE_LENGTH_MEASURE(2.E-2),#130);
#1098=PRESENTATION_STYLE_ASSIGNMENT((#1097));
#1099=STYLED_ITEM('',(#1098),#1096);
#1100=CARTESIAN_POINT('',(0.E0,-9.5E0,-1.431174909119E1));
#1101=DIRECTION('',(0.E0,0.E0,-1.E0));
#1102=DIRECTION('',(0.E0,-1.E0,0.E0));
#1103=AXIS2_PLACEMENT_3D('',#1100,#1101,#1102);
#1105=CURVE_STYLE('',#262,POSITIVE_LENGTH_MEASURE(2.E-2),#130);
#1106=PRESENTATION_STYLE_ASSIGNMENT((#1105));
#1107=STYLED_ITEM('',(#1106),#1104);
#1108=DIRECTION('',(-9.885471365747E-9,3.779774984120E-13,1.E0));
#1109=VECTOR('',#1108,1.174909119500E-2);
#1110=CARTESIAN_POINT('',(0.E0,-7.3E0,-1.431174909119E1));
#1111=LINE('',#1110,#1109);
#1112=CURVE_STYLE('',#262,POSITIVE_LENGTH_MEASURE(2.E-2),#130);
#1113=PRESENTATION_STYLE_ASSIGNMENT((#1112));
#1114=STYLED_ITEM('',(#1113),#1111);
#1115=CARTESIAN_POINT('',(0.E0,-9.5E0,-8.25E0));
#1116=DIRECTION('',(0.E0,0.E0,1.E0));
#1117=DIRECTION('',(0.E0,1.E0,0.E0));
#1118=AXIS2_PLACEMENT_3D('',#1115,#1116,#1117);
#1120=CURVE_STYLE('',#262,POSITIVE_LENGTH_MEASURE(2.E-2),#130);
#1121=PRESENTATION_STYLE_ASSIGNMENT((#1120));
#1122=STYLED_ITEM('',(#1121),#1119);
#1123=CARTESIAN_POINT('',(-2.244897953652E-1,-7.311483531756E0,
-8.250000000014E0));
#1124=CARTESIAN_POINT('',(-2.610328596208E-1,-7.315232163226E0,
-8.249997230931E0));
#1125=CARTESIAN_POINT('',(-3.285458634605E-1,-7.323996303448E0,
-8.240225847521E0));
#1126=CARTESIAN_POINT('',(-4.132765950963E-1,-7.338701640919E0,
-8.206862875676E0));
#1127=CARTESIAN_POINT('',(-4.819018822782E-1,-7.353124760020E0,
-8.162467078522E0));
#1128=CARTESIAN_POINT('',(-5.364511881438E-1,-7.366216445202E0,
-8.112145308804E0));
#1129=CARTESIAN_POINT('',(-5.787053867130E-1,-7.377364913229E0,
-8.059637707619E0));
#1130=CARTESIAN_POINT('',(-6.108226782929E-1,-7.386431794109E0,
-8.007137381844E0));
#1131=CARTESIAN_POINT('',(-6.348510956982E-1,-7.393553914323E0,
-7.955433852113E0));
#1132=CARTESIAN_POINT('',(-6.523548602001E-1,-7.398926498346E0,
-7.904598068198E0));
#1133=CARTESIAN_POINT('',(-6.644454454837E-1,-7.402729171763E0,
-7.854089324913E0));
#1134=CARTESIAN_POINT('',(-6.717392653800E-1,-7.405059903685E0,
-7.803161077539E0));
#1135=CARTESIAN_POINT('',(-6.734692999720E-1,-7.405617235850E0,
-7.767883258482E0));
#1136=CARTESIAN_POINT('',(-6.734693877964E-1,-7.405617278599E0,
-7.750000003073E0));
#1138=CURVE_STYLE('',#262,POSITIVE_LENGTH_MEASURE(2.E-2),#130);
#1139=PRESENTATION_STYLE_ASSIGNMENT((#1138));
#1140=STYLED_ITEM('',(#1139),#1137);
#1141=DIRECTION('',(-1.660914682877E-6,-5.338472227330E-7,9.999999999985E-1));
#1142=VECTOR('',#1141,2.471064806922E0);
#1143=CARTESIAN_POINT('',(-6.734693877964E-1,-7.405617278599E0,
-7.750000003073E0));
#1144=LINE('',#1143,#1142);
#1145=CURVE_STYLE('',#262,POSITIVE_LENGTH_MEASURE(2.E-2),#130);
#1146=PRESENTATION_STYLE_ASSIGNMENT((#1145));
#1147=STYLED_ITEM('',(#1146),#1144);
#1148=CARTESIAN_POINT('',(-1.784159478986E0,-8.212842296552E0,
-4.408120669887E0));
#1149=CARTESIAN_POINT('',(-1.733687525412E0,-8.142884471979E0,
-4.493977038209E0));
#1150=CARTESIAN_POINT('',(-1.622616197606E0,-8.006059306984E0,
-4.655653088341E0));
#1151=CARTESIAN_POINT('',(-1.420912162655E0,-7.812462764205E0,
-4.869686959296E0));
#1152=CARTESIAN_POINT('',(-1.192078160915E0,-7.643685381961E0,
-5.045696903974E0));
#1153=CARTESIAN_POINT('',(-9.429146022277E-1,-7.505474363130E0,
-5.183291117964E0));
#1154=CARTESIAN_POINT('',(-7.647454186310E-1,-7.434965852507E0,
-5.251048366168E0));
#1155=CARTESIAN_POINT('',(-6.734734920243E-1,-7.405618597771E0,
-5.278935196155E0));
#1157=CURVE_STYLE('',#262,POSITIVE_LENGTH_MEASURE(2.E-2),#130);
#1158=PRESENTATION_STYLE_ASSIGNMENT((#1157));
#1159=STYLED_ITEM('',(#1158),#1156);
#1160=CARTESIAN_POINT('',(-6.976165777771E-1,-1.158646378124E1,
-2.677663227391E-1));
#1161=CARTESIAN_POINT('',(-8.334939541390E-1,-1.154103043723E1,
-3.235117408603E-1));
#1162=CARTESIAN_POINT('',(-1.096269192290E0,-1.142502993656E1,
-4.659218651575E-1));
#1163=CARTESIAN_POINT('',(-1.468124053670E0,-1.115807209460E1,
-7.935079277371E-1));
#1164=CARTESIAN_POINT('',(-1.739798020080E0,-1.086240562458E1,
-1.156387691541E0));
#1165=CARTESIAN_POINT('',(-1.919192574427E0,-1.058924127033E1,
-1.491628750859E0));
#1166=CARTESIAN_POINT('',(-2.041464263961E0,-1.033452045549E1,
-1.804243454842E0));
#1167=CARTESIAN_POINT('',(-2.125855471055E0,-1.008603871455E1,
-2.109197529003E0));
#1168=CARTESIAN_POINT('',(-2.180745599351E0,-9.828217417249E0,
-2.425614888716E0));
#1169=CARTESIAN_POINT('',(-2.204227134981E0,-9.565142027210E0,
-2.748480052998E0));
#1170=CARTESIAN_POINT('',(-2.196394115221E0,-9.307561112612E0,
-3.064602031908E0));
#1171=CARTESIAN_POINT('',(-2.160820546390E0,-9.063962537552E0,
-3.363564139980E0));
#1172=CARTESIAN_POINT('',(-2.101952569301E0,-8.837696244393E0,
-3.641254099522E0));
#1173=CARTESIAN_POINT('',(-2.026038272320E0,-8.633757784845E0,
-3.891543017127E0));
#1174=CARTESIAN_POINT('',(-1.929399608632E0,-8.434054740054E0,
-4.136633231077E0));
#1175=CARTESIAN_POINT('',(-1.837890477453E0,-8.287320632534E0,
-4.316712422720E0));
#1176=CARTESIAN_POINT('',(-1.784159478986E0,-8.212842296552E0,
-4.408120669887E0));
#1178=CURVE_STYLE('',#262,POSITIVE_LENGTH_MEASURE(2.E-2),#130);
#1179=PRESENTATION_STYLE_ASSIGNMENT((#1178));
#1180=STYLED_ITEM('',(#1179),#1177);
#1181=CARTESIAN_POINT('',(-6.670019486622E-1,-1.159645063360E1,
-2.553712145252E-1));
#1182=CARTESIAN_POINT('',(-6.720943619670E-1,-1.159483087819E1,
-2.574042469464E-1));
#1183=CARTESIAN_POINT('',(-6.822748557828E-1,-1.159155150218E1,
-2.614994254210E-1));
#1184=CARTESIAN_POINT('',(-6.925004424660E-1,-1.158817454436E1,
-2.656675259267E-1));
#1185=CARTESIAN_POINT('',(-6.976165777771E-1,-1.158646378124E1,
-2.677663227391E-1));
#1187=CURVE_STYLE('',#262,POSITIVE_LENGTH_MEASURE(2.E-2),#130);
#1188=PRESENTATION_STYLE_ASSIGNMENT((#1187));
#1189=STYLED_ITEM('',(#1188),#1186);
#1190=DIRECTION('',(-2.995516008936E-6,1.064112889504E-6,9.999999999949E-1));
#1191=VECTOR('',#1190,6.744628785541E0);
#1192=CARTESIAN_POINT('',(-6.669817450187E-1,-1.159645781064E1,
-7.000000000032E0));
#1193=LINE('',#1192,#1191);
#1194=CURVE_STYLE('',#262,POSITIVE_LENGTH_MEASURE(2.E-2),#130);
#1195=PRESENTATION_STYLE_ASSIGNMENT((#1194));
#1196=STYLED_ITEM('',(#1195),#1193);
#1197=CARTESIAN_POINT('',(-2.244897958920E-1,-1.168851646819E1,
-7.827124273714E0));
#1198=CARTESIAN_POINT('',(-2.518577367008E-1,-1.168570936563E1,
-7.830666791347E0));
#1199=CARTESIAN_POINT('',(-3.035328472839E-1,-1.167937424706E1,
-7.830265364984E0));
#1200=CARTESIAN_POINT('',(-3.715631724236E-1,-1.166870504224E1,
-7.813329654754E0));
#1201=CARTESIAN_POINT('',(-4.284046505895E-1,-1.165809332642E1,
-7.785388402455E0));
#1202=CARTESIAN_POINT('',(-4.740769960422E-1,-1.164844652923E1,
-7.751577766659E0));
#1203=CARTESIAN_POINT('',(-5.105138965320E-1,-1.164003626056E1,
-7.715177046887E0));
#1204=CARTESIAN_POINT('',(-5.409115626740E-1,-1.163253303256E1,
-7.676245623376E0));
#1205=CARTESIAN_POINT('',(-5.675258653248E-1,-1.162559152396E1,
-7.633198293440E0));
#1206=CARTESIAN_POINT('',(-5.913429935905E-1,-1.161907907138E1,
-7.584263391662E0));
#1207=CARTESIAN_POINT('',(-6.126310465193E-1,-1.161301353976E1,
-7.527407511653E0));
#1208=CARTESIAN_POINT('',(-6.309746595241E-1,-1.160759828437E1,
-7.461018074390E0));
#1209=CARTESIAN_POINT('',(-6.456253262329E-1,-1.160314635011E1,
-7.384635136856E0));
#1210=CARTESIAN_POINT('',(-6.560720715389E-1,-1.159990339875E1,
-7.299736870276E0));
#1211=CARTESIAN_POINT('',(-6.626390494921E-1,-1.159783645192E1,
-7.208186121364E0));
#1212=CARTESIAN_POINT('',(-6.661871284741E-1,-1.159671082739E1,
-7.109457980065E0));
#1213=CARTESIAN_POINT('',(-6.669816951675E-1,-1.159645783422E1,
-7.037440566834E0));
#1214=CARTESIAN_POINT('',(-6.669817450187E-1,-1.159645781064E1,
-7.000000000032E0));
#1216=CURVE_STYLE('',#262,POSITIVE_LENGTH_MEASURE(2.E-2),#130);
#1217=PRESENTATION_STYLE_ASSIGNMENT((#1216));
#1218=STYLED_ITEM('',(#1217),#1215);
#1219=CARTESIAN_POINT('',(-6.547906042702E-11,-1.17E1,-7.812403840464E0));
#1220=CARTESIAN_POINT('',(-2.499543160135E-2,-1.169999999753E1,
-7.812403846504E0));
#1221=CARTESIAN_POINT('',(-7.497973107535E-2,-1.169914763060E1,
-7.813515807755E0));
#1222=CARTESIAN_POINT('',(-1.498118587974E-1,-1.169531968067E1,
-7.818474261561E0));
#1223=CARTESIAN_POINT('',(-1.996212453351E-1,-1.169106738814E1,
-7.823905405213E0));
#1224=CARTESIAN_POINT('',(-2.244897958920E-1,-1.168851646819E1,
-7.827124273714E0));
#1226=CURVE_STYLE('',#262,POSITIVE_LENGTH_MEASURE(2.E-2),#130);
#1227=PRESENTATION_STYLE_ASSIGNMENT((#1226));
#1228=STYLED_ITEM('',(#1227),#1225);
#1229=CARTESIAN_POINT('',(0.E0,-9.5E0,-1.017564397072E1));
#1230=DIRECTION('',(0.E0,0.E0,1.E0));
#1231=DIRECTION('',(0.E0,1.E0,0.E0));
#1232=AXIS2_PLACEMENT_3D('',#1229,#1230,#1231);
#1234=CURVE_STYLE('',#262,POSITIVE_LENGTH_MEASURE(2.E-2),#130);
#1235=PRESENTATION_STYLE_ASSIGNMENT((#1234));
#1236=STYLED_ITEM('',(#1235),#1233);
#1237=CARTESIAN_POINT('',(3.574718632215E-9,-1.16E1,-1.82E1));
#1238=DIRECTION('',(-1.E0,-1.702246968383E-9,0.E0));
#1239=DIRECTION('',(1.702246968383E-9,-1.E0,0.E0));
#1240=AXIS2_PLACEMENT_3D('',#1237,#1238,#1239);
#1242=CURVE_STYLE('',#262,POSITIVE_LENGTH_MEASURE(2.E-2),#130);
#1243=PRESENTATION_STYLE_ASSIGNMENT((#1242));
#1244=STYLED_ITEM('',(#1243),#1241);
#1245=CARTESIAN_POINT('',(-3.574718923649E-9,-7.4E0,-1.82E1));
#1246=DIRECTION('',(1.E0,1.702247114099E-9,0.E0));
#1247=DIRECTION('',(-1.702247114099E-9,1.E0,0.E0));
#1248=AXIS2_PLACEMENT_3D('',#1245,#1246,#1247);
#1250=CURVE_STYLE('',#262,POSITIVE_LENGTH_MEASURE(2.E-2),#130);
#1251=PRESENTATION_STYLE_ASSIGNMENT((#1250));
#1252=STYLED_ITEM('',(#1251),#1249);
#1253=CARTESIAN_POINT('',(0.E0,-9.5E0,-1.82E1));
#1254=DIRECTION('',(0.E0,0.E0,-1.E0));
#1255=DIRECTION('',(0.E0,1.E0,0.E0));
#1256=AXIS2_PLACEMENT_3D('',#1253,#1254,#1255);
#1258=CURVE_STYLE('',#262,POSITIVE_LENGTH_MEASURE(2.E-2),#130);
#1259=PRESENTATION_STYLE_ASSIGNMENT((#1258));
#1260=STYLED_ITEM('',(#1259),#1257);
#1261=CARTESIAN_POINT('',(0.E0,-9.5E0,-1.821174909119E1));
#1262=DIRECTION('',(0.E0,0.E0,-1.E0));
#1263=DIRECTION('',(0.E0,1.E0,0.E0));
#1264=AXIS2_PLACEMENT_3D('',#1261,#1262,#1263);
#1266=CURVE_STYLE('',#262,POSITIVE_LENGTH_MEASURE(2.E-2),#130);
#1267=PRESENTATION_STYLE_ASSIGNMENT((#1266));
#1268=STYLED_ITEM('',(#1267),#1265);
#1269=CARTESIAN_POINT('',(0.E0,-9.5E0,-1.43E1));
#1270=DIRECTION('',(0.E0,0.E0,-1.E0));
#1271=DIRECTION('',(0.E0,1.E0,0.E0));
#1272=AXIS2_PLACEMENT_3D('',#1269,#1270,#1271);
#1274=CURVE_STYLE('',#262,POSITIVE_LENGTH_MEASURE(2.E-2),#130);
#1275=PRESENTATION_STYLE_ASSIGNMENT((#1274));
#1276=STYLED_ITEM('',(#1275),#1273);
#1277=CARTESIAN_POINT('',(0.E0,-9.5E0,-1.431174909119E1));
#1278=DIRECTION('',(0.E0,0.E0,-1.E0));
#1279=DIRECTION('',(0.E0,1.E0,0.E0));
#1280=AXIS2_PLACEMENT_3D('',#1277,#1278,#1279);
#1282=CURVE_STYLE('',#262,POSITIVE_LENGTH_MEASURE(2.E-2),#130);
#1283=PRESENTATION_STYLE_ASSIGNMENT((#1282));
#1284=STYLED_ITEM('',(#1283),#1281);
#1285=DIRECTION('',(-7.645144688748E-6,3.250852170625E-6,-9.999999999655E-1));
#1286=VECTOR('',#1285,2.471078102974E0);
#1287=CARTESIAN_POINT('',(6.734882796709E-1,-7.405625311749E0,
-5.278921901554E0));
#1288=LINE('',#1287,#1286);
#1289=CURVE_STYLE('',#262,POSITIVE_LENGTH_MEASURE(2.E-2),#130);
#1290=PRESENTATION_STYLE_ASSIGNMENT((#1289));
#1291=STYLED_ITEM('',(#1290),#1288);
#1292=CARTESIAN_POINT('',(6.734693879213E-1,-7.405617278640E0,
-7.750000004442E0));
#1293=CARTESIAN_POINT('',(6.734638079705E-1,-7.405616295774E0,
-7.803198631283E0));
#1294=CARTESIAN_POINT('',(6.590980834075E-1,-7.400912491524E0,
-7.901808109379E0));
#1295=CARTESIAN_POINT('',(6.011551573931E-1,-7.383313231888E0,
-8.033590456458E0));
#1296=CARTESIAN_POINT('',(5.246131298376E-1,-7.362926465622E0,
-8.128001608556E0));
#1297=CARTESIAN_POINT('',(4.412363894489E-1,-7.344095657255E0,
-8.192475424443E0));
#1298=CARTESIAN_POINT('',(3.465053854791E-1,-7.326582269566E0,
-8.236291280998E0));
#1299=CARTESIAN_POINT('',(2.674123752184E-1,-7.315886770474E0,
-8.249995621101E0));
#1300=CARTESIAN_POINT('',(2.244897952279E-1,-7.311483531742E0,
-8.250000000020E0));
#1302=CURVE_STYLE('',#262,POSITIVE_LENGTH_MEASURE(2.E-2),#130);
#1303=PRESENTATION_STYLE_ASSIGNMENT((#1302));
#1304=STYLED_ITEM('',(#1303),#1301);
#1305=CARTESIAN_POINT('',(0.E0,-9.5E0,-8.25E0));
#1306=DIRECTION('',(0.E0,0.E0,1.E0));
#1307=DIRECTION('',(1.020408163265E-1,9.947802128126E-1,0.E0));
#1308=AXIS2_PLACEMENT_3D('',#1305,#1306,#1307);
#1310=CURVE_STYLE('',#262,POSITIVE_LENGTH_MEASURE(2.E-2),#130);
#1311=PRESENTATION_STYLE_ASSIGNMENT((#1310));
#1312=STYLED_ITEM('',(#1311),#1309);
#1313=DIRECTION('',(-6.145700072667E-11,0.E0,-1.E0));
#1314=VECTOR('',#1313,1.925643970724E0);
#1315=CARTESIAN_POINT('',(1.601417075259E-14,-7.3E0,-8.25E0));
#1316=LINE('',#1315,#1314);
#1317=CURVE_STYLE('',#262,POSITIVE_LENGTH_MEASURE(2.E-2),#130);
#1318=PRESENTATION_STYLE_ASSIGNMENT((#1317));
#1319=STYLED_ITEM('',(#1318),#1316);
#1320=CARTESIAN_POINT('',(0.E0,-9.5E0,-1.017564397072E1));
#1321=DIRECTION('',(0.E0,0.E0,1.E0));
#1322=DIRECTION('',(0.E0,-1.E0,0.E0));
#1323=AXIS2_PLACEMENT_3D('',#1320,#1321,#1322);
#1325=CURVE_STYLE('',#262,POSITIVE_LENGTH_MEASURE(2.E-2),#130);
#1326=PRESENTATION_STYLE_ASSIGNMENT((#1325));
#1327=STYLED_ITEM('',(#1326),#1324);
#1328=DIRECTION('',(-7.777759315958E-11,0.E0,1.E0));
#1329=VECTOR('',#1328,2.363240130261E0);
#1330=CARTESIAN_POINT('',(1.183280689628E-10,-1.17E1,-1.017564397072E1));
#1331=LINE('',#1330,#1329);
#1332=CURVE_STYLE('',#262,POSITIVE_LENGTH_MEASURE(2.E-2),#130);
#1333=PRESENTATION_STYLE_ASSIGNMENT((#1332));
#1334=STYLED_ITEM('',(#1333),#1331);
#1335=CARTESIAN_POINT('',(2.244900127358E-1,-1.168851644595E1,
-7.827124329583E0));
#1336=CARTESIAN_POINT('',(1.996211322847E-1,-1.169106740351E1,
-7.823905417947E0));
#1337=CARTESIAN_POINT('',(1.498119115366E-1,-1.169531967350E1,
-7.818474255617E0));
#1338=CARTESIAN_POINT('',(7.497971606316E-2,-1.169914763265E1,
-7.813515809464E0));
#1339=CARTESIAN_POINT('',(2.499543147043E-2,-1.169999999754E1,
-7.812403846479E0));
#1340=CARTESIAN_POINT('',(-6.547906042702E-11,-1.17E1,-7.812403840464E0));
#1342=CURVE_STYLE('',#262,POSITIVE_LENGTH_MEASURE(2.E-2),#130);
#1343=PRESENTATION_STYLE_ASSIGNMENT((#1342));
#1344=STYLED_ITEM('',(#1343),#1341);
#1345=CARTESIAN_POINT('',(6.669817450196E-1,-1.159645781064E1,
-7.000000000003E0));
#1346=CARTESIAN_POINT('',(6.669817882946E-1,-1.159645777850E1,
-7.027087932481E0));
#1347=CARTESIAN_POINT('',(6.665624597431E-1,-1.159659128367E1,
-7.084018489628E0));
#1348=CARTESIAN_POINT('',(6.640674362163E-1,-1.159738390109E1,
-7.177017837323E0));
#1349=CARTESIAN_POINT('',(6.581541542377E-1,-1.159925143805E1,
-7.279608813208E0));
#1350=CARTESIAN_POINT('',(6.451114895682E-1,-1.160331838822E1,
-7.395424815051E0));
#1351=CARTESIAN_POINT('',(6.173904322253E-1,-1.161171110157E1,
-7.521881189942E0));
#1352=CARTESIAN_POINT('',(5.683399421366E-1,-1.162561781496E1,
-7.639937237145E0));
#1353=CARTESIAN_POINT('',(5.013246129773E-1,-1.164253463232E1,
-7.730330951013E0));
#1354=CARTESIAN_POINT('',(4.239229600040E-1,-1.165938371446E1,
-7.791869625503E0));
#1355=CARTESIAN_POINT('',(3.274435797913E-1,-1.167628422310E1,
-7.829133133611E0));
#1356=CARTESIAN_POINT('',(2.598080620568E-1,-1.168489481504E1,
-7.831691660449E0));
#1357=CARTESIAN_POINT('',(2.244900127358E-1,-1.168851644595E1,
-7.827124329583E0));
#1359=CURVE_STYLE('',#262,POSITIVE_LENGTH_MEASURE(2.E-2),#130);
#1360=PRESENTATION_STYLE_ASSIGNMENT((#1359));
#1361=STYLED_ITEM('',(#1360),#1358);
#1362=DIRECTION('',(-1.955254815607E-6,-7.678884716451E-7,-9.999999999978E-1));
#1363=VECTOR('',#1362,6.744630797959E0);
#1364=CARTESIAN_POINT('',(6.669949324914E-1,-1.159645263152E1,
-2.553692020592E-1));
#1365=LINE('',#1364,#1363);
#1366=CURVE_STYLE('',#262,POSITIVE_LENGTH_MEASURE(2.E-2),#130);
#1367=PRESENTATION_STYLE_ASSIGNMENT((#1366));
#1368=STYLED_ITEM('',(#1367),#1365);
#1369=CARTESIAN_POINT('',(6.976162187818E-1,-1.158646390127E1,
-2.677675153908E-1));
#1370=CARTESIAN_POINT('',(6.925142214692E-1,-1.158816963127E1,
-2.656746923016E-1));
#1371=CARTESIAN_POINT('',(6.823035921021E-1,-1.159154249483E1,
-2.615147294847E-1));
#1372=CARTESIAN_POINT('',(6.721024030910E-1,-1.159482793913E1,
-2.574093589655E-1));
#1373=CARTESIAN_POINT('',(6.669949324914E-1,-1.159645263152E1,
-2.553692020592E-1));
#1375=CURVE_STYLE('',#262,POSITIVE_LENGTH_MEASURE(2.E-2),#130);
#1376=PRESENTATION_STYLE_ASSIGNMENT((#1375));
#1377=STYLED_ITEM('',(#1376),#1374);
#1378=CARTESIAN_POINT('',(1.784174833774E0,-8.212863580452E0,
-4.408094548737E0));
#1379=CARTESIAN_POINT('',(1.838409064693E0,-8.288041455033E0,
-4.315827413172E0));
#1380=CARTESIAN_POINT('',(1.933112421249E0,-8.439503699797E0,
-4.129945812612E0));
#1381=CARTESIAN_POINT('',(2.038723470215E0,-8.661407843114E0,
-3.857608927076E0));
#1382=CARTESIAN_POINT('',(2.118366504679E0,-8.890478109269E0,
-3.576476435403E0));
#1383=CARTESIAN_POINT('',(2.171227282139E0,-9.120050259314E0,
-3.294729250697E0));
#1384=CARTESIAN_POINT('',(2.200078637298E0,-9.359347788648E0,
-3.001045635121E0));
#1385=CARTESIAN_POINT('',(2.202598589072E0,-9.616711031479E0,
-2.685190673185E0));
#1386=CARTESIAN_POINT('',(2.168924760387E0,-9.911015547776E0,
-2.323998664147E0));
#1387=CARTESIAN_POINT('',(2.086208743276E0,-1.022147867463E1,
-1.942976129231E0));
#1388=CARTESIAN_POINT('',(1.969274224629E0,-1.049420750498E1,
-1.608263516827E0));
#1389=CARTESIAN_POINT('',(1.831633768986E0,-1.072785400118E1,
-1.321515532560E0));
#1390=CARTESIAN_POINT('',(1.680151723618E0,-1.092706219168E1,
-1.077032752326E0));
#1391=CARTESIAN_POINT('',(1.519016589146E0,-1.109676177760E1,
-8.687651967897E-1));
#1392=CARTESIAN_POINT('',(1.352844384901E0,-1.123916139477E1,
-6.940018525548E-1));
#1393=CARTESIAN_POINT('',(1.185653503487E0,-1.135667289430E1,
-5.497836151518E-1));
#1394=CARTESIAN_POINT('',(1.019806613999E0,-1.145228553217E1,
-4.324399500187E-1));
#1395=CARTESIAN_POINT('',(8.569525185342E-1,-1.152876351200E1,
-3.385820251049E-1));
#1396=CARTESIAN_POINT('',(7.500645890445E-1,-1.156892749068E1,
-2.892884808898E-1));
#1397=CARTESIAN_POINT('',(6.976162187818E-1,-1.158646390127E1,
-2.677675153908E-1));
#1399=CURVE_STYLE('',#262,POSITIVE_LENGTH_MEASURE(2.E-2),#130);
#1400=PRESENTATION_STYLE_ASSIGNMENT((#1399));
#1401=STYLED_ITEM('',(#1400),#1398);
#1402=CARTESIAN_POINT('',(6.734882796709E-1,-7.405625311749E0,
-5.278921901554E0));
#1403=CARTESIAN_POINT('',(7.745941400202E-1,-7.438129608528E0,
-5.248036001268E0));
#1404=CARTESIAN_POINT('',(9.659354449859E-1,-7.515488433487E0,
-5.173657852084E0));
#1405=CARTESIAN_POINT('',(1.225334426323E0,-7.665509717573E0,
-5.023465008466E0));
#1406=CARTESIAN_POINT('',(1.435780954070E0,-7.826773502948E0,
-4.853926137058E0));
#1407=CARTESIAN_POINT('',(1.617802273231E0,-8.001622966085E0,
-4.660461023748E0));
#1408=CARTESIAN_POINT('',(1.731655046340E0,-8.140064703244E0,
-4.497436560642E0));
#1409=CARTESIAN_POINT('',(1.784174833774E0,-8.212863580452E0,
-4.408094548737E0));
#1411=CURVE_STYLE('',#262,POSITIVE_LENGTH_MEASURE(2.E-2),#130);
#1412=PRESENTATION_STYLE_ASSIGNMENT((#1411));
#1413=STYLED_ITEM('',(#1412),#1410);
#1414=CARTESIAN_POINT('',(-3.574718923649E-9,-7.4E0,-1.43E1));
#1415=DIRECTION('',(1.E0,1.702247114099E-9,0.E0));
#1416=DIRECTION('',(-1.702247114099E-9,1.E0,-1.776356839400E-14));
#1417=AXIS2_PLACEMENT_3D('',#1414,#1415,#1416);
#1419=CURVE_STYLE('',#262,POSITIVE_LENGTH_MEASURE(2.E-2),#130);
#1420=PRESENTATION_STYLE_ASSIGNMENT((#1419));
#1421=STYLED_ITEM('',(#1420),#1418);
#1422=CARTESIAN_POINT('',(3.574718632215E-9,-1.16E1,-1.43E1));
#1423=DIRECTION('',(-1.E0,-1.702246968383E-9,0.E0));
#1424=DIRECTION('',(1.702246968383E-9,-1.E0,0.E0));
#1425=AXIS2_PLACEMENT_3D('',#1422,#1423,#1424);
#1427=CURVE_STYLE('',#262,POSITIVE_LENGTH_MEASURE(2.E-2),#130);
#1428=PRESENTATION_STYLE_ASSIGNMENT((#1427));
#1429=STYLED_ITEM('',(#1428),#1426);
#1430=CARTESIAN_POINT('',(0.E0,-9.5E0,-1.42E1));
#1431=DIRECTION('',(0.E0,0.E0,1.E0));
#1432=DIRECTION('',(0.E0,1.E0,0.E0));
#1433=AXIS2_PLACEMENT_3D('',#1430,#1431,#1432);
#1435=CURVE_STYLE('',#262,POSITIVE_LENGTH_MEASURE(2.E-2),#130);
#1436=PRESENTATION_STYLE_ASSIGNMENT((#1435));
#1437=STYLED_ITEM('',(#1436),#1434);
#1438=CARTESIAN_POINT('',(0.E0,-9.5E0,-1.42E1));
#1439=DIRECTION('',(0.E0,0.E0,1.E0));
#1440=DIRECTION('',(0.E0,-1.E0,0.E0));
#1441=AXIS2_PLACEMENT_3D('',#1438,#1439,#1440);
#1443=CURVE_STYLE('',#262,POSITIVE_LENGTH_MEASURE(2.E-2),#130);
#1444=PRESENTATION_STYLE_ASSIGNMENT((#1443));
#1445=STYLED_ITEM('',(#1444),#1442);
#1446=CARTESIAN_POINT('',(0.E0,-9.5E0,-1.42E1));
#1447=DIRECTION('',(0.E0,0.E0,-1.E0));
#1448=DIRECTION('',(0.E0,-1.E0,0.E0));
#1449=AXIS2_PLACEMENT_3D('',#1446,#1447,#1448);
#1451=CURVE_STYLE('',#262,POSITIVE_LENGTH_MEASURE(2.E-2),#130);
#1452=PRESENTATION_STYLE_ASSIGNMENT((#1451));
#1453=STYLED_ITEM('',(#1452),#1450);
#1454=CARTESIAN_POINT('',(0.E0,-9.5E0,-1.42E1));
#1455=DIRECTION('',(0.E0,0.E0,-1.E0));
#1456=DIRECTION('',(0.E0,1.E0,0.E0));
#1457=AXIS2_PLACEMENT_3D('',#1454,#1455,#1456);
#1459=CURVE_STYLE('',#262,POSITIVE_LENGTH_MEASURE(2.E-2),#130);
#1460=PRESENTATION_STYLE_ASSIGNMENT((#1459));
#1461=STYLED_ITEM('',(#1460),#1458);
#1462=CARTESIAN_POINT('',(1.991744130736E-10,-7.665830086777E0,-1.4E1));
#1463=DIRECTION('',(-1.E0,1.085910389387E-10,0.E0));
#1464=DIRECTION('',(0.E0,-2.251878683524E-9,-1.E0));
#1465=AXIS2_PLACEMENT_3D('',#1462,#1463,#1464);
#1467=CURVE_STYLE('',#262,POSITIVE_LENGTH_MEASURE(2.E-2),#130);
#1468=PRESENTATION_STYLE_ASSIGNMENT((#1467));
#1469=STYLED_ITEM('',(#1468),#1466);
#1470=CARTESIAN_POINT('',(-1.991746628738E-10,-1.133416991322E1,-1.4E1));
#1471=DIRECTION('',(1.E0,-1.085911707777E-10,0.E0));
#1472=DIRECTION('',(0.E0,2.251878683524E-9,-1.E0));
#1473=AXIS2_PLACEMENT_3D('',#1470,#1471,#1472);
#1475=CURVE_STYLE('',#262,POSITIVE_LENGTH_MEASURE(2.E-2),#130);
#1476=PRESENTATION_STYLE_ASSIGNMENT((#1475));
#1477=STYLED_ITEM('',(#1476),#1474);
#1478=CARTESIAN_POINT('',(0.E0,-9.5E0,-1.064494736584E1));
#1479=DIRECTION('',(0.E0,0.E0,1.E0));
#1480=DIRECTION('',(0.E0,-1.E0,0.E0));
#1481=AXIS2_PLACEMENT_3D('',#1478,#1479,#1480);
#1483=CURVE_STYLE('',#262,POSITIVE_LENGTH_MEASURE(2.E-2),#130);
#1484=PRESENTATION_STYLE_ASSIGNMENT((#1483));
#1485=STYLED_ITEM('',(#1484),#1482);
#1486=CARTESIAN_POINT('',(0.E0,-9.5E0,-1.396871310699E1));
#1487=DIRECTION('',(0.E0,0.E0,1.E0));
#1488=DIRECTION('',(0.E0,-1.E0,0.E0));
#1489=AXIS2_PLACEMENT_3D('',#1486,#1487,#1488);
#1491=CURVE_STYLE('',#262,POSITIVE_LENGTH_MEASURE(2.E-2),#130);
#1492=PRESENTATION_STYLE_ASSIGNMENT((#1491));
#1493=STYLED_ITEM('',(#1492),#1490);
#1494=CARTESIAN_POINT('',(1.219999601343E-9,-8.7E0,-1.017564397072E1));
#1495=DIRECTION('',(1.E0,-1.524999501679E-9,0.E0));
#1496=DIRECTION('',(-1.524999501679E-9,-1.E0,-4.138911435803E-12));
#1497=AXIS2_PLACEMENT_3D('',#1494,#1495,#1496);
#1499=CURVE_STYLE('',#262,POSITIVE_LENGTH_MEASURE(2.E-2),#130);
#1500=PRESENTATION_STYLE_ASSIGNMENT((#1499));
#1501=STYLED_ITEM('',(#1500),#1498);
#1502=CARTESIAN_POINT('',(-1.219999375829E-9,-1.03E1,-1.017564397072E1));
#1503=DIRECTION('',(-1.E0,1.524999217184E-9,0.E0));
#1504=DIRECTION('',(1.524999217184E-9,1.E0,-4.135950841070E-12));
#1505=AXIS2_PLACEMENT_3D('',#1502,#1503,#1504);
#1507=CURVE_STYLE('',#262,POSITIVE_LENGTH_MEASURE(2.E-2),#130);
#1508=PRESENTATION_STYLE_ASSIGNMENT((#1507));
#1509=STYLED_ITEM('',(#1508),#1506);
#1510=CARTESIAN_POINT('',(0.E0,-9.5E0,-1.064494736584E1));
#1511=DIRECTION('',(0.E0,0.E0,1.E0));
#1512=DIRECTION('',(0.E0,1.E0,0.E0));
#1513=AXIS2_PLACEMENT_3D('',#1510,#1511,#1512);
#1515=CURVE_STYLE('',#262,POSITIVE_LENGTH_MEASURE(2.E-2),#130);
#1516=PRESENTATION_STYLE_ASSIGNMENT((#1515));
#1517=STYLED_ITEM('',(#1516),#1514);
#1518=DIRECTION('',(-1.613321139532E-10,1.564344650402E-1,-9.876883405951E-1));
#1519=VECTOR('',#1518,3.365196899074E0);
#1520=CARTESIAN_POINT('',(1.151146889974E-10,-1.166306502179E1,
-1.064494736584E1));
#1521=LINE('',#1520,#1519);
#1522=CURVE_STYLE('',#262,POSITIVE_LENGTH_MEASURE(2.E-2),#130);
#1523=PRESENTATION_STYLE_ASSIGNMENT((#1522));
#1524=STYLED_ITEM('',(#1523),#1521);
#1525=CARTESIAN_POINT('',(0.E0,-9.5E0,-1.396871310699E1));
#1526=DIRECTION('',(0.E0,0.E0,1.E0));
#1527=DIRECTION('',(0.E0,1.E0,0.E0));
#1528=AXIS2_PLACEMENT_3D('',#1525,#1526,#1527);
#1530=CURVE_STYLE('',#262,POSITIVE_LENGTH_MEASURE(2.E-2),#130);
#1531=PRESENTATION_STYLE_ASSIGNMENT((#1530));
#1532=STYLED_ITEM('',(#1531),#1529);
#1533=DIRECTION('',(1.613321266046E-10,-1.564344650402E-1,-9.876883405951E-1));
#1534=VECTOR('',#1533,3.365196899074E0);
#1535=CARTESIAN_POINT('',(-1.151148094348E-10,-7.336934978214E0,
-1.064494736584E1));
#1536=LINE('',#1535,#1534);
#1537=CURVE_STYLE('',#262,POSITIVE_LENGTH_MEASURE(2.E-2),#130);
#1538=PRESENTATION_STYLE_ASSIGNMENT((#1537));
#1539=STYLED_ITEM('',(#1538),#1536);
#1540=CARTESIAN_POINT('',(0.E0,-9.5E0,-1.786871310699E1));
#1541=DIRECTION('',(0.E0,0.E0,1.E0));
#1542=DIRECTION('',(0.E0,-1.E0,0.E0));
#1543=AXIS2_PLACEMENT_3D('',#1540,#1541,#1542);
#1545=CURVE_STYLE('',#262,POSITIVE_LENGTH_MEASURE(2.E-2),#130);
#1546=PRESENTATION_STYLE_ASSIGNMENT((#1545));
#1547=STYLED_ITEM('',(#1546),#1544);
#1548=CARTESIAN_POINT('',(-1.991761894304E-10,-1.133416991322E1,-1.79E1));
#1549=DIRECTION('',(1.E0,-1.085920034449E-10,0.E0));
#1550=DIRECTION('',(0.E0,2.251878683524E-9,-1.E0));
#1551=AXIS2_PLACEMENT_3D('',#1548,#1549,#1550);
#1553=CURVE_STYLE('',#262,POSITIVE_LENGTH_MEASURE(2.E-2),#130);
#1554=PRESENTATION_STYLE_ASSIGNMENT((#1553));
#1555=STYLED_ITEM('',(#1554),#1552);
#1556=CARTESIAN_POINT('',(0.E0,-9.5E0,-1.81E1));
#1557=DIRECTION('',(0.E0,0.E0,1.E0));
#1558=DIRECTION('',(0.E0,1.E0,0.E0));
#1559=AXIS2_PLACEMENT_3D('',#1556,#1557,#1558);
#1561=CURVE_STYLE('',#262,POSITIVE_LENGTH_MEASURE(2.E-2),#130);
#1562=PRESENTATION_STYLE_ASSIGNMENT((#1561));
#1563=STYLED_ITEM('',(#1562),#1560);
#1564=CARTESIAN_POINT('',(0.E0,-9.5E0,-1.81E1));
#1565=DIRECTION('',(0.E0,0.E0,1.E0));
#1566=DIRECTION('',(0.E0,-1.E0,0.E0));
#1567=AXIS2_PLACEMENT_3D('',#1564,#1565,#1566);
#1569=CURVE_STYLE('',#262,POSITIVE_LENGTH_MEASURE(2.E-2),#130);
#1570=PRESENTATION_STYLE_ASSIGNMENT((#1569));
#1571=STYLED_ITEM('',(#1570),#1568);
#1572=CARTESIAN_POINT('',(0.E0,-9.5E0,-1.81E1));
#1573=DIRECTION('',(0.E0,0.E0,-1.E0));
#1574=DIRECTION('',(0.E0,-1.E0,0.E0));
#1575=AXIS2_PLACEMENT_3D('',#1572,#1573,#1574);
#1577=CURVE_STYLE('',#262,POSITIVE_LENGTH_MEASURE(2.E-2),#130);
#1578=PRESENTATION_STYLE_ASSIGNMENT((#1577));
#1579=STYLED_ITEM('',(#1578),#1576);
#1580=CARTESIAN_POINT('',(0.E0,-9.5E0,-1.81E1));
#1581=DIRECTION('',(0.E0,0.E0,-1.E0));
#1582=DIRECTION('',(0.E0,1.E0,0.E0));
#1583=AXIS2_PLACEMENT_3D('',#1580,#1581,#1582);
#1585=CURVE_STYLE('',#262,POSITIVE_LENGTH_MEASURE(2.E-2),#130);
#1586=PRESENTATION_STYLE_ASSIGNMENT((#1585));
#1587=STYLED_ITEM('',(#1586),#1584);
#1588=CARTESIAN_POINT('',(1.991743575624E-10,-7.665830086777E0,-1.79E1));
#1589=DIRECTION('',(-1.E0,1.085910042442E-10,0.E0));
#1590=DIRECTION('',(0.E0,-2.251878683524E-9,-1.E0));
#1591=AXIS2_PLACEMENT_3D('',#1588,#1589,#1590);
#1593=CURVE_STYLE('',#262,POSITIVE_LENGTH_MEASURE(2.E-2),#130);
#1594=PRESENTATION_STYLE_ASSIGNMENT((#1593));
#1595=STYLED_ITEM('',(#1594),#1592);
#1596=CARTESIAN_POINT('',(0.E0,-9.5E0,-1.786871310699E1));
#1597=DIRECTION('',(0.E0,0.E0,1.E0));
#1598=DIRECTION('',(0.E0,1.E0,0.E0));
#1599=AXIS2_PLACEMENT_3D('',#1596,#1597,#1598);
#1601=CURVE_STYLE('',#262,POSITIVE_LENGTH_MEASURE(2.E-2),#130);
#1602=PRESENTATION_STYLE_ASSIGNMENT((#1601));
#1603=STYLED_ITEM('',(#1602),#1600);
#1604=DIRECTION('',(1.187901768306E-10,-1.564344650402E-1,-9.876883405951E-1));
#1605=VECTOR('',#1604,3.601302019546E0);
#1606=CARTESIAN_POINT('',(0.E0,-7.3E0,-1.431174909119E1));
#1607=LINE('',#1606,#1605);
#1608=CURVE_STYLE('',#262,POSITIVE_LENGTH_MEASURE(2.E-2),#130);
#1609=PRESENTATION_STYLE_ASSIGNMENT((#1608));
#1610=STYLED_ITEM('',(#1609),#1607);
#1611=DIRECTION('',(-1.187901625599E-10,1.564344650402E-1,-9.876883405951E-1));
#1612=VECTOR('',#1611,3.601302019546E0);
#1613=CARTESIAN_POINT('',(0.E0,-1.17E1,-1.431174909119E1));
#1614=LINE('',#1613,#1612);
#1615=CURVE_STYLE('',#262,POSITIVE_LENGTH_MEASURE(2.E-2),#130);
#1616=PRESENTATION_STYLE_ASSIGNMENT((#1615));
#1617=STYLED_ITEM('',(#1616),#1614);
#1618=CARTESIAN_POINT('',(7.5E-1,-7.167619242062E0,-5.278925951782E0));
#1619=DIRECTION('',(0.E0,0.E0,-1.E0));
#1620=DIRECTION('',(-3.060833048968E-1,-9.520047323745E-1,0.E0));
#1621=AXIS2_PLACEMENT_3D('',#1618,#1619,#1620);
#1623=CURVE_STYLE('',#262,POSITIVE_LENGTH_MEASURE(2.E-2),#130);
#1624=PRESENTATION_STYLE_ASSIGNMENT((#1623));
#1625=STYLED_ITEM('',(#1624),#1622);
#1626=CARTESIAN_POINT('',(7.500000003609E-1,-6.803404592188E0,
-5.068231703574E0));
#1627=DIRECTION('',(0.E0,-9.002984373831E-1,4.352731598038E-1));
#1628=DIRECTION('',(-7.684601704662E-2,4.339860452427E-1,8.976362304401E-1));
#1629=AXIS2_PLACEMENT_3D('',#1626,#1627,#1628);
#1631=CURVE_STYLE('',#262,POSITIVE_LENGTH_MEASURE(2.E-2),#130);
#1632=PRESENTATION_STYLE_ASSIGNMENT((#1631));
#1633=STYLED_ITEM('',(#1632),#1630);
#1634=CARTESIAN_POINT('',(7.307936931707E-1,-6.694908997003E0,
-4.843821386028E0));
#1635=CARTESIAN_POINT('',(7.215617855743E-1,-6.742266224308E0,
-4.821717412577E0));
#1636=CARTESIAN_POINT('',(7.034204139577E-1,-6.842815355790E0,
-4.793182681795E0));
#1637=CARTESIAN_POINT('',(6.798384276934E-1,-6.994508997119E0,
-4.797208184632E0));
#1638=CARTESIAN_POINT('',(6.620918539825E-1,-7.139849534374E0,
-4.847164205952E0));
#1639=CARTESIAN_POINT('',(6.535710512921E-1,-7.255255492091E0,
-4.932053526588E0));
#1640=CARTESIAN_POINT('',(6.531847071798E-1,-7.333181367638E0,
-5.029651701001E0));
#1641=CARTESIAN_POINT('',(6.587701923559E-1,-7.385686958380E0,
-5.138860036165E0));
#1642=CARTESIAN_POINT('',(6.676374640261E-1,-7.403741818958E0,
-5.230707565500E0));
#1643=CARTESIAN_POINT('',(6.734882796709E-1,-7.405625311749E0,
-5.278921901554E0));
#1645=CURVE_STYLE('',#262,POSITIVE_LENGTH_MEASURE(2.E-2),#130);
#1646=PRESENTATION_STYLE_ASSIGNMENT((#1645));
#1647=STYLED_ITEM('',(#1646),#1644);
#1648=CARTESIAN_POINT('',(2.189669085427E0,-7.920332536156E0,
-4.408094588590E0));
#1649=DIRECTION('',(4.544107763694E-1,-6.298852460248E-1,6.298852460248E-1));
#1650=DIRECTION('',(-7.727152251390E-13,7.071067811863E-1,7.071067811868E-1));
#1651=AXIS2_PLACEMENT_3D('',#1648,#1649,#1650);
#1653=CURVE_STYLE('',#262,POSITIVE_LENGTH_MEASURE(2.E-2),#130);
#1654=PRESENTATION_STYLE_ASSIGNMENT((#1653));
#1655=STYLED_ITEM('',(#1654),#1652);
#1656=CARTESIAN_POINT('',(-8.561652565691E-1,-1.170710630702E1,
8.578596345547E-2));
#1657=CARTESIAN_POINT('',(-1.024928723532E0,-1.165067805059E1,
2.935962598607E-2));
#1658=CARTESIAN_POINT('',(-1.344502829312E0,-1.150928729357E1,
-1.120339405814E-1));
#1659=CARTESIAN_POINT('',(-1.802033036635E0,-1.118127354874E1,
-4.400465561894E-1));
#1660=CARTESIAN_POINT('',(-2.135141377810E0,-1.081851101643E1,
-8.028093910671E-1));
#1661=CARTESIAN_POINT('',(-2.355389851048E0,-1.048323771702E1,
-1.138082609406E0));
#1662=CARTESIAN_POINT('',(-2.505428802342E0,-1.017063218968E1,
-1.450688158467E0));
#1663=CARTESIAN_POINT('',(-2.609005658975E0,-9.865675643749E0,
-1.755644698588E0));
#1664=CARTESIAN_POINT('',(-2.676369266033E0,-9.549258979462E0,
-2.072061364397E0));
#1665=CARTESIAN_POINT('',(-2.705187953379E0,-9.226393662957E0,
-2.394926680628E0));
#1666=CARTESIAN_POINT('',(-2.695574502583E0,-8.910271562863E0,
-2.711048780296E0));
#1667=CARTESIAN_POINT('',(-2.651916407396E0,-8.611310060457E0,
-3.010010284679E0));
#1668=CARTESIAN_POINT('',(-2.579668018033E0,-8.333617935668E0,
-3.287702401987E0));
#1669=CARTESIAN_POINT('',(-2.486505569890E0,-8.083336679183E0,
-3.537983686419E0));
#1670=CARTESIAN_POINT('',(-2.367883876415E0,-7.838219226301E0,
-3.783101034994E0));
#1671=CARTESIAN_POINT('',(-2.255627090243E0,-7.658206320868E0,
-3.963114199948E0));
#1672=CARTESIAN_POINT('',(-2.189650280695E0,-7.566753081629E0,
-4.054567261931E0));
#1674=CURVE_STYLE('',#262,POSITIVE_LENGTH_MEASURE(2.E-2),#130);
#1675=PRESENTATION_STYLE_ASSIGNMENT((#1674));
#1676=STYLED_ITEM('',(#1675),#1673);
#1677=CARTESIAN_POINT('',(-2.189650280695E0,-7.566753081629E0,
-4.054567261931E0));
#1678=CARTESIAN_POINT('',(-2.349224190462E0,-7.671137998474E0,
-3.950182345086E0));
#1679=CARTESIAN_POINT('',(-2.631071623096E0,-7.887575543726E0,
-3.733744799834E0));
#1680=CARTESIAN_POINT('',(-2.965973479389E0,-8.218383549740E0,
-3.402936793819E0));
#1681=CARTESIAN_POINT('',(-3.227700494769E0,-8.540625895423E0,
-3.080694448137E0));
#1682=CARTESIAN_POINT('',(-3.439467941890E0,-8.860699913848E0,
-2.760620429712E0));
#1683=CARTESIAN_POINT('',(-3.614396991592E0,-9.187573111923E0,
-2.433747231636E0));
#1684=CARTESIAN_POINT('',(-3.757221931293E0,-9.525730294153E0,
-2.095590049407E0));
#1685=CARTESIAN_POINT('',(-3.867710165292E0,-9.872798510141E0,
-1.748521833418E0));
#1686=CARTESIAN_POINT('',(-3.945550713595E0,-1.022465230889E1,
-1.396668034670E0));
#1687=CARTESIAN_POINT('',(-3.991436174801E0,-1.058027454406E1,
-1.041045799503E0));
#1688=CARTESIAN_POINT('',(-4.005422904397E0,-1.094187989617E1,
-6.794404473896E-1));
#1689=CARTESIAN_POINT('',(-3.986241843293E0,-1.131193318434E1,
-3.093871592210E-1));
#1690=CARTESIAN_POINT('',(-3.947709513413E0,-1.157353448388E1,
-4.778585968015E-2));
#1691=CARTESIAN_POINT('',(-3.920696862276E0,-1.170710683334E1,
8.578648978511E-2));
#1693=CURVE_STYLE('',#262,POSITIVE_LENGTH_MEASURE(2.E-2),#130);
#1694=PRESENTATION_STYLE_ASSIGNMENT((#1693));
#1695=STYLED_ITEM('',(#1694),#1692);
#1696=DIRECTION('',(1.E0,1.717478677181E-7,-1.717488026760E-7));
#1697=VECTOR('',#1696,3.064531605707E0);
#1698=CARTESIAN_POINT('',(-3.920696862276E0,-1.170710683334E1,
8.578648978511E-2));
#1699=LINE('',#1698,#1697);
#1700=CURVE_STYLE('',#262,POSITIVE_LENGTH_MEASURE(2.E-2),#130);
#1701=PRESENTATION_STYLE_ASSIGNMENT((#1700));
#1702=STYLED_ITEM('',(#1701),#1699);
#1703=CARTESIAN_POINT('',(2.189662782856E0,-7.566771529563E0,
-4.054548813987E0));
#1704=CARTESIAN_POINT('',(2.256313361828E0,-7.659161288511E0,
-3.962159252468E0));
#1705=CARTESIAN_POINT('',(2.372417446734E0,-7.844874074094E0,
-3.776446177843E0));
#1706=CARTESIAN_POINT('',(2.502079937765E0,-8.117279520094E0,
-3.504040848016E0));
#1707=CARTESIAN_POINT('',(2.599810720425E0,-8.398393296646E0,
-3.222927040336E0));
#1708=CARTESIAN_POINT('',(2.664688746702E0,-8.680145594705E0,
-2.941174750617E0));
#1709=CARTESIAN_POINT('',(2.700096321333E0,-8.973827774357E0,
-2.647492568731E0));
#1710=CARTESIAN_POINT('',(2.703189230890E0,-9.289683062356E0,
-2.331637281330E0));
#1711=CARTESIAN_POINT('',(2.661862158383E0,-9.650874932028E0,
-1.970445411498E0));
#1712=CARTESIAN_POINT('',(2.560347106305E0,-1.003189765334E1,
-1.589422690226E0));
#1713=CARTESIAN_POINT('',(2.416836597354E0,-1.036661028040E1,
-1.254710063161E0));
#1714=CARTESIAN_POINT('',(2.247914188868E0,-1.065335827899E1,
-9.679620645703E-1));
#1715=CARTESIAN_POINT('',(2.062004548773E0,-1.089784101498E1,
-7.234793285706E-1));
#1716=CARTESIAN_POINT('',(1.864247340680E0,-1.110610882400E1,
-5.152115195867E-1));
#1717=CARTESIAN_POINT('',(1.660310564200E0,-1.128087141759E1,
-3.404489258544E-1));
#1718=CARTESIAN_POINT('',(1.455114811776E0,-1.142509236368E1,
-1.962279803142E-1));
#1719=CARTESIAN_POINT('',(1.251601695846E0,-1.154242644450E1,
-7.889389743496E-2));
#1720=CARTESIAN_POINT('',(1.051636442726E0,-1.163631881506E1,
1.499846542755E-2));
#1721=CARTESIAN_POINT('',(9.207027343030E-1,-1.168552835928E1,
6.420802879987E-2));
#1722=CARTESIAN_POINT('',(8.561655694766E-1,-1.170710678151E1,
8.578643794757E-2));
#1724=CURVE_STYLE('',#262,POSITIVE_LENGTH_MEASURE(2.E-2),#130);
#1725=PRESENTATION_STYLE_ASSIGNMENT((#1724));
#1726=STYLED_ITEM('',(#1725),#1723);
#1727=DIRECTION('',(1.E0,-5.942838819170E-9,5.942838244041E-9));
#1728=VECTOR('',#1727,3.064493841534E0);
#1729=CARTESIAN_POINT('',(8.561655694766E-1,-1.170710678151E1,
8.578643794757E-2));
#1730=LINE('',#1729,#1728);
#1731=CURVE_STYLE('',#262,POSITIVE_LENGTH_MEASURE(2.E-2),#130);
#1732=PRESENTATION_STYLE_ASSIGNMENT((#1731));
#1733=STYLED_ITEM('',(#1732),#1730);
#1734=CARTESIAN_POINT('',(3.920659411011E0,-1.170710679972E1,
8.578645615936E-2));
#1735=CARTESIAN_POINT('',(3.945880007945E0,-1.158240281235E1,
-3.891753120569E-2));
#1736=CARTESIAN_POINT('',(3.983815428067E0,-1.133339512702E1,
-2.879252165362E-1));
#1737=CARTESIAN_POINT('',(4.005438523626E0,-1.096217107550E1,
-6.591492680592E-1));
#1738=CARTESIAN_POINT('',(3.992706744803E0,-1.059091499238E1,
-1.030405351181E0));
#1739=CARTESIAN_POINT('',(3.945300100658E0,-1.022071331025E1,
-1.400607033309E0));
#1740=CARTESIAN_POINT('',(3.863927659248E0,-9.857865980766E0,
-1.763454362794E0));
#1741=CARTESIAN_POINT('',(3.749146645205E0,-9.502993726415E0,
-2.118326617145E0));
#1742=CARTESIAN_POINT('',(3.593797490238E0,-9.141712560841E0,
-2.479607782719E0));
#1743=CARTESIAN_POINT('',(3.376943183222E0,-8.752635990638E0,
-2.868684352922E0));
#1744=CARTESIAN_POINT('',(3.072793476694E0,-8.333180538920E0,
-3.288139804638E0));
#1745=CARTESIAN_POINT('',(2.667948270688E0,-7.914755758673E0,
-3.706564584892E0));
#1746=CARTESIAN_POINT('',(2.358463704430E0,-7.677187930461E0,
-3.944132413089E0));
#1747=CARTESIAN_POINT('',(2.189662782856E0,-7.566771529563E0,
-4.054548813987E0));
#1749=CURVE_STYLE('',#262,POSITIVE_LENGTH_MEASURE(2.E-2),#130);
#1750=PRESENTATION_STYLE_ASSIGNMENT((#1749));
#1751=STYLED_ITEM('',(#1750),#1748);
#1752=CARTESIAN_POINT('',(-8.561644075632E-1,-1.206066056076E1,
-2.677665639882E-1));
#1753=DIRECTION('',(-9.040306251778E-1,3.022653046089E-1,-3.022653046089E-1));
#1754=DIRECTION('',(5.371170175221E-11,7.071067812669E-1,7.071067811062E-1));
#1755=AXIS2_PLACEMENT_3D('',#1752,#1753,#1754);
#1757=CURVE_STYLE('',#262,POSITIVE_LENGTH_MEASURE(2.E-2),#130);
#1758=PRESENTATION_STYLE_ASSIGNMENT((#1757));
#1759=STYLED_ITEM('',(#1758),#1756);
#1760=CARTESIAN_POINT('',(-6.670019486622E-1,-1.159645063360E1,
-2.553712145252E-1));
#1761=CARTESIAN_POINT('',(-6.725733769408E-1,-1.159467797454E1,
-2.193037420067E-1));
#1762=CARTESIAN_POINT('',(-6.838765260209E-1,-1.159948132984E1,
-1.494200322591E-1));
#1763=CARTESIAN_POINT('',(-6.986980029544E-1,-1.162413089697E1,
-5.916678428046E-2));
#1764=CARTESIAN_POINT('',(-7.120804320127E-1,-1.166494668814E1,
2.708275664478E-2));
#1765=CARTESIAN_POINT('',(-7.188929181653E-1,-1.170858204434E1,
8.622141051353E-2));
#1766=CARTESIAN_POINT('',(-7.208182995878E-1,-1.173467739478E1,
1.144825064795E-1));
#1768=CURVE_STYLE('',#262,POSITIVE_LENGTH_MEASURE(2.E-2),#130);
#1769=PRESENTATION_STYLE_ASSIGNMENT((#1768));
#1770=STYLED_ITEM('',(#1769),#1767);
#1771=CARTESIAN_POINT('',(-7.427753209204E-1,-1.183469059161E1,
-2.553655012904E-1));
#1772=DIRECTION('',(-7.650891823715E-6,4.451710414398E-5,9.999999989798E-1));
#1773=DIRECTION('',(9.855506158632E-1,1.693811783275E-1,-1.840683064241E-11));
#1774=AXIS2_PLACEMENT_3D('',#1771,#1772,#1773);
#1776=CURVE_STYLE('',#262,POSITIVE_LENGTH_MEASURE(2.E-2),#130);
#1777=PRESENTATION_STYLE_ASSIGNMENT((#1776));
#1778=STYLED_ITEM('',(#1777),#1775);
#1779=CARTESIAN_POINT('',(-4.854030609640E-1,-1.183417481149E1,
-5.511853261547E-2));
#1780=CARTESIAN_POINT('',(-4.819774229939E-1,-1.184375485263E1,
-3.436532401774E-2));
#1781=CARTESIAN_POINT('',(-4.739526328858E-1,-1.186252045239E1,
9.076864742878E-3));
#1782=CARTESIAN_POINT('',(-4.584064092867E-1,-1.188922695487E1,
8.050984955014E-2));
#1783=CARTESIAN_POINT('',(-4.398130073359E-1,-1.191364735562E1,
1.567465155630E-1));
#1784=CARTESIAN_POINT('',(-4.186246712696E-1,-1.193539794759E1,
2.368990513353E-1));
#1785=CARTESIAN_POINT('',(-3.949556676471E-1,-1.195443621012E1,
3.213005729582E-1));
#1786=CARTESIAN_POINT('',(-3.692191678611E-1,-1.197043999536E1,
4.091489067603E-1));
#1787=CARTESIAN_POINT('',(-3.417352281819E-1,-1.198320569070E1,
5.000102130095E-1));
#1788=CARTESIAN_POINT('',(-3.134699271162E-1,-1.199241157872E1,
5.914013998158E-1));
#1789=CARTESIAN_POINT('',(-2.837383416609E-1,-1.199838577307E1,
6.861905684726E-1));
#1790=CARTESIAN_POINT('',(-2.615298068438E-1,-1.199999967216E1,
7.564270935639E-1));
#1791=CARTESIAN_POINT('',(-2.5E-1,-1.2E1,7.928932188134E-1));
#1793=CURVE_STYLE('',#262,POSITIVE_LENGTH_MEASURE(2.E-2),#130);
#1794=PRESENTATION_STYLE_ASSIGNMENT((#1793));
#1795=STYLED_ITEM('',(#1794),#1792);
#1796=CARTESIAN_POINT('',(-2.5E-1,-1.175E1,-7.E0));
#1797=DIRECTION('',(0.E0,0.E0,1.E0));
#1798=DIRECTION('',(-9.855502502710E-1,-1.693833055255E-1,0.E0));
#1799=AXIS2_PLACEMENT_3D('',#1796,#1797,#1798);
#1801=CURVE_STYLE('',#262,POSITIVE_LENGTH_MEASURE(2.E-2),#130);
#1802=PRESENTATION_STYLE_ASSIGNMENT((#1801));
#1803=STYLED_ITEM('',(#1802),#1800);
#1804=DIRECTION('',(-1.354819213333E-8,7.882980610545E-8,1.E0));
#1805=VECTOR('',#1804,6.744636488630E0);
#1806=CARTESIAN_POINT('',(-4.963875625678E-1,-1.179234582638E1,
-7.000000000006E0));
#1807=LINE('',#1806,#1805);
#1808=CURVE_STYLE('',#262,POSITIVE_LENGTH_MEASURE(2.E-2),#130);
#1809=PRESENTATION_STYLE_ASSIGNMENT((#1808));
#1810=STYLED_ITEM('',(#1809),#1807);
#1811=CARTESIAN_POINT('',(-4.963876539454E-1,-1.179234529470E1,
-2.553635113753E-1));
#1812=CARTESIAN_POINT('',(-4.963875511167E-1,-1.179234551210E1,
-2.362060292161E-1));
#1813=CARTESIAN_POINT('',(-4.960180845870E-1,-1.179455375692E1,
-1.995079425427E-1));
#1814=CARTESIAN_POINT('',(-4.945343672728E-1,-1.180229153100E1,
-1.509738317840E-1));
#1815=CARTESIAN_POINT('',(-4.917301625641E-1,-1.181436669049E1,
-1.039340034072E-1));
#1816=CARTESIAN_POINT('',(-4.880755158141E-1,-1.182670090525E1,
-7.131637499920E-2));
#1817=CARTESIAN_POINT('',(-4.854030609640E-1,-1.183417481149E1,
-5.511853261547E-2));
#1819=CURVE_STYLE('',#262,POSITIVE_LENGTH_MEASURE(2.E-2),#130);
#1820=PRESENTATION_STYLE_ASSIGNMENT((#1819));
#1821=STYLED_ITEM('',(#1820),#1818);
#1822=CARTESIAN_POINT('',(-7.208059670241E-1,-1.191835005960E1,-5.51180602E-2));
#1823=DIRECTION('',(2.357442787724E-1,-6.592799159003E-1,7.139850331181E-1));
#1824=DIRECTION('',(9.416120908996E-1,3.366996737026E-1,-4.631612332246E-7));
#1825=AXIS2_PLACEMENT_3D('',#1822,#1823,#1824);
#1827=CURVE_STYLE('',#262,POSITIVE_LENGTH_MEASURE(2.E-2),#130);
#1828=PRESENTATION_STYLE_ASSIGNMENT((#1827));
#1829=STYLED_ITEM('',(#1828),#1826);
#1830=CARTESIAN_POINT('',(-7.208182995878E-1,-1.173467739478E1,
1.144825064795E-1));
#1831=CARTESIAN_POINT('',(-7.139618890823E-1,-1.175002004492E1,
1.310974478525E-1));
#1832=CARTESIAN_POINT('',(-6.978999487737E-1,-1.178002752744E1,
1.658343228674E-1));
#1833=CARTESIAN_POINT('',(-6.668147298520E-1,-1.182276423484E1,
2.229882479490E-1));
#1834=CARTESIAN_POINT('',(-6.296252299579E-1,-1.186183546651E1,
2.839752814507E-1));
#1835=CARTESIAN_POINT('',(-5.872496192795E-1,-1.189663671135E1,
3.480980417625E-1));
#1836=CARTESIAN_POINT('',(-5.399112179109E-1,-1.192709790880E1,
4.156190205137E-1));
#1837=CARTESIAN_POINT('',(-4.884384816971E-1,-1.195270395874E1,
4.858978361014E-1));
#1838=CARTESIAN_POINT('',(-4.334702605494E-1,-1.197312911322E1,
5.585866397404E-1));
#1839=CARTESIAN_POINT('',(-3.769403640205E-1,-1.198785851826E1,
6.317003178355E-1));
#1840=CARTESIAN_POINT('',(-3.174754725633E-1,-1.199741716258E1,
7.075292065895E-1));
#1841=CARTESIAN_POINT('',(-2.730618291517E-1,-1.199999967219E1,
7.637242885615E-1));
#1842=CARTESIAN_POINT('',(-2.5E-1,-1.2E1,7.928932188134E-1));
#1844=CURVE_STYLE('',#262,POSITIVE_LENGTH_MEASURE(2.E-2),#130);
#1845=PRESENTATION_STYLE_ASSIGNMENT((#1844));
#1846=STYLED_ITEM('',(#1845),#1843);
#1847=CARTESIAN_POINT('',(-7.208182995878E-1,-1.173467739478E1,
1.144825064795E-1));
#1848=CARTESIAN_POINT('',(-7.431031217091E-1,-1.173055937232E1,
1.100211977498E-1));
#1849=CARTESIAN_POINT('',(-7.879399456705E-1,-1.172186335359E1,
1.007608625256E-1));
#1850=CARTESIAN_POINT('',(-8.333334849998E-1,-1.171219572145E1,
9.087433877485E-2));
#1851=CARTESIAN_POINT('',(-8.561652565691E-1,-1.170710630702E1,
8.578596345547E-2));
#1853=CURVE_STYLE('',#262,POSITIVE_LENGTH_MEASURE(2.E-2),#130);
#1854=PRESENTATION_STYLE_ASSIGNMENT((#1853));
#1855=STYLED_ITEM('',(#1854),#1852);
#1856=CARTESIAN_POINT('',(2.5E-1,-1.2E1,7.928932188134E-1));
#1857=CARTESIAN_POINT('',(2.710691386882E-1,-1.199999964762E1,
7.662452325060E-1));
#1858=CARTESIAN_POINT('',(3.123663341303E-1,-1.199783983547E1,
7.139967819028E-1));
#1859=CARTESIAN_POINT('',(3.700889260376E-1,-1.198924031006E1,
6.404796428039E-1));
#1860=CARTESIAN_POINT('',(4.270059024214E-1,-1.197510772364E1,
5.670142841429E-1));
#1861=CARTESIAN_POINT('',(4.811277216894E-1,-1.195575220479E1,
4.956687488309E-1));
#1862=CARTESIAN_POINT('',(5.320624631743E-1,-1.193140302742E1,
4.264891064487E-1));
#1863=CARTESIAN_POINT('',(5.789476216738E-1,-1.190249985581E1,
3.601793272730E-1));
#1864=CARTESIAN_POINT('',(6.216731973531E-1,-1.186896189367E1,
2.963222048059E-1));
#1865=CARTESIAN_POINT('',(6.584349922929E-1,-1.183231434571E1,
2.371636403780E-1));
#1866=CARTESIAN_POINT('',(6.912897964549E-1,-1.179056980665E1,
1.789183598840E-1));
#1867=CARTESIAN_POINT('',(7.118486831010E-1,-1.175473525595E1,
1.362003804926E-1));
#1868=CARTESIAN_POINT('',(7.208146018079E-1,-1.173467562204E1,
1.144771427994E-1));
#1870=CURVE_STYLE('',#262,POSITIVE_LENGTH_MEASURE(2.E-2),#130);
#1871=PRESENTATION_STYLE_ASSIGNMENT((#1870));
#1872=STYLED_ITEM('',(#1871),#1869);
#1873=CARTESIAN_POINT('',(8.561655694766E-1,-1.170710678151E1,
8.578643794757E-2));
#1874=CARTESIAN_POINT('',(8.336248928364E-1,-1.171213165987E1,
9.081134790288E-2));
#1875=CARTESIAN_POINT('',(7.885255741591E-1,-1.172174641532E1,
1.006392477666E-1));
#1876=CARTESIAN_POINT('',(7.433954117345E-1,-1.173050483519E1,
1.099600556755E-1));
#1877=CARTESIAN_POINT('',(7.208146018079E-1,-1.173467562204E1,
1.144771427994E-1));
#1879=CURVE_STYLE('',#262,POSITIVE_LENGTH_MEASURE(2.E-2),#130);
#1880=PRESENTATION_STYLE_ASSIGNMENT((#1879));
#1881=STYLED_ITEM('',(#1880),#1878);
#1882=CARTESIAN_POINT('',(-3.920635681875E0,-1.099997017288E1,
7.928633916920E-1));
#1883=DIRECTION('',(1.415566193656E-1,-6.999863296929E-1,6.999863296929E-1));
#1884=DIRECTION('',(-9.801576819721E-1,4.344424796798E-6,1.982193695183E-1));
#1885=AXIS2_PLACEMENT_3D('',#1882,#1883,#1884);
#1887=CURVE_STYLE('',#262,POSITIVE_LENGTH_MEASURE(2.E-2),#130);
#1888=PRESENTATION_STYLE_ASSIGNMENT((#1887));
#1889=STYLED_ITEM('',(#1888),#1886);
#1890=CARTESIAN_POINT('',(-3.920627544611E0,-1.1E1,7.928932188134E-1));
#1891=DIRECTION('',(-1.982233047034E-1,0.E0,-9.801568861527E-1));
#1892=DIRECTION('',(0.E0,-1.E0,0.E0));
#1893=AXIS2_PLACEMENT_3D('',#1890,#1891,#1892);
#1895=CURVE_STYLE('',#262,POSITIVE_LENGTH_MEASURE(2.E-2),#130);
#1896=PRESENTATION_STYLE_ASSIGNMENT((#1895));
#1897=STYLED_ITEM('',(#1896),#1894);
#1898=CARTESIAN_POINT('',(-3.920627544611E0,-1.1E1,7.928932188134E-1));
#1899=DIRECTION('',(-1.E0,0.E0,0.E0));
#1900=DIRECTION('',(0.E0,-7.071067811865E-1,-7.071067811865E-1));
#1901=AXIS2_PLACEMENT_3D('',#1898,#1899,#1900);
#1903=CURVE_STYLE('',#262,POSITIVE_LENGTH_MEASURE(2.E-2),#130);
#1904=PRESENTATION_STYLE_ASSIGNMENT((#1903));
#1905=STYLED_ITEM('',(#1904),#1902);
#1906=CARTESIAN_POINT('',(-7.307962199371E-1,-6.694904608244E0,
-4.843821944526E0));
#1907=CARTESIAN_POINT('',(-7.285959053433E-1,-6.651231141655E0,
-4.865124314579E0));
#1908=CARTESIAN_POINT('',(-7.244443286849E-1,-6.559238418021E0,
-4.902168675546E0));
#1909=CARTESIAN_POINT('',(-7.192312999496E-1,-6.417875152341E0,
-4.937632458903E0));
#1910=CARTESIAN_POINT('',(-7.158598540655E-1,-6.306349666287E0,
-4.948479813847E0));
#1911=CARTESIAN_POINT('',(-7.143299823759E-1,-6.248178261784E0,
-4.948698517978E0));
#1913=CURVE_STYLE('',#262,POSITIVE_LENGTH_MEASURE(2.E-2),#130);
#1914=PRESENTATION_STYLE_ASSIGNMENT((#1913));
#1915=STYLED_ITEM('',(#1914),#1912);
#1916=CARTESIAN_POINT('',(-2.189650280695E0,-7.566753081629E0,
-4.054567261931E0));
#1917=CARTESIAN_POINT('',(-2.114852830727E0,-7.486675568950E0,
-4.134645360511E0));
#1918=CARTESIAN_POINT('',(-1.954477347305E0,-7.331651763208E0,
-4.285233001913E0));
#1919=CARTESIAN_POINT('',(-1.678761306026E0,-7.118626467390E0,
-4.481581141554E0));
#1920=CARTESIAN_POINT('',(-1.379298368928E0,-6.938209822289E0,
-4.640310219530E0));
#1921=CARTESIAN_POINT('',(-1.064202444312E0,-6.794805251694E0,
-4.761785466162E0));
#1922=CARTESIAN_POINT('',(-8.425742346573E-1,-6.723625381671E0,
-4.820371204351E0));
#1923=CARTESIAN_POINT('',(-7.307962199371E-1,-6.694904608244E0,
-4.843821944526E0));
#1925=CURVE_STYLE('',#262,POSITIVE_LENGTH_MEASURE(2.E-2),#130);
#1926=PRESENTATION_STYLE_ASSIGNMENT((#1925));
#1927=STYLED_ITEM('',(#1926),#1924);
#1928=CARTESIAN_POINT('',(-7.500000012807E-1,-6.803399053594E0,
-5.068232905626E0));
#1929=DIRECTION('',(0.E0,9.003045829172E-1,-4.352604484424E-1));
#1930=DIRECTION('',(7.680545627151E-2,4.339747318096E-1,8.976451715671E-1));
#1931=AXIS2_PLACEMENT_3D('',#1928,#1929,#1930);
#1933=CURVE_STYLE('',#262,POSITIVE_LENGTH_MEASURE(2.E-2),#130);
#1934=PRESENTATION_STYLE_ASSIGNMENT((#1933));
#1935=STYLED_ITEM('',(#1934),#1932);
#1936=CARTESIAN_POINT('',(-7.500000025508E-1,-7.167619241093E0,
-5.278934644761E0));
#1937=DIRECTION('',(0.E0,1.656292763871E-5,9.999999998628E-1));
#1938=DIRECTION('',(3.061111623132E-1,-9.519957752315E-1,1.576783713985E-5));
#1939=AXIS2_PLACEMENT_3D('',#1936,#1937,#1938);
#1941=CURVE_STYLE('',#262,POSITIVE_LENGTH_MEASURE(2.E-2),#130);
#1942=PRESENTATION_STYLE_ASSIGNMENT((#1941));
#1943=STYLED_ITEM('',(#1942),#1940);
#1944=CARTESIAN_POINT('',(-6.734734920243E-1,-7.405618597771E0,
-5.278935196155E0));
#1945=CARTESIAN_POINT('',(-6.670755633849E-1,-7.403557039071E0,
-5.226298323529E0));
#1946=CARTESIAN_POINT('',(-6.571026586964E-1,-7.382474898719E0,
-5.122338190409E0));
#1947=CARTESIAN_POINT('',(-6.518340265675E-1,-7.307299010804E0,
-4.986500418604E0));
#1948=CARTESIAN_POINT('',(-6.572961052010E-1,-7.191399924347E0,
-4.877723792053E0));
#1949=CARTESIAN_POINT('',(-6.712167860923E-1,-7.061271461441E0,
-4.815986103188E0));
#1950=CARTESIAN_POINT('',(-6.879330039600E-1,-6.941289005918E0,
-4.793923438881E0));
#1951=CARTESIAN_POINT('',(-7.067722109131E-1,-6.824275480511E0,
-4.798464349322E0));
#1952=CARTESIAN_POINT('',(-7.225297366848E-1,-6.737323689760E0,
-4.824021957152E0));
#1953=CARTESIAN_POINT('',(-7.307962199371E-1,-6.694904608244E0,
-4.843821944526E0));
#1955=CURVE_STYLE('',#262,POSITIVE_LENGTH_MEASURE(2.E-2),#130);
#1956=PRESENTATION_STYLE_ASSIGNMENT((#1955));
#1957=STYLED_ITEM('',(#1956),#1954);
#1958=CARTESIAN_POINT('',(-2.189650838030E0,-7.920307242627E0,
-4.408119882117E0));
#1959=DIRECTION('',(4.544195145640E-1,6.298820237377E-1,-6.298821643414E-1));
#1960=DIRECTION('',(4.527235386520E-8,7.071068437770E-1,7.071067185961E-1));
#1961=AXIS2_PLACEMENT_3D('',#1958,#1959,#1960);
#1963=CURVE_STYLE('',#262,POSITIVE_LENGTH_MEASURE(2.E-2),#130);
#1964=PRESENTATION_STYLE_ASSIGNMENT((#1963));
#1965=STYLED_ITEM('',(#1964),#1962);
#1966=CARTESIAN_POINT('',(-7.5E-1,-7.167619242062E0,-7.75E0));
#1967=DIRECTION('',(0.E0,0.E0,1.E0));
#1968=DIRECTION('',(3.061224489796E-1,-9.519921460972E-1,0.E0));
#1969=AXIS2_PLACEMENT_3D('',#1966,#1967,#1968);
#1971=CURVE_STYLE('',#262,POSITIVE_LENGTH_MEASURE(2.E-2),#130);
#1972=PRESENTATION_STYLE_ASSIGNMENT((#1971));
#1973=STYLED_ITEM('',(#1972),#1970);
#1974=CARTESIAN_POINT('',(-2.500024895479E-1,-7.062788734E0,-8.249999999831E0));
#1975=DIRECTION('',(-9.947801085687E-1,-1.020418324583E-1,4.953201925675E-6));
#1976=DIRECTION('',(1.020418324596E-1,-9.947801085809E-1,-6.307203650299E-10));
#1977=AXIS2_PLACEMENT_3D('',#1974,#1975,#1976);
#1979=CURVE_STYLE('',#262,POSITIVE_LENGTH_MEASURE(2.E-2),#130);
#1980=PRESENTATION_STYLE_ASSIGNMENT((#1979));
#1981=STYLED_ITEM('',(#1980),#1978);
#1982=CARTESIAN_POINT('',(2.499999999997E-1,-7.062788478609E0,-8.25E0));
#1983=DIRECTION('',(-9.947802128126E-1,1.020408163264E-1,0.E0));
#1984=DIRECTION('',(-1.020408163264E-1,-9.947802128126E-1,0.E0));
#1985=AXIS2_PLACEMENT_3D('',#1982,#1983,#1984);
#1987=CURVE_STYLE('',#262,POSITIVE_LENGTH_MEASURE(2.E-2),#130);
#1988=PRESENTATION_STYLE_ASSIGNMENT((#1987));
#1989=STYLED_ITEM('',(#1988),#1986);
#1990=CARTESIAN_POINT('',(0.E0,-9.5E0,-8.E0));
#1991=DIRECTION('',(0.E0,0.E0,1.E0));
#1992=DIRECTION('',(1.020408163265E-1,9.947802128126E-1,0.E0));
#1993=AXIS2_PLACEMENT_3D('',#1990,#1991,#1992);
#1995=CURVE_STYLE('',#262,POSITIVE_LENGTH_MEASURE(2.E-2),#130);
#1996=PRESENTATION_STYLE_ASSIGNMENT((#1995));
#1997=STYLED_ITEM('',(#1996),#1994);
#1998=CARTESIAN_POINT('',(7.499999995829E-1,-7.167619241969E0,
-7.750002458179E0));
#1999=DIRECTION('',(-4.916372743883E-6,1.580728109346E-6,-9.999999999867E-1));
#2000=DIRECTION('',(-3.061224474082E-1,-9.519921466025E-1,1.713118537326E-10));
#2001=AXIS2_PLACEMENT_3D('',#1998,#1999,#2000);
#2003=CURVE_STYLE('',#262,POSITIVE_LENGTH_MEASURE(2.E-2),#130);
#2004=PRESENTATION_STYLE_ASSIGNMENT((#2003));
#2005=STYLED_ITEM('',(#2004),#2002);
#2006=CARTESIAN_POINT('',(4.999999999999E-1,-7.167619472484E0,
-7.750000001225E0));
#2007=CARTESIAN_POINT('',(4.999978282213E-1,-7.167616896542E0,
-7.775979025224E0));
#2008=CARTESIAN_POINT('',(4.920028994159E-1,-7.162368448763E0,
-7.826190399673E0));
#2009=CARTESIAN_POINT('',(4.597312601701E-1,-7.142784578011E0,
-7.891719361963E0));
#2010=CARTESIAN_POINT('',(4.171216059370E-1,-7.120081938826E0,
-7.939021288713E0));
#2011=CARTESIAN_POINT('',(3.706604664922E-1,-7.099085737001E0,
-7.971231872509E0));
#2012=CARTESIAN_POINT('',(3.180513426389E-1,-7.079664599642E0,
-7.993147228389E0));
#2013=CARTESIAN_POINT('',(2.736463285890E-1,-7.067606889069E0,
-7.999998967382E0));
#2014=CARTESIAN_POINT('',(2.500000583055E-1,-7.062787320132E0,
-8.000000000003E0));
#2016=CURVE_STYLE('',#262,POSITIVE_LENGTH_MEASURE(2.E-2),#130);
#2017=PRESENTATION_STYLE_ASSIGNMENT((#2016));
#2018=STYLED_ITEM('',(#2017),#2015);
#2019=DIRECTION('',(-1.043830085990E-6,-9.999999999944E-1,3.170472754652E-6));
#2020=VECTOR('',#2019,3.089703276258E0);
#2021=CARTESIAN_POINT('',(5.E-1,-3.158464763015E0,-5.196152422682E0));
#2022=LINE('',#2021,#2020);
#2023=CURVE_STYLE('',#262,POSITIVE_LENGTH_MEASURE(2.E-2),#130);
#2024=PRESENTATION_STYLE_ASSIGNMENT((#2023));
#2025=STYLED_ITEM('',(#2024),#2022);
#2026=DIRECTION('',(0.E0,7.888002901834E-1,6.146495767563E-1));
#2027=VECTOR('',#2026,3.897257698595E0);
#2028=CARTESIAN_POINT('',(5.E-1,-6.232622766586E0,-7.591600217634E0));
#2029=LINE('',#2028,#2027);
#2030=CURVE_STYLE('',#262,POSITIVE_LENGTH_MEASURE(2.E-2),#130);
#2031=PRESENTATION_STYLE_ASSIGNMENT((#2030));
#2032=STYLED_ITEM('',(#2031),#2029);
#2033=CARTESIAN_POINT('',(5.E-1,-6.693609949158E0,-7.E0));
#2034=DIRECTION('',(1.E0,0.E0,0.E0));
#2035=DIRECTION('',(0.E0,0.E0,-1.E0));
#2036=AXIS2_PLACEMENT_3D('',#2033,#2034,#2035);
#2038=CURVE_STYLE('',#262,POSITIVE_LENGTH_MEASURE(2.E-2),#130);
#2039=PRESENTATION_STYLE_ASSIGNMENT((#2038));
#2040=STYLED_ITEM('',(#2039),#2037);
#2041=DIRECTION('',(2.084554092888E-13,1.E0,2.585062557177E-9));
#2042=VECTOR('',#2041,4.740095233257E-1);
#2043=CARTESIAN_POINT('',(4.999999999999E-1,-7.167619472484E0,
-7.750000001225E0));
#2044=LINE('',#2043,#2042);
#2045=CURVE_STYLE('',#262,POSITIVE_LENGTH_MEASURE(2.E-2),#130);
#2046=PRESENTATION_STYLE_ASSIGNMENT((#2045));
#2047=STYLED_ITEM('',(#2046),#2044);
#2048=DIRECTION('',(-1.882426571373E-12,9.642901047943E-7,-9.999999999995E-1));
#2049=VECTOR('',#2048,2.471072444107E0);
#2050=CARTESIAN_POINT('',(5.000000000046E-1,-7.167621855315E0,
-5.278927557119E0));
#2051=LINE('',#2050,#2049);
#2052=CURVE_STYLE('',#262,POSITIVE_LENGTH_MEASURE(2.E-2),#130);
#2053=PRESENTATION_STYLE_ASSIGNMENT((#2052));
#2054=STYLED_ITEM('',(#2053),#2051);
#2055=CARTESIAN_POINT('',(4.999995545621E-1,-6.803405160506E0,
-5.068231428922E0));
#2056=CARTESIAN_POINT('',(4.999995545621E-1,-6.829148447730E0,
-5.055790465771E0));
#2057=CARTESIAN_POINT('',(5.000002067285E-1,-6.881160668027E0,
-5.039883166392E0));
#2058=CARTESIAN_POINT('',(4.999999446072E-1,-6.961118786954E0,
-5.038834292149E0));
#2059=CARTESIAN_POINT('',(5.000000148429E-1,-7.036552414418E0,
-5.061634491265E0));
#2060=CARTESIAN_POINT('',(4.999999960214E-1,-7.095688255991E0,
-5.102991841383E0));
#2061=CARTESIAN_POINT('',(5.000000010717E-1,-7.134706639304E0,
-5.151684197301E0));
#2062=CARTESIAN_POINT('',(4.999999996918E-1,-7.160041654788E0,
-5.207227821455E0));
#2063=CARTESIAN_POINT('',(5.000000000046E-1,-7.167618152270E0,
-5.253709173037E0));
#2064=CARTESIAN_POINT('',(5.000000000046E-1,-7.167621855315E0,
-5.278927557119E0));
#2066=CURVE_STYLE('',#262,POSITIVE_LENGTH_MEASURE(2.E-2),#130);
#2067=PRESENTATION_STYLE_ASSIGNMENT((#2066));
#2068=STYLED_ITEM('',(#2067),#2065);
#2069=CARTESIAN_POINT('',(4.999967748748E-1,-6.248168039256E0,
-5.196142626862E0));
#2070=CARTESIAN_POINT('',(4.999970348235E-1,-6.306269893758E0,
-5.196144059874E0));
#2071=CARTESIAN_POINT('',(5.000013501499E-1,-6.424895398137E0,
-5.187996713740E0));
#2072=CARTESIAN_POINT('',(4.999997222402E-1,-6.607210383045E0,
-5.149264857263E0));
#2073=CARTESIAN_POINT('',(4.999997480063E-1,-6.737483446132E0,
-5.100100748535E0));
#2074=CARTESIAN_POINT('',(4.999995545621E-1,-6.803405160506E0,
-5.068231428922E0));
#2076=CURVE_STYLE('',#262,POSITIVE_LENGTH_MEASURE(2.E-2),#130);
#2077=PRESENTATION_STYLE_ASSIGNMENT((#2076));
#2078=STYLED_ITEM('',(#2077),#2075);
#2079=CARTESIAN_POINT('',(7.5E-1,-3.158464763096E0,-5.196152422707E0));
#2080=DIRECTION('',(0.E0,-1.E0,0.E0));
#2081=DIRECTION('',(-1.428571428571E-1,0.E0,9.897433186108E-1));
#2082=AXIS2_PLACEMENT_3D('',#2079,#2080,#2081);
#2084=CURVE_STYLE('',#262,POSITIVE_LENGTH_MEASURE(2.E-2),#130);
#2085=PRESENTATION_STYLE_ASSIGNMENT((#2084));
#2086=STYLED_ITEM('',(#2085),#2083);
#2087=CARTESIAN_POINT('',(0.E0,-2.491497384260E0,-5.E0));
#2088=CARTESIAN_POINT('',(2.645994982549E-2,-2.491497384039E0,
-4.999999999854E0));
#2089=CARTESIAN_POINT('',(7.938314801100E-2,-2.491174131376E0,
-4.999579878187E0));
#2090=CARTESIAN_POINT('',(1.587492862537E-1,-2.489723535253E0,
-4.997689474029E0));
#2091=CARTESIAN_POINT('',(2.116513455056E-1,-2.488120344622E0,
-4.995588508757E0));
#2092=CARTESIAN_POINT('',(2.380949087769E-1,-2.487162945455E0,
-4.994327864129E0));
#2094=CURVE_STYLE('',#262,POSITIVE_LENGTH_MEASURE(2.E-2),#130);
#2095=PRESENTATION_STYLE_ASSIGNMENT((#2094));
#2096=STYLED_ITEM('',(#2095),#2093);
#2097=CARTESIAN_POINT('',(2.380949087769E-1,-2.487162945455E0,
-4.994327864129E0));
#2098=CARTESIAN_POINT('',(2.860055897056E-1,-2.485438646655E0,
-4.992045957578E0));
#2099=CARTESIAN_POINT('',(3.754092369827E-1,-2.498438111070E0,
-4.986471474088E0));
#2100=CARTESIAN_POINT('',(5.003713091216E-1,-2.566120850026E0,
-4.975289180280E0));
#2101=CARTESIAN_POINT('',(5.850443298108E-1,-2.656295569022E0,
-4.965795704334E0));
#2102=CARTESIAN_POINT('',(6.400620263121E-1,-2.749093096935E0,
-4.958933081864E0));
#2103=CARTESIAN_POINT('',(6.781152440405E-1,-2.849853251412E0,
-4.953833732426E0));
#2104=CARTESIAN_POINT('',(6.942882538471E-1,-2.925323016163E0,
-4.951566060721E0));
#2105=CARTESIAN_POINT('',(7.002077078499E-1,-2.964837569398E0,
-4.950728145017E0));
#2107=CURVE_STYLE('',#262,POSITIVE_LENGTH_MEASURE(2.E-2),#130);
#2108=PRESENTATION_STYLE_ASSIGNMENT((#2107));
#2109=STYLED_ITEM('',(#2108),#2106);
#2110=CARTESIAN_POINT('',(7.002077078499E-1,-2.964837569398E0,
-4.950728145017E0));
#2111=CARTESIAN_POINT('',(7.035453008200E-1,-2.987125768563E0,
-4.950256099056E0));
#2112=CARTESIAN_POINT('',(7.088753191185E-1,-3.031209701820E0,
-4.949495722743E0));
#2113=CARTESIAN_POINT('',(7.133608141356E-1,-3.095768742640E0,
-4.948850237310E0));
#2114=CARTESIAN_POINT('',(7.142857185299E-1,-3.137742475692E0,
-4.948716589570E0));
#2115=CARTESIAN_POINT('',(7.142857142859E-1,-3.158464762663E0,
-4.948716593054E0));
#2117=CURVE_STYLE('',#262,POSITIVE_LENGTH_MEASURE(2.E-2),#130);
#2118=PRESENTATION_STYLE_ASSIGNMENT((#2117));
#2119=STYLED_ITEM('',(#2118),#2116);
#2120=DIRECTION('',(1.392595568218E-5,-9.999999998896E-1,5.177296925129E-6));
#2121=VECTOR('',#2120,3.089707508516E0);
#2122=CARTESIAN_POINT('',(7.142857142859E-1,-3.158464762663E0,
-4.948716593054E0));
#2123=LINE('',#2122,#2121);
#2124=CURVE_STYLE('',#262,POSITIVE_LENGTH_MEASURE(2.E-2),#130);
#2125=PRESENTATION_STYLE_ASSIGNMENT((#2124));
#2126=STYLED_ITEM('',(#2125),#2123);
#2127=CARTESIAN_POINT('',(4.900791399493E0,-1.100000005254E1,
9.910837051293E-1));
#2128=CARTESIAN_POINT('',(4.932460572092E0,-1.087472060564E1,
8.344822380229E-1));
#2129=CARTESIAN_POINT('',(4.980236408060E0,-1.062368603267E1,
5.207424654639E-1));
#2130=CARTESIAN_POINT('',(5.006951491655E0,-1.025013957746E1,
5.378785625896E-2));
#2131=CARTESIAN_POINT('',(4.990224540446E0,-9.876360092322E0,
-4.134313517901E-1));
#2132=CARTESIAN_POINT('',(4.929536261590E0,-9.503716593560E0,
-8.792388138917E-1));
#2133=CARTESIAN_POINT('',(4.825850658994E0,-9.138687111493E0,
-1.335525894055E0));
#2134=CARTESIAN_POINT('',(4.679894084853E0,-8.781777878957E0,
-1.781662603686E0));
#2135=CARTESIAN_POINT('',(4.481848880777E0,-8.417528817358E0,
-2.236973507528E0));
#2136=CARTESIAN_POINT('',(4.204508857548E0,-8.024063251646E0,
-2.728803706342E0));
#2137=CARTESIAN_POINT('',(3.812735893850E0,-7.599183465384E0,
-3.259889733226E0));
#2138=CARTESIAN_POINT('',(3.299971096475E0,-7.182006171966E0,
-3.781335568055E0));
#2139=CARTESIAN_POINT('',(2.696120551979E0,-6.821025468528E0,
-4.232582540345E0));
#2140=CARTESIAN_POINT('',(2.061293164699E0,-6.548710737083E0,
-4.573010874310E0));
#2141=CARTESIAN_POINT('',(1.416079562259E0,-6.357493882874E0,
-4.812077094803E0));
#2142=CARTESIAN_POINT('',(9.508699492086E-1,-6.275398859482E0,
-4.914590455161E0));
#2143=CARTESIAN_POINT('',(7.143287414158E-1,-6.248172270838E0,
-4.948700596721E0));
#2145=CURVE_STYLE('',#262,POSITIVE_LENGTH_MEASURE(2.E-2),#130);
#2146=PRESENTATION_STYLE_ASSIGNMENT((#2145));
#2147=STYLED_ITEM('',(#2146),#2144);
#2148=CARTESIAN_POINT('',(0.E0,-1.1E1,0.E0));
#2149=DIRECTION('',(0.E0,-1.E0,0.E0));
#2150=DIRECTION('',(9.801621977126E-1,0.E0,1.981970387649E-1));
#2151=AXIS2_PLACEMENT_3D('',#2148,#2149,#2150);
#2153=CURVE_STYLE('',#262,POSITIVE_LENGTH_MEASURE(2.E-2),#130);
#2154=PRESENTATION_STYLE_ASSIGNMENT((#2153));
#2155=STYLED_ITEM('',(#2154),#2152);
#2156=DIRECTION('',(-6.621233186914E-10,1.E0,-5.607722483629E-11));
#2157=VECTOR('',#2156,2.263397459841E1);
#2158=CARTESIAN_POINT('',(5.539614316518E-11,-1.1E1,5.E0));
#2159=LINE('',#2158,#2157);
#2160=CURVE_STYLE('',#262,POSITIVE_LENGTH_MEASURE(2.E-2),#130);
#2161=PRESENTATION_STYLE_ASSIGNMENT((#2160));
#2162=STYLED_ITEM('',(#2161),#2159);
#2163=CARTESIAN_POINT('',(0.E0,1.163397459622E1,0.E0));
#2164=DIRECTION('',(0.E0,1.E0,0.E0));
#2165=DIRECTION('',(0.E0,0.E0,1.E0));
#2166=AXIS2_PLACEMENT_3D('',#2163,#2164,#2165);
#2168=CURVE_STYLE('',#262,POSITIVE_LENGTH_MEASURE(2.E-2),#130);
#2169=PRESENTATION_STYLE_ASSIGNMENT((#2168));
#2170=STYLED_ITEM('',(#2169),#2167);
#2171=DIRECTION('',(-1.057032641717E-9,-1.E0,-8.985525011239E-11));
#2172=VECTOR('',#2171,1.412547198267E1);
#2173=CARTESIAN_POINT('',(1.493108700940E-8,1.163397459841E1,
-4.999999998731E0));
#2174=LINE('',#2173,#2172);
#2175=CURVE_STYLE('',#262,POSITIVE_LENGTH_MEASURE(2.E-2),#130);
#2176=PRESENTATION_STYLE_ASSIGNMENT((#2175));
#2177=STYLED_ITEM('',(#2176),#2174);
#2178=CARTESIAN_POINT('',(3.156637435369E-10,-2.491497384260E0,-5.25E0));
#2179=DIRECTION('',(1.E0,4.403248614296E-11,6.011754364401E-11));
#2180=DIRECTION('',(-6.011754364401E-11,1.243449787580E-14,1.E0));
#2181=AXIS2_PLACEMENT_3D('',#2178,#2179,#2180);
#2183=CURVE_STYLE('',#262,POSITIVE_LENGTH_MEASURE(2.E-2),#130);
#2184=PRESENTATION_STYLE_ASSIGNMENT((#2183));
#2185=STYLED_ITEM('',(#2184),#2182);
#2186=CARTESIAN_POINT('',(-2.499999986959E-1,-2.487162878125E0,
-5.244044240913E0));
#2187=DIRECTION('',(9.982736360084E-1,-3.442180612641E-2,-4.759082803940E-2));
#2188=DIRECTION('',(4.761904737094E-2,8.558487252230E-12,9.988655696977E-1));
#2189=AXIS2_PLACEMENT_3D('',#2186,#2187,#2188);
#2191=CURVE_STYLE('',#262,POSITIVE_LENGTH_MEASURE(2.E-2),#130);
#2192=PRESENTATION_STYLE_ASSIGNMENT((#2191));
#2193=STYLED_ITEM('',(#2192),#2190);
#2194=CARTESIAN_POINT('',(-7.142857142856E-1,-3.158464763230E0,
-4.948716593054E0));
#2195=CARTESIAN_POINT('',(-7.142857184711E-1,-3.137738630368E0,
-4.948716589636E0));
#2196=CARTESIAN_POINT('',(-7.133604679919E-1,-3.095759771222E0,
-4.948850287281E0));
#2197=CARTESIAN_POINT('',(-7.088744062918E-1,-3.031200746227E0,
-4.949495853748E0));
#2198=CARTESIAN_POINT('',(-7.035447304547E-1,-2.987121956505E0,
-4.950256179502E0));
#2199=CARTESIAN_POINT('',(-7.002077079209E-1,-2.964837569871E0,
-4.950728145007E0));
#2201=CURVE_STYLE('',#262,POSITIVE_LENGTH_MEASURE(2.E-2),#130);
#2202=PRESENTATION_STYLE_ASSIGNMENT((#2201));
#2203=STYLED_ITEM('',(#2202),#2200);
#2204=CARTESIAN_POINT('',(-7.002077079209E-1,-2.964837569871E0,
-4.950728145007E0));
#2205=CARTESIAN_POINT('',(-6.980360723293E-1,-2.950335721166E0,
-4.951035294961E0));
#2206=CARTESIAN_POINT('',(-6.929024390714E-1,-2.920503248919E0,
-4.951758423309E0));
#2207=CARTESIAN_POINT('',(-6.826732575484E-1,-2.874948198248E0,
-4.953181541720E0));
#2208=CARTESIAN_POINT('',(-6.678149310513E-1,-2.823932123965E0,
-4.955211924683E0));
#2209=CARTESIAN_POINT('',(-6.471107623312E-1,-2.769494167126E0,
-4.957967815884E0));
#2210=CARTESIAN_POINT('',(-6.182572241017E-1,-2.711511119568E0,
-4.961666901998E0));
#2211=CARTESIAN_POINT('',(-5.783766039450E-1,-2.651313400938E0,
-4.966507944402E0));
#2212=CARTESIAN_POINT('',(-5.240888657730E-1,-2.591687992281E0,
-4.972587954236E0));
#2213=CARTESIAN_POINT('',(-4.514029997842E-1,-2.537145315484E0,
-4.979816989660E0));
#2214=CARTESIAN_POINT('',(-3.563180303761E-1,-2.495942839055E0,
-4.987657177103E0));
#2215=CARTESIAN_POINT('',(-2.797636994302E-1,-2.485656902046E0,
-4.992341767536E0));
#2216=CARTESIAN_POINT('',(-2.380952380202E-1,-2.487162878084E0,
-4.994327848433E0));
#2218=CURVE_STYLE('',#262,POSITIVE_LENGTH_MEASURE(2.E-2),#130);
#2219=PRESENTATION_STYLE_ASSIGNMENT((#2218));
#2220=STYLED_ITEM('',(#2219),#2217);
#2221=CARTESIAN_POINT('',(-2.380952380202E-1,-2.487162878084E0,
-4.994327848433E0));
#2222=CARTESIAN_POINT('',(-2.116616072388E-1,-2.488119917738E0,
-4.995588022189E0));
#2223=CARTESIAN_POINT('',(-1.587737220312E-1,-2.489722924126E0,
-4.997688640674E0));
#2224=CARTESIAN_POINT('',(-7.940731901485E-2,-2.491173871935E0,
-4.999579551018E0));
#2225=CARTESIAN_POINT('',(-2.647031809711E-2,-2.491497384040E0,
-4.999999999853E0));
#2226=CARTESIAN_POINT('',(0.E0,-2.491497384260E0,-5.E0));
#2228=CURVE_STYLE('',#262,POSITIVE_LENGTH_MEASURE(2.E-2),#130);
#2229=PRESENTATION_STYLE_ASSIGNMENT((#2228));
#2230=STYLED_ITEM('',(#2229),#2227);
#2231=CARTESIAN_POINT('',(0.E0,1.163397459622E1,0.E0));
#2232=DIRECTION('',(0.E0,1.E0,0.E0));
#2233=DIRECTION('',(0.E0,0.E0,-1.E0));
#2234=AXIS2_PLACEMENT_3D('',#2231,#2232,#2233);
#2236=CURVE_STYLE('',#262,POSITIVE_LENGTH_MEASURE(2.E-2),#130);
#2237=PRESENTATION_STYLE_ASSIGNMENT((#2236));
#2238=STYLED_ITEM('',(#2237),#2235);
#2239=CARTESIAN_POINT('',(0.E0,-1.1E1,0.E0));
#2240=DIRECTION('',(0.E0,-1.E0,0.E0));
#2241=DIRECTION('',(0.E0,0.E0,1.E0));
#2242=AXIS2_PLACEMENT_3D('',#2239,#2240,#2241);
#2244=CURVE_STYLE('',#262,POSITIVE_LENGTH_MEASURE(2.E-2),#130);
#2245=PRESENTATION_STYLE_ASSIGNMENT((#2244));
#2246=STYLED_ITEM('',(#2245),#2243);
#2247=CARTESIAN_POINT('',(-7.143299823759E-1,-6.248178261784E0,
-4.948698517978E0));
#2248=CARTESIAN_POINT('',(-9.629851115794E-1,-6.276796739237E0,
-4.912842492153E0));
#2249=CARTESIAN_POINT('',(-1.461523213316E0,-6.364714158456E0,
-4.803110990991E0));
#2250=CARTESIAN_POINT('',(-2.208513368732E0,-6.599226723458E0,
-4.509855188677E0));
#2251=CARTESIAN_POINT('',(-2.883932577459E0,-6.921111666069E0,
-4.107431807435E0));
#2252=CARTESIAN_POINT('',(-3.426292822308E0,-7.278562942577E0,
-3.660675228040E0));
#2253=CARTESIAN_POINT('',(-3.837553655538E0,-7.629921269176E0,
-3.221477655376E0));
#2254=CARTESIAN_POINT('',(-4.157689208468E0,-7.972645213811E0,
-2.793078674038E0));
#2255=CARTESIAN_POINT('',(-4.415610956520E0,-8.316699543180E0,
-2.363010848151E0));
#2256=CARTESIAN_POINT('',(-4.626390854007E0,-8.673065229514E0,
-1.917553323696E0));
#2257=CARTESIAN_POINT('',(-4.791500109357E0,-9.042117373608E0,
-1.456235072358E0));
#2258=CARTESIAN_POINT('',(-4.909478318372E0,-9.417568457583E0,
-9.869210809688E-1));
#2259=CARTESIAN_POINT('',(-4.981408217630E0,-9.797133908065E0,
-5.124623346055E-1));
#2260=CARTESIAN_POINT('',(-5.007722861740E0,-1.018308778958E1,
-3.002853496577E-2));
#2261=CARTESIAN_POINT('',(-4.987219093843E0,-1.057720990722E1,
4.626521901403E-1));
#2262=CARTESIAN_POINT('',(-4.936842042272E0,-1.085739324545E1,
8.128074588771E-1));
#2263=CARTESIAN_POINT('',(-4.900794586468E0,-1.100000015074E1,
9.910709999148E-1));
#2265=CURVE_STYLE('',#262,POSITIVE_LENGTH_MEASURE(2.E-2),#130);
#2266=PRESENTATION_STYLE_ASSIGNMENT((#2265));
#2267=STYLED_ITEM('',(#2266),#2264);
#2268=DIRECTION('',(1.432757122678E-5,9.999999998802E-1,-5.850081671250E-6));
#2269=VECTOR('',#2268,3.089713498923E0);
#2270=CARTESIAN_POINT('',(-7.143299823759E-1,-6.248178261784E0,
-4.948698517978E0));
#2271=LINE('',#2270,#2269);
#2272=CURVE_STYLE('',#262,POSITIVE_LENGTH_MEASURE(2.E-2),#130);
#2273=PRESENTATION_STYLE_ASSIGNMENT((#2272));
#2274=STYLED_ITEM('',(#2273),#2271);
#2275=CARTESIAN_POINT('',(-7.5E-1,-3.158464729483E0,-5.196152422707E0));
#2276=DIRECTION('',(2.539792831576E-8,1.E0,-3.665885881052E-9));
#2277=DIRECTION('',(1.428571428572E-1,1.065814103640E-14,9.897433186108E-1));
#2278=AXIS2_PLACEMENT_3D('',#2275,#2276,#2277);
#2280=CURVE_STYLE('',#262,POSITIVE_LENGTH_MEASURE(2.E-2),#130);
#2281=PRESENTATION_STYLE_ASSIGNMENT((#2280));
#2282=STYLED_ITEM('',(#2281),#2279);
#2283=CARTESIAN_POINT('',(-7.5E-1,-6.248175702112E0,-5.196152422707E0));
#2284=DIRECTION('',(0.E0,1.E0,0.E0));
#2285=DIRECTION('',(1.427642398063E-1,0.E0,9.897567235602E-1));
#2286=AXIS2_PLACEMENT_3D('',#2283,#2284,#2285);
#2288=CURVE_STYLE('',#262,POSITIVE_LENGTH_MEASURE(2.E-2),#130);
#2289=PRESENTATION_STYLE_ASSIGNMENT((#2288));
#2290=STYLED_ITEM('',(#2289),#2287);
#2291=DIRECTION('',(0.E0,1.962615564943E-10,1.E0));
#2292=VECTOR('',#2291,2.471063287721E0);
#2293=CARTESIAN_POINT('',(-5.E-1,-7.167619242062E0,-7.750000000725E0));
#2294=LINE('',#2293,#2292);
#2295=CURVE_STYLE('',#262,POSITIVE_LENGTH_MEASURE(2.E-2),#130);
#2296=PRESENTATION_STYLE_ASSIGNMENT((#2295));
#2297=STYLED_ITEM('',(#2296),#2294);
#2298=DIRECTION('',(1.124254439308E-14,-1.E0,-1.528802409234E-9));
#2299=VECTOR('',#2298,4.740092929036E-1);
#2300=CARTESIAN_POINT('',(-5.E-1,-6.693609949158E0,-7.75E0));
#2301=LINE('',#2300,#2299);
#2302=CURVE_STYLE('',#262,POSITIVE_LENGTH_MEASURE(2.E-2),#130);
#2303=PRESENTATION_STYLE_ASSIGNMENT((#2302));
#2304=STYLED_ITEM('',(#2303),#2301);
#2305=CARTESIAN_POINT('',(-5.E-1,-6.693609949158E0,-7.E0));
#2306=DIRECTION('',(-1.E0,0.E0,0.E0));
#2307=DIRECTION('',(0.E0,6.146495767625E-1,-7.888002901785E-1));
#2308=AXIS2_PLACEMENT_3D('',#2305,#2306,#2307);
#2310=CURVE_STYLE('',#262,POSITIVE_LENGTH_MEASURE(2.E-2),#130);
#2311=PRESENTATION_STYLE_ASSIGNMENT((#2310));
#2312=STYLED_ITEM('',(#2311),#2309);
#2313=DIRECTION('',(0.E0,-7.888002901767E-1,-6.146495767648E-1));
#2314=VECTOR('',#2313,3.897257698486E0);
#2315=CARTESIAN_POINT('',(-5.E-1,-3.158464763127E0,-5.196152422716E0));
#2316=LINE('',#2315,#2314);
#2317=CURVE_STYLE('',#262,POSITIVE_LENGTH_MEASURE(2.E-2),#130);
#2318=PRESENTATION_STYLE_ASSIGNMENT((#2317));
#2319=STYLED_ITEM('',(#2318),#2316);
#2320=DIRECTION('',(-1.246517007752E-6,9.999999999921E-1,-3.785536158941E-6));
#2321=VECTOR('',#2320,3.089709617142E0);
#2322=CARTESIAN_POINT('',(-4.999961486244E-1,-6.248174380244E0,
-5.196140726508E0));
#2323=LINE('',#2322,#2321);
#2324=CURVE_STYLE('',#262,POSITIVE_LENGTH_MEASURE(2.E-2),#130);
#2325=PRESENTATION_STYLE_ASSIGNMENT((#2324));
#2326=STYLED_ITEM('',(#2325),#2323);
#2327=CARTESIAN_POINT('',(-4.999997091366E-1,-6.803398937634E0,
-5.068232961687E0));
#2328=CARTESIAN_POINT('',(-4.999997779460E-1,-6.748873600045E0,
-5.094593329797E0));
#2329=CARTESIAN_POINT('',(-4.999996298164E-1,-6.635341738320E0,
-5.139788625384E0));
#2330=CARTESIAN_POINT('',(-5.000016287235E-1,-6.459154987197E0,
-5.183232730386E0));
#2331=CARTESIAN_POINT('',(-4.999964464342E-1,-6.321029248157E0,
-5.196141768120E0));
#2332=CARTESIAN_POINT('',(-4.999961486244E-1,-6.248174380244E0,
-5.196140726508E0));
#2334=CURVE_STYLE('',#262,POSITIVE_LENGTH_MEASURE(2.E-2),#130);
#2335=PRESENTATION_STYLE_ASSIGNMENT((#2334));
#2336=STYLED_ITEM('',(#2335),#2333);
#2337=CARTESIAN_POINT('',(-5.E-1,-7.167619241577E0,-5.278936713004E0));
#2338=CARTESIAN_POINT('',(-5.E-1,-7.167612833269E0,-5.251026526493E0));
#2339=CARTESIAN_POINT('',(-4.999999998002E-1,-7.158706950803E0,
-5.198947768962E0));
#2340=CARTESIAN_POINT('',(-5.000000006994E-1,-7.121988110556E0,
-5.129884131365E0));
#2341=CARTESIAN_POINT('',(-4.999999974021E-1,-7.063138066632E0,
-5.076321194810E0));
#2342=CARTESIAN_POINT('',(-5.000000096921E-1,-6.995788297724E0,
-5.047186659663E0));
#2343=CARTESIAN_POINT('',(-4.999999638294E-1,-6.933184092154E0,
-5.038203610622E0));
#2344=CARTESIAN_POINT('',(-5.000001349902E-1,-6.871539096791E0,
-5.042840301965E0));
#2345=CARTESIAN_POINT('',(-4.999997091366E-1,-6.826181284225E0,
-5.057220749279E0));
#2346=CARTESIAN_POINT('',(-4.999997091366E-1,-6.803398937634E0,
-5.068232961687E0));
#2348=CURVE_STYLE('',#262,POSITIVE_LENGTH_MEASURE(2.E-2),#130);
#2349=PRESENTATION_STYLE_ASSIGNMENT((#2348));
#2350=STYLED_ITEM('',(#2349),#2347);
#2351=CARTESIAN_POINT('',(-2.500000431594E-1,-7.062787620756E0,
-8.000000000001E0));
#2352=CARTESIAN_POINT('',(-2.701892296696E-1,-7.066910463365E0,
-7.999999334053E0));
#2353=CARTESIAN_POINT('',(-3.080101003358E-1,-7.076760308878E0,
-7.995112791418E0));
#2354=CARTESIAN_POINT('',(-3.551022291237E-1,-7.093086867701E0,
-7.978431291780E0));
#2355=CARTESIAN_POINT('',(-3.933357820415E-1,-7.109166896382E0,
-7.956233823485E0));
#2356=CARTESIAN_POINT('',(-4.237048206092E-1,-7.123739434359E0,
-7.931072588280E0));
#2357=CARTESIAN_POINT('',(-4.472339290562E-1,-7.136156995853E0,
-7.904818917568E0));
#2358=CARTESIAN_POINT('',(-4.651171597697E-1,-7.146253380945E0,
-7.878568749631E0));
#2359=CARTESIAN_POINT('',(-4.784966435431E-1,-7.154185177544E0,
-7.852716674582E0));
#2360=CARTESIAN_POINT('',(-4.882430899828E-1,-7.160167973411E0,
-7.827300040805E0));
#2361=CARTESIAN_POINT('',(-4.949752696051E-1,-7.164403171188E0,
-7.802040849709E0));
#2362=CARTESIAN_POINT('',(-4.990366751687E-1,-7.166998291811E0,
-7.776594843787E0));
#2363=CARTESIAN_POINT('',(-4.999999671884E-1,-7.167619192107E0,
-7.758910769913E0));
#2364=CARTESIAN_POINT('',(-5.E-1,-7.167619242062E0,-7.750000000725E0));
#2366=CURVE_STYLE('',#262,POSITIVE_LENGTH_MEASURE(2.E-2),#130);
#2367=PRESENTATION_STYLE_ASSIGNMENT((#2366));
#2368=STYLED_ITEM('',(#2367),#2365);
#2369=CARTESIAN_POINT('',(-2.5E-1,-6.693609949158E0,-7.75E0));
#2370=DIRECTION('',(0.E0,-1.E0,0.E0));
#2371=DIRECTION('',(-1.E0,0.E0,0.E0));
#2372=AXIS2_PLACEMENT_3D('',#2369,#2370,#2371);
#2374=CURVE_STYLE('',#262,POSITIVE_LENGTH_MEASURE(2.E-2),#130);
#2375=PRESENTATION_STYLE_ASSIGNMENT((#2374));
#2376=STYLED_ITEM('',(#2375),#2373);
#2377=DIRECTION('',(-1.579334822676E-7,1.E0,7.157347757127E-12));
#2378=VECTOR('',#2377,3.691773668503E-1);
#2379=CARTESIAN_POINT('',(2.500000583055E-1,-7.062787320132E0,
-8.000000000003E0));
#2380=LINE('',#2379,#2378);
#2381=CURVE_STYLE('',#262,POSITIVE_LENGTH_MEASURE(2.E-2),#130);
#2382=PRESENTATION_STYLE_ASSIGNMENT((#2381));
#2383=STYLED_ITEM('',(#2382),#2380);
#2384=DIRECTION('',(-1.E0,4.183759116927E-9,0.E0));
#2385=VECTOR('',#2384,5.E-1);
#2386=CARTESIAN_POINT('',(2.5E-1,-6.693609953281E0,-8.E0));
#2387=LINE('',#2386,#2385);
#2388=CURVE_STYLE('',#262,POSITIVE_LENGTH_MEASURE(2.E-2),#130);
#2389=PRESENTATION_STYLE_ASSIGNMENT((#2388));
#2390=STYLED_ITEM('',(#2389),#2387);
#2391=DIRECTION('',(-1.169068252026E-7,-1.E0,-3.943154068877E-12));
#2392=VECTOR('',#2391,3.691776695662E-1);
#2393=CARTESIAN_POINT('',(-2.5E-1,-6.693609951190E0,-8.E0));
#2394=LINE('',#2393,#2392);
#2395=CURVE_STYLE('',#262,POSITIVE_LENGTH_MEASURE(2.E-2),#130);
#2396=PRESENTATION_STYLE_ASSIGNMENT((#2395));
#2397=STYLED_ITEM('',(#2396),#2394);
#2398=CARTESIAN_POINT('',(2.5E-1,-6.693609949158E0,-7.E0));
#2399=DIRECTION('',(1.E0,0.E0,0.E0));
#2400=DIRECTION('',(0.E0,0.E0,-1.E0));
#2401=AXIS2_PLACEMENT_3D('',#2398,#2399,#2400);
#2403=CURVE_STYLE('',#262,POSITIVE_LENGTH_MEASURE(2.E-2),#130);
#2404=PRESENTATION_STYLE_ASSIGNMENT((#2403));
#2405=STYLED_ITEM('',(#2404),#2402);
#2406=CARTESIAN_POINT('',(-2.5E-1,-6.693609949158E0,-7.E0));
#2407=DIRECTION('',(-1.E0,0.E0,0.E0));
#2408=DIRECTION('',(0.E0,6.146495767625E-1,-7.888002901785E-1));
#2409=AXIS2_PLACEMENT_3D('',#2406,#2407,#2408);
#2411=CURVE_STYLE('',#262,POSITIVE_LENGTH_MEASURE(2.E-2),#130);
#2412=PRESENTATION_STYLE_ASSIGNMENT((#2411));
#2413=STYLED_ITEM('',(#2412),#2410);
#2414=CARTESIAN_POINT('',(2.5E-1,-6.693609949158E0,-7.75E0));
#2415=DIRECTION('',(0.E0,1.E0,0.E0));
#2416=DIRECTION('',(1.E0,0.E0,0.E0));
#2417=AXIS2_PLACEMENT_3D('',#2414,#2415,#2416);
#2419=CURVE_STYLE('',#262,POSITIVE_LENGTH_MEASURE(2.E-2),#130);
#2420=PRESENTATION_STYLE_ASSIGNMENT((#2419));
#2421=STYLED_ITEM('',(#2420),#2418);
#2422=CARTESIAN_POINT('',(4.926092102062E-1,-3.001926719075E0,
-5.150669123374E0));
#2423=CARTESIAN_POINT('',(4.943612321654E-1,-3.019884198028E0,
-5.155731303737E0));
#2424=CARTESIAN_POINT('',(4.971595607006E-1,-3.055445987596E0,
-5.165866793066E0));
#2425=CARTESIAN_POINT('',(4.995144298248E-1,-3.107644612814E0,
-5.181050214718E0));
#2426=CARTESIAN_POINT('',(5.000000010973E-1,-3.141659898650E0,
-5.191129537446E0));
#2427=CARTESIAN_POINT('',(5.E-1,-3.158464763015E0,-5.196152422682E0));
#2429=CURVE_STYLE('',#262,POSITIVE_LENGTH_MEASURE(2.E-2),#130);
#2430=PRESENTATION_STYLE_ASSIGNMENT((#2429));
#2431=STYLED_ITEM('',(#2430),#2428);
#2432=CARTESIAN_POINT('',(2.5E-1,-6.232622766586E0,-7.591600217634E0));
#2433=DIRECTION('',(0.E0,7.888002901785E-1,6.146495767625E-1));
#2434=DIRECTION('',(1.E0,0.E0,0.E0));
#2435=AXIS2_PLACEMENT_3D('',#2432,#2433,#2434);
#2437=CURVE_STYLE('',#262,POSITIVE_LENGTH_MEASURE(2.E-2),#130);
#2438=PRESENTATION_STYLE_ASSIGNMENT((#2437));
#2439=STYLED_ITEM('',(#2438),#2436);
#2440=CARTESIAN_POINT('',(7.352180695192E-1,-2.964837418517E0,
-5.198264555624E0));
#2441=DIRECTION('',(1.552870925913E-1,-9.876252032999E-1,2.196307541001E-2));
#2442=DIRECTION('',(-1.400415414340E-1,-7.028617687864E-10,9.901456290227E-1));
#2443=AXIS2_PLACEMENT_3D('',#2440,#2441,#2442);
#2445=CURVE_STYLE('',#262,POSITIVE_LENGTH_MEASURE(2.E-2),#130);
#2446=PRESENTATION_STYLE_ASSIGNMENT((#2445));
#2447=STYLED_ITEM('',(#2446),#2444);
#2448=CARTESIAN_POINT('',(2.500000818790E-1,-2.487162875280E0,
-5.244044236946E0));
#2449=DIRECTION('',(9.982736418027E-1,3.442161577322E-2,4.759084417787E-2));
#2450=DIRECTION('',(-4.761903951661E-2,-6.885945769412E-7,9.988655700719E-1));
#2451=AXIS2_PLACEMENT_3D('',#2448,#2449,#2450);
#2453=CURVE_STYLE('',#262,POSITIVE_LENGTH_MEASURE(2.E-2),#130);
#2454=PRESENTATION_STYLE_ASSIGNMENT((#2453));
#2455=STYLED_ITEM('',(#2454),#2452);
#2456=CARTESIAN_POINT('',(2.500000243086E-1,-2.689730776567E0,
-5.097530601545E0));
#2457=CARTESIAN_POINT('',(2.745942669548E-1,-2.688389234361E0,
-5.095670941506E0));
#2458=CARTESIAN_POINT('',(3.223474012354E-1,-2.695302698268E0,
-5.093330301608E0));
#2459=CARTESIAN_POINT('',(3.876249084831E-1,-2.734724534543E0,
-5.095083071322E0));
#2460=CARTESIAN_POINT('',(4.321613674372E-1,-2.789595839607E0,
-5.102523456243E0));
#2461=CARTESIAN_POINT('',(4.610337619629E-1,-2.848952320156E0,
-5.113747310543E0));
#2462=CARTESIAN_POINT('',(4.809877193011E-1,-2.916716311005E0,
-5.129113104453E0));
#2463=CARTESIAN_POINT('',(4.895516391629E-1,-2.972236535773E0,
-5.143117534062E0));
#2464=CARTESIAN_POINT('',(4.926092102062E-1,-3.001926719075E0,
-5.150669123374E0));
#2466=CURVE_STYLE('',#262,POSITIVE_LENGTH_MEASURE(2.E-2),#130);
#2467=PRESENTATION_STYLE_ASSIGNMENT((#2466));
#2468=STYLED_ITEM('',(#2467),#2465);
#2469=CARTESIAN_POINT('',(2.5E-1,-3.039012817428E0,-5.103072984524E0));
#2470=DIRECTION('',(0.E0,7.888002901785E-1,6.146495767625E-1));
#2471=DIRECTION('',(9.704373201356E-1,1.483476938486E-1,-1.903795404390E-1));
#2472=AXIS2_PLACEMENT_3D('',#2469,#2470,#2471);
#2474=CURVE_STYLE('',#262,POSITIVE_LENGTH_MEASURE(2.E-2),#130);
#2475=PRESENTATION_STYLE_ASSIGNMENT((#2474));
#2476=STYLED_ITEM('',(#2475),#2473);
#2477=CARTESIAN_POINT('',(-2.500000071256E-1,-2.689730444173E0,
-5.097530141982E0));
#2478=CARTESIAN_POINT('',(-2.222423958920E-1,-2.690496136296E0,
-5.098588771107E0));
#2479=CARTESIAN_POINT('',(-1.667137889174E-1,-2.691778244926E0,
-5.100352881248E0));
#2480=CARTESIAN_POINT('',(-8.337628977374E-2,-2.692939124502E0,
-5.101941413486E0));
#2481=CARTESIAN_POINT('',(-2.779616892636E-2,-2.693197907263E0,
-5.102294553158E0));
#2482=CARTESIAN_POINT('',(6.140769144523E-14,-2.693197907408E0,
-5.102294553378E0));
#2484=CURVE_STYLE('',#262,POSITIVE_LENGTH_MEASURE(2.E-2),#130);
#2485=PRESENTATION_STYLE_ASSIGNMENT((#2484));
#2486=STYLED_ITEM('',(#2485),#2483);
#2487=CARTESIAN_POINT('',(-2.5E-1,-3.5E0,-4.511472766890E0));
#2488=DIRECTION('',(-1.E0,0.E0,0.E0));
#2489=DIRECTION('',(0.E0,8.102696975357E-1,-5.860571791689E-1));
#2490=AXIS2_PLACEMENT_3D('',#2487,#2488,#2489);
#2492=CURVE_STYLE('',#262,POSITIVE_LENGTH_MEASURE(2.E-2),#130);
#2493=PRESENTATION_STYLE_ASSIGNMENT((#2492));
#2494=STYLED_ITEM('',(#2493),#2491);
#2495=CARTESIAN_POINT('',(2.5E-1,-3.5E0,-4.511472766890E0));
#2496=DIRECTION('',(1.E0,0.E0,0.E0));
#2497=DIRECTION('',(0.E0,6.146495767625E-1,-7.888002901785E-1));
#2498=AXIS2_PLACEMENT_3D('',#2495,#2496,#2497);
#2500=CURVE_STYLE('',#262,POSITIVE_LENGTH_MEASURE(2.E-2),#130);
#2501=PRESENTATION_STYLE_ASSIGNMENT((#2500));
#2502=STYLED_ITEM('',(#2501),#2499);
#2503=CARTESIAN_POINT('',(6.140769144523E-14,-2.693197907408E0,
-5.102294553378E0));
#2504=CARTESIAN_POINT('',(2.778528223418E-2,-2.693197907262E0,
-5.102294553158E0));
#2505=CARTESIAN_POINT('',(8.335088855014E-2,-2.692939371130E0,
-5.101941750792E0));
#2506=CARTESIAN_POINT('',(1.666882072049E-1,-2.691778597064E0,
-5.100353362572E0));
#2507=CARTESIAN_POINT('',(2.222314585262E-1,-2.690496770870E0,
-5.098589648454E0));
#2508=CARTESIAN_POINT('',(2.500000243086E-1,-2.689730776567E0,
-5.097530601545E0));
#2510=CURVE_STYLE('',#262,POSITIVE_LENGTH_MEASURE(2.E-2),#130);
#2511=PRESENTATION_STYLE_ASSIGNMENT((#2510));
#2512=STYLED_ITEM('',(#2511),#2509);
#2513=CARTESIAN_POINT('',(-4.926090428813E-1,-3.001925156813E0,
-5.150668758940E0));
#2514=CARTESIAN_POINT('',(-4.914670745471E-1,-2.990836748960E0,
-5.147849351569E0));
#2515=CARTESIAN_POINT('',(-4.887746596678E-1,-2.968479051834E0,
-5.142172227683E0));
#2516=CARTESIAN_POINT('',(-4.834031962548E-1,-2.935402129562E0,
-5.133914740998E0));
#2517=CARTESIAN_POINT('',(-4.756028926864E-1,-2.899614535081E0,
-5.125294297653E0));
#2518=CARTESIAN_POINT('',(-4.647329440648E-1,-2.862757614491E0,
-5.116947482618E0));
#2519=CARTESIAN_POINT('',(-4.495852231742E-1,-2.824834796572E0,
-5.109134805938E0));
#2520=CARTESIAN_POINT('',(-4.286454446455E-1,-2.786767212905E0,
-5.102344475439E0));
#2521=CARTESIAN_POINT('',(-4.001539147631E-1,-2.750235327191E0,
-5.097154419321E0));
#2522=CARTESIAN_POINT('',(-3.619532427392E-1,-2.717784380017E0,
-5.094121920320E0));
#2523=CARTESIAN_POINT('',(-3.121944821058E-1,-2.694004103011E0,
-5.093873119033E0));
#2524=CARTESIAN_POINT('',(-2.715989325619E-1,-2.688547516698E0,
-5.095892743997E0));
#2525=CARTESIAN_POINT('',(-2.500000071256E-1,-2.689730444173E0,
-5.097530141982E0));
#2527=CURVE_STYLE('',#262,POSITIVE_LENGTH_MEASURE(2.E-2),#130);
#2528=PRESENTATION_STYLE_ASSIGNMENT((#2527));
#2529=STYLED_ITEM('',(#2528),#2526);
#2530=CARTESIAN_POINT('',(-7.352180932714E-1,-2.964837569581E0,
-5.198264552264E0));
#2531=DIRECTION('',(1.552869618617E-1,9.876252242499E-1,-2.196305764395E-2));
#2532=DIRECTION('',(1.400415415831E-1,-1.231015289704E-12,9.901456290016E-1));
#2533=AXIS2_PLACEMENT_3D('',#2530,#2531,#2532);
#2535=CURVE_STYLE('',#262,POSITIVE_LENGTH_MEASURE(2.E-2),#130);
#2536=PRESENTATION_STYLE_ASSIGNMENT((#2535));
#2537=STYLED_ITEM('',(#2536),#2534);
#2538=CARTESIAN_POINT('',(-5.E-1,-3.158464763127E0,-5.196152422716E0));
#2539=CARTESIAN_POINT('',(-5.000000010780E-1,-3.141656786375E0,
-5.191128607407E0));
#2540=CARTESIAN_POINT('',(-4.995142475628E-1,-3.107637336063E0,
-5.181048082096E0));
#2541=CARTESIAN_POINT('',(-4.971590834376E-1,-3.055438791956E0,
-5.165864691187E0));
#2542=CARTESIAN_POINT('',(-4.943609283516E-1,-3.019881053319E0,
-5.155730494381E0));
#2543=CARTESIAN_POINT('',(-4.926090428813E-1,-3.001925156813E0,
-5.150668758940E0));
#2545=CURVE_STYLE('',#262,POSITIVE_LENGTH_MEASURE(2.E-2),#130);
#2546=PRESENTATION_STYLE_ASSIGNMENT((#2545));
#2547=STYLED_ITEM('',(#2546),#2544);
#2548=CARTESIAN_POINT('',(-2.5E-1,-3.039012817428E0,-5.103072984524E0));
#2549=DIRECTION('',(0.E0,-7.888002901785E-1,-6.146495767625E-1));
#2550=DIRECTION('',(-9.704361588220E-1,1.483505638819E-1,-1.903832236484E-1));
#2551=AXIS2_PLACEMENT_3D('',#2548,#2549,#2550);
#2553=CURVE_STYLE('',#262,POSITIVE_LENGTH_MEASURE(2.E-2),#130);
#2554=PRESENTATION_STYLE_ASSIGNMENT((#2553));
#2555=STYLED_ITEM('',(#2554),#2552);
#2556=CARTESIAN_POINT('',(-2.5E-1,-6.232622766586E0,-7.591600217634E0));
#2557=DIRECTION('',(0.E0,-7.888002901785E-1,-6.146495767625E-1));
#2558=DIRECTION('',(-1.E0,0.E0,0.E0));
#2559=AXIS2_PLACEMENT_3D('',#2556,#2557,#2558);
#2561=CURVE_STYLE('',#262,POSITIVE_LENGTH_MEASURE(2.E-2),#130);
#2562=PRESENTATION_STYLE_ASSIGNMENT((#2561));
#2563=STYLED_ITEM('',(#2562),#2560);
#2564=DIRECTION('',(0.E0,7.888002901785E-1,6.146495767625E-1));
#2565=VECTOR('',#2564,4.048692663224E0);
#2566=CARTESIAN_POINT('',(2.5E-1,-6.078960370807E0,-7.788800288940E0));
#2567=LINE('',#2566,#2565);
#2568=CURVE_STYLE('',#262,POSITIVE_LENGTH_MEASURE(2.E-2),#130);
#2569=PRESENTATION_STYLE_ASSIGNMENT((#2568));
#2570=STYLED_ITEM('',(#2569),#2567);
#2571=DIRECTION('',(-1.E0,1.997513265906E-12,1.556088591315E-12));
#2572=VECTOR('',#2571,5.E-1);
#2573=CARTESIAN_POINT('',(2.5E-1,-2.885350423212E0,-5.300273057048E0));
#2574=LINE('',#2573,#2572);
#2575=CURVE_STYLE('',#262,POSITIVE_LENGTH_MEASURE(2.E-2),#130);
#2576=PRESENTATION_STYLE_ASSIGNMENT((#2575));
#2577=STYLED_ITEM('',(#2576),#2574);
#2578=DIRECTION('',(0.E0,-7.888002901785E-1,-6.146495767625E-1));
#2579=VECTOR('',#2578,4.048692663200E0);
#2580=CARTESIAN_POINT('',(-2.5E-1,-2.885350423211E0,-5.300273057047E0));
#2581=LINE('',#2580,#2579);
#2582=CURVE_STYLE('',#262,POSITIVE_LENGTH_MEASURE(2.E-2),#130);
#2583=PRESENTATION_STYLE_ASSIGNMENT((#2582));
#2584=STYLED_ITEM('',(#2583),#2581);
#2585=DIRECTION('',(-1.E0,3.972289164267E-11,3.095124156971E-11));
#2586=VECTOR('',#2585,5.E-1);
#2587=CARTESIAN_POINT('',(2.5E-1,-6.078960370807E0,-7.788800288940E0));
#2588=LINE('',#2587,#2586);
#2589=CURVE_STYLE('',#262,POSITIVE_LENGTH_MEASURE(2.E-2),#130);
#2590=PRESENTATION_STYLE_ASSIGNMENT((#2589));
#2591=STYLED_ITEM('',(#2590),#2588);
#2592=DIRECTION('',(-2.986217606272E-9,-8.660254037844E-1,-5.E-1));
#2593=VECTOR('',#2592,1.000000000508E0);
#2594=CARTESIAN_POINT('',(1.791730461719E-8,1.250000000264E1,
-4.499999998477E0));
#2595=LINE('',#2594,#2593);
#2596=CURVE_STYLE('',#262,POSITIVE_LENGTH_MEASURE(2.E-2),#130);
#2597=PRESENTATION_STYLE_ASSIGNMENT((#2596));
#2598=STYLED_ITEM('',(#2597),#2595);
#2599=CARTESIAN_POINT('',(0.E0,1.25E1,0.E0));
#2600=DIRECTION('',(0.E0,1.E0,0.E0));
#2601=DIRECTION('',(0.E0,0.E0,-1.E0));
#2602=AXIS2_PLACEMENT_3D('',#2599,#2600,#2601);
#2604=CURVE_STYLE('',#262,POSITIVE_LENGTH_MEASURE(2.E-2),#130);
#2605=PRESENTATION_STYLE_ASSIGNMENT((#2604));
#2606=STYLED_ITEM('',(#2605),#2603);
#2607=CARTESIAN_POINT('',(0.E0,1.25E1,0.E0));
#2608=DIRECTION('',(0.E0,1.E0,0.E0));
#2609=DIRECTION('',(0.E0,0.E0,1.E0));
#2610=AXIS2_PLACEMENT_3D('',#2607,#2608,#2609);
#2612=CURVE_STYLE('',#262,POSITIVE_LENGTH_MEASURE(2.E-2),#130);
#2613=PRESENTATION_STYLE_ASSIGNMENT((#2612));
#2614=STYLED_ITEM('',(#2613),#2611);
#2615=DIRECTION('',(2.986217061410E-9,-8.660254037844E-1,5.E-1));
#2616=VECTOR('',#2615,1.000000000508E0);
#2617=CARTESIAN_POINT('',(-1.791730329604E-8,1.250000000264E1,
4.499999998477E0));
#2618=LINE('',#2617,#2616);
#2619=CURVE_STYLE('',#262,POSITIVE_LENGTH_MEASURE(2.E-2),#130);
#2620=PRESENTATION_STYLE_ASSIGNMENT((#2619));
#2621=STYLED_ITEM('',(#2620),#2618);
#2622=CARTESIAN_POINT('',(0.E0,-1.2E1,0.E0));
#2623=DIRECTION('',(0.E0,-1.E0,0.E0));
#2624=DIRECTION('',(9.801577835456E-1,0.E0,1.982188673031E-1));
#2625=AXIS2_PLACEMENT_3D('',#2622,#2623,#2624);
#2627=CURVE_STYLE('',#262,POSITIVE_LENGTH_MEASURE(2.E-2),#130);
#2628=PRESENTATION_STYLE_ASSIGNMENT((#2627));
#2629=STYLED_ITEM('',(#2628),#2626);
#2630=DIRECTION('',(1.E0,0.E0,0.E0));
#2631=VECTOR('',#2630,3.670560909890E0);
#2632=CARTESIAN_POINT('',(-3.920560909890E0,-1.2E1,7.928932188134E-1));
#2633=LINE('',#2632,#2631);
#2634=CURVE_STYLE('',#262,POSITIVE_LENGTH_MEASURE(2.E-2),#130);
#2635=PRESENTATION_STYLE_ASSIGNMENT((#2634));
#2636=STYLED_ITEM('',(#2635),#2633);
#2637=DIRECTION('',(1.E0,0.E0,0.E0));
#2638=VECTOR('',#2637,3.670650384175E0);
#2639=CARTESIAN_POINT('',(2.5E-1,-1.2E1,7.928932188134E-1));
#2640=LINE('',#2639,#2638);
#2641=CURVE_STYLE('',#262,POSITIVE_LENGTH_MEASURE(2.E-2),#130);
#2642=PRESENTATION_STYLE_ASSIGNMENT((#2641));
#2643=STYLED_ITEM('',(#2642),#2640);
#2644=DIRECTION('',(0.E0,0.E0,-1.E0));
#2645=VECTOR('',#2644,7.792893216448E0);
#2646=CARTESIAN_POINT('',(2.5E-1,-1.2E1,7.928932188134E-1));
#2647=LINE('',#2646,#2645);
#2648=CURVE_STYLE('',#262,POSITIVE_LENGTH_MEASURE(2.E-2),#130);
#2649=PRESENTATION_STYLE_ASSIGNMENT((#2648));
#2650=STYLED_ITEM('',(#2649),#2647);
#2651=DIRECTION('',(-1.E0,0.E0,0.E0));
#2652=VECTOR('',#2651,5.E-1);
#2653=CARTESIAN_POINT('',(2.5E-1,-1.2E1,-6.999999997635E0));
#2654=LINE('',#2653,#2652);
#2655=CURVE_STYLE('',#262,POSITIVE_LENGTH_MEASURE(2.E-2),#130);
#2656=PRESENTATION_STYLE_ASSIGNMENT((#2655));
#2657=STYLED_ITEM('',(#2656),#2654);
#2658=DIRECTION('',(0.E0,0.E0,1.E0));
#2659=VECTOR('',#2658,7.792893216448E0);
#2660=CARTESIAN_POINT('',(-2.5E-1,-1.2E1,-6.999999997635E0));
#2661=LINE('',#2660,#2659);
#2662=CURVE_STYLE('',#262,POSITIVE_LENGTH_MEASURE(2.E-2),#130);
#2663=PRESENTATION_STYLE_ASSIGNMENT((#2662));
#2664=STYLED_ITEM('',(#2663),#2661);
#2665=DIRECTION('',(-1.769303768759E-8,-1.029465497065E-7,-1.E0));
#2666=VECTOR('',#2665,6.744635693709E0);
#2667=CARTESIAN_POINT('',(4.963876819008E-1,-1.179234513204E1,
-2.553643062920E-1));
#2668=LINE('',#2667,#2666);
#2669=CURVE_STYLE('',#262,POSITIVE_LENGTH_MEASURE(2.E-2),#130);
#2670=PRESENTATION_STYLE_ASSIGNMENT((#2669));
#2671=STYLED_ITEM('',(#2670),#2668);
#2672=CARTESIAN_POINT('',(2.5E-1,-1.2E1,7.928932188134E-1));
#2673=CARTESIAN_POINT('',(2.605329016378E-1,-1.199999964760E1,
7.595782372573E-1));
#2674=CARTESIAN_POINT('',(2.811840745600E-1,-1.199864994287E1,
6.942750824726E-1));
#2675=CARTESIAN_POINT('',(3.100440582335E-1,-1.199327521089E1,
6.023754994388E-1));
#2676=CARTESIAN_POINT('',(3.385031067685E-1,-1.198444230623E1,
5.105447769370E-1));
#2677=CARTESIAN_POINT('',(3.655637460204E-1,-1.197234517886E1,
4.213625670665E-1));
#2678=CARTESIAN_POINT('',(3.910313242670E-1,-1.195712679150E1,
3.348879816591E-1));
#2679=CARTESIAN_POINT('',(4.144735623688E-1,-1.193906277142E1,
2.520013257756E-1));
#2680=CARTESIAN_POINT('',(4.358373316020E-1,-1.191809992650E1,
1.721775370003E-1));
#2681=CARTESIAN_POINT('',(4.542153684290E-1,-1.189520078031E1,
9.823886623246E-2));
#2682=CARTESIAN_POINT('',(4.706521243506E-1,-1.186909032946E1,
2.539558338950E-2));
#2683=CARTESIAN_POINT('',(4.809095763897E-1,-1.184674338639E1,
-2.790953284264E-2));
#2684=CARTESIAN_POINT('',(4.854045937105E-1,-1.183417274152E1,
-5.512617919058E-2));
#2686=CURVE_STYLE('',#262,POSITIVE_LENGTH_MEASURE(2.E-2),#130);
#2687=PRESENTATION_STYLE_ASSIGNMENT((#2686));
#2688=STYLED_ITEM('',(#2687),#2685);
#2689=CARTESIAN_POINT('',(4.854045937105E-1,-1.183417274152E1,
-5.512617919058E-2));
#2690=CARTESIAN_POINT('',(4.883278779064E-1,-1.182599707379E1,
-7.284446958795E-2));
#2691=CARTESIAN_POINT('',(4.925579167595E-1,-1.181151893492E1,
-1.111930488850E-1));
#2692=CARTESIAN_POINT('',(4.957079026056E-1,-1.179652495070E1,
-1.781004701787E-1));
#2693=CARTESIAN_POINT('',(4.963875127829E-1,-1.179234580063E1,
-2.286035696434E-1));
#2694=CARTESIAN_POINT('',(4.963876819008E-1,-1.179234513204E1,
-2.553643062920E-1));
#2696=CURVE_STYLE('',#262,POSITIVE_LENGTH_MEASURE(2.E-2),#130);
#2697=PRESENTATION_STYLE_ASSIGNMENT((#2696));
#2698=STYLED_ITEM('',(#2697),#2695);
#2699=CARTESIAN_POINT('',(7.427751251355E-1,-1.183469165276E1,
-2.553655791159E-1));
#2700=DIRECTION('',(0.E0,0.E0,-1.E0));
#2701=DIRECTION('',(-9.855497729334E-1,1.693860828725E-1,0.E0));
#2702=AXIS2_PLACEMENT_3D('',#2699,#2700,#2701);
#2704=CURVE_STYLE('',#262,POSITIVE_LENGTH_MEASURE(2.E-2),#130);
#2705=PRESENTATION_STYLE_ASSIGNMENT((#2704));
#2706=STYLED_ITEM('',(#2705),#2703);
#2707=CARTESIAN_POINT('',(7.208079840278E-1,-1.191834441516E1,
-5.512679134886E-2));
#2708=DIRECTION('',(2.357386693104E-1,6.592891580594E-1,-7.139783511123E-1));
#2709=DIRECTION('',(-9.416157621531E-1,3.366894065225E-1,6.002732685603E-7));
#2710=AXIS2_PLACEMENT_3D('',#2707,#2708,#2709);
#2712=CURVE_STYLE('',#262,POSITIVE_LENGTH_MEASURE(2.E-2),#130);
#2713=PRESENTATION_STYLE_ASSIGNMENT((#2712));
#2714=STYLED_ITEM('',(#2713),#2711);
#2715=CARTESIAN_POINT('',(7.208146018079E-1,-1.173467562204E1,
1.144771427994E-1));
#2716=CARTESIAN_POINT('',(7.186776948241E-1,-1.170611091757E1,
8.354582606079E-2));
#2717=CARTESIAN_POINT('',(7.105246001006E-1,-1.165493361186E1,
1.389309857320E-2));
#2718=CARTESIAN_POINT('',(6.905553632160E-1,-1.160493484589E1,
-1.088131706672E-1));
#2719=CARTESIAN_POINT('',(6.747036656111E-1,-1.159400087766E1,
-2.054210033847E-1));
#2720=CARTESIAN_POINT('',(6.669949324914E-1,-1.159645263152E1,
-2.553692020592E-1));
#2722=CURVE_STYLE('',#262,POSITIVE_LENGTH_MEASURE(2.E-2),#130);
#2723=PRESENTATION_STYLE_ASSIGNMENT((#2722));
#2724=STYLED_ITEM('',(#2723),#2721);
#2725=CARTESIAN_POINT('',(8.561678751055E-1,-1.206065940141E1,
-2.677677233480E-1));
#2726=DIRECTION('',(-9.040300008264E-1,-3.022664574559E-1,3.022660191004E-1));
#2727=DIRECTION('',(-2.808542827180E-7,7.071066884480E-1,7.071068739251E-1));
#2728=AXIS2_PLACEMENT_3D('',#2725,#2726,#2727);
#2730=CURVE_STYLE('',#262,POSITIVE_LENGTH_MEASURE(2.E-2),#130);
#2731=PRESENTATION_STYLE_ASSIGNMENT((#2730));
#2732=STYLED_ITEM('',(#2731),#2729);
#2733=CARTESIAN_POINT('',(7.427751251355E-1,-1.183469165276E1,
-7.000000011215E0));
#2734=DIRECTION('',(-2.442775061185E-9,-7.771656216614E-10,-1.E0));
#2735=DIRECTION('',(-9.855502502710E-1,1.693833055254E-1,2.275839960930E-9));
#2736=AXIS2_PLACEMENT_3D('',#2733,#2734,#2735);
#2738=CURVE_STYLE('',#262,POSITIVE_LENGTH_MEASURE(2.E-2),#130);
#2739=PRESENTATION_STYLE_ASSIGNMENT((#2738));
#2740=STYLED_ITEM('',(#2739),#2737);
#2741=CARTESIAN_POINT('',(4.963875625678E-1,-1.179234582638E1,
-7.000000000001E0));
#2742=CARTESIAN_POINT('',(4.963875731214E-1,-1.179234581507E1,
-7.025970412193E0));
#2743=CARTESIAN_POINT('',(4.961541015323E-1,-1.179122082333E1,
-7.079654210566E0));
#2744=CARTESIAN_POINT('',(4.947648632503E-1,-1.178541225451E1,
-7.166747791237E0));
#2745=CARTESIAN_POINT('',(4.914722257376E-1,-1.177522694694E1,
-7.259361266317E0));
#2746=CARTESIAN_POINT('',(4.842105263388E-1,-1.176100177997E1,
-7.358273146552E0));
#2747=CARTESIAN_POINT('',(4.687747026302E-1,-1.174560664418E1,
-7.458031605885E0));
#2748=CARTESIAN_POINT('',(4.414513195914E-1,-1.173518753295E1,
-7.543297198277E0));
#2749=CARTESIAN_POINT('',(4.041515490509E-1,-1.173227404868E1,
-7.603943560587E0));
#2750=CARTESIAN_POINT('',(3.610152980156E-1,-1.173453290431E1,
-7.642986095999E0));
#2751=CARTESIAN_POINT('',(3.074498590776E-1,-1.174081163355E1,
-7.665112930138E0));
#2752=CARTESIAN_POINT('',(2.693996912295E-1,-1.174660668680E1,
-7.665280453678E0));
#2753=CARTESIAN_POINT('',(2.500001068735E-1,-1.174977013194E1,
-7.661698382390E0));
#2755=CURVE_STYLE('',#262,POSITIVE_LENGTH_MEASURE(2.E-2),#130);
#2756=PRESENTATION_STYLE_ASSIGNMENT((#2755));
#2757=STYLED_ITEM('',(#2756),#2754);
#2758=CARTESIAN_POINT('',(2.5E-1,-1.175E1,-7.E0));
#2759=DIRECTION('',(0.E0,0.E0,-1.E0));
#2760=DIRECTION('',(9.855502502710E-1,-1.693833055255E-1,0.E0));
#2761=AXIS2_PLACEMENT_3D('',#2758,#2759,#2760);
#2763=CURVE_STYLE('',#262,POSITIVE_LENGTH_MEASURE(2.E-2),#130);
#2764=PRESENTATION_STYLE_ASSIGNMENT((#2763));
#2765=STYLED_ITEM('',(#2764),#2762);
#2766=CARTESIAN_POINT('',(-7.040244329205E-10,-1.175999999997E1,
-7.649923072402E0));
#2767=CARTESIAN_POINT('',(-2.784657600540E-2,-1.175999999730E1,
-7.649923074297E0));
#2768=CARTESIAN_POINT('',(-8.349387639063E-2,-1.175924075271E1,
-7.650812488331E0));
#2769=CARTESIAN_POINT('',(-1.668417773816E-1,-1.175582977897E1,
-7.654779966030E0));
#2770=CARTESIAN_POINT('',(-2.222960262090E-1,-1.175204287765E1,
-7.659123147760E0));
#2771=CARTESIAN_POINT('',(-2.500000362825E-1,-1.174976952862E1,
-7.661699066005E0));
#2773=CURVE_STYLE('',#262,POSITIVE_LENGTH_MEASURE(2.E-2),#130);
#2774=PRESENTATION_STYLE_ASSIGNMENT((#2773));
#2775=STYLED_ITEM('',(#2774),#2772);
#2776=CARTESIAN_POINT('',(-2.5E-1,-1.1E1,-7.E0));
#2777=DIRECTION('',(-1.E0,0.E0,0.E0));
#2778=DIRECTION('',(0.E0,-7.497692171126E-1,-6.616994189738E-1));
#2779=AXIS2_PLACEMENT_3D('',#2776,#2777,#2778);
#2781=CURVE_STYLE('',#262,POSITIVE_LENGTH_MEASURE(2.E-2),#130);
#2782=PRESENTATION_STYLE_ASSIGNMENT((#2781));
#2783=STYLED_ITEM('',(#2782),#2780);
#2784=CARTESIAN_POINT('',(2.5E-1,-1.1E1,-7.E0));
#2785=DIRECTION('',(1.E0,0.E0,0.E0));
#2786=DIRECTION('',(0.E0,-1.E0,0.E0));
#2787=AXIS2_PLACEMENT_3D('',#2784,#2785,#2786);
#2789=CURVE_STYLE('',#262,POSITIVE_LENGTH_MEASURE(2.E-2),#130);
#2790=PRESENTATION_STYLE_ASSIGNMENT((#2789));
#2791=STYLED_ITEM('',(#2790),#2788);
#2792=CARTESIAN_POINT('',(2.500001068735E-1,-1.174977013194E1,
-7.661698382390E0));
#2793=CARTESIAN_POINT('',(2.222960967909E-1,-1.175204348093E1,
-7.659122464208E0));
#2794=CARTESIAN_POINT('',(1.668417442558E-1,-1.175582949745E1,
-7.654780285015E0));
#2795=CARTESIAN_POINT('',(8.349388645863E-2,-1.175924083313E1,
-7.650812397209E0));
#2796=CARTESIAN_POINT('',(2.784657459735E-2,-1.175999999733E1,
-7.649923074258E0));
#2797=CARTESIAN_POINT('',(-7.040244329205E-10,-1.175999999997E1,
-7.649923072402E0));
#2799=CURVE_STYLE('',#262,POSITIVE_LENGTH_MEASURE(2.E-2),#130);
#2800=PRESENTATION_STYLE_ASSIGNMENT((#2799));
#2801=STYLED_ITEM('',(#2800),#2798);
#2802=CARTESIAN_POINT('',(1.942941376110E-7,-1.195E1,-7.812403840464E0));
#2803=DIRECTION('',(-1.E0,-7.930363009522E-8,9.273496292224E-8));
#2804=DIRECTION('',(-1.668799331561E-13,7.600000001395E-1,6.499230722078E-1));
#2805=AXIS2_PLACEMENT_3D('',#2802,#2803,#2804);
#2807=CURVE_STYLE('',#262,POSITIVE_LENGTH_MEASURE(2.E-2),#130);
#2808=PRESENTATION_STYLE_ASSIGNMENT((#2807));
#2809=STYLED_ITEM('',(#2808),#2806);
#2810=CARTESIAN_POINT('',(2.499988044291E-1,-1.193721164403E1,
-7.827124134758E0));
#2811=DIRECTION('',(-9.881969130949E-1,-1.013650363194E-1,1.148563901645E-1));
#2812=DIRECTION('',(2.244713459554E-8,7.497692194077E-1,6.616994163733E-1));
#2813=AXIS2_PLACEMENT_3D('',#2810,#2811,#2812);
#2815=CURVE_STYLE('',#262,POSITIVE_LENGTH_MEASURE(2.E-2),#130);
#2816=PRESENTATION_STYLE_ASSIGNMENT((#2815));
#2817=STYLED_ITEM('',(#2816),#2814);
#2818=CARTESIAN_POINT('',(-2.499999932225E-1,-1.193721152209E1,
-7.827124272930E0));
#2819=DIRECTION('',(-9.881968032384E-1,1.013655121330E-1,-1.148569154188E-1));
#2820=DIRECTION('',(-5.937886161651E-7,7.497667409386E-1,6.617022247069E-1));
#2821=AXIS2_PLACEMENT_3D('',#2818,#2819,#2820);
#2823=CURVE_STYLE('',#262,POSITIVE_LENGTH_MEASURE(2.E-2),#130);
#2824=PRESENTATION_STYLE_ASSIGNMENT((#2823));
#2825=STYLED_ITEM('',(#2824),#2822);
#2826=CARTESIAN_POINT('',(-2.500000362825E-1,-1.174976952862E1,
-7.661699066005E0));
#2827=CARTESIAN_POINT('',(-2.651140995864E-1,-1.174729820063E1,
-7.664498611073E0));
#2828=CARTESIAN_POINT('',(-2.940704533443E-1,-1.174284529277E1,
-7.665331016865E0));
#2829=CARTESIAN_POINT('',(-3.318779006309E-1,-1.173786691557E1,
-7.655790205514E0));
#2830=CARTESIAN_POINT('',(-3.635469389477E-1,-1.173464253115E1,
-7.638778935074E0));
#2831=CARTESIAN_POINT('',(-3.889734614742E-1,-1.173312576417E1,
-7.617381679855E0));
#2832=CARTESIAN_POINT('',(-4.092633807075E-1,-1.173302515851E1,
-7.593645769694E0));
#2833=CARTESIAN_POINT('',(-4.261891740916E-1,-1.173410699570E1,
-7.567552516236E0));
#2834=CARTESIAN_POINT('',(-4.410085420006E-1,-1.173639669125E1,
-7.537873093174E0));
#2835=CARTESIAN_POINT('',(-4.542703383825E-1,-1.174009900712E1,
-7.503068202258E0));
#2836=CARTESIAN_POINT('',(-4.661239137159E-1,-1.174553763207E1,
-7.461163639139E0));
#2837=CARTESIAN_POINT('',(-4.763380330349E-1,-1.175298748967E1,
-7.410159988173E0));
#2838=CARTESIAN_POINT('',(-4.844958943696E-1,-1.176234931714E1,
-7.348632393006E0));
#2839=CARTESIAN_POINT('',(-4.903128742213E-1,-1.177273833748E1,
-7.276665399986E0));
#2840=CARTESIAN_POINT('',(-4.939694796148E-1,-1.178259667874E1,
-7.195275064506E0));
#2841=CARTESIAN_POINT('',(-4.959450926345E-1,-1.179019115938E1,
-7.103720556709E0));
#2842=CARTESIAN_POINT('',(-4.963875378702E-1,-1.179234585872E1,
-7.035841864353E0));
#2843=CARTESIAN_POINT('',(-4.963875625678E-1,-1.179234582638E1,
-7.000000000006E0));
#2845=CURVE_STYLE('',#262,POSITIVE_LENGTH_MEASURE(2.E-2),#130);
#2846=PRESENTATION_STYLE_ASSIGNMENT((#2845));
#2847=STYLED_ITEM('',(#2846),#2844);
#2848=CARTESIAN_POINT('',(-7.427751251355E-1,-1.183469165276E1,-7.E0));
#2849=DIRECTION('',(0.E0,0.E0,1.E0));
#2850=DIRECTION('',(9.855502502710E-1,1.693833055255E-1,0.E0));
#2851=AXIS2_PLACEMENT_3D('',#2848,#2849,#2850);
#2853=CURVE_STYLE('',#262,POSITIVE_LENGTH_MEASURE(2.E-2),#130);
#2854=PRESENTATION_STYLE_ASSIGNMENT((#2853));
#2855=STYLED_ITEM('',(#2854),#2852);
#2856=CARTESIAN_POINT('',(3.920627544611E0,-1.1E1,7.928932188134E-1));
#2857=DIRECTION('',(-1.415414565564E-1,-7.000009323583E-1,6.999747929557E-1));
#2858=DIRECTION('',(2.616167156244E-6,-7.070938429466E-1,-7.071197191849E-1));
#2859=AXIS2_PLACEMENT_3D('',#2856,#2857,#2858);
#2861=CURVE_STYLE('',#262,POSITIVE_LENGTH_MEASURE(2.E-2),#130);
#2862=PRESENTATION_STYLE_ASSIGNMENT((#2861));
#2863=STYLED_ITEM('',(#2862),#2860);
#2864=CARTESIAN_POINT('',(3.920627544611E0,-1.1E1,7.928932188134E-1));
#2865=DIRECTION('',(1.E0,0.E0,0.E0));
#2866=DIRECTION('',(0.E0,-1.E0,0.E0));
#2867=AXIS2_PLACEMENT_3D('',#2864,#2865,#2866);
#2869=CURVE_STYLE('',#262,POSITIVE_LENGTH_MEASURE(2.E-2),#130);
#2870=PRESENTATION_STYLE_ASSIGNMENT((#2869));
#2871=STYLED_ITEM('',(#2870),#2868);
#2872=CARTESIAN_POINT('',(3.920627544611E0,-1.1E1,7.928932188134E-1));
#2873=DIRECTION('',(1.982233047034E-1,0.E0,-9.801568861527E-1));
#2874=DIRECTION('',(9.801568861527E-1,3.942801640733E-11,1.982233047034E-1));
#2875=AXIS2_PLACEMENT_3D('',#2872,#2873,#2874);
#2877=CURVE_STYLE('',#262,POSITIVE_LENGTH_MEASURE(2.E-2),#130);
#2878=PRESENTATION_STYLE_ASSIGNMENT((#2877));
#2879=STYLED_ITEM('',(#2878),#2876);
#2880=CARTESIAN_POINT('',(7.143287414158E-1,-6.248172270838E0,
-4.948700596721E0));
#2881=CARTESIAN_POINT('',(7.155462466177E-1,-6.294458643009E0,
-4.948526816401E0));
#2882=CARTESIAN_POINT('',(7.183529879317E-1,-6.390360047516E0,
-4.941572218841E0));
#2883=CARTESIAN_POINT('',(7.235009542749E-1,-6.536557090567E0,
-4.909909047408E0));
#2884=CARTESIAN_POINT('',(7.281321008559E-1,-6.642089364164E0,
-4.869584975598E0));
#2885=CARTESIAN_POINT('',(7.307936931707E-1,-6.694908997003E0,
-4.843821386028E0));
#2887=CURVE_STYLE('',#262,POSITIVE_LENGTH_MEASURE(2.E-2),#130);
#2888=PRESENTATION_STYLE_ASSIGNMENT((#2887));
#2889=STYLED_ITEM('',(#2888),#2886);
#2890=CARTESIAN_POINT('',(7.307936931707E-1,-6.694908997003E0,
-4.843821386028E0));
#2891=CARTESIAN_POINT('',(8.545667408956E-1,-6.726711576562E0,
-4.817854402231E0));
#2892=CARTESIAN_POINT('',(1.093145886947E0,-6.804973453267E0,
-4.753419447097E0));
#2893=CARTESIAN_POINT('',(1.424873254584E0,-6.962646955706E0,
-4.619221302538E0));
#2894=CARTESIAN_POINT('',(1.701762390126E0,-7.136282992829E0,
-4.465380732689E0));
#2895=CARTESIAN_POINT('',(1.948876430608E0,-7.327676366795E0,
-4.288785520779E0));
#2896=CARTESIAN_POINT('',(2.112136712079E0,-7.483772996031E0,
-4.137547528533E0));
#2897=CARTESIAN_POINT('',(2.189662782856E0,-7.566771529563E0,
-4.054548813987E0));
#2899=CURVE_STYLE('',#262,POSITIVE_LENGTH_MEASURE(2.E-2),#130);
#2900=PRESENTATION_STYLE_ASSIGNMENT((#2899));
#2901=STYLED_ITEM('',(#2900),#2898);
#2902=CARTESIAN_POINT('',(7.500000114501E-1,-6.248168339327E0,
-5.196142626869E0));
#2903=DIRECTION('',(0.E0,-9.999999997820E-1,-2.088085429530E-5));
#2904=DIRECTION('',(-1.427733919885E-1,-2.066693836794E-5,9.897554031744E-1));
#2905=AXIS2_PLACEMENT_3D('',#2902,#2903,#2904);
#2907=CURVE_STYLE('',#262,POSITIVE_LENGTH_MEASURE(2.E-2),#130);
#2908=PRESENTATION_STYLE_ASSIGNMENT((#2907));
#2909=STYLED_ITEM('',(#2908),#2906);
#2910=CARTESIAN_POINT('',(8.273739471321E-10,-8.35E0,-2.175E1));
#2911=DIRECTION('',(-1.E0,7.194556062018E-10,0.E0));
#2912=DIRECTION('',(0.E0,-9.415884960617E-9,-1.E0));
#2913=AXIS2_PLACEMENT_3D('',#2910,#2911,#2912);
#2915=CURVE_STYLE('',#262,POSITIVE_LENGTH_MEASURE(2.E-2),#130);
#2916=PRESENTATION_STYLE_ASSIGNMENT((#2915));
#2917=STYLED_ITEM('',(#2916),#2914);
#2918=CARTESIAN_POINT('',(0.E0,1.25E1,-3.5E0));
#2919=CARTESIAN_POINT('',(0.E0,1.25E1,3.5E0));
#2920=VERTEX_POINT('',#2918);
#2921=VERTEX_POINT('',#2919);
#2922=CARTESIAN_POINT('',(0.E0,1.25E1,-4.5E0));
#2923=CARTESIAN_POINT('',(0.E0,1.25E1,4.5E0));
#2924=VERTEX_POINT('',#2922);
#2925=VERTEX_POINT('',#2923);
#2926=CARTESIAN_POINT('',(0.E0,1.163397459622E1,-5.E0));
#2927=CARTESIAN_POINT('',(0.E0,1.163397459622E1,5.E0));
#2928=VERTEX_POINT('',#2926);
#2929=VERTEX_POINT('',#2927);
#2930=CARTESIAN_POINT('',(0.E0,-7.3E0,-1.821174909119E1));
#2931=CARTESIAN_POINT('',(0.E0,-1.17E1,-1.821174909119E1));
#2932=VERTEX_POINT('',#2930);
#2933=VERTEX_POINT('',#2931);
#2934=CARTESIAN_POINT('',(0.E0,-7.3E0,-1.431174909119E1));
#2935=CARTESIAN_POINT('',(0.E0,-1.17E1,-1.431174909119E1));
#2936=VERTEX_POINT('',#2934);
#2937=VERTEX_POINT('',#2935);
#2938=CARTESIAN_POINT('',(0.E0,-7.665830086777E0,-1.81E1));
#2939=CARTESIAN_POINT('',(0.E0,-1.133416991322E1,-1.81E1));
#2940=VERTEX_POINT('',#2938);
#2941=VERTEX_POINT('',#2939);
#2942=CARTESIAN_POINT('',(0.E0,-7.863367754897E0,-1.786871310699E1));
#2943=CARTESIAN_POINT('',(0.E0,-1.113663224510E1,-1.786871310699E1));
#2944=VERTEX_POINT('',#2942);
#2945=VERTEX_POINT('',#2943);
#2946=CARTESIAN_POINT('',(0.E0,-7.665830086777E0,-1.42E1));
#2947=CARTESIAN_POINT('',(0.E0,-1.133416991322E1,-1.42E1));
#2948=VERTEX_POINT('',#2946);
#2949=VERTEX_POINT('',#2947);
#2950=CARTESIAN_POINT('',(0.E0,-7.863367754897E0,-1.396871310699E1));
#2951=CARTESIAN_POINT('',(0.E0,-1.113663224510E1,-1.396871310699E1));
#2952=VERTEX_POINT('',#2950);
#2953=VERTEX_POINT('',#2951);
#2954=CARTESIAN_POINT('',(0.E0,-1.17E1,-1.82E1));
#2955=CARTESIAN_POINT('',(0.E0,-7.3E0,-1.82E1));
#2956=VERTEX_POINT('',#2954);
#2957=VERTEX_POINT('',#2955);
#2958=CARTESIAN_POINT('',(0.E0,-1.16E1,-1.81E1));
#2959=CARTESIAN_POINT('',(0.E0,-7.4E0,-1.81E1));
#2960=VERTEX_POINT('',#2958);
#2961=VERTEX_POINT('',#2959);
#2962=CARTESIAN_POINT('',(0.E0,-1.17E1,-1.43E1));
#2963=CARTESIAN_POINT('',(0.E0,-7.3E0,-1.43E1));
#2964=VERTEX_POINT('',#2962);
#2965=VERTEX_POINT('',#2963);
#2966=CARTESIAN_POINT('',(0.E0,-1.16E1,-1.42E1));
#2967=CARTESIAN_POINT('',(0.E0,-7.4E0,-1.42E1));
#2968=VERTEX_POINT('',#2966);
#2969=VERTEX_POINT('',#2967);
#2970=CARTESIAN_POINT('',(0.E0,-1.101459193145E1,-2.2E1));
#2971=CARTESIAN_POINT('',(0.E0,-7.985408068546E0,-2.2E1));
#2972=VERTEX_POINT('',#2970);
#2973=VERTEX_POINT('',#2971);
#2974=CARTESIAN_POINT('',(0.E0,-1.111336076551E1,-2.191564344650E1));
#2975=CARTESIAN_POINT('',(0.E0,-7.886639234487E0,-2.191564344650E1));
#2976=VERTEX_POINT('',#2974);
#2977=VERTEX_POINT('',#2975);
#2978=CARTESIAN_POINT('',(0.E0,-7.3E0,-1.017564397072E1));
#2979=CARTESIAN_POINT('',(0.E0,-1.17E1,-1.017564397072E1));
#2980=VERTEX_POINT('',#2978);
#2981=VERTEX_POINT('',#2979);
#2982=CARTESIAN_POINT('',(0.E0,-7.336934978215E0,-1.064494736584E1));
#2983=CARTESIAN_POINT('',(0.E0,-1.166306502179E1,-1.064494736584E1));
#2984=VERTEX_POINT('',#2982);
#2985=VERTEX_POINT('',#2983);
#2986=CARTESIAN_POINT('',(0.E0,-8.35E0,-2.2E1));
#2987=CARTESIAN_POINT('',(0.E0,-1.065E1,-2.2E1));
#2988=VERTEX_POINT('',#2986);
#2989=VERTEX_POINT('',#2987);
#2990=CARTESIAN_POINT('',(0.E0,-8.6E0,-2.175E1));
#2991=CARTESIAN_POINT('',(0.E0,-1.04E1,-2.175E1));
#2992=VERTEX_POINT('',#2990);
#2993=VERTEX_POINT('',#2991);
#2994=VERTEX_POINT('',#245);
#2995=VERTEX_POINT('',#260);
#2996=VERTEX_POINT('',#373);
#2997=VERTEX_POINT('',#388);
#2998=VERTEX_POINT('',#330);
#2999=VERTEX_POINT('',#493);
#3000=VERTEX_POINT('',#400);
#3001=VERTEX_POINT('',#432);
#3002=VERTEX_POINT('',#873);
#3003=VERTEX_POINT('',#910);
#3004=VERTEX_POINT('',#669);
#3005=VERTEX_POINT('',#437);
#3006=VERTEX_POINT('',#719);
#3007=VERTEX_POINT('',#749);
#3008=VERTEX_POINT('',#615);
#3009=VERTEX_POINT('',#645);
#3010=CARTESIAN_POINT('',(5.539614316518E-11,-1.1E1,5.E0));
#3011=VERTEX_POINT('',#3010);
#3012=VERTEX_POINT('',#1656);
#3013=VERTEX_POINT('',#1672);
#3014=VERTEX_POINT('',#1160);
#3015=VERTEX_POINT('',#1176);
#3016=VERTEX_POINT('',#1703);
#3017=VERTEX_POINT('',#1722);
#3018=VERTEX_POINT('',#1378);
#3019=VERTEX_POINT('',#1397);
#3020=CARTESIAN_POINT('',(-2.746393609110E0,-1.05E1,1.207106781187E0));
#3021=CARTESIAN_POINT('',(-8.898428245013E-1,-1.05E1,1.207106790271E0));
#3022=VERTEX_POINT('',#3020);
#3023=VERTEX_POINT('',#3021);
#3024=VERTEX_POINT('',#528);
#3025=VERTEX_POINT('',#535);
#3026=VERTEX_POINT('',#922);
#3027=VERTEX_POINT('',#523);
#3028=CARTESIAN_POINT('',(8.898428477370E-1,-1.050000005716E1,
1.207106740750E0));
#3029=CARTESIAN_POINT('',(2.746416110607E0,-1.05E1,1.207106781187E0));
#3030=VERTEX_POINT('',#3028);
#3031=VERTEX_POINT('',#3029);
#3032=CARTESIAN_POINT('',(0.E0,-1.E1,3.5E0));
#3033=VERTEX_POINT('',#3032);
#3034=CARTESIAN_POINT('',(-4.900821285412E0,-1.1E1,9.909342705005E-1));
#3035=VERTEX_POINT('',#3034);
#3036=CARTESIAN_POINT('',(4.900810988563E0,-1.1E1,9.909851938245E-1));
#3037=VERTEX_POINT('',#3036);
#3038=CARTESIAN_POINT('',(3.920630160778E0,-1.170709384295E1,
8.577349962854E-2));
#3039=VERTEX_POINT('',#3038);
#3040=CARTESIAN_POINT('',(-3.920633618686E0,-1.170707674545E1,
8.575640189006E-2));
#3041=VERTEX_POINT('',#3040);
#3042=CARTESIAN_POINT('',(3.920627544611E0,-1.2E1,7.928932188134E-1));
#3043=VERTEX_POINT('',#3042);
#3044=CARTESIAN_POINT('',(-3.920627544611E0,-1.2E1,7.928932188134E-1));
#3045=VERTEX_POINT('',#3044);
#3046=CARTESIAN_POINT('',(2.5E-1,-6.078960370807E0,-7.788800288940E0));
#3047=CARTESIAN_POINT('',(2.5E-1,-2.885350423212E0,-5.300273057048E0));
#3048=VERTEX_POINT('',#3046);
#3049=VERTEX_POINT('',#3047);
#3050=CARTESIAN_POINT('',(5.E-1,-6.693609949158E0,-7.75E0));
#3051=CARTESIAN_POINT('',(5.E-1,-6.232622766586E0,-7.591600217634E0));
#3052=VERTEX_POINT('',#3050);
#3053=VERTEX_POINT('',#3051);
#3054=CARTESIAN_POINT('',(2.5E-1,-6.693609949158E0,-8.E0));
#3055=VERTEX_POINT('',#3054);
#3056=CARTESIAN_POINT('',(-5.E-1,-6.232622766586E0,-7.591600217634E0));
#3057=CARTESIAN_POINT('',(-5.E-1,-6.693609949158E0,-7.75E0));
#3058=VERTEX_POINT('',#3056);
#3059=VERTEX_POINT('',#3057);
#3060=CARTESIAN_POINT('',(-2.5E-1,-6.078960372396E0,-7.788800290179E0));
#3061=CARTESIAN_POINT('',(-2.5E-1,-6.693609949158E0,-8.E0));
#3062=VERTEX_POINT('',#3060);
#3063=VERTEX_POINT('',#3061);
#3064=CARTESIAN_POINT('',(-2.5E-1,-2.885350423211E0,-5.300273057047E0));
#3065=VERTEX_POINT('',#3064);
#3066=CARTESIAN_POINT('',(2.5E-1,-1.2E1,-6.999999997635E0));
#3067=CARTESIAN_POINT('',(-2.5E-1,-1.2E1,-6.999999997635E0));
#3068=VERTEX_POINT('',#3066);
#3069=VERTEX_POINT('',#3067);
#3070=VERTEX_POINT('',#2194);
#3071=VERTEX_POINT('',#2199);
#3072=VERTEX_POINT('',#2538);
#3073=VERTEX_POINT('',#2543);
#3074=VERTEX_POINT('',#2216);
#3075=VERTEX_POINT('',#2525);
#3076=VERTEX_POINT('',#2226);
#3077=VERTEX_POINT('',#2482);
#3078=VERTEX_POINT('',#2092);
#3079=VERTEX_POINT('',#2508);
#3080=VERTEX_POINT('',#2105);
#3081=VERTEX_POINT('',#2464);
#3082=VERTEX_POINT('',#2115);
#3083=VERTEX_POINT('',#2427);
#3084=CARTESIAN_POINT('',(7.143287414158E-1,-6.248172270838E0,
-4.948700596721E0));
#3085=VERTEX_POINT('',#3084);
#3086=CARTESIAN_POINT('',(4.999967748748E-1,-6.248168039256E0,
-5.196142626862E0));
#3087=VERTEX_POINT('',#3086);
#3088=VERTEX_POINT('',#2885);
#3089=VERTEX_POINT('',#2074);
#3090=VERTEX_POINT('',#1643);
#3091=VERTEX_POINT('',#2064);
#3092=CARTESIAN_POINT('',(6.734693879213E-1,-7.405617278640E0,
-7.750000004442E0));
#3093=VERTEX_POINT('',#3092);
#3094=CARTESIAN_POINT('',(4.999999999999E-1,-7.167619472484E0,
-7.750000001225E0));
#3095=VERTEX_POINT('',#3094);
#3096=VERTEX_POINT('',#1300);
#3097=VERTEX_POINT('',#2014);
#3098=CARTESIAN_POINT('',(0.E0,-7.3E0,-8.25E0));
#3099=VERTEX_POINT('',#3098);
#3100=CARTESIAN_POINT('',(-2.244897959184E-1,-7.311483531812E0,-8.25E0));
#3101=VERTEX_POINT('',#3100);
#3102=VERTEX_POINT('',#1136);
#3103=VERTEX_POINT('',#2351);
#3104=VERTEX_POINT('',#2364);
#3105=CARTESIAN_POINT('',(-6.734734920243E-1,-7.405618597771E0,
-5.278935196155E0));
#3106=VERTEX_POINT('',#3105);
#3107=CARTESIAN_POINT('',(-5.E-1,-7.167619241577E0,-5.278936713004E0));
#3108=VERTEX_POINT('',#3107);
#3109=VERTEX_POINT('',#1953);
#3110=VERTEX_POINT('',#2346);
#3111=VERTEX_POINT('',#1911);
#3112=VERTEX_POINT('',#2332);
#3113=VERTEX_POINT('',#1779);
#3114=VERTEX_POINT('',#1791);
#3115=VERTEX_POINT('',#1830);
#3116=VERTEX_POINT('',#1811);
#3117=VERTEX_POINT('',#1760);
#3118=CARTESIAN_POINT('',(-4.963875625678E-1,-1.179234582638E1,
-7.000000000006E0));
#3119=VERTEX_POINT('',#3118);
#3120=CARTESIAN_POINT('',(-6.669817450187E-1,-1.159645781064E1,
-7.000000000032E0));
#3121=VERTEX_POINT('',#3120);
#3122=VERTEX_POINT('',#2826);
#3123=VERTEX_POINT('',#1197);
#3124=VERTEX_POINT('',#2766);
#3125=VERTEX_POINT('',#1219);
#3126=VERTEX_POINT('',#2792);
#3127=VERTEX_POINT('',#1335);
#3128=VERTEX_POINT('',#2741);
#3129=VERTEX_POINT('',#1345);
#3130=CARTESIAN_POINT('',(4.963876819008E-1,-1.179234513204E1,
-2.553643062920E-1));
#3131=VERTEX_POINT('',#3130);
#3132=CARTESIAN_POINT('',(6.669949324914E-1,-1.159645263152E1,
-2.553692020592E-1));
#3133=VERTEX_POINT('',#3132);
#3134=VERTEX_POINT('',#2689);
#3135=VERTEX_POINT('',#2715);
#3136=VERTEX_POINT('',#1856);
#3137=CARTESIAN_POINT('',(0.E0,1.3225E1,0.E0));
#3138=DIRECTION('',(0.E0,-1.E0,0.E0));
#3139=DIRECTION('',(0.E0,0.E0,1.E0));
#3140=AXIS2_PLACEMENT_3D('',#3137,#3138,#3139);
#3141=CYLINDRICAL_SURFACE('',#3140,3.5E0);
#3143=ORIENTED_EDGE('',*,*,#3142,.T.);
#3145=ORIENTED_EDGE('',*,*,#3144,.F.);
#3147=ORIENTED_EDGE('',*,*,#3146,.T.);
#3149=ORIENTED_EDGE('',*,*,#3148,.F.);
#3151=ORIENTED_EDGE('',*,*,#3150,.T.);
#3152=EDGE_LOOP('',(#3143,#3145,#3147,#3149,#3151));
#3153=FACE_OUTER_BOUND('',#3152,.F.);
#3155=CARTESIAN_POINT('',(3.160061376427E0,-1.001035457943E1,1.498352907024E0));
#3156=CARTESIAN_POINT('',(3.324163570014E0,-1.033021635146E1,1.254235155316E0));
#3157=CARTESIAN_POINT('',(3.077079254705E0,-1.051944605600E1,
9.509596906954E-1));
#3158=CARTESIAN_POINT('',(2.666945029144E0,-1.038800809655E1,
8.930935681318E-1));
#3159=CARTESIAN_POINT('',(3.268773947384E0,-9.774813666695E0,1.262811994285E0));
#3160=CARTESIAN_POINT('',(3.436174432771E0,-1.008752419132E1,1.011542995182E0));
#3161=CARTESIAN_POINT('',(3.184123967082E0,-1.028752133917E1,
7.190349738704E-1));
#3162=CARTESIAN_POINT('',(2.765746449196E0,-1.017395621401E1,
6.790416855948E-1));
#3163=CARTESIAN_POINT('',(3.422675441773E0,-9.296035215943E0,
7.840335435324E-1));
#3164=CARTESIAN_POINT('',(3.594351919388E0,-9.595180297747E0,
5.191991016059E-1));
#3165=CARTESIAN_POINT('',(3.335863205746E0,-9.815602572638E0,
2.471162073362E-1));
#3166=CARTESIAN_POINT('',(2.906798866905E0,-9.735941030760E0,
2.410265023417E-1));
#3167=CARTESIAN_POINT('',(3.482842380576E0,-8.588180047992E0,
7.617837558139E-2));
#3168=CARTESIAN_POINT('',(3.656095160964E0,-8.868476345343E0,
-2.075048507983E-1));
#3169=CARTESIAN_POINT('',(3.395233050094E0,-9.117278734474E0,
-4.512076308280E-1));
#3170=CARTESIAN_POINT('',(2.962229119082E0,-9.084725225983E0,
-4.101893024350E-1));
#3171=CARTESIAN_POINT('',(3.398994583058E0,-7.935133504998E0,
-5.768681674125E-1));
#3172=CARTESIAN_POINT('',(3.570031559801E0,-8.197902649278E0,
-8.780785468631E-1));
#3173=CARTESIAN_POINT('',(3.312505725641E0,-8.473095207372E0,
-1.095391157931E0));
#3174=CARTESIAN_POINT('',(2.885039666441E0,-8.484346630392E0,
-1.010567898025E0));
#3175=CARTESIAN_POINT('',(3.210131391076E0,-7.366182278815E0,
-1.145819393595E0));
#3176=CARTESIAN_POINT('',(3.375844866169E0,-7.612712637492E0,
-1.463268558649E0));
#3177=CARTESIAN_POINT('',(3.126334487083E0,-7.912355503863E0,
-1.656130861439E0));
#3178=CARTESIAN_POINT('',(2.712173248367E0,-7.964191891726E0,
-1.530722636692E0));
#3179=CARTESIAN_POINT('',(2.950107770793E0,-6.883994940561E0,
-1.628006731849E0));
#3180=CARTESIAN_POINT('',(3.107733361542E0,-7.115364260403E0,
-1.960616935737E0));
#3181=CARTESIAN_POINT('',(2.870400695146E0,-7.437834700362E0,
-2.130651664940E0));
#3182=CARTESIAN_POINT('',(2.476453190987E0,-7.527562482517E0,
-1.967352045901E0));
#3183=CARTESIAN_POINT('',(2.642120542300E0,-6.481635683036E0,
-2.030365989374E0));
#3184=CARTESIAN_POINT('',(2.788956068184E0,-6.698770521697E0,
-2.377210674443E0));
#3185=CARTESIAN_POINT('',(2.567869715936E0,-7.042673441987E0,
-2.525812923316E0));
#3186=CARTESIAN_POINT('',(2.200889400946E0,-7.167976908950E0,
-2.326937619468E0));
#3187=CARTESIAN_POINT('',(2.302866521996E0,-6.151740638147E0,
-2.360261034263E0));
#3188=CARTESIAN_POINT('',(2.436190006780E0,-6.355618039176E0,
-2.720363156964E0));
#3189=CARTESIAN_POINT('',(2.235448376016E0,-6.719482331270E0,
-2.849004034032E0));
#3190=CARTESIAN_POINT('',(1.902238179455E0,-6.877919596126E0,
-2.616994932292E0));
#3191=CARTESIAN_POINT('',(1.946483461639E0,-5.888311048328E0,
-2.623690624082E0));
#3192=CARTESIAN_POINT('',(2.063687584816E0,-6.080174603288E0,
-2.995806592853E0));
#3193=CARTESIAN_POINT('',(1.887216448791E0,-6.462127824392E0,
-3.106358540910E0));
#3194=CARTESIAN_POINT('',(1.594292745329E0,-6.650590827151E0,
-2.844323701267E0));
#3195=CARTESIAN_POINT('',(1.584550558194E0,-5.684847758568E0,
-2.827153913843E0));
#3196=CARTESIAN_POINT('',(1.683356208304E0,-5.866290946226E0,
-3.209690249915E0));
#3197=CARTESIAN_POINT('',(1.534587164622E0,-6.263933837673E0,
-3.304552527629E0));
#3198=CARTESIAN_POINT('',(1.287646048825E0,-6.478440058864E0,
-3.016474469553E0));
#3199=CARTESIAN_POINT('',(1.222734853582E0,-5.532849687554E0,
-2.979151984856E0));
#3200=CARTESIAN_POINT('',(1.301232716590E0,-5.705704302091E0,
-3.370276894050E0));
#3201=CARTESIAN_POINT('',(1.183040568694E0,-6.116278780026E0,
-3.452207585276E0));
#3202=CARTESIAN_POINT('',(9.868539148222E-1,-6.352250087753E0,
-3.142664440665E0));
#3203=CARTESIAN_POINT('',(8.507854525296E-1,-5.421648303796E0,
-3.090353368615E0));
#3204=CARTESIAN_POINT('',(9.066998266734E-1,-5.587707650182E0,
-3.488273545959E0));
#3205=CARTESIAN_POINT('',(8.225110382772E-1,-6.008513582929E0,
-3.559972782373E0));
#3206=CARTESIAN_POINT('',(6.827664191717E-1,-6.261468039873E0,
-3.233446488545E0));
#3207=CARTESIAN_POINT('',(4.442175567710E-1,-5.346504199223E0,
-3.165497473187E0));
#3208=CARTESIAN_POINT('',(4.739313943286E-1,-5.507683859068E0,
-3.568297337073E0));
#3209=CARTESIAN_POINT('',(4.291920581403E-1,-5.935837006265E0,
-3.632649359037E0));
#3210=CARTESIAN_POINT('',(3.549294203976E-1,-6.200987073862E0,
-3.293927454556E0));
#3211=CARTESIAN_POINT('',(1.233543803376E-1,-5.326061372592E0,
-3.185940299818E0));
#3212=CARTESIAN_POINT('',(1.316076173917E-1,-5.485858888500E0,
-3.590122307641E0));
#3213=CARTESIAN_POINT('',(1.191809375160E-1,-5.916093093122E0,
-3.652393272180E0));
#3214=CARTESIAN_POINT('',(9.855394336311E-2,-6.184697499271E0,
-3.310217029147E0));
#3215=CARTESIAN_POINT('',(-6.034369719594E-2,-5.328364399056E0,
-3.183637273354E0));
#3216=CARTESIAN_POINT('',(-6.438093434736E-2,-5.488318187426E0,
-3.587663008715E0));
#3217=CARTESIAN_POINT('',(-5.830217357339E-2,-5.918317096752E0,
-3.650169268550E0));
#3218=CARTESIAN_POINT('',(-4.821206389044E-2,-6.186530937217E0,
-3.308383591201E0));
#3219=CARTESIAN_POINT('',(-9.047548860785E-2,-5.329124732922E0,
-3.182876939488E0));
#3220=CARTESIAN_POINT('',(-9.652739699289E-2,-5.489130332368E0,
-3.586850863773E0));
#3221=CARTESIAN_POINT('',(-8.741519924011E-2,-5.919051231132E0,
-3.649435134170E0));
#3222=CARTESIAN_POINT('',(-7.228990015416E-2,-6.187135582191E0,
-3.307778946227E0));
#3223=(BOUNDED_SURFACE()B_SPLINE_SURFACE(3,3,((#3155,#3156,#3157,#3158),(#3159,
#3160,#3161,#3162),(#3163,#3164,#3165,#3166),(#3167,#3168,#3169,#3170),(#3171,
#3172,#3173,#3174),(#3175,#3176,#3177,#3178),(#3179,#3180,#3181,#3182),(#3183,
#3184,#3185,#3186),(#3187,#3188,#3189,#3190),(#3191,#3192,#3193,#3194),(#3195,
#3196,#3197,#3198),(#3199,#3200,#3201,#3202),(#3203,#3204,#3205,#3206),(#3207,
#3208,#3209,#3210),(#3211,#3212,#3213,#3214),(#3215,#3216,#3217,#3218),(#3219,
#3220,#3221,#3222)),.UNSPECIFIED.,.F.,.F.,.F.)B_SPLINE_SURFACE_WITH_KNOTS((4,1,
1,1,1,1,1,1,1,1,1,1,1,1,4),(4,4),(5.622728539975E-1,6.180603638999E-1,
6.729230165273E-1,7.227730210831E-1,7.665111255077E-1,8.048161024044E-1,
8.385434991686E-1,8.682773318213E-1,8.945736153043E-1,9.177697785130E-1,
9.383995703911E-1,9.575938043191E-1,9.775525438195E-1,1.E0,1.004410614703E0),(
0.E0,1.E0),.UNSPECIFIED.)GEOMETRIC_REPRESENTATION_ITEM()RATIONAL_B_SPLINE_SURFACE(((1.335228825349E0,8.882570582170E-1,8.882570582170E-1,1.335228825349E0),(
1.335228825349E0,8.882570582170E-1,8.882570582170E-1,1.335228825349E0),(
1.335228825349E0,8.882570582170E-1,8.882570582170E-1,1.335228825349E0),(
1.335228825349E0,8.882570582170E-1,8.882570582170E-1,1.335228825349E0),(
1.335228825349E0,8.882570582170E-1,8.882570582170E-1,1.335228825349E0),(
1.335228825349E0,8.882570582170E-1,8.882570582170E-1,1.335228825349E0),(
1.335228825349E0,8.882570582170E-1,8.882570582170E-1,1.335228825349E0),(
1.335228825349E0,8.882570582170E-1,8.882570582170E-1,1.335228825349E0),(
1.335228825349E0,8.882570582170E-1,8.882570582170E-1,1.335228825349E0),(
1.335228825349E0,8.882570582170E-1,8.882570582170E-1,1.335228825349E0),(
1.335228825349E0,8.882570582170E-1,8.882570582170E-1,1.335228825349E0),(
1.335228825349E0,8.882570582170E-1,8.882570582170E-1,1.335228825349E0),(
1.335228825349E0,8.882570582170E-1,8.882570582170E-1,1.335228825349E0),(
1.335228825349E0,8.882570582170E-1,8.882570582170E-1,1.335228825349E0),(
1.335228825349E0,8.882570582170E-1,8.882570582170E-1,1.335228825349E0),(
1.335228825349E0,8.882570582170E-1,8.882570582170E-1,1.335228825349E0),(
1.335228825349E0,8.882570582170E-1,8.882570582170E-1,1.335228825349E0)))REPRESENTATION_ITEM('')SURFACE());
#3224=ORIENTED_EDGE('',*,*,#3142,.F.);
#3226=ORIENTED_EDGE('',*,*,#3225,.T.);
#3228=ORIENTED_EDGE('',*,*,#3227,.T.);
#3230=ORIENTED_EDGE('',*,*,#3229,.F.);
#3231=EDGE_LOOP('',(#3224,#3226,#3228,#3230));
#3232=FACE_OUTER_BOUND('',#3231,.F.);
#3234=CARTESIAN_POINT('',(2.746432817094E0,-1.E1,1.207106781187E0));
#3235=DIRECTION('',(0.E0,3.826834323651E-1,-9.238795325113E-1));
#3236=DIRECTION('',(0.E0,-9.238795325113E-1,-3.826834323651E-1));
#3237=AXIS2_PLACEMENT_3D('',#3234,#3235,#3236);
#3238=SPHERICAL_SURFACE('',#3237,5.E-1);
#3240=ORIENTED_EDGE('',*,*,#3239,.F.);
#3242=ORIENTED_EDGE('',*,*,#3241,.F.);
#3243=ORIENTED_EDGE('',*,*,#3225,.F.);
#3244=EDGE_LOOP('',(#3240,#3242,#3243));
#3245=FACE_OUTER_BOUND('',#3244,.F.);
#3247=CARTESIAN_POINT('',(0.E0,-1.E1,0.E0));
#3248=DIRECTION('',(0.E0,-1.E0,0.E0));
#3249=DIRECTION('',(-2.112014382689E-2,0.E0,9.997769448856E-1));
#3250=AXIS2_PLACEMENT_3D('',#3247,#3248,#3249);
#3251=TOROIDAL_SURFACE('',#3250,3.E0,5.E-1);
#3252=ORIENTED_EDGE('',*,*,#3150,.F.);
#3254=ORIENTED_EDGE('',*,*,#3253,.F.);
#3256=ORIENTED_EDGE('',*,*,#3255,.T.);
#3258=ORIENTED_EDGE('',*,*,#3257,.T.);
#3259=ORIENTED_EDGE('',*,*,#3239,.T.);
#3260=EDGE_LOOP('',(#3252,#3254,#3256,#3258,#3259));
#3261=FACE_OUTER_BOUND('',#3260,.F.);
#3263=CARTESIAN_POINT('',(0.E0,1.3225E1,0.E0));
#3264=DIRECTION('',(0.E0,-1.E0,0.E0));
#3265=DIRECTION('',(0.E0,0.E0,1.E0));
#3266=AXIS2_PLACEMENT_3D('',#3263,#3264,#3265);
#3267=CYLINDRICAL_SURFACE('',#3266,3.5E0);
#3269=ORIENTED_EDGE('',*,*,#3268,.T.);
#3270=ORIENTED_EDGE('',*,*,#3253,.T.);
#3271=ORIENTED_EDGE('',*,*,#3148,.T.);
#3273=ORIENTED_EDGE('',*,*,#3272,.F.);
#3274=ORIENTED_EDGE('',*,*,#3144,.T.);
#3275=EDGE_LOOP('',(#3269,#3270,#3271,#3273,#3274));
#3276=FACE_OUTER_BOUND('',#3275,.F.);
#3278=CARTESIAN_POINT('',(9.059388288628E-2,-5.329135869261E0,
-3.182868083838E0));
#3279=CARTESIAN_POINT('',(9.665336127110E-2,-5.489144460840E0,
-3.586838429795E0));
#3280=CARTESIAN_POINT('',(8.752967021741E-2,-5.919061382230E0,
-3.649424776754E0));
#3281=CARTESIAN_POINT('',(7.238532869937E-2,-6.187140103833E0,
-3.307774427472E0));
#3282=CARTESIAN_POINT('',(6.042295239676E-2,-5.328367585505E0,
-3.183636367594E0));
#3283=CARTESIAN_POINT('',(6.446516081434E-2,-5.488323098264E0,
-3.587659792372E0));
#3284=CARTESIAN_POINT('',(5.837885132787E-2,-5.918319939860E0,
-3.650166219124E0));
#3285=CARTESIAN_POINT('',(4.827623508350E-2,-6.186531320373E0,
-3.308383210933E0));
#3286=CARTESIAN_POINT('',(-1.777863854333E-1,-5.325360314542E0,
-3.186643638557E0));
#3287=CARTESIAN_POINT('',(-1.896807285759E-1,-5.485108698459E0,
-3.590874192176E0));
#3288=CARTESIAN_POINT('',(-1.717715447769E-1,-5.915417411712E0,
-3.653068747273E0));
#3289=CARTESIAN_POINT('',(-1.420442343972E-1,-6.184146465480E0,
-3.310768065825E0));
#3290=CARTESIAN_POINT('',(-6.422654430524E-1,-5.365715687611E0,
-3.146288265488E0));
#3291=CARTESIAN_POINT('',(-6.852129417691E-1,-5.528215710966E0,
-3.547767179669E0));
#3292=CARTESIAN_POINT('',(-6.205473575496E-1,-5.954381310483E0,
-3.614104848501E0));
#3293=CARTESIAN_POINT('',(-5.132094735595E-1,-6.216233243031E0,
-3.278681288274E0));
#3294=CARTESIAN_POINT('',(-1.278119017852E0,-5.538351673052E0,
-2.973652280047E0));
#3295=CARTESIAN_POINT('',(-1.360427005756E0,-5.711748611452E0,
-3.364234279184E0));
#3296=CARTESIAN_POINT('',(-1.236496758762E0,-6.121506843867E0,
-3.446979315117E0));
#3297=CARTESIAN_POINT('',(-1.030785936919E0,-6.356124319512E0,
-3.138790211793E0));
#3298=CARTESIAN_POINT('',(-1.889782029096E0,-5.835970834181E0,
-2.676033118918E0));
#3299=CARTESIAN_POINT('',(-2.004798161326E0,-6.025612099649E0,
-3.050370790986E0));
#3300=CARTESIAN_POINT('',(-1.831619615251E0,-6.410911424526E0,
-3.157574734458E0));
#3301=CARTESIAN_POINT('',(-1.544161937220E0,-6.604929755951E0,
-2.889984775355E0));
#3302=CARTESIAN_POINT('',(-2.448407925446E0,-6.262345706753E0,
-2.249658246346E0));
#3303=CARTESIAN_POINT('',(-2.588133250433E0,-6.471242916877E0,
-2.604739973759E0));
#3304=CARTESIAN_POINT('',(-2.377750340123E0,-6.827548774193E0,
-2.740937384791E0));
#3305=CARTESIAN_POINT('',(-2.028537436647E0,-6.973441081626E0,
-2.521473449679E0));
#3306=CARTESIAN_POINT('',(-2.917291822877E0,-6.810673817647E0,
-1.701330135452E0));
#3307=CARTESIAN_POINT('',(-3.074018250002E0,-7.039870380413E0,
-2.036112510222E0));
#3308=CARTESIAN_POINT('',(-2.838036964118E0,-7.365611722051E0,
-2.202874436933E0));
#3309=CARTESIAN_POINT('',(-2.446333522578E0,-7.460770235339E0,
-2.034144295966E0));
#3310=CARTESIAN_POINT('',(-3.257492607959E0,-7.453262112756E0,
-1.058741840343E0));
#3311=CARTESIAN_POINT('',(-3.424627944190E0,-7.702509284115E0,
-1.373473606520E0));
#3312=CARTESIAN_POINT('',(-3.172974076467E0,-7.998060641298E0,
-1.570425517686E0));
#3313=CARTESIAN_POINT('',(-2.755255842179E0,-8.043107041810E0,
-1.451807489496E0));
#3314=CARTESIAN_POINT('',(-3.445184281793E0,-8.145820617477E0,
-3.661833356224E-1));
#3315=CARTESIAN_POINT('',(-3.617451889008E0,-8.414342291909E0,
-6.616405987263E-1));
#3316=CARTESIAN_POINT('',(-3.358070416384E0,-8.680872238323E0,
-8.876139206617E-1));
#3317=CARTESIAN_POINT('',(-2.927525192772E0,-8.677746232137E0,
-8.171682991686E-1));
#3318=CARTESIAN_POINT('',(-3.477624787071E0,-8.842414116040E0,
3.304101629411E-1));
#3319=CARTESIAN_POINT('',(-3.650740435797E0,-9.129428958129E0,
5.344606749330E-2));
#3320=CARTESIAN_POINT('',(-3.390082076244E0,-9.368113942058E0,
-2.003722169260E-1));
#3321=CARTESIAN_POINT('',(-2.957417358272E0,-9.318768306236E0,
-1.761462250689E-1));
#3322=CARTESIAN_POINT('',(-3.373857677663E0,-9.466694539441E0,
9.546905863419E-1));
#3323=CARTESIAN_POINT('',(-3.544211445094E0,-9.770586763549E0,
6.946038729132E-1));
#3324=CARTESIAN_POINT('',(-3.287711620330E0,-9.983859655948E0,
4.153734969642E-1));
#3325=CARTESIAN_POINT('',(-2.861949620863E0,-9.892332693452E0,
3.974181621468E-1));
#3326=CARTESIAN_POINT('',(-3.234534731256E0,-9.849057763250E0,
1.337053810151E0));
#3327=CARTESIAN_POINT('',(-3.400898769285E0,-1.016402180740E1,
1.088038916761E0));
#3328=CARTESIAN_POINT('',(-3.150406236921E0,-1.036062398014E1,
7.921378211526E-1));
#3329=CARTESIAN_POINT('',(-2.734615693868E0,-1.024142542394E1,
7.465108926355E-1));
#3330=CARTESIAN_POINT('',(-3.160108057732E0,-1.001027583973E1,
1.498271886633E0));
#3331=CARTESIAN_POINT('',(-3.324210697165E0,-1.033013428420E1,
1.254151393565E0));
#3332=CARTESIAN_POINT('',(-3.077123128203E0,-1.051936701132E1,
9.508808523384E-1));
#3333=CARTESIAN_POINT('',(-2.666984456564E0,-1.038793597152E1,
8.930214402155E-1));
#3334=(BOUNDED_SURFACE()B_SPLINE_SURFACE(3,3,((#3278,#3279,#3280,#3281),(#3282,
#3283,#3284,#3285),(#3286,#3287,#3288,#3289),(#3290,#3291,#3292,#3293),(#3294,
#3295,#3296,#3297),(#3298,#3299,#3300,#3301),(#3302,#3303,#3304,#3305),(#3306,
#3307,#3308,#3309),(#3310,#3311,#3312,#3313),(#3314,#3315,#3316,#3317),(#3318,
#3319,#3320,#3321),(#3322,#3323,#3324,#3325),(#3326,#3327,#3328,#3329),(#3330,
#3331,#3332,#3333)),.UNSPECIFIED.,.F.,.F.,.F.)B_SPLINE_SURFACE_WITH_KNOTS((4,1,
1,1,1,1,1,1,1,1,1,4),(4,4),(-4.415983948752E-3,0.E0,3.040929167981E-2,
6.329171506179E-2,9.990885859882E-2,1.416336518752E-1,1.892813278753E-1,
2.414886634347E-1,2.953084353646E-1,3.484811382140E-1,3.993395214808E-1,
4.375530204888E-1),(0.E0,1.E0),.UNSPECIFIED.)GEOMETRIC_REPRESENTATION_ITEM()RATIONAL_B_SPLINE_SURFACE(((1.335227453636E0,8.882575154546E-1,8.882575154546E-1,
1.335227453636E0),(1.335227453636E0,8.882575154546E-1,8.882575154546E-1,
1.335227453636E0),(1.335227453636E0,8.882575154546E-1,8.882575154546E-1,
1.335227453636E0),(1.335227453636E0,8.882575154546E-1,8.882575154546E-1,
1.335227453636E0),(1.335227453636E0,8.882575154546E-1,8.882575154546E-1,
1.335227453636E0),(1.335227453636E0,8.882575154546E-1,8.882575154546E-1,
1.335227453636E0),(1.335227453636E0,8.882575154546E-1,8.882575154546E-1,
1.335227453636E0),(1.335227453636E0,8.882575154546E-1,8.882575154546E-1,
1.335227453636E0),(1.335227453636E0,8.882575154546E-1,8.882575154546E-1,
1.335227453636E0),(1.335227453636E0,8.882575154546E-1,8.882575154546E-1,
1.335227453636E0),(1.335227453636E0,8.882575154546E-1,8.882575154546E-1,
1.335227453636E0),(1.335227453636E0,8.882575154546E-1,8.882575154546E-1,
1.335227453636E0),(1.335227453636E0,8.882575154546E-1,8.882575154546E-1,
1.335227453636E0),(1.335227453636E0,8.882575154546E-1,8.882575154546E-1,
1.335227453636E0)))REPRESENTATION_ITEM('')SURFACE());
#3335=ORIENTED_EDGE('',*,*,#3268,.F.);
#3336=ORIENTED_EDGE('',*,*,#3229,.T.);
#3338=ORIENTED_EDGE('',*,*,#3337,.T.);
#3340=ORIENTED_EDGE('',*,*,#3339,.T.);
#3341=EDGE_LOOP('',(#3335,#3336,#3338,#3340));
#3342=FACE_OUTER_BOUND('',#3341,.F.);
#3344=CARTESIAN_POINT('',(-6.009510116806E0,-6.E0,-3.5E0));
#3345=DIRECTION('',(0.E0,7.071067811865E-1,7.071067811865E-1));
#3346=DIRECTION('',(0.E0,-7.071067811865E-1,7.071067811865E-1));
#3347=AXIS2_PLACEMENT_3D('',#3344,#3345,#3346);
#3348=PLANE('',#3347);
#3349=ORIENTED_EDGE('',*,*,#3227,.F.);
#3351=ORIENTED_EDGE('',*,*,#3350,.F.);
#3353=ORIENTED_EDGE('',*,*,#3352,.F.);
#3355=ORIENTED_EDGE('',*,*,#3354,.F.);
#3357=ORIENTED_EDGE('',*,*,#3356,.F.);
#3358=ORIENTED_EDGE('',*,*,#3337,.F.);
#3359=EDGE_LOOP('',(#3349,#3351,#3353,#3355,#3357,#3358));
#3360=FACE_OUTER_BOUND('',#3359,.F.);
#3362=CARTESIAN_POINT('',(-1.804558312032E1,-1.E1,1.207106781187E0));
#3363=DIRECTION('',(1.E0,0.E0,0.E0));
#3364=DIRECTION('',(0.E0,-1.E0,0.E0));
#3365=AXIS2_PLACEMENT_3D('',#3362,#3363,#3364);
#3366=CYLINDRICAL_SURFACE('',#3365,5.E-1);
#3367=ORIENTED_EDGE('',*,*,#3350,.T.);
#3368=ORIENTED_EDGE('',*,*,#3241,.T.);
#3370=ORIENTED_EDGE('',*,*,#3369,.F.);
#3372=ORIENTED_EDGE('',*,*,#3371,.T.);
#3373=EDGE_LOOP('',(#3367,#3368,#3370,#3372));
#3374=FACE_OUTER_BOUND('',#3373,.F.);
#3376=CARTESIAN_POINT('',(0.E0,-1.05E1,0.E0));
#3377=DIRECTION('',(0.E0,-1.E0,0.E0));
#3378=DIRECTION('',(0.E0,0.E0,1.E0));
#3379=AXIS2_PLACEMENT_3D('',#3376,#3377,#3378);
#3380=PLANE('',#3379);
#3382=ORIENTED_EDGE('',*,*,#3381,.T.);
#3384=ORIENTED_EDGE('',*,*,#3383,.F.);
#3386=ORIENTED_EDGE('',*,*,#3385,.F.);
#3388=ORIENTED_EDGE('',*,*,#3387,.F.);
#3390=ORIENTED_EDGE('',*,*,#3389,.F.);
#3391=ORIENTED_EDGE('',*,*,#3369,.T.);
#3392=ORIENTED_EDGE('',*,*,#3257,.F.);
#3393=EDGE_LOOP('',(#3382,#3384,#3386,#3388,#3390,#3391,#3392));
#3394=FACE_OUTER_BOUND('',#3393,.F.);
#3396=CARTESIAN_POINT('',(-1.804558312032E1,-1.E1,1.207106781187E0));
#3397=DIRECTION('',(1.E0,0.E0,0.E0));
#3398=DIRECTION('',(0.E0,-1.E0,0.E0));
#3399=AXIS2_PLACEMENT_3D('',#3396,#3397,#3398);
#3400=CYLINDRICAL_SURFACE('',#3399,5.E-1);
#3401=ORIENTED_EDGE('',*,*,#3381,.F.);
#3403=ORIENTED_EDGE('',*,*,#3402,.T.);
#3404=ORIENTED_EDGE('',*,*,#3356,.T.);
#3406=ORIENTED_EDGE('',*,*,#3405,.T.);
#3407=EDGE_LOOP('',(#3401,#3403,#3404,#3406));
#3408=FACE_OUTER_BOUND('',#3407,.F.);
#3410=CARTESIAN_POINT('',(-2.746432817094E0,-1.E1,1.207106781187E0));
#3411=DIRECTION('',(5.711664172539E-1,-4.411638737119E-1,-6.922018205212E-1));
#3412=DIRECTION('',(-7.653028126738E-1,-5.911131032966E-1,-2.547487076013E-1));
#3413=AXIS2_PLACEMENT_3D('',#3410,#3411,#3412);
#3414=SPHERICAL_SURFACE('',#3413,5.E-1);
#3415=ORIENTED_EDGE('',*,*,#3255,.F.);
#3416=ORIENTED_EDGE('',*,*,#3339,.F.);
#3417=ORIENTED_EDGE('',*,*,#3402,.F.);
#3418=EDGE_LOOP('',(#3415,#3416,#3417));
#3419=FACE_OUTER_BOUND('',#3418,.F.);
#3421=CARTESIAN_POINT('',(-9.272680247317E-1,-1.049739327780E1,
1.257618026605E0));
#3422=CARTESIAN_POINT('',(-9.230984836770E-1,-1.051562120027E1,
1.079741666269E0));
#3423=CARTESIAN_POINT('',(-9.192564837597E-1,-1.044422022261E1,
9.158010411430E-1));
#3424=CARTESIAN_POINT('',(-9.167301769926E-1,-1.030155448364E1,
8.079612376911E-1));
#3425=CARTESIAN_POINT('',(-9.148598732444E-1,-1.049709342876E1,
1.260863238350E0));
#3426=CARTESIAN_POINT('',(-9.120811231057E-1,-1.051637623056E1,
1.083061700749E0));
#3427=CARTESIAN_POINT('',(-9.095082566433E-1,-1.044594709503E1,
9.186668658805E-1));
#3428=CARTESIAN_POINT('',(-9.078030081698E-1,-1.030392020581E1,
8.099606417296E-1));
#3429=CARTESIAN_POINT('',(-8.313372461058E-1,-1.049488462733E1,
1.281725845850E0));
#3430=CARTESIAN_POINT('',(-8.378687419801E-1,-1.052127445229E1,
1.104604920514E0));
#3431=CARTESIAN_POINT('',(-8.438739968186E-1,-1.045742599677E1,
9.373091243064E-1));
#3432=CARTESIAN_POINT('',(-8.478084752792E-1,-1.031976091126E1,
8.228664846420E-1));
#3433=CARTESIAN_POINT('',(-6.713338047076E-1,-1.048834659322E1,
1.309512179740E0));
#3434=CARTESIAN_POINT('',(-6.949584551793E-1,-1.052841216229E1,
1.135895920289E0));
#3435=CARTESIAN_POINT('',(-7.177610365683E-1,-1.047762809232E1,
9.650151194890E-1));
#3436=CARTESIAN_POINT('',(-7.338767864635E-1,-1.034905590908E1,
8.408198582636E-1));
#3437=CARTESIAN_POINT('',(-4.380263958226E-1,-1.047185916654E1,
1.321032739825E0));
#3438=CARTESIAN_POINT('',(-4.831329209891E-1,-1.053247319487E1,
1.157889092756E0));
#3439=CARTESIAN_POINT('',(-5.298733457612E-1,-1.050248836796E1,
9.868398002427E-1));
#3440=CARTESIAN_POINT('',(-5.662261589946E-1,-1.038961670238E1,
8.518782788224E-1));
#3441=CARTESIAN_POINT('',(-2.680741790677E-1,-1.045244500664E1,
1.310751543311E0));
#3442=CARTESIAN_POINT('',(-3.233708850231E-1,-1.052916326659E1,
1.158613343375E0));
#3443=CARTESIAN_POINT('',(-3.843131045411E-1,-1.051661857311E1,
9.906194906269E-1));
#3444=CARTESIAN_POINT('',(-4.352266631855E-1,-1.041803738750E1,
8.499775507413E-1));
#3445=CARTESIAN_POINT('',(-1.814913257988E-1,-1.043910632570E1,
1.303948701099E0));
#3446=CARTESIAN_POINT('',(-2.377693118087E-1,-1.052465765276E1,
1.157301884168E0));
#3447=CARTESIAN_POINT('',(-3.018482038584E-1,-1.052215083770E1,
9.903320533620E-1));
#3448=CARTESIAN_POINT('',(-3.572470837993E-1,-1.043223062660E1,
8.459833986746E-1));
#3449=CARTESIAN_POINT('',(-1.700114053563E-1,-1.043726514191E1,
1.303032161008E0));
#3450=CARTESIAN_POINT('',(-2.263278958630E-1,-1.052400160926E1,
1.157106992214E0));
#3451=CARTESIAN_POINT('',(-2.907308326961E-1,-1.052285062628E1,
9.902563660801E-1));
#3452=CARTESIAN_POINT('',(-3.466559542632E-1,-1.043410822269E1,
8.453938134799E-1));
#3453=(BOUNDED_SURFACE()B_SPLINE_SURFACE(3,3,((#3421,#3422,#3423,#3424),(#3425,
#3426,#3427,#3428),(#3429,#3430,#3431,#3432),(#3433,#3434,#3435,#3436),(#3437,
#3438,#3439,#3440),(#3441,#3442,#3443,#3444),(#3445,#3446,#3447,#3448),(#3449,
#3450,#3451,#3452)),.UNSPECIFIED.,.F.,.F.,.F.)B_SPLINE_SURFACE_WITH_KNOTS((4,1,
1,1,1,4),(4,4),(-5.735188896230E-2,0.E0,3.265953977357E-1,6.533613342537E-1,
1.E0,1.053799270823E0),(0.E0,1.E0),.UNSPECIFIED.)GEOMETRIC_REPRESENTATION_ITEM()RATIONAL_B_SPLINE_SURFACE(((1.068717835997E0,9.770940546678E-1,9.770940546678E-1,
1.068717835997E0),(1.068717835997E0,9.770940546678E-1,9.770940546678E-1,
1.068717835997E0),(1.068717835997E0,9.770940546678E-1,9.770940546678E-1,
1.068717835997E0),(1.068717835997E0,9.770940546678E-1,9.770940546678E-1,
1.068717835997E0),(1.068717835997E0,9.770940546678E-1,9.770940546678E-1,
1.068717835997E0),(1.068717835997E0,9.770940546678E-1,9.770940546678E-1,
1.068717835997E0),(1.068717835997E0,9.770940546678E-1,9.770940546678E-1,
1.068717835997E0),(1.068717835997E0,9.770940546678E-1,9.770940546678E-1,
1.068717835997E0)))REPRESENTATION_ITEM('')SURFACE());
#3454=ORIENTED_EDGE('',*,*,#3383,.T.);
#3455=ORIENTED_EDGE('',*,*,#3405,.F.);
#3457=ORIENTED_EDGE('',*,*,#3456,.F.);
#3459=ORIENTED_EDGE('',*,*,#3458,.F.);
#3460=EDGE_LOOP('',(#3454,#3455,#3457,#3459));
#3461=FACE_OUTER_BOUND('',#3460,.F.);
#3463=CARTESIAN_POINT('',(-5.093168919952E-1,-1.096183784582E1,
1.200134923769E0));
#3464=CARTESIAN_POINT('',(-5.442023054285E-1,-1.095226756871E1,
1.191801018160E0));
#3465=CARTESIAN_POINT('',(-6.222575562850E-1,-1.092846185334E1,
1.171052880279E0));
#3466=CARTESIAN_POINT('',(-7.430924512857E-1,-1.088313342709E1,
1.131421607498E0));
#3467=CARTESIAN_POINT('',(-8.738510699917E-1,-1.082264765751E1,
1.078359071534E0));
#3468=CARTESIAN_POINT('',(-1.005860707818E0,-1.074820948357E1,
1.012958322976E0));
#3469=CARTESIAN_POINT('',(-1.138257219032E0,-1.065822234650E1,
9.335811515625E-1));
#3470=CARTESIAN_POINT('',(-1.268685741491E0,-1.055126744320E1,
8.388313505079E-1));
#3471=CARTESIAN_POINT('',(-1.394453904030E0,-1.042627176714E1,
7.275968996866E-1));
#3472=CARTESIAN_POINT('',(-1.512919402460E0,-1.028201823098E1,
5.985476492628E-1));
#3473=CARTESIAN_POINT('',(-1.620971372511E0,-1.011701119844E1,
4.500959188390E-1));
#3474=CARTESIAN_POINT('',(-1.715117310593E0,-9.929857294480E0,
2.807543489945E-1));
#3475=CARTESIAN_POINT('',(-1.790456639157E0,-9.719364514869E0,
8.888917311629E-2));
#3476=CARTESIAN_POINT('',(-1.838134000450E0,-9.493876860916E0,
-1.177958443495E-1));
#3477=CARTESIAN_POINT('',(-1.856118770189E0,-9.266525856769E0,
-3.276287305298E-1));
#3478=CARTESIAN_POINT('',(-1.844590996444E0,-9.049239521757E0,
-5.295605827874E-1));
#3479=CARTESIAN_POINT('',(-1.810217969116E0,-8.853524440454E0,
-7.122394409435E-1));
#3480=CARTESIAN_POINT('',(-1.760027340778E0,-8.679317816458E0,
-8.758400755091E-1));
#3481=CARTESIAN_POINT('',(-1.698572240282E0,-8.526344559840E0,
-1.020086836919E0));
#3482=CARTESIAN_POINT('',(-1.629594815853E0,-8.391562347093E0,
-1.147636990515E0));
#3483=CARTESIAN_POINT('',(-1.555249982237E0,-8.271754854237E0,
-1.261454087957E0));
#3484=CARTESIAN_POINT('',(-1.477180115475E0,-8.165435446644E0,
-1.362816786045E0));
#3485=CARTESIAN_POINT('',(-1.397518335663E0,-8.072046388826E0,
-1.452117426374E0));
#3486=CARTESIAN_POINT('',(-1.317952379839E0,-7.990445216327E0,
-1.530367427896E0));
#3487=CARTESIAN_POINT('',(-1.238986669433E0,-7.918811098726E0,
-1.599241630841E0));
#3488=CARTESIAN_POINT('',(-1.159852417662E0,-7.854888791375E0,
-1.660850214956E0));
#3489=CARTESIAN_POINT('',(-1.078742601387E0,-7.796453470806E0,
-1.717299619063E0));
#3490=CARTESIAN_POINT('',(-9.938675515087E-1,-7.742101136558E0,
-1.769909429369E0));
#3491=CARTESIAN_POINT('',(-9.040683993298E-1,-7.691326930138E0,
-1.819158749359E0));
#3492=CARTESIAN_POINT('',(-8.092781509261E-1,-7.644518830280E0,
-1.864656763997E0));
#3493=CARTESIAN_POINT('',(-7.098353950885E-1,-7.602312563576E0,
-1.905763030805E0));
#3494=CARTESIAN_POINT('',(-6.056063529194E-1,-7.565038819906E0,
-1.942111274336E0));
#3495=CARTESIAN_POINT('',(-4.939509509203E-1,-7.532259986630E0,
-1.974123289807E0));
#3496=CARTESIAN_POINT('',(-3.700313784976E-1,-7.503944682007E0,
-2.001818635247E0));
#3497=CARTESIAN_POINT('',(-2.279459885983E-1,-7.481423339935E0,
-2.023882253033E0));
#3498=CARTESIAN_POINT('',(-8.152604591097E-2,-7.469881056107E0,
-2.035213298137E0));
#3499=CARTESIAN_POINT('',(1.831170369968E-2,-7.470025045953E0,
-2.035045619589E0));
#3500=CARTESIAN_POINT('',(6.264587435590E-2,-7.471799676039E0,
-2.033287949530E0));
#3501=CARTESIAN_POINT('',(-4.566885600593E-1,-1.071081710575E1,
1.233152259286E0));
#3502=CARTESIAN_POINT('',(-4.879838079703E-1,-1.070203501123E1,
1.225087874708E0));
#3503=CARTESIAN_POINT('',(-5.579919995905E-1,-1.068018889776E1,
1.205008913506E0));
#3504=CARTESIAN_POINT('',(-6.661851942818E-1,-1.063862971314E1,
1.166698102890E0));
#3505=CARTESIAN_POINT('',(-7.829260947445E-1,-1.058326514497E1,
1.115486143992E0));
#3506=CARTESIAN_POINT('',(-9.008034637897E-1,-1.051500996411E1,
1.052161142810E0));
#3507=CARTESIAN_POINT('',(-1.018731823224E0,-1.043251766646E1,
9.752728005347E-1));
#3508=CARTESIAN_POINT('',(-1.134521724215E0,-1.033450371113E1,
8.834457288570E-1));
#3509=CARTESIAN_POINT('',(-1.245711135567E0,-1.021995432099E1,
7.755144927792E-1));
#3510=CARTESIAN_POINT('',(-1.349766167716E0,-1.008781942411E1,
6.502126440673E-1));
#3511=CARTESIAN_POINT('',(-1.443716392648E0,-9.936826274016E0,
5.060284843905E-1));
#3512=CARTESIAN_POINT('',(-1.524338439543E0,-9.765617092326E0,
3.413137486740E-1));
#3513=CARTESIAN_POINT('',(-1.586765140961E0,-9.573863588555E0,
1.552821173630E-1));
#3514=CARTESIAN_POINT('',(-1.623247975975E0,-9.368823824780E0,
-4.532945384419E-2));
#3515=CARTESIAN_POINT('',(-1.632314969393E0,-9.162728417297E0,
-2.488205906837E-1));
#3516=CARTESIAN_POINT('',(-1.614548433446E0,-8.967561805261E0,
-4.432074492670E-1));
#3517=CARTESIAN_POINT('',(-1.576484767569E0,-8.792132472182E0,
-6.193901685116E-1));
#3518=CARTESIAN_POINT('',(-1.524975368697E0,-8.637651673660E0,
-7.757112353634E-1));
#3519=CARTESIAN_POINT('',(-1.464161764409E0,-8.503085351912E0,
-9.128415649133E-1));
#3520=CARTESIAN_POINT('',(-1.397342463346E0,-8.385361223758E0,
-1.033617241160E0));
#3521=CARTESIAN_POINT('',(-1.326610412118E0,-8.281702253828E0,
-1.140618443478E0));
#3522=CARTESIAN_POINT('',(-1.253529851058E0,-8.190700815683E0,
-1.235096924824E0));
#3523=CARTESIAN_POINT('',(-1.179926611290E0,-8.111536531854E0,
-1.317744758294E0));
#3524=CARTESIAN_POINT('',(-1.107306702050E0,-8.043057427137E0,
-1.389600673257E0));
#3525=CARTESIAN_POINT('',(-1.036093500057E0,-7.983573262621E0,
-1.452303274889E0));
#3526=CARTESIAN_POINT('',(-9.655433099250E-1,-7.931051573948E0,
-1.507897969866E0));
#3527=CARTESIAN_POINT('',(-8.940756093854E-1,-7.883569815425E0,
-1.558351198631E0));
#3528=CARTESIAN_POINT('',(-8.200436949415E-1,-7.839843230303E0,
-1.604997121176E0));
#3529=CARTESIAN_POINT('',(-7.425978149875E-1,-7.799449303482E0,
-1.648241148538E0));
#3530=CARTESIAN_POINT('',(-6.618580685255E-1,-7.762667564998E0,
-1.687742065218E0));
#3531=CARTESIAN_POINT('',(-5.783162468059E-1,-7.729952257675E0,
-1.722974678865E0));
#3532=CARTESIAN_POINT('',(-4.914303490451E-1,-7.701301729594E0,
-1.753942843516E0));
#3533=CARTESIAN_POINT('',(-3.991758428860E-1,-7.676333715367E0,
-1.780997119188E0));
#3534=CARTESIAN_POINT('',(-2.977338701863E-1,-7.654956104014E0,
-1.804193981690E0));
#3535=CARTESIAN_POINT('',(-1.826628607449E-1,-7.638118271589E0,
-1.822459428220E0));
#3536=CARTESIAN_POINT('',(-6.562584169181E-2,-7.629608636475E0,
-1.831682672523E0));
#3537=CARTESIAN_POINT('',(1.305462104965E-2,-7.629784275729E0,
-1.831540100244E0));
#3538=CARTESIAN_POINT('',(4.775222900177E-2,-7.631129986630E0,
-1.830153372898E0));
#3539=CARTESIAN_POINT('',(-3.744923295519E-1,-1.050778354270E1,
1.095702612460E0));
#3540=CARTESIAN_POINT('',(-4.003748997011E-1,-1.050063519690E1,
1.088461973051E0));
#3541=CARTESIAN_POINT('',(-4.583842069798E-1,-1.048282356255E1,
1.070408440653E0));
#3542=CARTESIAN_POINT('',(-5.482486230414E-1,-1.044885116433E1,
1.035907318063E0));
#3543=CARTESIAN_POINT('',(-6.454283878822E-1,-1.040348789223E1,
9.897145341990E-1));
#3544=CARTESIAN_POINT('',(-7.446024212411E-1,-1.034702921289E1,
9.320253549752E-1));
#3545=CARTESIAN_POINT('',(-8.444948759717E-1,-1.027833128535E1,
8.615590062804E-1));
#3546=CARTESIAN_POINT('',(-9.433193490055E-1,-1.019611778952E1,
7.768546108594E-1));
#3547=CARTESIAN_POINT('',(-1.039054397976E0,-1.009923448613E1,
6.765339160310E-1));
#3548=CARTESIAN_POINT('',(-1.129370095669E0,-9.986610820121E0,
5.592696528676E-1));
#3549=CARTESIAN_POINT('',(-1.211528477449E0,-9.857002063989E0,
4.234976398995E-1));
#3550=CARTESIAN_POINT('',(-1.282677656514E0,-9.708816073202E0,
2.672177564174E-1));
#3551=CARTESIAN_POINT('',(-1.337850102108E0,-9.542444994310E0,
9.050054001883E-2));
#3552=CARTESIAN_POINT('',(-1.370360926019E0,-9.363404056634E0,
-1.013538664803E-1));
#3553=CARTESIAN_POINT('',(-1.378493345831E0,-9.182675487590E0,
-2.966966479733E-1));
#3554=CARTESIAN_POINT('',(-1.362503580413E0,-9.012322198429E0,
-4.825026698602E-1));
#3555=CARTESIAN_POINT('',(-1.328338501295E0,-8.858424455636E0,
-6.520097155240E-1));
#3556=CARTESIAN_POINT('',(-1.282245327309E0,-8.723920551626E0,
-8.013718464279E-1));
#3557=CARTESIAN_POINT('',(-1.227989855181E0,-8.607209984598E0,
-9.321542666419E-1));
#3558=CARTESIAN_POINT('',(-1.168475009840E0,-8.505408402629E0,
-1.047247778906E0));
#3559=CARTESIAN_POINT('',(-1.105752667016E0,-8.416333747525E0,
-1.148765146746E0));
#3560=CARTESIAN_POINT('',(-1.041328997965E0,-8.338769927806E0,
-1.237876171506E0));
#3561=CARTESIAN_POINT('',(-9.767581879004E-1,-8.271751205828E0,
-1.315502133620E0));
#3562=CARTESIAN_POINT('',(-9.134024394753E-1,-8.214218129962E0,
-1.382646878622E0));
#3563=CARTESIAN_POINT('',(-8.516725188095E-1,-8.164670549307E0,
-1.440879700388E0));
#3564=CARTESIAN_POINT('',(-7.909292145419E-1,-8.121313209027E0,
-1.492177570189E0));
#3565=CARTESIAN_POINT('',(-7.298648674437E-1,-8.082505143301E0,
-1.538388380420E0));
#3566=CARTESIAN_POINT('',(-6.670031327989E-1,-8.047064975801E0,
-1.580872901042E0));
#3567=CARTESIAN_POINT('',(-6.017572588722E-1,-8.014660710733E0,
-1.619961262738E0));
#3568=CARTESIAN_POINT('',(-5.343795423310E-1,-7.985512265390E0,
-1.655328153174E0));
#3569=CARTESIAN_POINT('',(-4.654695103458E-1,-7.959959680470E0,
-1.686513900910E0));
#3570=CARTESIAN_POINT('',(-3.941487168830E-1,-7.937734603263E0,
-1.713829724125E0));
#3571=CARTESIAN_POINT('',(-3.189251386560E-1,-7.918535934012E0,
-1.737538285341E0));
#3572=CARTESIAN_POINT('',(-2.368454712877E-1,-7.902252692173E0,
-1.757700839462E0));
#3573=CARTESIAN_POINT('',(-1.446888702758E-1,-7.889583579056E0,
-1.773382622361E0));
#3574=CARTESIAN_POINT('',(-5.231679500612E-2,-7.883308044495E0,
-1.781144833350E0));
#3575=CARTESIAN_POINT('',(8.653195502909E-3,-7.883493735178E0,
-1.781043262776E0));
#3576=CARTESIAN_POINT('',(3.527839246764E-2,-7.884498573262E0,
-1.779947694486E0));
#3577=CARTESIAN_POINT('',(-3.023517942406E-1,-1.045061171093E1,
8.540450919607E-1));
#3578=CARTESIAN_POINT('',(-3.236084150252E-1,-1.044515511353E1,
8.477853264712E-1));
#3579=CARTESIAN_POINT('',(-3.714512065591E-1,-1.043150797064E1,
8.321370948489E-1));
#3580=CARTESIAN_POINT('',(-4.461353542884E-1,-1.040528261003E1,
8.020983842807E-1));
#3581=CARTESIAN_POINT('',(-5.276402259404E-1,-1.036997949429E1,
7.616738250828E-1));
#3582=CARTESIAN_POINT('',(-6.125560046603E-1,-1.032524419209E1,
7.104637326589E-1));
#3583=CARTESIAN_POINT('',(-6.995392072938E-1,-1.026999043803E1,
6.472567495965E-1));
#3584=CARTESIAN_POINT('',(-7.872498163648E-1,-1.020282012857E1,
5.704414131594E-1));
#3585=CARTESIAN_POINT('',(-8.741048365218E-1,-1.012230658202E1,
4.783698412676E-1));
#3586=CARTESIAN_POINT('',(-9.579755283383E-1,-1.002718113579E1,
3.695587412854E-1));
#3587=CARTESIAN_POINT('',(-1.036336356160E0,-9.916018703657E0,
2.422882834717E-1));
#3588=CARTESIAN_POINT('',(-1.106630190511E0,-9.786835790902E0,
9.418515736682E-2));
#3589=CARTESIAN_POINT('',(-1.163703745127E0,-9.640254409829E0,
-7.422688956639E-2));
#3590=CARTESIAN_POINT('',(-1.201379824597E0,-9.480230215111E0,
-2.588619001320E-1));
#3591=CARTESIAN_POINT('',(-1.217011394968E0,-9.316751363798E0,
-4.481777242715E-1));
#3592=CARTESIAN_POINT('',(-1.209957421102E0,-9.161943463171E0,
-6.285035528137E-1));
#3593=CARTESIAN_POINT('',(-1.185400797578E0,-9.020443613648E0,
-7.943734718408E-1));
#3594=CARTESIAN_POINT('',(-1.148847893330E0,-8.896537592246E0,
-9.404519299048E-1));
#3595=CARTESIAN_POINT('',(-1.103905769829E0,-8.788524037530E0,
-1.068715042574E0));
#3596=CARTESIAN_POINT('',(-1.053320519631E0,-8.693833825442E0,
-1.181957853648E0));
#3597=CARTESIAN_POINT('',(-9.991436435065E-1,-8.610748748261E0,
-1.281966990166E0));
#3598=CARTESIAN_POINT('',(-9.428713031025E-1,-8.538264444710E0,
-1.369814759767E0));
#3599=CARTESIAN_POINT('',(-8.859526306671E-1,-8.475457171243E0,
-1.446470634154E0));
#3600=CARTESIAN_POINT('',(-8.297132670359E-1,-8.421417432123E0,
-1.512858196905E0));
#3601=CARTESIAN_POINT('',(-7.746258809108E-1,-8.374803026955E0,
-1.570477766627E0));
#3602=CARTESIAN_POINT('',(-7.201847699222E-1,-8.333955990199E0,
-1.621267206882E0));
#3603=CARTESIAN_POINT('',(-6.652699634267E-1,-8.297360499347E0,
-1.667034459736E0));
#3604=CARTESIAN_POINT('',(-6.085207453505E-1,-8.263872859533E0,
-1.709166113678E0));
#3605=CARTESIAN_POINT('',(-5.494404646391E-1,-8.233216134358E0,
-1.747951720851E0));
#3606=CARTESIAN_POINT('',(-4.882949930295E-1,-8.205628201305E0,
-1.783040509415E0));
#3607=CARTESIAN_POINT('',(-4.256941917926E-1,-8.181457232974E0,
-1.813957014555E0));
#3608=CARTESIAN_POINT('',(-3.606571334009E-1,-8.160362382911E0,
-1.841108884995E0));
#3609=CARTESIAN_POINT('',(-2.918845697332E-1,-8.142110408586E0,
-1.864696595420E0));
#3610=CARTESIAN_POINT('',(-2.167181018133E-1,-8.126622415849E0,
-1.884751737331E0));
#3611=CARTESIAN_POINT('',(-1.323297954826E-1,-8.114597654870E0,
-1.900309847590E0));
#3612=CARTESIAN_POINT('',(-4.801467767279E-2,-8.108680700045E0,
-1.907962099873E0));
#3613=CARTESIAN_POINT('',(7.229182482852E-3,-8.108849998778E0,
-1.907897661121E0));
#3614=CARTESIAN_POINT('',(3.123751436515E-2,-8.109766331889E0,
-1.906873111815E0));
#3615=(BOUNDED_SURFACE()B_SPLINE_SURFACE(3,3,((#3463,#3464,#3465,#3466,#3467,
#3468,#3469,#3470,#3471,#3472,#3473,#3474,#3475,#3476,#3477,#3478,#3479,#3480,
#3481,#3482,#3483,#3484,#3485,#3486,#3487,#3488,#3489,#3490,#3491,#3492,#3493,
#3494,#3495,#3496,#3497,#3498,#3499,#3500),(#3501,#3502,#3503,#3504,#3505,#3506,
#3507,#3508,#3509,#3510,#3511,#3512,#3513,#3514,#3515,#3516,#3517,#3518,#3519,
#3520,#3521,#3522,#3523,#3524,#3525,#3526,#3527,#3528,#3529,#3530,#3531,#3532,
#3533,#3534,#3535,#3536,#3537,#3538),(#3539,#3540,#3541,#3542,#3543,#3544,#3545,
#3546,#3547,#3548,#3549,#3550,#3551,#3552,#3553,#3554,#3555,#3556,#3557,#3558,
#3559,#3560,#3561,#3562,#3563,#3564,#3565,#3566,#3567,#3568,#3569,#3570,#3571,
#3572,#3573,#3574,#3575,#3576),(#3577,#3578,#3579,#3580,#3581,#3582,#3583,#3584,
#3585,#3586,#3587,#3588,#3589,#3590,#3591,#3592,#3593,#3594,#3595,#3596,#3597,
#3598,#3599,#3600,#3601,#3602,#3603,#3604,#3605,#3606,#3607,#3608,#3609,#3610,
#3611,#3612,#3613,#3614)),.UNSPECIFIED.,.F.,.F.,.F.)B_SPLINE_SURFACE_WITH_KNOTS(
(4,4),(4,1,1,1,1,1,1,1,1,1,1,1,1,1,1,1,1,1,1,1,1,1,1,1,1,1,1,1,1,1,1,1,1,1,1,4),
(0.E0,1.E0),(2.772415384139E-1,2.864797118989E-1,2.982878624396E-1,
3.112748528659E-1,3.255699706104E-1,3.413245823389E-1,3.587204269668E-1,
3.779445994697E-1,3.991903688969E-1,4.226791162227E-1,4.487706487139E-1,
4.779498589368E-1,5.096117371318E-1,5.415466459367E-1,5.718419991614E-1,
5.994967146219E-1,6.242091207627E-1,6.462836630450E-1,6.662893908688E-1,
6.846353402647E-1,7.014531426074E-1,7.167430522231E-1,7.305710247953E-1,
7.431710638607E-1,7.549137417771E-1,7.662119504665E-1,7.774428858435E-1,
7.887691873062E-1,8.001374196148E-1,8.114587862069E-1,8.227617319290E-1,
8.343795972301E-1,8.468660217463E-1,8.608346903205E-1,8.768042165649E-1,
8.895290927528E-1),.UNSPECIFIED.)GEOMETRIC_REPRESENTATION_ITEM()RATIONAL_B_SPLINE_SURFACE(((1.137029366983E0,1.137029366983E0,1.137029366983E0,1.137029366983E0,
1.137029366983E0,1.137029366983E0,1.137029366983E0,1.137029366983E0,
1.137029366983E0,1.137029366983E0,1.137029366983E0,1.137029366983E0,
1.137029366983E0,1.137029366983E0,1.137029366983E0,1.137029366983E0,
1.137029366983E0,1.137029366983E0,1.137029366983E0,1.137029366983E0,
1.137029366983E0,1.137029366983E0,1.137029366983E0,1.137029366983E0,
1.137029366983E0,1.137029366983E0,1.137029366983E0,1.137029366983E0,
1.137029366983E0,1.137029366983E0,1.137029366983E0,1.137029366983E0,
1.137029366983E0,1.137029366983E0,1.137029366983E0,1.137029366983E0,
1.137029366983E0,1.137029366983E0),(9.543235443391E-1,9.543235443391E-1,
9.543235443391E-1,9.543235443391E-1,9.543235443391E-1,9.543235443391E-1,
9.543235443391E-1,9.543235443391E-1,9.543235443391E-1,9.543235443391E-1,
9.543235443391E-1,9.543235443391E-1,9.543235443391E-1,9.543235443391E-1,
9.543235443391E-1,9.543235443391E-1,9.543235443391E-1,9.543235443391E-1,
9.543235443391E-1,9.543235443391E-1,9.543235443391E-1,9.543235443391E-1,
9.543235443391E-1,9.543235443391E-1,9.543235443391E-1,9.543235443391E-1,
9.543235443391E-1,9.543235443391E-1,9.543235443391E-1,9.543235443391E-1,
9.543235443391E-1,9.543235443391E-1,9.543235443391E-1,9.543235443391E-1,
9.543235443391E-1,9.543235443391E-1,9.543235443391E-1,9.543235443391E-1),(
9.543235443391E-1,9.543235443391E-1,9.543235443391E-1,9.543235443391E-1,
9.543235443391E-1,9.543235443391E-1,9.543235443391E-1,9.543235443391E-1,
9.543235443391E-1,9.543235443391E-1,9.543235443391E-1,9.543235443391E-1,
9.543235443391E-1,9.543235443391E-1,9.543235443391E-1,9.543235443391E-1,
9.543235443391E-1,9.543235443391E-1,9.543235443391E-1,9.543235443391E-1,
9.543235443391E-1,9.543235443391E-1,9.543235443391E-1,9.543235443391E-1,
9.543235443391E-1,9.543235443391E-1,9.543235443391E-1,9.543235443391E-1,
9.543235443391E-1,9.543235443391E-1,9.543235443391E-1,9.543235443391E-1,
9.543235443391E-1,9.543235443391E-1,9.543235443391E-1,9.543235443391E-1,
9.543235443391E-1,9.543235443391E-1),(1.137029366983E0,1.137029366983E0,
1.137029366983E0,1.137029366983E0,1.137029366983E0,1.137029366983E0,
1.137029366983E0,1.137029366983E0,1.137029366983E0,1.137029366983E0,
1.137029366983E0,1.137029366983E0,1.137029366983E0,1.137029366983E0,
1.137029366983E0,1.137029366983E0,1.137029366983E0,1.137029366983E0,
1.137029366983E0,1.137029366983E0,1.137029366983E0,1.137029366983E0,
1.137029366983E0,1.137029366983E0,1.137029366983E0,1.137029366983E0,
1.137029366983E0,1.137029366983E0,1.137029366983E0,1.137029366983E0,
1.137029366983E0,1.137029366983E0,1.137029366983E0,1.137029366983E0,
1.137029366983E0,1.137029366983E0,1.137029366983E0,1.137029366983E0)))REPRESENTATION_ITEM('')SURFACE());
#3617=ORIENTED_EDGE('',*,*,#3616,.F.);
#3618=ORIENTED_EDGE('',*,*,#3456,.T.);
#3619=ORIENTED_EDGE('',*,*,#3354,.T.);
#3621=ORIENTED_EDGE('',*,*,#3620,.F.);
#3622=EDGE_LOOP('',(#3617,#3618,#3619,#3621));
#3623=FACE_OUTER_BOUND('',#3622,.F.);
#3625=CARTESIAN_POINT('',(2.620975549833E-2,-1.053090431021E1,
1.009274713722E0));
#3626=CARTESIAN_POINT('',(2.023631883169E-2,-1.053101938869E1,
1.009394248690E0));
#3627=CARTESIAN_POINT('',(-7.269835111557E-2,-1.053220663099E1,
1.010627467721E0));
#3628=CARTESIAN_POINT('',(-2.528684289128E-1,-1.051653855411E1,
9.943526343787E-1));
#3629=CARTESIAN_POINT('',(-5.259093008369E-1,-1.043568454371E1,
9.103674998237E-1));
#3630=CARTESIAN_POINT('',(-7.842567104382E-1,-1.029285692127E1,
7.620087847896E-1));
#3631=CARTESIAN_POINT('',(-1.009706408960E0,-1.009325795019E1,
5.546802137089E-1));
#3632=CARTESIAN_POINT('',(-1.190437548084E0,-9.841121580104E0,
2.927796986704E-1));
#3633=CARTESIAN_POINT('',(-1.315622617E0,-9.537267778626E0,-2.284103893603E-2));
#3634=CARTESIAN_POINT('',(-1.364133514890E0,-9.181258975352E0,
-3.926365147125E-1));
#3635=CARTESIAN_POINT('',(-1.314666983444E0,-8.826091492723E0,
-7.615580891535E-1));
#3636=CARTESIAN_POINT('',(-1.188902098304E0,-8.523052822716E0,
-1.076332128793E0));
#3637=CARTESIAN_POINT('',(-1.009199001533E0,-8.273124926237E0,
-1.335938645648E0));
#3638=CARTESIAN_POINT('',(-7.848076911216E-1,-8.074332293300E0,
-1.542429652617E0));
#3639=CARTESIAN_POINT('',(-5.278841147099E-1,-7.932021885302E0,
-1.690251123741E0));
#3640=CARTESIAN_POINT('',(-2.574573361205E-1,-7.851201016977E0,
-1.774201832769E0));
#3641=CARTESIAN_POINT('',(-6.230526909642E-2,-7.833158665561E0,
-1.792942885981E0));
#3642=CARTESIAN_POINT('',(3.790992632569E-2,-7.836249091537E0,
-1.789732781249E0));
#3643=CARTESIAN_POINT('',(5.642494986956E-2,-7.837279671419E0,
-1.788662291490E0));
#3644=CARTESIAN_POINT('',(2.362584918850E-2,-1.049201145423E1,
9.153183989039E-1));
#3645=CARTESIAN_POINT('',(1.824130777864E-2,-1.049211518762E1,
9.154379338720E-1));
#3646=CARTESIAN_POINT('',(-6.553133545326E-2,-1.049318538485E1,
9.166711529035E-1));
#3647=CARTESIAN_POINT('',(-2.279392253929E-1,-1.047906195583E1,
9.003963195609E-1));
#3648=CARTESIAN_POINT('',(-4.740621799846E-1,-1.040617899223E1,
8.164111850060E-1));
#3649=CARTESIAN_POINT('',(-7.069402370832E-1,-1.027743212666E1,
6.680524699719E-1));
#3650=CARTESIAN_POINT('',(-9.101638259947E-1,-1.009751075390E1,
4.607238988912E-1));
#3651=CARTESIAN_POINT('',(-1.073077464655E0,-9.870231416824E0,
1.988233838527E-1));
#3652=CARTESIAN_POINT('',(-1.185921079661E0,-9.596333245987E0,
-1.167973537538E-1));
#3653=CARTESIAN_POINT('',(-1.229649498173E0,-9.275421809157E0,
-4.865928295302E-1));
#3654=CARTESIAN_POINT('',(-1.185059657879E0,-8.955268750812E0,
-8.555144039713E-1));
#3655=CARTESIAN_POINT('',(-1.071693388220E0,-8.682105351164E0,
-1.170288443610E0));
#3656=CARTESIAN_POINT('',(-9.097064416689E-1,-8.456816763845E0,
-1.429894960466E0));
#3657=CARTESIAN_POINT('',(-7.074368989667E-1,-8.277622235843E0,
-1.636385967435E0));
#3658=CARTESIAN_POINT('',(-4.758423055086E-1,-8.149341594785E0,
-1.784207438559E0));
#3659=CARTESIAN_POINT('',(-2.320757321084E-1,-8.076488505924E0,
-1.868158147587E0));
#3660=CARTESIAN_POINT('',(-5.616286238972E-2,-8.060224871813E0,
-1.886899200799E0));
#3661=CARTESIAN_POINT('',(3.417255083417E-2,-8.063010626073E0,
-1.883689096066E0));
#3662=CARTESIAN_POINT('',(5.086225837444E-2,-8.063939605547E0,
-1.882618606308E0));
#3663=CARTESIAN_POINT('',(2.104194287867E-2,-1.045311859826E1,
8.213620840862E-1));
#3664=CARTESIAN_POINT('',(1.624629672559E-2,-1.045321098656E1,
8.214816190542E-1));
#3665=CARTESIAN_POINT('',(-5.836431979096E-2,-1.045416413871E1,
8.227148380858E-1));
#3666=CARTESIAN_POINT('',(-2.030100218730E-1,-1.044158535755E1,
8.064400047432E-1));
#3667=CARTESIAN_POINT('',(-4.222150591324E-1,-1.037667344074E1,
7.224548701882E-1));
#3668=CARTESIAN_POINT('',(-6.296237637283E-1,-1.026200733205E1,
5.740961551541E-1));
#3669=CARTESIAN_POINT('',(-8.106212430297E-1,-1.010176355761E1,
3.667675840734E-1));
#3670=CARTESIAN_POINT('',(-9.557173812253E-1,-9.899341253543E0,
1.048670690349E-1));
#3671=CARTESIAN_POINT('',(-1.056219542322E0,-9.655398713348E0,
-2.107536685715E-1));
#3672=CARTESIAN_POINT('',(-1.095165481457E0,-9.369584642962E0,
-5.805491443479E-1));
#3673=CARTESIAN_POINT('',(-1.055452332314E0,-9.084446008902E0,
-9.494707187890E-1));
#3674=CARTESIAN_POINT('',(-9.544846781358E-1,-8.841157879613E0,
-1.264244758428E0));
#3675=CARTESIAN_POINT('',(-8.102138818051E-1,-8.640508601453E0,
-1.523851275284E0));
#3676=CARTESIAN_POINT('',(-6.300661068118E-1,-8.480912178386E0,
-1.730342282253E0));
#3677=CARTESIAN_POINT('',(-4.238004963073E-1,-8.366661304268E0,
-1.878163753377E0));
#3678=CARTESIAN_POINT('',(-2.066941280963E-1,-8.301775994872E0,
-1.962114462405E0));
#3679=CARTESIAN_POINT('',(-5.002045568302E-2,-8.287291078066E0,
-1.980855515617E0));
#3680=CARTESIAN_POINT('',(3.043517534266E-2,-8.289772160610E0,
-1.977645410884E0));
#3681=CARTESIAN_POINT('',(4.529956687932E-2,-8.290599539675E0,
-1.976574921126E0));
#3682=CARTESIAN_POINT('',(1.845803656884E-2,-1.041422574229E1,
7.274057692684E-1));
#3683=CARTESIAN_POINT('',(1.425128567254E-2,-1.041430678550E1,
7.275253042365E-1));
#3684=CARTESIAN_POINT('',(-5.119730412866E-2,-1.041514289257E1,
7.287585232681E-1));
#3685=CARTESIAN_POINT('',(-1.780808183531E-1,-1.040410875927E1,
7.124836899255E-1));
#3686=CARTESIAN_POINT('',(-3.703679382801E-1,-1.034716788926E1,
6.284985553705E-1));
#3687=CARTESIAN_POINT('',(-5.523072903733E-1,-1.024658253743E1,
4.801398403364E-1));
#3688=CARTESIAN_POINT('',(-7.110786600647E-1,-1.010601636132E1,
2.728112692557E-1));
#3689=CARTESIAN_POINT('',(-8.383572977958E-1,-9.928451090263E0,
1.091075421719E-2));
#3690=CARTESIAN_POINT('',(-9.265180049824E-1,-9.714464180709E0,
-3.047099833892E-1));
#3691=CARTESIAN_POINT('',(-9.606814647404E-1,-9.463747476766E0,
-6.745054591657E-1));
#3692=CARTESIAN_POINT('',(-9.258450067496E-1,-9.213623266991E0,
-1.043427033607E0));
#3693=CARTESIAN_POINT('',(-8.372759680518E-1,-9.000210408061E0,
-1.358201073246E0));
#3694=CARTESIAN_POINT('',(-7.107213219413E-1,-8.824200439060E0,
-1.617807590101E0));
#3695=CARTESIAN_POINT('',(-5.526953146570E-1,-8.684202120930E0,
-1.824298597070E0));
#3696=CARTESIAN_POINT('',(-3.717586871059E-1,-8.583981013750E0,
-1.972120068195E0));
#3697=CARTESIAN_POINT('',(-1.813125240841E-1,-8.527063483819E0,
-2.056070777222E0));
#3698=CARTESIAN_POINT('',(-4.387804897633E-2,-8.514357284318E0,
-2.074811830434E0));
#3699=CARTESIAN_POINT('',(2.669779985114E-2,-8.516533695147E0,
-2.071601725702E0));
#3700=CARTESIAN_POINT('',(3.973687538420E-2,-8.517259473804E0,
-2.070531235944E0));
#3701=B_SPLINE_SURFACE_WITH_KNOTS('',3,3,((#3625,#3626,#3627,#3628,#3629,#3630,
#3631,#3632,#3633,#3634,#3635,#3636,#3637,#3638,#3639,#3640,#3641,#3642,#3643),(
#3644,#3645,#3646,#3647,#3648,#3649,#3650,#3651,#3652,#3653,#3654,#3655,#3656,
#3657,#3658,#3659,#3660,#3661,#3662),(#3663,#3664,#3665,#3666,#3667,#3668,#3669,
#3670,#3671,#3672,#3673,#3674,#3675,#3676,#3677,#3678,#3679,#3680,#3681),(#3682,
#3683,#3684,#3685,#3686,#3687,#3688,#3689,#3690,#3691,#3692,#3693,#3694,#3695,
#3696,#3697,#3698,#3699,#3700)),.UNSPECIFIED.,.F.,.F.,.F.,(4,4),(4,1,1,1,1,1,1,
1,1,1,1,1,1,1,1,1,4),(1.043892787588E-1,9.016350468739E-1),(3.300622557247E-1,
3.333333333333E-1,3.809523809524E-1,4.285714285714E-1,4.761904761905E-1,
5.238095238095E-1,5.714285714286E-1,6.190476190476E-1,6.666666666667E-1,
7.142857142857E-1,7.619047619048E-1,8.095238095238E-1,8.571428571429E-1,
9.047619047619E-1,9.523809523810E-1,1.E0,1.011012608055E0),.UNSPECIFIED.);
#3703=ORIENTED_EDGE('',*,*,#3702,.T.);
#3705=ORIENTED_EDGE('',*,*,#3704,.F.);
#3707=ORIENTED_EDGE('',*,*,#3706,.T.);
#3708=ORIENTED_EDGE('',*,*,#3616,.T.);
#3710=ORIENTED_EDGE('',*,*,#3709,.T.);
#3711=EDGE_LOOP('',(#3703,#3705,#3707,#3708,#3710));
#3712=FACE_OUTER_BOUND('',#3711,.F.);
#3714=CARTESIAN_POINT('',(3.814213414535E-2,-8.597220072762E0,
-2.499640660501E0));
#3715=CARTESIAN_POINT('',(2.553658583172E-2,-8.596675985853E0,
-2.500492165021E0));
#3716=CARTESIAN_POINT('',(-5.471688557343E-2,-8.594957178530E0,
-2.503504381564E0));
#3717=CARTESIAN_POINT('',(-2.085103503662E-1,-8.612598780709E0,
-2.480935902828E0));
#3718=CARTESIAN_POINT('',(-4.000905047378E-1,-8.681288463312E0,
-2.393595241522E0));
#3719=CARTESIAN_POINT('',(-5.562035135980E-1,-8.780477741618E0,
-2.262006358801E0));
#3720=CARTESIAN_POINT('',(-6.685541614376E-1,-8.885980754273E0,
-2.114981283984E0));
#3721=CARTESIAN_POINT('',(-7.462415036948E-1,-8.984937309171E0,
-1.971335389947E0));
#3722=CARTESIAN_POINT('',(-8.002115003071E-1,-9.074827619013E0,
-1.836564842900E0));
#3723=CARTESIAN_POINT('',(-8.385999838009E-1,-9.157440759084E0,
-1.709292475213E0));
#3724=CARTESIAN_POINT('',(-8.663754672954E-1,-9.235782566232E0,
-1.585711124940E0));
#3725=CARTESIAN_POINT('',(-8.861945570537E-1,-9.312790030735E0,
-1.461921871589E0));
#3726=CARTESIAN_POINT('',(-8.989418588258E-1,-9.389271011288E0,
-1.336537287510E0));
#3727=CARTESIAN_POINT('',(-9.050051671229E-1,-9.464598453406E0,
-1.210595313635E0));
#3728=CARTESIAN_POINT('',(-9.048536757206E-1,-9.539367896067E0,
-1.083494866858E0));
#3729=CARTESIAN_POINT('',(-8.983180603326E-1,-9.616745302244E0,
-9.503576346528E-1));
#3730=CARTESIAN_POINT('',(-8.840613247724E-1,-9.698474810590E0,
-8.074435341576E-1));
#3731=CARTESIAN_POINT('',(-8.612491398559E-1,-9.781525726607E0,
-6.593244884006E-1));
#3732=CARTESIAN_POINT('',(-8.308041904171E-1,-9.861285842010E0,
-5.154923658988E-1));
#3733=CARTESIAN_POINT('',(-7.946815181398E-1,-9.934649420783E0,
-3.813117538855E-1));
#3734=CARTESIAN_POINT('',(-7.536385066550E-1,-1.000235091554E1,
-2.555371741928E-1));
#3735=CARTESIAN_POINT('',(-7.064579225992E-1,-1.006685528913E1,
-1.340859155305E-1));
#3736=CARTESIAN_POINT('',(-6.516797260276E-1,-1.012909922815E1,
-1.553782794209E-2));
#3737=CARTESIAN_POINT('',(-5.894417064489E-1,-1.018772109256E1,
9.771135021045E-2));
#3738=CARTESIAN_POINT('',(-5.201256934134E-1,-1.024150436322E1,
2.030987160868E-1));
#3739=CARTESIAN_POINT('',(-4.435698796316E-1,-1.028965476776E1,
2.988880310058E-1));
#3740=CARTESIAN_POINT('',(-3.615940831278E-1,-1.033025160284E1,
3.809915409486E-1));
#3741=CARTESIAN_POINT('',(-2.761103943571E-1,-1.036221322887E1,
4.466261386538E-1));
#3742=CARTESIAN_POINT('',(-1.885363570324E-1,-1.038538246354E1,
4.951578903722E-1));
#3743=CARTESIAN_POINT('',(-9.651803560262E-2,-1.040015214085E1,
5.260797177158E-1));
#3744=CARTESIAN_POINT('',(-2.125527000703E-2,-1.040418562973E1,
5.348210686225E-1));
#3745=CARTESIAN_POINT('',(2.169017808036E-2,-1.040339860308E1,
5.331558339322E-1));
#3746=CARTESIAN_POINT('',(3.243022597759E-2,-1.040299919527E1,
5.322994711169E-1));
#3747=CARTESIAN_POINT('',(2.558704958101E-2,-8.627712289880E0,
-2.243171805499E0));
#3748=CARTESIAN_POINT('',(1.671021907412E-2,-8.627464083591E0,
-2.243866489384E0));
#3749=CARTESIAN_POINT('',(-4.007756881842E-2,-8.626734606101E0,
-2.246358306120E0));
#3750=CARTESIAN_POINT('',(-1.525927145845E-1,-8.635574891759E0,
-2.227565927076E0));
#3751=CARTESIAN_POINT('',(-3.026865732149E-1,-8.673845472493E0,
-2.152293575462E0));
#3752=CARTESIAN_POINT('',(-4.359149178388E-1,-8.733952169896E0,
-2.036493139864E0));
#3753=CARTESIAN_POINT('',(-5.431021134549E-1,-8.804632672773E0,
-1.903140560640E0));
#3754=CARTESIAN_POINT('',(-6.247970217031E-1,-8.875994160533E0,
-1.770124108664E0));
#3755=CARTESIAN_POINT('',(-6.873481789860E-1,-8.944754927964E0,
-1.643243502002E0));
#3756=CARTESIAN_POINT('',(-7.363956731466E-1,-9.010715255418E0,
-1.522158655459E0));
#3757=CARTESIAN_POINT('',(-7.763089348718E-1,-9.075893841971E0,
-1.403230898046E0));
#3758=CARTESIAN_POINT('',(-8.094364858888E-1,-9.142127090391E0,
-1.283170404193E0));
#3759=CARTESIAN_POINT('',(-8.364494551697E-1,-9.209812752485E0,
-1.160883382084E0));
#3760=CARTESIAN_POINT('',(-8.574303968737E-1,-9.278435116207E0,
-1.037282622587E0));
#3761=CARTESIAN_POINT('',(-8.727665130989E-1,-9.348856600361E0,
-9.113575815784E-1));
#3762=CARTESIAN_POINT('',(-8.826768663434E-1,-9.423742808789E0,
-7.786770473377E-1));
#3763=CARTESIAN_POINT('',(-8.862112698418E-1,-9.504418436768E0,
-6.362084469800E-1));
#3764=CARTESIAN_POINT('',(-8.816154980974E-1,-9.589703412458E0,
-4.867685740549E-1));
#3765=CARTESIAN_POINT('',(-8.684666787442E-1,-9.674346596876E0,
-3.405327665367E-1));
#3766=CARTESIAN_POINT('',(-8.480547615905E-1,-9.754229061645E0,
-2.036545891311E-1));
#3767=CARTESIAN_POINT('',(-8.209401395580E-1,-9.830381798071E0,
-7.426714407799E-2));
#3768=CARTESIAN_POINT('',(-7.859683062955E-1,-9.905651558993E0,
5.209268943823E-2));
#3769=CARTESIAN_POINT('',(-7.416066800165E-1,-9.980888774862E0,
1.766247798984E-1));
#3770=CARTESIAN_POINT('',(-6.871081218983E-1,-1.005470693691E1,
2.971079370607E-1));
#3771=CARTESIAN_POINT('',(-6.217763042743E-1,-1.012568716872E1,
4.110868124290E-1));
#3772=CARTESIAN_POINT('',(-5.445151414600E-1,-1.019254394696E1,
5.166393840335E-1));
#3773=CARTESIAN_POINT('',(-4.554590550005E-1,-1.025243179989E1,
6.094491416582E-1));
#3774=CARTESIAN_POINT('',(-3.567140087814E-1,-1.030225846508E1,
6.853618753994E-1));
#3775=CARTESIAN_POINT('',(-2.483105854862E-1,-1.034081049872E1,
7.433259591968E-1));
#3776=CARTESIAN_POINT('',(-1.287700507656E-1,-1.036645831033E1,
7.810628939567E-1));
#3777=CARTESIAN_POINT('',(-2.899604996311E-2,-1.037368596075E1,
7.918492669913E-1));
#3778=CARTESIAN_POINT('',(2.925058619031E-2,-1.037228155850E1,
7.897901721339E-1));
#3779=CARTESIAN_POINT('',(4.391289272603E-2,-1.037156354083E1,
7.887187271399E-1));
#3780=CARTESIAN_POINT('',(2.173480403225E-2,-8.483787434226E0,
-2.028379400604E0));
#3781=CARTESIAN_POINT('',(1.376029132789E-2,-8.483697139717E0,
-2.028942747365E0));
#3782=CARTESIAN_POINT('',(-3.752379401271E-2,-8.483514672832E0,
-2.030998729794E0));
#3783=CARTESIAN_POINT('',(-1.427451666684E-1,-8.487933372345E0,
-2.015368830397E0));
#3784=CARTESIAN_POINT('',(-2.925111963159E-1,-8.512382100568E0,
-1.950203675860E0));
#3785=CARTESIAN_POINT('',(-4.351008179499E-1,-8.556799631731E0,
-1.847626048650E0));
#3786=CARTESIAN_POINT('',(-5.589927347005E-1,-8.616741294777E0,
-1.725724170562E0));
#3787=CARTESIAN_POINT('',(-6.589193534435E-1,-8.682497190846E0,
-1.601609865487E0));
#3788=CARTESIAN_POINT('',(-7.392470289282E-1,-8.749637146027E0,
-1.481337075864E0));
#3789=CARTESIAN_POINT('',(-8.049548661143E-1,-8.816546577822E0,
-1.365434271977E0));
#3790=CARTESIAN_POINT('',(-8.608241838427E-1,-8.884942615252E0,
-1.250403893847E0));
#3791=CARTESIAN_POINT('',(-9.094345247980E-1,-8.956247045742E0,
-1.133466232275E0));
#3792=CARTESIAN_POINT('',(-9.514361816277E-1,-9.030648911342E0,
-1.013773415162E0));
#3793=CARTESIAN_POINT('',(-9.867159742320E-1,-9.107612021896E0,
-8.921334203235E-1));
#3794=CARTESIAN_POINT('',(-1.015677591508E0,-9.188346759333E0,
-7.671927804486E-1));
#3795=CARTESIAN_POINT('',(-1.038850468563E0,-9.275676606666E0,
-6.348947302879E-1));
#3796=CARTESIAN_POINT('',(-1.055372475271E0,-9.370886463816E0,
-4.927992358415E-1));
#3797=CARTESIAN_POINT('',(-1.062520532032E0,-9.473854390260E0,
-3.422531715083E-1));
#3798=CARTESIAN_POINT('',(-1.058860071582E0,-9.577893316845E0,
-1.940042802365E-1));
#3799=CARTESIAN_POINT('',(-1.045464583258E0,-9.677403455860E0,
-5.486689456188E-2));
#3800=CARTESIAN_POINT('',(-1.022864087460E0,-9.773816192220E0,
7.754632155168E-2));
#3801=CARTESIAN_POINT('',(-9.897290766996E-1,-9.870781246730E0,
2.080170815089E-1));
#3802=CARTESIAN_POINT('',(-9.441867731281E-1,-9.969250227368E0,
3.375607682828E-1));
#3803=CARTESIAN_POINT('',(-8.847359386066E-1,-1.006755707622E1,
4.641023754907E-1));
#3804=CARTESIAN_POINT('',(-8.098019647202E-1,-1.016387434764E1,
5.852766313409E-1));
#3805=CARTESIAN_POINT('',(-7.174344743534E-1,-1.025633314471E1,
6.990059203629E-1));
#3806=CARTESIAN_POINT('',(-6.066263245041E-1,-1.034090930256E1,
8.007821499261E-1));
#3807=CARTESIAN_POINT('',(-4.800161719665E-1,-1.041253330845E1,
8.853028107609E-1));
#3808=CARTESIAN_POINT('',(-3.366800302070E-1,-1.046903075909E1,
9.511664678160E-1));
#3809=CARTESIAN_POINT('',(-1.754653903059E-1,-1.050706338363E1,
9.946110301982E-1));
#3810=CARTESIAN_POINT('',(-3.984199585512E-2,-1.051787020518E1,
1.007110160680E0));
#3811=CARTESIAN_POINT('',(4.001979818395E-2,-1.051577260687E1,
1.004721202029E0));
#3812=CARTESIAN_POINT('',(6.017207473701E-2,-1.051469812858E1,
1.003469620616E0));
#3813=CARTESIAN_POINT('',(2.844239308148E-2,-8.234825252694E0,
-1.958805274075E0));
#3814=CARTESIAN_POINT('',(1.810883104991E-2,-8.234678778907E0,
-1.959326078988E0));
#3815=CARTESIAN_POINT('',(-4.828662196815E-2,-8.234337314007E0,
-1.961240888869E0));
#3816=CARTESIAN_POINT('',(-1.837147697908E-1,-8.240845607018E0,
-1.946635358836E0));
#3817=CARTESIAN_POINT('',(-3.744694689293E-1,-8.274732630059E0,
-1.884744060320E0));
#3818=CARTESIAN_POINT('',(-5.541536551396E-1,-8.334417456191E0,
-1.786449477217E0));
#3819=CARTESIAN_POINT('',(-7.085658661630E-1,-8.412880664566E0,
-1.668256634047E0));
#3820=CARTESIAN_POINT('',(-8.321596462920E-1,-8.497722649862E0,
-1.547025853159E0));
#3821=CARTESIAN_POINT('',(-9.308899317777E-1,-8.583531844173E0,
-1.428893423662E0));
#3822=CARTESIAN_POINT('',(-1.011228236834E0,-8.668534776444E0,
-1.314669152549E0));
#3823=CARTESIAN_POINT('',(-1.079180186151E0,-8.754977946807E0,
-1.200901187583E0));
#3824=CARTESIAN_POINT('',(-1.137984083977E0,-8.844754367063E0,
-1.084975053064E0));
#3825=CARTESIAN_POINT('',(-1.188472071349E0,-8.938146376292E0,
-9.661225335708E-1));
#3826=CARTESIAN_POINT('',(-1.230539094749E0,-9.034475357260E0,
-8.451176565732E-1));
#3827=CARTESIAN_POINT('',(-1.264695860800E0,-9.135213000833E0,
-7.204958773632E-1));
#3828=CARTESIAN_POINT('',(-1.291554546265E0,-9.243922800997E0,
-5.883217189006E-1));
#3829=CARTESIAN_POINT('',(-1.309999876703E0,-9.362248693904E0,
-4.463470784383E-1));
#3830=CARTESIAN_POINT('',(-1.316758001924E0,-9.489824301139E0,
-2.954427039449E-1));
#3831=CARTESIAN_POINT('',(-1.310204215007E0,-9.618421821735E0,
-1.465417479791E-1));
#3832=CARTESIAN_POINT('',(-1.291748522153E0,-9.741206797837E0,
-6.672574595143E-3));
#3833=CARTESIAN_POINT('',(-1.262071830662E0,-9.859921851006E0,
1.267207291465E-1));
#3834=CARTESIAN_POINT('',(-1.219516263995E0,-9.979053772980E0,
2.585230730410E-1));
#3835=CARTESIAN_POINT('',(-1.161765187353E0,-1.009979400978E1,
3.896900827476E-1));
#3836=CARTESIAN_POINT('',(-1.087057609907E0,-1.022007703208E1,
5.181941027701E-1));
#3837=CARTESIAN_POINT('',(-9.935638988977E-1,-1.033765756602E1,
6.416990384241E-1));
#3838=CARTESIAN_POINT('',(-8.789711884976E-1,-1.045027243685E1,
7.580768752061E-1));
#3839=CARTESIAN_POINT('',(-7.422249003896E-1,-1.055303305718E1,
8.627574651818E-1));
#3840=CARTESIAN_POINT('',(-5.865784162868E-1,-1.063987918058E1,
9.500663468461E-1));
#3841=CARTESIAN_POINT('',(-4.110457274503E-1,-1.070823398197E1,
1.018488786774E0));
#3842=CARTESIAN_POINT('',(-2.140943159038E-1,-1.075418793271E1,
1.063782104544E0));
#3843=CARTESIAN_POINT('',(-4.856476142281E-2,-1.076723357638E1,
1.076836083898E0));
#3844=CARTESIAN_POINT('',(4.880645778737E-2,-1.076470112040E1,
1.074340270434E0));
#3845=CARTESIAN_POINT('',(7.336994630973E-2,-1.076340416449E1,
1.073030334087E0));
#3846=(BOUNDED_SURFACE()B_SPLINE_SURFACE(3,3,((#3714,#3715,#3716,#3717,#3718,
#3719,#3720,#3721,#3722,#3723,#3724,#3725,#3726,#3727,#3728,#3729,#3730,#3731,
#3732,#3733,#3734,#3735,#3736,#3737,#3738,#3739,#3740,#3741,#3742,#3743,#3744,
#3745,#3746),(#3747,#3748,#3749,#3750,#3751,#3752,#3753,#3754,#3755,#3756,#3757,
#3758,#3759,#3760,#3761,#3762,#3763,#3764,#3765,#3766,#3767,#3768,#3769,#3770,
#3771,#3772,#3773,#3774,#3775,#3776,#3777,#3778,#3779),(#3780,#3781,#3782,#3783,
#3784,#3785,#3786,#3787,#3788,#3789,#3790,#3791,#3792,#3793,#3794,#3795,#3796,
#3797,#3798,#3799,#3800,#3801,#3802,#3803,#3804,#3805,#3806,#3807,#3808,#3809,
#3810,#3811,#3812),(#3813,#3814,#3815,#3816,#3817,#3818,#3819,#3820,#3821,#3822,
#3823,#3824,#3825,#3826,#3827,#3828,#3829,#3830,#3831,#3832,#3833,#3834,#3835,
#3836,#3837,#3838,#3839,#3840,#3841,#3842,#3843,#3844,#3845)),.UNSPECIFIED.,.F.,
.F.,.F.)B_SPLINE_SURFACE_WITH_KNOTS((4,4),(4,1,1,1,1,1,1,1,1,1,1,1,1,1,1,1,1,1,
1,1,1,1,1,1,1,1,1,1,1,1,4),(0.E0,1.E0),(-8.666542714798E-3,0.E0,
4.651804443923E-2,9.829953723439E-2,1.506286031829E-1,1.978124469270E-1,
2.397105795247E-1,2.768903241226E-1,3.106533422673E-1,3.429824333649E-1,
3.753218393179E-1,4.079401167131E-1,4.404289461985E-1,4.725083216909E-1,
5.059431600279E-1,5.431231501453E-1,5.824749099413E-1,6.208187418729E-1,
6.559349066258E-1,6.888294987233E-1,7.221626566704E-1,7.561041453455E-1,
7.895759783158E-1,8.224010947110E-1,8.548323285152E-1,8.866739187162E-1,
9.159542291977E-1,9.434474206430E-1,9.713309212489E-1,1.E0,1.009650242323E0),
.UNSPECIFIED.)GEOMETRIC_REPRESENTATION_ITEM()RATIONAL_B_SPLINE_SURFACE(((
1.137027554371E0,1.137027554371E0,1.137027554371E0,1.137027554371E0,
1.137027554371E0,1.137027554371E0,1.137027554371E0,1.137027554371E0,
1.137027554371E0,1.137027554371E0,1.137027554371E0,1.137027554371E0,
1.137027554371E0,1.137027554371E0,1.137027554371E0,1.137027554371E0,
1.137027554371E0,1.137027554371E0,1.137027554371E0,1.137027554371E0,
1.137027554371E0,1.137027554371E0,1.137027554371E0,1.137027554371E0,
1.137027554371E0,1.137027554371E0,1.137027554371E0,1.137027554371E0,
1.137027554371E0,1.137027554371E0,1.137027554371E0,1.137027554371E0,
1.137027554371E0),(9.543241485428E-1,9.543241485428E-1,9.543241485428E-1,
9.543241485428E-1,9.543241485428E-1,9.543241485428E-1,9.543241485428E-1,
9.543241485428E-1,9.543241485428E-1,9.543241485428E-1,9.543241485428E-1,
9.543241485428E-1,9.543241485428E-1,9.543241485428E-1,9.543241485428E-1,
9.543241485428E-1,9.543241485428E-1,9.543241485428E-1,9.543241485428E-1,
9.543241485428E-1,9.543241485428E-1,9.543241485428E-1,9.543241485428E-1,
9.543241485428E-1,9.543241485428E-1,9.543241485428E-1,9.543241485428E-1,
9.543241485428E-1,9.543241485428E-1,9.543241485428E-1,9.543241485428E-1,
9.543241485428E-1,9.543241485428E-1),(9.543241485428E-1,9.543241485428E-1,
9.543241485428E-1,9.543241485428E-1,9.543241485428E-1,9.543241485428E-1,
9.543241485428E-1,9.543241485428E-1,9.543241485428E-1,9.543241485428E-1,
9.543241485428E-1,9.543241485428E-1,9.543241485428E-1,9.543241485428E-1,
9.543241485428E-1,9.543241485428E-1,9.543241485428E-1,9.543241485428E-1,
9.543241485428E-1,9.543241485428E-1,9.543241485428E-1,9.543241485428E-1,
9.543241485428E-1,9.543241485428E-1,9.543241485428E-1,9.543241485428E-1,
9.543241485428E-1,9.543241485428E-1,9.543241485428E-1,9.543241485428E-1,
9.543241485428E-1,9.543241485428E-1,9.543241485428E-1),(1.137027554371E0,
1.137027554371E0,1.137027554371E0,1.137027554371E0,1.137027554371E0,
1.137027554371E0,1.137027554371E0,1.137027554371E0,1.137027554371E0,
1.137027554371E0,1.137027554371E0,1.137027554371E0,1.137027554371E0,
1.137027554371E0,1.137027554371E0,1.137027554371E0,1.137027554371E0,
1.137027554371E0,1.137027554371E0,1.137027554371E0,1.137027554371E0,
1.137027554371E0,1.137027554371E0,1.137027554371E0,1.137027554371E0,
1.137027554371E0,1.137027554371E0,1.137027554371E0,1.137027554371E0,
1.137027554371E0,1.137027554371E0,1.137027554371E0,1.137027554371E0)))REPRESENTATION_ITEM('')SURFACE());
#3848=ORIENTED_EDGE('',*,*,#3847,.T.);
#3850=ORIENTED_EDGE('',*,*,#3849,.T.);
#3851=ORIENTED_EDGE('',*,*,#3702,.F.);
#3853=ORIENTED_EDGE('',*,*,#3852,.F.);
#3854=EDGE_LOOP('',(#3848,#3850,#3851,#3853));
#3855=FACE_OUTER_BOUND('',#3854,.F.);
#3857=CARTESIAN_POINT('',(0.E0,-9.5E0,-4.15E0));
#3858=DIRECTION('',(0.E0,0.E0,-1.E0));
#3859=DIRECTION('',(0.E0,-1.E0,0.E0));
#3860=AXIS2_PLACEMENT_3D('',#3857,#3858,#3859);
#3861=CYLINDRICAL_SURFACE('',#3860,9.E-1);
#3862=ORIENTED_EDGE('',*,*,#3847,.F.);
#3864=ORIENTED_EDGE('',*,*,#3863,.F.);
#3866=ORIENTED_EDGE('',*,*,#3865,.T.);
#3868=ORIENTED_EDGE('',*,*,#3867,.F.);
#3869=EDGE_LOOP('',(#3862,#3864,#3866,#3868));
#3870=FACE_OUTER_BOUND('',#3869,.F.);
#3872=CARTESIAN_POINT('',(0.E0,-9.5E0,-4.15E0));
#3873=DIRECTION('',(0.E0,0.E0,-1.E0));
#3874=DIRECTION('',(0.E0,-1.E0,0.E0));
#3875=AXIS2_PLACEMENT_3D('',#3872,#3873,#3874);
#3876=CYLINDRICAL_SURFACE('',#3875,9.E-1);
#3878=ORIENTED_EDGE('',*,*,#3877,.F.);
#3879=ORIENTED_EDGE('',*,*,#3867,.T.);
#3881=ORIENTED_EDGE('',*,*,#3880,.T.);
#3882=ORIENTED_EDGE('',*,*,#3863,.T.);
#3883=EDGE_LOOP('',(#3878,#3879,#3881,#3882));
#3884=FACE_OUTER_BOUND('',#3883,.F.);
#3886=CARTESIAN_POINT('',(-3.255694795028E-2,-1.040299805001E1,
5.322820482493E-1));
#3887=CARTESIAN_POINT('',(-2.176749817479E-2,-1.040339783475E1,
5.331498026100E-1));
#3888=CARTESIAN_POINT('',(1.806627773168E-2,-1.040412649817E1,
5.347143697197E-1));
#3889=CARTESIAN_POINT('',(9.138128379615E-2,-1.040059426873E1,
5.270371463150E-1));
#3890=CARTESIAN_POINT('',(1.876872557167E-1,-1.038595218684E1,
4.963361340001E-1));
#3891=CARTESIAN_POINT('',(2.877027435632E-1,-1.035906889032E1,
4.400392081168E-1));
#3892=CARTESIAN_POINT('',(3.846795837729E-1,-1.032030816136E1,
3.607271764646E-1));
#3893=CARTESIAN_POINT('',(4.727925527810E-1,-1.027277343304E1,
2.650861939398E-1));
#3894=CARTESIAN_POINT('',(5.513318303181E-1,-1.021883491515E1,
1.584438048626E-1));
#3895=CARTESIAN_POINT('',(6.208831871148E-1,-1.015969437299E1,
4.337126296923E-2));
#3896=CARTESIAN_POINT('',(6.814019079502E-1,-1.009684873197E1,
-7.710082284757E-2));
#3897=CARTESIAN_POINT('',(7.333491283142E-1,-1.003164427656E1,
-2.006067818208E-1));
#3898=CARTESIAN_POINT('',(7.787200939016E-1,-9.962828117711E0,
-3.292959058856E-1));
#3899=CARTESIAN_POINT('',(8.182904207773E-1,-9.888868033344E0,
-4.652835097717E-1));
#3900=CARTESIAN_POINT('',(8.508030321939E-1,-9.811299105370E0,
-6.057595364343E-1));
#3901=CARTESIAN_POINT('',(8.749465523036E-1,-9.734483897987E0,
-7.434430921240E-1));
#3902=CARTESIAN_POINT('',(8.912531191025E-1,-9.660862542915E0,
-8.734583450079E-1));
#3903=CARTESIAN_POINT('',(9.010052530008E-1,-9.590711417309E0,
-9.951887126366E-1));
#3904=CARTESIAN_POINT('',(9.052830012388E-1,-9.522067629048E0,
-1.112975913340E0));
#3905=CARTESIAN_POINT('',(9.043466719505E-1,-9.452869173757E0,
-1.230339258050E0));
#3906=CARTESIAN_POINT('',(8.979379221317E-1,-9.382579479898E0,
-1.347572147743E0));
#3907=CARTESIAN_POINT('',(8.857728163020E-1,-9.311585674357E0,
-1.463826649810E0));
#3908=CARTESIAN_POINT('',(8.672550016708E-1,-9.239079954398E0,
-1.580406252042E0));
#3909=CARTESIAN_POINT('',(8.406425986428E-1,-9.162493308589E0,
-1.701394307512E0));
#3910=CARTESIAN_POINT('',(8.021097357119E-1,-9.078110244797E0,
-1.831623504835E0));
#3911=CARTESIAN_POINT('',(7.470640075769E-1,-8.985928654215E0,
-1.969888806992E0));
#3912=CARTESIAN_POINT('',(6.732567992376E-1,-8.892050000567E0,
-2.106145587671E0));
#3913=CARTESIAN_POINT('',(5.836903077383E-1,-8.805863582980E0,
-2.226727237430E0));
#3914=CARTESIAN_POINT('',(4.850194613525E-1,-8.734079699124E0,
-2.323850877740E0));
#3915=CARTESIAN_POINT('',(3.807678419770E-1,-8.677572244141E0,
-2.397753978131E0));
#3916=CARTESIAN_POINT('',(2.694620442882E-1,-8.634609931077E0,
-2.452930640353E0));
#3917=CARTESIAN_POINT('',(1.431850944332E-1,-8.604261088175E0,
-2.491724062636E0));
#3918=CARTESIAN_POINT('',(3.486665848154E-2,-8.595133573060E0,
-2.503258762123E0));
#3919=CARTESIAN_POINT('',(-3.038670648127E-2,-8.596790612767E0,
-2.500205386126E0));
#3920=CARTESIAN_POINT('',(-4.536930406115E-2,-8.597557386100E0,
-2.498949499142E0));
#3921=CARTESIAN_POINT('',(-4.414112144250E-2,-1.037155831784E1,
7.886973438776E-1));
#3922=CARTESIAN_POINT('',(-2.941038250370E-2,-1.037228038644E1,
7.897814148298E-1));
#3923=CARTESIAN_POINT('',(2.462779286423E-2,-1.037358653003E1,
7.917149893277E-1));
#3924=CARTESIAN_POINT('',(1.220610799525E-1,-1.036724632500E1,
7.822338738274E-1));
#3925=CARTESIAN_POINT('',(2.474392357070E-1,-1.034173488112E1,
7.447120113099E-1));
#3926=CARTESIAN_POINT('',(3.708954648384E-1,-1.029705099563E1,
6.775314528265E-1));
#3927=CARTESIAN_POINT('',(4.814299511548E-1,-1.023726406997E1,
5.862048186311E-1));
#3928=CARTESIAN_POINT('',(5.747926042951E-1,-1.016857829307E1,
4.790569252059E-1));
#3929=CARTESIAN_POINT('',(6.518440712469E-1,-1.009528232929E1,
3.625130310879E-1));
#3930=CARTESIAN_POINT('',(7.151944282165E-1,-1.001898765736E1,
2.390830672513E-1));
#3931=CARTESIAN_POINT('',(7.661587858876E-1,-9.941537069161E0,
1.117762144883E-1));
#3932=CARTESIAN_POINT('',(8.064198404534E-1,-9.864107202576E0,
-1.741073607012E-2));
#3933=CARTESIAN_POINT('',(8.379802097043E-1,-9.785598961964E0,
-1.502752608642E-1));
#3934=CARTESIAN_POINT('',(8.618877648235E-1,-9.704136380563E0,
-2.893538490353E-1));
#3935=CARTESIAN_POINT('',(8.776605866993E-1,-9.621024054945E0,
-4.324117341616E-1));
#3936=CARTESIAN_POINT('',(8.850132031939E-1,-9.541036638236E0,
-5.718632299831E-1));
#3937=CARTESIAN_POINT('',(8.851716573390E-1,-9.467231615506E0,
-7.019369264923E-1));
#3938=CARTESIAN_POINT('',(8.798119665822E-1,-9.398411232311E0,
-8.233942200624E-1));
#3939=CARTESIAN_POINT('',(8.695788436963E-1,-9.332386983481E0,
-9.406721620007E-1));
#3940=CARTESIAN_POINT('',(8.544103946501E-1,-9.267621454728E0,
-1.056740413201E0));
#3941=CARTESIAN_POINT('',(8.341835746657E-1,-9.203863506571E0,
-1.171653623987E0));
#3942=CARTESIAN_POINT('',(8.088320626164E-1,-9.141141969240E0,
-1.284986027001E0));
#3943=CARTESIAN_POINT('',(7.777619518176E-1,-9.078730991282E0,
-1.398078120496E0));
#3944=CARTESIAN_POINT('',(7.391671083265E-1,-9.014833630429E0,
-1.514603930414E0));
#3945=CARTESIAN_POINT('',(6.895761966933E-1,-8.947272599240E0,
-1.638592947042E0));
#3946=CARTESIAN_POINT('',(6.256684951326E-1,-8.876716959215E0,
-1.768769602763E0));
#3947=CARTESIAN_POINT('',(5.480327317484E-1,-8.808996876496E0,
-1.894977430945E0));
#3948=CARTESIAN_POINT('',(4.620657506596E-1,-8.750870952775E0,
-2.004538707995E0));
#3949=CARTESIAN_POINT('',(3.747295118510E-1,-8.705680907784E0,
-2.091014663323E0));
#3950=CARTESIAN_POINT('',(2.884872800672E-1,-8.672199198960E0,
-2.155638095526E0));
#3951=CARTESIAN_POINT('',(2.002224260086E-1,-8.647726271524E0,
-2.203492392320E0));
#3952=CARTESIAN_POINT('',(1.044181644336E-1,-8.631369335187E0,
-2.236614304803E0));
#3953=CARTESIAN_POINT('',(2.614668674837E-2,-8.626824414039E0,
-2.246153384934E0));
#3954=CARTESIAN_POINT('',(-1.941034552990E-2,-8.627492904275E0,
-2.243637710417E0));
#3955=CARTESIAN_POINT('',(-2.978999401061E-2,-8.627824423815E0,
-2.242617363467E0));
#3956=CARTESIAN_POINT('',(-6.051363299044E-2,-1.051468759699E1,
1.003444014864E0));
#3957=CARTESIAN_POINT('',(-4.026684542278E-2,-1.051576943366E1,
1.004709250001E0));
#3958=CARTESIAN_POINT('',(3.383063791037E-2,-1.051772255324E1,
1.006951866547E0));
#3959=CARTESIAN_POINT('',(1.663980687744E-1,-1.050823850994E1,
9.959599994300E-1));
#3960=CARTESIAN_POINT('',(3.356276721819E-1,-1.047037422627E1,
9.527257051689E-1));
#3961=CARTESIAN_POINT('',(4.986724400926E-1,-1.040491081535E1,
8.764301527324E-1));
#3962=CARTESIAN_POINT('',(6.395074974946E-1,-1.031925342254E1,
7.750413422810E-1));
#3963=CARTESIAN_POINT('',(7.541692802060E-1,-1.022292706997E1,
6.582564620950E-1));
#3964=CARTESIAN_POINT('',(8.447686804363E-1,-1.012236019750E1,
5.334201014919E-1));
#3965=CARTESIAN_POINT('',(9.158112542779E-1,-1.001975286585E1,
4.029908339051E-1));
#3966=CARTESIAN_POINT('',(9.698024913189E-1,-9.917536004750E0,
2.699598941875E-1));
#3967=CARTESIAN_POINT('',(1.009589277165E0,-9.816991406167E0,
1.360151384138E-1));
#3968=CARTESIAN_POINT('',(1.037558228756E0,-9.716918514408E0,
-3.462659422639E-4));
#3969=CARTESIAN_POINT('',(1.055143986990E0,-9.614848417316E0,
-1.420135397207E-1));
#3970=CARTESIAN_POINT('',(1.062310182628E0,-9.512172949784E0,
-2.872337198407E-1));
#3971=CARTESIAN_POINT('',(1.059427680810E0,-9.414855463223E0,
-4.281658576686E-1));
#3972=CARTESIAN_POINT('',(1.048434959996E0,-9.326959381013E0,
-5.582885004542E-1));
#3973=CARTESIAN_POINT('',(1.031597601827E0,-9.246039626883E0,
-6.795170957133E-1));
#3974=CARTESIAN_POINT('',(1.009380867508E0,-9.169337413923E0,
-7.963685356980E-1));
#3975=CARTESIAN_POINT('',(9.814880558842E-1,-9.095387682290E0,
-9.113521518367E-1));
#3976=CARTESIAN_POINT('',(9.478665243235E-1,-9.024089413709E0,
-1.024322641844E0));
#3977=CARTESIAN_POINT('',(9.085880826548E-1,-8.955228804012E0,
-1.135207799882E0));
#3978=CARTESIAN_POINT('',(8.629481509608E-1,-8.887999414982E0,
-1.245379120303E0));
#3979=CARTESIAN_POINT('',(8.087543848483E-1,-8.820798913781E0,
-1.358167819395E0));
#3980=CARTESIAN_POINT('',(7.421241585402E-1,-8.752103143010E0,
-1.476930712411E0));
#3981=CARTESIAN_POINT('',(6.599890003096E-1,-8.683172477064E0,
-1.600333162676E0));
#3982=CARTESIAN_POINT('',(5.650136371442E-1,-8.620752297748E0,
-1.718125037782E0));
#3983=CARTESIAN_POINT('',(4.652740777472E-1,-8.571058404260E0,
-1.818456801646E0));
#3984=CARTESIAN_POINT('',(3.692620751952E-1,-8.535732323247E0,
-1.896015368103E0));
#3985=CARTESIAN_POINT('',(2.791727662922E-1,-8.511859199847E0,
-1.952867119424E0));
#3986=CARTESIAN_POINT('',(1.901620677558E-1,-8.495558283710E0,
-1.994588967700E0));
#3987=CARTESIAN_POINT('',(9.733134091960E-2,-8.485794790935E0,
-2.022961015920E0));
#3988=CARTESIAN_POINT('',(2.505581407539E-2,-8.483563017389E0,
-2.030828773707E0));
#3989=CARTESIAN_POINT('',(-1.548260733076E-2,-8.483673501782E0,
-2.028763421789E0));
#3990=CARTESIAN_POINT('',(-2.463894252894E-2,-8.483766369557E0,
-2.027940338572E0));
#3991=CARTESIAN_POINT('',(-7.378208945289E-2,-1.076339020906E1,
1.073003114330E0));
#3992=CARTESIAN_POINT('',(-4.910351310116E-2,-1.076469587132E1,
1.074327030784E0));
#3993=CARTESIAN_POINT('',(4.123856795379E-2,-1.076705358697E1,
1.076669749867E0));
#3994=CARTESIAN_POINT('',(2.030195399446E-1,-1.075560533455E1,
1.065188531640E0));
#3995=CARTESIAN_POINT('',(4.097412003375E-1,-1.070985943778E1,
1.020103910172E0));
#3996=CARTESIAN_POINT('',(6.094385914936E-1,-1.063065436561E1,
9.408558985979E-1));
#3997=CARTESIAN_POINT('',(7.827107103451E-1,-1.052675313173E1,
8.362078249606E-1));
#3998=CARTESIAN_POINT('',(9.244537915004E-1,-1.040962085633E1,
7.163014057186E-1));
#3999=CARTESIAN_POINT('',(1.037106067819E0,-1.028701559380E1,
5.887790127853E-1));
#4000=CARTESIAN_POINT('',(1.126026030836E0,-1.016162112859E1,
4.560825842525E-1));
#4001=CARTESIAN_POINT('',(1.194166278153E0,-1.003641528695E1,
3.211975420614E-1));
#4002=CARTESIAN_POINT('',(1.244919314288E0,-9.913009125916E0,
1.857116744061E-1));
#4003=CARTESIAN_POINT('',(1.281247275032E0,-9.789894285252E0,
4.821758756345E-2));
#4004=CARTESIAN_POINT('',(1.304899642689E0,-9.664045536897E0,
-9.428819346078E-2));
#4005=CARTESIAN_POINT('',(1.315741212159E0,-9.537217624354E0,
-2.402087676398E-1));
#4006=CARTESIAN_POINT('',(1.314113231086E0,-9.416766192939E0,
-3.816205037037E-1));
#4007=CARTESIAN_POINT('',(1.302341713207E0,-9.307664275264E0,
-5.117590007930E-1));
#4008=CARTESIAN_POINT('',(1.283193671235E0,-9.207047556309E0,
-6.329135178440E-1));
#4009=CARTESIAN_POINT('',(1.257297302596E0,-9.111517203887E0,
-7.496268085774E-1));
#4010=CARTESIAN_POINT('',(1.224321683167E0,-9.019193398389E0,
-8.642590980214E-1));
#4011=CARTESIAN_POINT('',(1.184185738928E0,-8.929917565750E0,
-9.766003167704E-1));
#4012=CARTESIAN_POINT('',(1.136953341036E0,-8.843465891924E0,
-1.086692781930E0));
#4013=CARTESIAN_POINT('',(1.081749467194E0,-8.758827660854E0,
-1.195918027873E0));
#4014=CARTESIAN_POINT('',(1.015859779769E0,-8.673923877638E0,
-1.307496230603E0));
#4015=CARTESIAN_POINT('',(9.344227993776E-1,-8.586683597974E0,
-1.424566317625E0));
#4016=CARTESIAN_POINT('',(8.334812733834E-1,-8.498593608497E0,
-1.545774519062E0));
#4017=CARTESIAN_POINT('',(7.160138451394E-1,-8.418059838872E0,
-1.660840363005E0));
#4018=CARTESIAN_POINT('',(5.917687102354E-1,-8.353104839475E0,
-1.758182573537E0));
#4019=CARTESIAN_POINT('',(4.712527372228E-1,-8.306157909286E0,
-1.832852687584E0));
#4020=CARTESIAN_POINT('',(3.573143756424E-1,-8.273844377917E0,
-1.887187095464E0));
#4021=CARTESIAN_POINT('',(2.441305799418E-1,-8.251458768750E0,
-1.926922567912E0));
#4022=CARTESIAN_POINT('',(1.253408375327E-1,-8.237711877420E0,
-1.953756076423E0));
#4023=CARTESIAN_POINT('',(3.211989723031E-2,-8.234408748926E0,
-1.961082472258E0));
#4024=CARTESIAN_POINT('',(-2.049686382821E-2,-8.234660758637E0,
-1.959162985393E0));
#4025=CARTESIAN_POINT('',(-3.239922151779E-2,-8.234826619110E0,
-1.958403798336E0));
#4026=(BOUNDED_SURFACE()B_SPLINE_SURFACE(3,3,((#3886,#3887,#3888,#3889,#3890,
#3891,#3892,#3893,#3894,#3895,#3896,#3897,#3898,#3899,#3900,#3901,#3902,#3903,
#3904,#3905,#3906,#3907,#3908,#3909,#3910,#3911,#3912,#3913,#3914,#3915,#3916,
#3917,#3918,#3919,#3920),(#3921,#3922,#3923,#3924,#3925,#3926,#3927,#3928,#3929,
#3930,#3931,#3932,#3933,#3934,#3935,#3936,#3937,#3938,#3939,#3940,#3941,#3942,
#3943,#3944,#3945,#3946,#3947,#3948,#3949,#3950,#3951,#3952,#3953,#3954,#3955),(
#3956,#3957,#3958,#3959,#3960,#3961,#3962,#3963,#3964,#3965,#3966,#3967,#3968,
#3969,#3970,#3971,#3972,#3973,#3974,#3975,#3976,#3977,#3978,#3979,#3980,#3981,
#3982,#3983,#3984,#3985,#3986,#3987,#3988,#3989,#3990),(#3991,#3992,#3993,#3994,
#3995,#3996,#3997,#3998,#3999,#4000,#4001,#4002,#4003,#4004,#4005,#4006,#4007,
#4008,#4009,#4010,#4011,#4012,#4013,#4014,#4015,#4016,#4017,#4018,#4019,#4020,
#4021,#4022,#4023,#4024,#4025)),.UNSPECIFIED.,.F.,.F.,.F.)B_SPLINE_SURFACE_WITH_KNOTS((4,4),(4,1,1,1,1,1,1,1,1,1,1,1,1,1,1,1,1,1,1,1,1,1,1,1,1,1,1,1,1,1,1,1,4),(
0.E0,1.E0),(-9.690343354939E-3,0.E0,2.584495480956E-2,5.490252918750E-2,
8.752925057794E-2,1.225625057535E-1,1.573022221007E-1,1.916164589828E-1,
2.268297258614E-1,2.620133972491E-1,2.958526872616E-1,3.300151232922E-1,
3.665572642170E-1,4.042220159348E-1,4.405848990854E-1,4.737757056729E-1,
5.044228994746E-1,5.344106071417E-1,5.646157507699E-1,5.948692795810E-1,
6.248965903796E-1,6.549911306571E-1,6.864640234379E-1,7.211529451115E-1,
7.604628691589E-1,8.020810205763E-1,8.409630212575E-1,8.754601677141E-1,
9.063146446633E-1,9.352829766893E-1,9.656256211716E-1,1.E0,1.010240129360E0),
.UNSPECIFIED.)GEOMETRIC_REPRESENTATION_ITEM()RATIONAL_B_SPLINE_SURFACE(((
1.137026297483E0,1.137026297483E0,1.137026297483E0,1.137026297483E0,
1.137026297483E0,1.137026297483E0,1.137026297483E0,1.137026297483E0,
1.137026297483E0,1.137026297483E0,1.137026297483E0,1.137026297483E0,
1.137026297483E0,1.137026297483E0,1.137026297483E0,1.137026297483E0,
1.137026297483E0,1.137026297483E0,1.137026297483E0,1.137026297483E0,
1.137026297483E0,1.137026297483E0,1.137026297483E0,1.137026297483E0,
1.137026297483E0,1.137026297483E0,1.137026297483E0,1.137026297483E0,
1.137026297483E0,1.137026297483E0,1.137026297483E0,1.137026297483E0,
1.137026297483E0,1.137026297483E0,1.137026297483E0),(9.543245675056E-1,
9.543245675056E-1,9.543245675056E-1,9.543245675056E-1,9.543245675056E-1,
9.543245675056E-1,9.543245675056E-1,9.543245675056E-1,9.543245675056E-1,
9.543245675056E-1,9.543245675056E-1,9.543245675056E-1,9.543245675056E-1,
9.543245675056E-1,9.543245675056E-1,9.543245675056E-1,9.543245675056E-1,
9.543245675056E-1,9.543245675056E-1,9.543245675056E-1,9.543245675056E-1,
9.543245675056E-1,9.543245675056E-1,9.543245675056E-1,9.543245675056E-1,
9.543245675056E-1,9.543245675056E-1,9.543245675056E-1,9.543245675056E-1,
9.543245675056E-1,9.543245675056E-1,9.543245675056E-1,9.543245675056E-1,
9.543245675056E-1,9.543245675056E-1),(9.543245675056E-1,9.543245675056E-1,
9.543245675056E-1,9.543245675056E-1,9.543245675056E-1,9.543245675056E-1,
9.543245675056E-1,9.543245675056E-1,9.543245675056E-1,9.543245675056E-1,
9.543245675056E-1,9.543245675056E-1,9.543245675056E-1,9.543245675056E-1,
9.543245675056E-1,9.543245675056E-1,9.543245675056E-1,9.543245675056E-1,
9.543245675056E-1,9.543245675056E-1,9.543245675056E-1,9.543245675056E-1,
9.543245675056E-1,9.543245675056E-1,9.543245675056E-1,9.543245675056E-1,
9.543245675056E-1,9.543245675056E-1,9.543245675056E-1,9.543245675056E-1,
9.543245675056E-1,9.543245675056E-1,9.543245675056E-1,9.543245675056E-1,
9.543245675056E-1),(1.137026297483E0,1.137026297483E0,1.137026297483E0,
1.137026297483E0,1.137026297483E0,1.137026297483E0,1.137026297483E0,
1.137026297483E0,1.137026297483E0,1.137026297483E0,1.137026297483E0,
1.137026297483E0,1.137026297483E0,1.137026297483E0,1.137026297483E0,
1.137026297483E0,1.137026297483E0,1.137026297483E0,1.137026297483E0,
1.137026297483E0,1.137026297483E0,1.137026297483E0,1.137026297483E0,
1.137026297483E0,1.137026297483E0,1.137026297483E0,1.137026297483E0,
1.137026297483E0,1.137026297483E0,1.137026297483E0,1.137026297483E0,
1.137026297483E0,1.137026297483E0,1.137026297483E0,1.137026297483E0)))REPRESENTATION_ITEM('')SURFACE());
#4027=ORIENTED_EDGE('',*,*,#3877,.T.);
#4028=ORIENTED_EDGE('',*,*,#3852,.T.);
#4030=ORIENTED_EDGE('',*,*,#4029,.F.);
#4031=ORIENTED_EDGE('',*,*,#3849,.F.);
#4032=EDGE_LOOP('',(#4027,#4028,#4030,#4031));
#4033=FACE_OUTER_BOUND('',#4032,.F.);
#4035=CARTESIAN_POINT('',(-5.922892058975E-2,-7.837650814880E0,
-1.788267108587E0));
#4036=CARTESIAN_POINT('',(-3.987627474458E-2,-7.836421995174E0,
-1.789543511442E0));
#4037=CARTESIAN_POINT('',(6.046685665147E-2,-7.832834848341E0,
-1.793269562089E0));
#4038=CARTESIAN_POINT('',(2.576121872499E-1,-7.851132007727E0,
-1.774263888296E0));
#4039=CARTESIAN_POINT('',(5.306548292363E-1,-7.933008812228E0,
-1.689216597364E0));
#4040=CARTESIAN_POINT('',(7.881409137437E-1,-8.076599639764E0,
-1.540065553192E0));
#4041=CARTESIAN_POINT('',(1.013094664636E0,-8.277244146054E0,
-1.331651560921E0));
#4042=CARTESIAN_POINT('',(1.192521130810E0,-8.529397419397E0,
-1.069734245897E0));
#4043=CARTESIAN_POINT('',(1.317172074081E0,-8.834581899388E0,
-7.527322156368E-1));
#4044=CARTESIAN_POINT('',(1.364275308721E0,-9.193013265826E0,
-3.804214386503E-1));
#4045=CARTESIAN_POINT('',(1.312398235967E0,-9.548026020927E0,
-1.166165067429E-2));
#4046=CARTESIAN_POINT('',(1.186900925994E0,-9.846944096065E0,
2.988313229609E-1));
#4047=CARTESIAN_POINT('',(1.006258120148E0,-1.009688586649E1,
5.584514998211E-1));
#4048=CARTESIAN_POINT('',(7.821213887726E-1,-1.029411199537E1,
7.633147460756E-1));
#4049=CARTESIAN_POINT('',(5.260515733779E-1,-1.043541977021E1,
9.100943317077E-1));
#4050=CARTESIAN_POINT('',(2.552589570613E-1,-1.051600395612E1,
9.937989504419E-1));
#4051=CARTESIAN_POINT('',(7.418311740945E-2,-1.053215347827E1,
1.010573824801E0));
#4052=CARTESIAN_POINT('',(-1.982572752296E-2,-1.053103365619E1,
1.009410640253E0));
#4053=CARTESIAN_POINT('',(-2.687363446631E-2,-1.053089555778E1,
1.009267194301E0));
#4054=CARTESIAN_POINT('',(-5.338933565429E-2,-8.064292094541E0,
-1.882231130988E0));
#4055=CARTESIAN_POINT('',(-3.594473435920E-2,-8.063184428436E0,
-1.883507533844E0));
#4056=CARTESIAN_POINT('',(5.450521930133E-2,-8.059950950865E0,
-1.887233584490E0));
#4057=CARTESIAN_POINT('',(2.322133072285E-1,-8.076444129775E0,
-1.868227910697E0));
#4058=CARTESIAN_POINT('',(4.783357270835E-1,-8.150248415828E0,
-1.783180619765E0));
#4059=CARTESIAN_POINT('',(7.104353644767E-1,-8.279682125102E0,
-1.634029575593E0));
#4060=CARTESIAN_POINT('',(9.132101439846E-1,-8.460544392839E0,
-1.425615583322E0));
#4061=CARTESIAN_POINT('',(1.074946331855E0,-8.687836999437E0,
-1.163698268298E0));
#4062=CARTESIAN_POINT('',(1.187307505816E0,-8.962932281885E0,
-8.466962380379E-1));
#4063=CARTESIAN_POINT('',(1.229766669001E0,-9.286024655362E0,
-4.743854610514E-1));
#4064=CARTESIAN_POINT('',(1.183004336977E0,-9.606035470263E0,
-1.056256730754E-1));
#4065=CARTESIAN_POINT('',(1.069880242545E0,-9.875482174470E0,
2.048673005598E-1));
#4066=CARTESIAN_POINT('',(9.070476381557E-1,-1.010078131790E1,
4.644874774200E-1));
#4067=CARTESIAN_POINT('',(7.050093253735E-1,-1.027856223793E1,
6.693507236745E-1));
#4068=CARTESIAN_POINT('',(4.741863222035E-1,-1.040593798860E1,
8.161303093066E-1));
#4069=CARTESIAN_POINT('',(2.300920901751E-1,-1.047857709982E1,
8.998349280408E-1));
#4070=CARTESIAN_POINT('',(6.686914628561E-2,-1.049313438450E1,
9.166098023995E-1));
#4071=CARTESIAN_POINT('',(-1.787104020763E-2,-1.049212496957E1,
9.154466178519E-1));
#4072=CARTESIAN_POINT('',(-2.422406953371E-2,-1.049200048676E1,
9.153031719003E-1));
#4073=CARTESIAN_POINT('',(-4.754975071883E-2,-8.290933374201E0,
-1.976195153389E0));
#4074=CARTESIAN_POINT('',(-3.201319397383E-2,-8.289946861698E0,
-1.977471556245E0));
#4075=CARTESIAN_POINT('',(4.854358195118E-2,-8.287067053388E0,
-1.981197606891E0));
#4076=CARTESIAN_POINT('',(2.068144272071E-1,-8.301756251823E0,
-1.962191933099E0));
#4077=CARTESIAN_POINT('',(4.260166249307E-1,-8.367488019428E0,
-1.877144642166E0));
#4078=CARTESIAN_POINT('',(6.327298152097E-1,-8.482764610439E0,
-1.727993597994E0));
#4079=CARTESIAN_POINT('',(8.133256233333E-1,-8.643844639624E0,
-1.519579605723E0));
#4080=CARTESIAN_POINT('',(9.573715328992E-1,-8.846276579477E0,
-1.257662290699E0));
#4081=CARTESIAN_POINT('',(1.057442937550E0,-9.091282664382E0,
-9.406602604390E-1));
#4082=CARTESIAN_POINT('',(1.095258029280E0,-9.379036044897E0,
-5.683494834525E-1));
#4083=CARTESIAN_POINT('',(1.053610437987E0,-9.664044919598E0,
-1.995896954765E-1));
#4084=CARTESIAN_POINT('',(9.528595590972E-1,-9.904020252875E0,
1.109032781587E-1));
#4085=CARTESIAN_POINT('',(8.078371561632E-1,-1.010467676931E1,
3.705234550189E-1));
#4086=CARTESIAN_POINT('',(6.278972619744E-1,-1.026301248049E1,
5.753867012734E-1));
#4087=CARTESIAN_POINT('',(4.223210710292E-1,-1.037645620698E1,
7.221662869055E-1));
#4088=CARTESIAN_POINT('',(2.049252232888E-1,-1.044115024351E1,
8.058709056397E-1));
#4089=CARTESIAN_POINT('',(5.955517516177E-2,-1.045411529073E1,
8.226457799984E-1));
#4090=CARTESIAN_POINT('',(-1.591635289230E-2,-1.045321628295E1,
8.214825954508E-1));
#4091=CARTESIAN_POINT('',(-2.157450460110E-2,-1.045310541574E1,
8.213391494992E-1));
#4092=CARTESIAN_POINT('',(-4.171016578337E-2,-8.517574653861E0,
-2.070159175791E0));
#4093=CARTESIAN_POINT('',(-2.808165358846E-2,-8.516709294960E0,
-2.071435578646E0));
#4094=CARTESIAN_POINT('',(4.258194460104E-2,-8.514183155912E0,
-2.075161629292E0));
#4095=CARTESIAN_POINT('',(1.814155471857E-1,-8.527068373872E0,
-2.056155955500E0));
#4096=CARTESIAN_POINT('',(3.736975227778E-1,-8.584727623028E0,
-1.971108664567E0));
#4097=CARTESIAN_POINT('',(5.550242659427E-1,-8.685847095777E0,
-1.821957620395E0));
#4098=CARTESIAN_POINT('',(7.134411026820E-1,-8.827144886409E0,
-1.613543628124E0));
#4099=CARTESIAN_POINT('',(8.397967339436E-1,-9.004716159517E0,
-1.351626313100E0));
#4100=CARTESIAN_POINT('',(9.275783692849E-1,-9.219633046879E0,
-1.034624282840E0));
#4101=CARTESIAN_POINT('',(9.607493895602E-1,-9.472047434432E0,
-6.623135058536E-1));
#4102=CARTESIAN_POINT('',(9.242165389968E-1,-9.722054368934E0,
-2.935537178776E-1));
#4103=CARTESIAN_POINT('',(8.358388756489E-1,-9.932558331280E0,
1.693925575758E-2));
#4104=CARTESIAN_POINT('',(7.086266741708E-1,-1.010857222072E1,
2.765594326178E-1));
#4105=CARTESIAN_POINT('',(5.507851985753E-1,-1.024746272304E1,
4.814226788723E-1));
#4106=CARTESIAN_POINT('',(3.704558198549E-1,-1.034697442537E1,
6.282022645044E-1));
#4107=CARTESIAN_POINT('',(1.797583564026E-1,-1.040372338720E1,
7.119068832386E-1));
#4108=CARTESIAN_POINT('',(5.224120403793E-2,-1.041509619696E1,
7.286817575973E-1));
#4109=CARTESIAN_POINT('',(-1.396166557696E-2,-1.041430759633E1,
7.275185730497E-1));
#4110=CARTESIAN_POINT('',(-1.892493966850E-2,-1.041421034472E1,
7.273751270981E-1));
#4111=B_SPLINE_SURFACE_WITH_KNOTS('',3,3,((#4035,#4036,#4037,#4038,#4039,#4040,
#4041,#4042,#4043,#4044,#4045,#4046,#4047,#4048,#4049,#4050,#4051,#4052,#4053),(
#4054,#4055,#4056,#4057,#4058,#4059,#4060,#4061,#4062,#4063,#4064,#4065,#4066,
#4067,#4068,#4069,#4070,#4071,#4072),(#4073,#4074,#4075,#4076,#4077,#4078,#4079,
#4080,#4081,#4082,#4083,#4084,#4085,#4086,#4087,#4088,#4089,#4090,#4091),(#4092,
#4093,#4094,#4095,#4096,#4097,#4098,#4099,#4100,#4101,#4102,#4103,#4104,#4105,
#4106,#4107,#4108,#4109,#4110)),.UNSPECIFIED.,.F.,.F.,.F.,(4,4),(4,1,1,1,1,1,1,
1,1,1,1,1,1,1,1,1,4),(1.043814789595E-1,9.016926480881E-1),(-1.167945292278E-2,
0.E0,4.761904761905E-2,9.523809523810E-2,1.428571428571E-1,1.904761904762E-1,
2.380952380952E-1,2.857142857143E-1,3.333333333333E-1,3.809523809524E-1,
4.285714285714E-1,4.761904761905E-1,5.238095238095E-1,5.714285714286E-1,
6.190476190476E-1,6.666666666667E-1,6.705257882877E-1),.UNSPECIFIED.);
#4112=ORIENTED_EDGE('',*,*,#4029,.T.);
#4113=ORIENTED_EDGE('',*,*,#3709,.F.);
#4115=ORIENTED_EDGE('',*,*,#4114,.T.);
#4117=ORIENTED_EDGE('',*,*,#4116,.T.);
#4118=ORIENTED_EDGE('',*,*,#3704,.T.);
#4119=EDGE_LOOP('',(#4112,#4113,#4115,#4117,#4118));
#4120=FACE_OUTER_BOUND('',#4119,.F.);
#4122=CARTESIAN_POINT('',(-6.563741465103E-2,-7.472054303808E0,
-2.033026450496E0));
#4123=CARTESIAN_POINT('',(-4.891350203080E-2,-7.471309934412E0,
-2.033769694701E0));
#4124=CARTESIAN_POINT('',(2.117690221132E-2,-7.469251515920E0,
-2.035831809787E0));
#4125=CARTESIAN_POINT('',(1.381423401370E-1,-7.472925625593E0,
-2.032224240126E0));
#4126=CARTESIAN_POINT('',(2.782926679364E-1,-7.488484939397E0,
-2.016962509467E0));
#4127=CARTESIAN_POINT('',(4.022889199028E-1,-7.510763724902E0,
-1.995143151989E0));
#4128=CARTESIAN_POINT('',(5.147776033063E-1,-7.538017167904E0,
-1.968496237234E0));
#4129=CARTESIAN_POINT('',(6.203591261836E-1,-7.570009873581E0,
-1.937261974462E0));
#4130=CARTESIAN_POINT('',(7.217777768924E-1,-7.607051773755E0,
-1.901150042579E0));
#4131=CARTESIAN_POINT('',(8.195278412369E-1,-7.649256663604E0,
-1.860053256620E0));
#4132=CARTESIAN_POINT('',(9.124755404375E-1,-7.695802523236E0,
-1.814817972175E0));
#4133=CARTESIAN_POINT('',(1.000514007247E0,-7.746128966003E0,
-1.766008464065E0));
#4134=CARTESIAN_POINT('',(1.084667851230E0,-7.800487675086E0,
-1.713397608657E0));
#4135=CARTESIAN_POINT('',(1.166882392423E0,-7.860218418313E0,
-1.655706901675E0));
#4136=CARTESIAN_POINT('',(1.249138630076E0,-7.927424558873E0,
-1.590949994813E0));
#4137=CARTESIAN_POINT('',(1.332711839631E0,-8.004603035391E0,
-1.516774549761E0));
#4138=CARTESIAN_POINT('',(1.417489272349E0,-8.093961998672E0,
-1.431135945177E0));
#4139=CARTESIAN_POINT('',(1.502138447525E0,-8.197253182812E0,
-1.332444166373E0));
#4140=CARTESIAN_POINT('',(1.584481145034E0,-8.315846421661E0,
-1.219506152247E0));
#4141=CARTESIAN_POINT('',(1.662195514050E0,-8.450951537478E0,
-1.091374248399E0));
#4142=CARTESIAN_POINT('',(1.733007980850E0,-8.605510776650E0,
-9.453641684094E-1));
#4143=CARTESIAN_POINT('',(1.793093164281E0,-8.783772692255E0,
-7.776242741127E-1));
#4144=CARTESIAN_POINT('',(1.836705051428E0,-8.987439727768E0,
-5.870796726333E-1));
#4145=CARTESIAN_POINT('',(1.856743515810E0,-9.213750032814E0,
-3.766221649678E-1));
#4146=CARTESIAN_POINT('',(1.844141048885E0,-9.448520128422E0,
-1.594751752658E-1));
#4147=CARTESIAN_POINT('',(1.802621733758E0,-9.672465979697E0,
4.593969445956E-2));
#4148=CARTESIAN_POINT('',(1.736346298569E0,-9.877320082142E0,
2.329423612398E-1));
#4149=CARTESIAN_POINT('',(1.652634313186E0,-1.005864766881E1,
3.974102425571E-1));
#4150=CARTESIAN_POINT('',(1.556440955229E0,-1.021936115197E1,
5.422524738244E-1));
#4151=CARTESIAN_POINT('',(1.449888975024E0,-1.036192738231E1,
6.700883813591E-1));
#4152=CARTESIAN_POINT('',(1.335643665006E0,-1.048729512732E1,
7.819475777945E-1));
#4153=CARTESIAN_POINT('',(1.216122930267E0,-1.059639716063E1,
8.788471072222E-1));
#4154=CARTESIAN_POINT('',(1.093380048261E0,-1.069025744020E1,
9.618680173017E-1));
#4155=CARTESIAN_POINT('',(9.695017594371E-1,-1.076983618498E1,
1.031970981332E0));
#4156=CARTESIAN_POINT('',(8.454060051912E-1,-1.083665678522E1,
1.090643033963E0));
#4157=CARTESIAN_POINT('',(7.175844965122E-1,-1.089358041307E1,
1.140561142635E0));
#4158=CARTESIAN_POINT('',(6.056450929461E-1,-1.093386439833E1,
1.175747592974E0));
#4159=CARTESIAN_POINT('',(5.346777887249E-1,-1.095490035874E1,
1.194087403559E0));
#4160=CARTESIAN_POINT('',(5.097253811630E-1,-1.096174983539E1,
1.200053345113E0));
#4161=CARTESIAN_POINT('',(-4.921755578101E-2,-7.631334219802E0,
-1.829960596937E0));
#4162=CARTESIAN_POINT('',(-3.624314307726E-2,-7.630767257475E0,
-1.830540331521E0));
#4163=CARTESIAN_POINT('',(1.832207668259E-2,-7.629177369172E0,
-1.832154915745E0));
#4164=CARTESIAN_POINT('',(1.106535083060E-1,-7.631802326690E0,
-1.829279611820E0));
#4165=CARTESIAN_POINT('',(2.231384765330E-1,-7.643346857740E0,
-1.816784789682E0));
#4166=CARTESIAN_POINT('',(3.239222420563E-1,-7.660068782565E0,
-1.798649234055E0));
#4167=CARTESIAN_POINT('',(4.162828712459E-1,-7.680706946877E0,
-1.776259656255E0));
#4168=CARTESIAN_POINT('',(5.037241323940E-1,-7.705130643721E0,
-1.749797315349E0));
#4169=CARTESIAN_POINT('',(5.884037747396E-1,-7.733645092057E0,
-1.718980004137E0));
#4170=CARTESIAN_POINT('',(6.705926657724E-1,-7.766386613938E0,
-1.683730741309E0));
#4171=CARTESIAN_POINT('',(7.498231783406E-1,-7.802990699953E0,
-1.644435271706E0));
#4172=CARTESIAN_POINT('',(8.257866298163E-1,-7.843050684829E0,
-1.601565771047E0));
#4173=CARTESIAN_POINT('',(8.992320561484E-1,-7.886809666511E0,
-1.554900411038E0));
#4174=CARTESIAN_POINT('',(9.717528048336E-1,-7.935395152052E0,
-1.503286921652E0));
#4175=CARTESIAN_POINT('',(1.045185412301E0,-7.990683515576E0,
-1.444785028780E0));
#4176=CARTESIAN_POINT('',(1.120695115052E0,-8.054877214023E0,
-1.377160788369E0));
#4177=CARTESIAN_POINT('',(1.198272468416E0,-8.130028563198E0,
-1.298384332325E0));
#4178=CARTESIAN_POINT('',(1.276750455065E0,-8.217813959283E0,
-1.206874788451E0));
#4179=CARTESIAN_POINT('',(1.354231569157E0,-8.319679240312E0,
-1.101324824626E0));
#4180=CARTESIAN_POINT('',(1.428751398261E0,-8.437122007258E0,
-9.803905302133E-1));
#4181=CARTESIAN_POINT('',(1.497991217894E0,-8.572580797016E0,
-8.418728768572E-1));
#4182=CARTESIAN_POINT('',(1.558514649874E0,-8.730018170956E0,
-6.820741646781E-1));
#4183=CARTESIAN_POINT('',(1.605220903144E0,-8.911973657798E0,
-4.988330245927E-1));
#4184=CARTESIAN_POINT('',(1.631159103100E0,-9.115346969089E0,
-2.958243063488E-1));
#4185=CARTESIAN_POINT('',(1.627290322138E0,-9.327464221259E0,
-8.599861514230E-2));
#4186=CARTESIAN_POINT('',(1.596398433770E0,-9.531302875964E0,
1.137619229318E-1));
#4187=CARTESIAN_POINT('',(1.542162202900E0,-9.717685964525E0,
2.949263046105E-1));
#4188=CARTESIAN_POINT('',(1.471000368698E0,-9.883348973015E0,
4.547072080899E-1));
#4189=CARTESIAN_POINT('',(1.387700222467E0,-1.003048124192E1,
5.955649390087E-1));
#4190=CARTESIAN_POINT('',(1.294467555517E0,-1.016102208012E1,
7.197147999691E-1));
#4191=CARTESIAN_POINT('',(1.193779561044E0,-1.027586962126E1,
8.282681506795E-1));
#4192=CARTESIAN_POINT('',(1.087906380452E0,-1.037584904679E1,
9.222343779952E-1));
#4193=CARTESIAN_POINT('',(9.787967733295E-1,-1.046186964199E1,
1.002670988371E0));
#4194=CARTESIAN_POINT('',(8.683505704092E-1,-1.053483651243E1,
1.070580441085E0));
#4195=CARTESIAN_POINT('',(7.575210279124E-1,-1.059609163003E1,
1.127361212945E0));
#4196=CARTESIAN_POINT('',(6.433662770128E-1,-1.064819761678E1,
1.175533710367E0));
#4197=CARTESIAN_POINT('',(5.430917458979E-1,-1.068514434548E1,
1.209562620917E0));
#4198=CARTESIAN_POINT('',(4.794357292445E-1,-1.070444708795E1,
1.227307891764E0));
#4199=CARTESIAN_POINT('',(4.570534587505E-1,-1.071073164874E1,
1.233079713402E0));
#4200=CARTESIAN_POINT('',(-3.546613535726E-2,-7.884658689584E0,
-1.779826427505E0));
#4201=CARTESIAN_POINT('',(-2.563230566731E-2,-7.884235259047E0,
-1.780273556825E0));
#4202=CARTESIAN_POINT('',(1.593125893501E-2,-7.883028855732E0,
-1.781519348788E0));
#4203=CARTESIAN_POINT('',(8.763432511510E-2,-7.884882284384E0,
-1.779152661128E0));
#4204=CARTESIAN_POINT('',(1.768187318014E-1,-7.893467605647E0,
-1.768569745811E0));
#4205=CARTESIAN_POINT('',(2.578331952390E-1,-7.906112241819E0,
-1.752935181624E0));
#4206=CARTESIAN_POINT('',(3.327895971910E-1,-7.921891262159E0,
-1.733410905160E0));
#4207=CARTESIAN_POINT('',(4.042523889693E-1,-7.940723322658E0,
-1.710161904214E0));
#4208=CARTESIAN_POINT('',(4.738607224504E-1,-7.962880171518E0,
-1.682935419256E0));
#4209=CARTESIAN_POINT('',(5.416868435058E-1,-7.988469893119E0,
-1.651720500842E0));
#4210=CARTESIAN_POINT('',(6.078311256501E-1,-8.017493808849E0,
-1.616526514473E0));
#4211=CARTESIAN_POINT('',(6.718363809311E-1,-8.049639544185E0,
-1.577776804492E0));
#4212=CARTESIAN_POINT('',(7.342195657239E-1,-8.085122445473E0,
-1.535266526352E0));
#4213=CARTESIAN_POINT('',(7.962366673563E-1,-8.124875375377E0,
-1.487952132010E0));
#4214=CARTESIAN_POINT('',(8.595202592599E-1,-8.170570220454E0,
-1.433921120707E0));
#4215=CARTESIAN_POINT('',(9.250464178036E-1,-8.224116148938E0,
-1.371050496721E0));
#4216=CARTESIAN_POINT('',(9.928125870638E-1,-8.287360945341E0,
-1.297352775983E0));
#4217=CARTESIAN_POINT('',(1.061747427885E0,-8.361810473559E0,
-1.211312916537E0));
#4218=CARTESIAN_POINT('',(1.130180500789E0,-8.448855672954E0,
-1.111589910035E0));
#4219=CARTESIAN_POINT('',(1.196437698095E0,-8.550143159152E0,
-9.965202106287E-1));
#4220=CARTESIAN_POINT('',(1.258151291449E0,-8.667442256069E0,
-8.644731256122E-1));
#4221=CARTESIAN_POINT('',(1.312220120413E0,-8.804181352451E0,
-7.120512351287E-1));
#4222=CARTESIAN_POINT('',(1.354124090456E0,-8.963484208199E0,
-5.361083204851E-1));
#4223=CARTESIAN_POINT('',(1.377411959704E0,-9.141517981792E0,
-3.413454622360E-1));
#4224=CARTESIAN_POINT('',(1.374016032827E0,-9.326964457554E0,
-1.406195791610E-1));
#4225=CARTESIAN_POINT('',(1.346355479782E0,-9.505510433252E0,
5.105811215935E-2));
#4226=CARTESIAN_POINT('',(1.298416911535E0,-9.667253407588E0,
2.231819514931E-1));
#4227=CARTESIAN_POINT('',(1.235615253259E0,-9.810716874448E0,
3.747727242769E-1));
#4228=CARTESIAN_POINT('',(1.162451499194E0,-9.937506242780E0,
5.079160466495E-1));
#4229=CARTESIAN_POINT('',(1.081261623296E0,-1.004911844349E1,
6.244272390282E-1));
#4230=CARTESIAN_POINT('',(9.942547006096E-1,-1.014660317474E1,
7.256424710816E-1));
#4231=CARTESIAN_POINT('',(9.034600989875E-1,-1.023085138714E1,
8.126843654803E-1));
#4232=CARTESIAN_POINT('',(8.106126482316E-1,-1.030280538036E1,
8.866933819982E-1));
#4233=CARTESIAN_POINT('',(7.172339848753E-1,-1.036345932397E1,
9.488344335755E-1));
#4234=CARTESIAN_POINT('',(6.241989761268E-1,-1.041402496867E1,
1.000458496581E0));
#4235=CARTESIAN_POINT('',(5.292694467479E-1,-1.045667704822E1,
1.043867888009E0));
#4236=CARTESIAN_POINT('',(4.460163500436E-1,-1.048686621070E1,
1.074510250526E0));
#4237=CARTESIAN_POINT('',(3.932963091166E-1,-1.050259601439E1,
1.090454778040E0));
#4238=CARTESIAN_POINT('',(3.747889227116E-1,-1.050771036414E1,
1.095635356642E0));
#4239=CARTESIAN_POINT('',(-3.101246121969E-2,-8.109904627551E0,
-1.906792706751E0));
#4240=CARTESIAN_POINT('',(-2.219628011005E-2,-8.109521659481E0,
-1.907202061731E0));
#4241=CARTESIAN_POINT('',(1.515701840136E-2,-8.108428824864E0,
-1.908335588028E0));
#4242=CARTESIAN_POINT('',(8.018191703515E-2,-8.110160287872E0,
-1.906008672577E0));
#4243=CARTESIAN_POINT('',(1.616633340304E-1,-8.118268553133E0,
-1.895560967133E0));
#4244=CARTESIAN_POINT('',(2.358820980722E-1,-8.130281058837E0,
-1.880038901823E0));
#4245=CARTESIAN_POINT('',(3.045483588431E-1,-8.145299574207E0,
-1.860606581802E0));
#4246=CARTESIAN_POINT('',(3.698974009449E-1,-8.163212996284E0,
-1.837463246586E0));
#4247=CARTESIAN_POINT('',(4.333677269352E-1,-8.184246980256E0,
-1.810392721917E0));
#4248=CARTESIAN_POINT('',(4.949535096063E-1,-8.208444221147E0,
-1.779454085672E0));
#4249=CARTESIAN_POINT('',(5.549511494634E-1,-8.235903831140E0,
-1.744546001009E0));
#4250=CARTESIAN_POINT('',(6.128798549827E-1,-8.266302839987E0,
-1.706109789325E0));
#4251=CARTESIAN_POINT('',(6.691798783172E-1,-8.299823054618E0,
-1.663961090684E0));
#4252=CARTESIAN_POINT('',(7.249470941532E-1,-8.337314144182E0,
-1.617095153880E0));
#4253=CARTESIAN_POINT('',(7.816489395722E-1,-8.380364588873E0,
-1.563595561633E0));
#4254=CARTESIAN_POINT('',(8.400844002561E-1,-8.430732850321E0,
-1.501389334470E0));
#4255=CARTESIAN_POINT('',(9.001580727619E-1,-8.490112086230E0,
-1.428538570563E0));
#4256=CARTESIAN_POINT('',(9.607783862131E-1,-8.559824644339E0,
-1.343619010394E0));
#4257=CARTESIAN_POINT('',(1.020338855043E0,-8.641102128113E0,
-1.245352798871E0));
#4258=CARTESIAN_POINT('',(1.077248592071E0,-8.735529566546E0,
-1.131987466236E0));
#4259=CARTESIAN_POINT('',(1.129110635831E0,-8.844364182402E0,
-1.002269748820E0));
#4260=CARTESIAN_POINT('',(1.172943656069E0,-8.970509525721E0,
-8.531040890246E-1));
#4261=CARTESIAN_POINT('',(1.204463786295E0,-9.117139086374E0,
-6.809358230994E-1));
#4262=CARTESIAN_POINT('',(1.217828934429E0,-9.279646505190E0,
-4.912407173910E-1));
#4263=CARTESIAN_POINT('',(1.206417075470E0,-9.447261764232E0,
-2.970063013053E-1));
#4264=CARTESIAN_POINT('',(1.173033998755E0,-9.607522715638E0,
-1.119433795109E-1));
#4265=CARTESIAN_POINT('',(1.122615563667E0,-9.750335023031E0,
5.229594006255E-2));
#4266=CARTESIAN_POINT('',(1.059953818419E0,-9.875765977103E0,
1.961417412463E-1));
#4267=CARTESIAN_POINT('',(9.892830680098E-1,-9.985257698208E0,
3.215597218958E-1));
#4268=CARTESIAN_POINT('',(9.130538520368E-1,-1.008016316539E1,
4.301620858566E-1));
#4269=CARTESIAN_POINT('',(8.332563633279E-1,-1.016181277329E1,
5.235444988804E-1));
#4270=CARTESIAN_POINT('',(7.517022588390E-1,-1.023130489683E1,
6.030091235926E-1));
#4271=CARTESIAN_POINT('',(6.699061582951E-1,-1.028974662154E1,
6.698458773333E-1));
#4272=CARTESIAN_POINT('',(5.890025400418E-1,-1.033832242228E1,
7.254244784565E-1));
#4273=CARTESIAN_POINT('',(5.097119683427E-1,-1.037822780284E1,
7.711123593857E-1));
#4274=CARTESIAN_POINT('',(4.302979971655E-1,-1.041134726453E1,
8.090373562061E-1));
#4275=CARTESIAN_POINT('',(3.612171751596E-1,-1.043461625002E1,
8.356967552066E-1));
#4276=CARTESIAN_POINT('',(3.177857645829E-1,-1.044665584241E1,
8.495024411621E-1));
#4277=CARTESIAN_POINT('',(3.025899986624E-1,-1.045055882323E1,
8.539796810420E-1));
#4278=(BOUNDED_SURFACE()B_SPLINE_SURFACE(3,3,((#4122,#4123,#4124,#4125,#4126,
#4127,#4128,#4129,#4130,#4131,#4132,#4133,#4134,#4135,#4136,#4137,#4138,#4139,
#4140,#4141,#4142,#4143,#4144,#4145,#4146,#4147,#4148,#4149,#4150,#4151,#4152,
#4153,#4154,#4155,#4156,#4157,#4158,#4159,#4160),(#4161,#4162,#4163,#4164,#4165,
#4166,#4167,#4168,#4169,#4170,#4171,#4172,#4173,#4174,#4175,#4176,#4177,#4178,
#4179,#4180,#4181,#4182,#4183,#4184,#4185,#4186,#4187,#4188,#4189,#4190,#4191,
#4192,#4193,#4194,#4195,#4196,#4197,#4198,#4199),(#4200,#4201,#4202,#4203,#4204,
#4205,#4206,#4207,#4208,#4209,#4210,#4211,#4212,#4213,#4214,#4215,#4216,#4217,
#4218,#4219,#4220,#4221,#4222,#4223,#4224,#4225,#4226,#4227,#4228,#4229,#4230,
#4231,#4232,#4233,#4234,#4235,#4236,#4237,#4238),(#4239,#4240,#4241,#4242,#4243,
#4244,#4245,#4246,#4247,#4248,#4249,#4250,#4251,#4252,#4253,#4254,#4255,#4256,
#4257,#4258,#4259,#4260,#4261,#4262,#4263,#4264,#4265,#4266,#4267,#4268,#4269,
#4270,#4271,#4272,#4273,#4274,#4275,#4276,#4277)),.UNSPECIFIED.,.F.,.F.,.F.)B_SPLINE_SURFACE_WITH_KNOTS((4,4),(4,1,1,1,1,1,1,1,1,1,1,1,1,1,1,1,1,1,1,1,1,1,1,1,1,
1,1,1,1,1,1,1,1,1,1,1,4),(0.E0,1.E0),(1.150247953105E-1,1.195372912126E-1,
1.339506595225E-1,1.468242727221E-1,1.584255215668E-1,1.692128890734E-1,
1.796982499801E-1,1.902277554693E-1,2.008326415246E-1,2.113980636200E-1,
2.218727226293E-1,2.323742970259E-1,2.432244666531E-1,2.548343031021E-1,
2.676015429494E-1,2.818155414035E-1,2.976125723703E-1,3.150798796383E-1,
3.343689835334E-1,3.557397635093E-1,3.796375842542E-1,4.068599485408E-1,
4.372889056103E-1,4.686447536134E-1,4.981358075432E-1,5.245765658901E-1,
5.482771526514E-1,5.697516352890E-1,5.892857104986E-1,6.070801977220E-1,
6.233004482055E-1,6.380865748330E-1,6.516065558142E-1,6.639888839730E-1,
6.754896385730E-1,6.872311597613E-1,6.934690637976E-1),.UNSPECIFIED.)GEOMETRIC_REPRESENTATION_ITEM()RATIONAL_B_SPLINE_SURFACE(((1.137036063508E0,
1.137036063508E0,1.137036063508E0,1.137036063508E0,1.137036063508E0,
1.137036063508E0,1.137036063508E0,1.137036063508E0,1.137036063508E0,
1.137036063508E0,1.137036063508E0,1.137036063508E0,1.137036063508E0,
1.137036063508E0,1.137036063508E0,1.137036063508E0,1.137036063508E0,
1.137036063508E0,1.137036063508E0,1.137036063508E0,1.137036063508E0,
1.137036063508E0,1.137036063508E0,1.137036063508E0,1.137036063508E0,
1.137036063508E0,1.137036063508E0,1.137036063508E0,1.137036063508E0,
1.137036063508E0,1.137036063508E0,1.137036063508E0,1.137036063508E0,
1.137036063508E0,1.137036063508E0,1.137036063508E0,1.137036063508E0,
1.137036063508E0,1.137036063508E0),(9.543213121639E-1,9.543213121639E-1,
9.543213121639E-1,9.543213121639E-1,9.543213121639E-1,9.543213121639E-1,
9.543213121639E-1,9.543213121639E-1,9.543213121639E-1,9.543213121639E-1,
9.543213121639E-1,9.543213121639E-1,9.543213121639E-1,9.543213121639E-1,
9.543213121639E-1,9.543213121639E-1,9.543213121639E-1,9.543213121639E-1,
9.543213121639E-1,9.543213121639E-1,9.543213121639E-1,9.543213121639E-1,
9.543213121639E-1,9.543213121639E-1,9.543213121639E-1,9.543213121639E-1,
9.543213121639E-1,9.543213121639E-1,9.543213121639E-1,9.543213121639E-1,
9.543213121639E-1,9.543213121639E-1,9.543213121639E-1,9.543213121639E-1,
9.543213121639E-1,9.543213121639E-1,9.543213121639E-1,9.543213121639E-1,
9.543213121639E-1),(9.543213121639E-1,9.543213121639E-1,9.543213121639E-1,
9.543213121639E-1,9.543213121639E-1,9.543213121639E-1,9.543213121639E-1,
9.543213121639E-1,9.543213121639E-1,9.543213121639E-1,9.543213121639E-1,
9.543213121639E-1,9.543213121639E-1,9.543213121639E-1,9.543213121639E-1,
9.543213121639E-1,9.543213121639E-1,9.543213121639E-1,9.543213121639E-1,
9.543213121639E-1,9.543213121639E-1,9.543213121639E-1,9.543213121639E-1,
9.543213121639E-1,9.543213121639E-1,9.543213121639E-1,9.543213121639E-1,
9.543213121639E-1,9.543213121639E-1,9.543213121639E-1,9.543213121639E-1,
9.543213121639E-1,9.543213121639E-1,9.543213121639E-1,9.543213121639E-1,
9.543213121639E-1,9.543213121639E-1,9.543213121639E-1,9.543213121639E-1),(
1.137036063508E0,1.137036063508E0,1.137036063508E0,1.137036063508E0,
1.137036063508E0,1.137036063508E0,1.137036063508E0,1.137036063508E0,
1.137036063508E0,1.137036063508E0,1.137036063508E0,1.137036063508E0,
1.137036063508E0,1.137036063508E0,1.137036063508E0,1.137036063508E0,
1.137036063508E0,1.137036063508E0,1.137036063508E0,1.137036063508E0,
1.137036063508E0,1.137036063508E0,1.137036063508E0,1.137036063508E0,
1.137036063508E0,1.137036063508E0,1.137036063508E0,1.137036063508E0,
1.137036063508E0,1.137036063508E0,1.137036063508E0,1.137036063508E0,
1.137036063508E0,1.137036063508E0,1.137036063508E0,1.137036063508E0,
1.137036063508E0,1.137036063508E0,1.137036063508E0)))REPRESENTATION_ITEM('')SURFACE());
#4279=ORIENTED_EDGE('',*,*,#3352,.T.);
#4281=ORIENTED_EDGE('',*,*,#4280,.T.);
#4282=ORIENTED_EDGE('',*,*,#4114,.F.);
#4283=ORIENTED_EDGE('',*,*,#3620,.T.);
#4284=EDGE_LOOP('',(#4279,#4281,#4282,#4283));
#4285=FACE_OUTER_BOUND('',#4284,.F.);
#4287=CARTESIAN_POINT('',(9.167327771706E-1,-1.030157724655E1,
8.079778193629E-1));
#4288=CARTESIAN_POINT('',(9.192583362375E-1,-1.044422760985E1,
9.158188646901E-1));
#4289=CARTESIAN_POINT('',(9.230981103855E-1,-1.051562015471E1,
1.079750541478E0));
#4290=CARTESIAN_POINT('',(9.272646419609E-1,-1.049739517765E1,
1.257615268921E0));
#4291=CARTESIAN_POINT('',(9.078036413231E-1,-1.030394414524E1,
8.099786425004E-1));
#4292=CARTESIAN_POINT('',(9.095088573532E-1,-1.044595517124E1,
9.186862844571E-1));
#4293=CARTESIAN_POINT('',(9.120810627727E-1,-1.051637528507E1,
1.083072151976E0));
#4294=CARTESIAN_POINT('',(9.148587749447E-1,-1.049709485902E1,
1.260861862041E0));
#4295=CARTESIAN_POINT('',(8.417078535331E-1,-1.032139935757E1,
8.242018671749E-1));
#4296=CARTESIAN_POINT('',(8.372038771510E-1,-1.045860171491E1,
9.392286186816E-1));
#4297=CARTESIAN_POINT('',(8.303342773211E-1,-1.052176874029E1,
1.106809271220E0));
#4298=CARTESIAN_POINT('',(8.228656785031E-1,-1.049465605051E1,
1.283847853109E0));
#4299=CARTESIAN_POINT('',(7.204630173713E-1,-1.035247500157E1,
8.425998457051E-1));
#4300=CARTESIAN_POINT('',(7.028190156384E-1,-1.047992797510E1,
9.678801894149E-1));
#4301=CARTESIAN_POINT('',(6.779843834083E-1,-1.052914661543E1,
1.139070262599E0));
#4302=CARTESIAN_POINT('',(6.523457326861E-1,-1.048747358357E1,
1.312145874908E0));
#4303=CARTESIAN_POINT('',(5.516545987357E-1,-1.039295929884E1,
8.519261021312E-1));
#4304=CARTESIAN_POINT('',(5.135015305513E-1,-1.050426699823E1,
9.875537283085E-1));
#4305=CARTESIAN_POINT('',(4.649049925737E-1,-1.053231290056E1,
1.158268335704E0));
#4306=CARTESIAN_POINT('',(4.183623405107E-1,-1.046988456577E1,
1.320168007391E0));
#4307=CARTESIAN_POINT('',(4.267388764338E-1,-1.041960458290E1,
8.495562253774E-1));
#4308=CARTESIAN_POINT('',(3.753071359823E-1,-1.051722277096E1,
9.905848315723E-1));
#4309=CARTESIAN_POINT('',(3.139941211325E-1,-1.052866415443E1,
1.158440363866E0));
#4310=CARTESIAN_POINT('',(2.585674274373E-1,-1.045098640358E1,
1.309956160973E0));
#4311=CARTESIAN_POINT('',(3.572875332827E-1,-1.043224353339E1,
8.460093394549E-1));
#4312=CARTESIAN_POINT('',(3.018946070766E-1,-1.052215000859E1,
9.903544013356E-1));
#4313=CARTESIAN_POINT('',(2.378240962947E-1,-1.052465361329E1,
1.157314924069E0));
#4314=CARTESIAN_POINT('',(1.815527294644E-1,-1.043911050660E1,
1.303954412001E0));
#4315=CARTESIAN_POINT('',(3.466902666414E-1,-1.043412085808E1,
8.454217761716E-1));
#4316=CARTESIAN_POINT('',(2.907793076774E-1,-1.052285012253E1,
9.902847756247E-1));
#4317=CARTESIAN_POINT('',(2.263933889043E-1,-1.052399848581E1,
1.157130417702E0));
#4318=CARTESIAN_POINT('',(1.700903509209E-1,-1.043727062843E1,
1.303051750096E0));
#4319=(BOUNDED_SURFACE()B_SPLINE_SURFACE(3,3,((#4287,#4288,#4289,#4290),(#4291,
#4292,#4293,#4294),(#4295,#4296,#4297,#4298),(#4299,#4300,#4301,#4302),(#4303,
#4304,#4305,#4306),(#4307,#4308,#4309,#4310),(#4311,#4312,#4313,#4314),(#4315,
#4316,#4317,#4318)),.UNSPECIFIED.,.F.,.F.,.F.)B_SPLINE_SURFACE_WITH_KNOTS((4,1,
1,1,1,4),(4,4),(-5.735270511906E-2,0.E0,3.655919127327E-1,6.972959180606E-1,
1.E0,1.053791867496E0),(0.E0,1.E0),.UNSPECIFIED.)GEOMETRIC_REPRESENTATION_ITEM()RATIONAL_B_SPLINE_SURFACE(((1.068708771341E0,9.770970762195E-1,9.770970762195E-1,
1.068708771341E0),(1.068708771341E0,9.770970762195E-1,9.770970762195E-1,
1.068708771341E0),(1.068708771341E0,9.770970762196E-1,9.770970762196E-1,
1.068708771341E0),(1.068708771341E0,9.770970762195E-1,9.770970762195E-1,
1.068708771341E0),(1.068708771341E0,9.770970762195E-1,9.770970762195E-1,
1.068708771341E0),(1.068708771341E0,9.770970762196E-1,9.770970762196E-1,
1.068708771341E0),(1.068708771341E0,9.770970762195E-1,9.770970762195E-1,
1.068708771341E0),(1.068708771341E0,9.770970762195E-1,9.770970762195E-1,
1.068708771341E0)))REPRESENTATION_ITEM('')SURFACE());
#4320=ORIENTED_EDGE('',*,*,#3389,.T.);
#4322=ORIENTED_EDGE('',*,*,#4321,.F.);
#4323=ORIENTED_EDGE('',*,*,#4280,.F.);
#4324=ORIENTED_EDGE('',*,*,#3371,.F.);
#4325=EDGE_LOOP('',(#4320,#4322,#4323,#4324));
#4326=FACE_OUTER_BOUND('',#4325,.F.);
#4328=CARTESIAN_POINT('',(4.126928242842E-1,-1.042840517216E1,
8.606541321762E-1));
#4329=CARTESIAN_POINT('',(3.761149780039E-1,-1.048633791648E1,
9.496993609382E-1));
#4330=CARTESIAN_POINT('',(3.343698966587E-1,-1.050985458814E1,
1.051323723663E0));
#4331=CARTESIAN_POINT('',(2.919862107597E-1,-1.049640402869E1,
1.154502707404E0));
#4332=CARTESIAN_POINT('',(4.083162976040E-1,-1.042840517216E1,
8.588563879159E-1));
#4333=CARTESIAN_POINT('',(3.720546143575E-1,-1.048633791648E1,
9.480314764457E-1));
#4334=CARTESIAN_POINT('',(3.306703593843E-1,-1.050985458814E1,
1.049804043811E0));
#4335=CARTESIAN_POINT('',(2.886530196779E-1,-1.049640402869E1,
1.153133499386E0));
#4336=CARTESIAN_POINT('',(3.811159679233E-1,-1.042840517216E1,
8.478520045754E-1));
#4337=CARTESIAN_POINT('',(3.468414959160E-1,-1.048633791648E1,
9.378311140469E-1));
#4338=CARTESIAN_POINT('',(3.077251791421E-1,-1.050985458814E1,
1.040521283814E0));
#4339=CARTESIAN_POINT('',(2.680104719179E-1,-1.049640402869E1,
1.144782379016E0));
#4340=CARTESIAN_POINT('',(3.298778655701E-1,-1.042840517214E1,
8.290969931641E-1));
#4341=CARTESIAN_POINT('',(2.996019359519E-1,-1.048633791648E1,
9.205467483635E-1));
#4342=CARTESIAN_POINT('',(2.650490228298E-1,-1.050985458814E1,
1.024915317265E0));
#4343=CARTESIAN_POINT('',(2.299675289275E-1,-1.049640402869E1,
1.130880487281E0));
#4344=CARTESIAN_POINT('',(2.567317351553E-1,-1.042840517222E1,
8.075287980644E-1));
#4345=CARTESIAN_POINT('',(2.327135601424E-1,-1.048633791649E1,
9.008333200951E-1));
#4346=CARTESIAN_POINT('',(2.053024145548E-1,-1.050985458813E1,
1.007318672792E0));
#4347=CARTESIAN_POINT('',(1.774719409448E-1,-1.049640402869E1,
1.115433008568E0));
#4348=CARTESIAN_POINT('',(1.788672817340E-1,-1.042840517192E1,
7.904679377363E-1));
#4349=CARTESIAN_POINT('',(1.620156316206E-1,-1.048633791643E1,
8.853513116042E-1));
#4350=CARTESIAN_POINT('',(1.427834029270E-1,-1.050985458817E1,
9.936385554749E-1));
#4351=CARTESIAN_POINT('',(1.232569649893E-1,-1.049640402867E1,
1.103582347251E0));
#4352=CARTESIAN_POINT('',(9.261157743264E-2,-1.042840517317E1,
7.786845133954E-1));
#4353=CARTESIAN_POINT('',(8.403086477061E-2,-1.048633791667E1,
8.746991617465E-1));
#4354=CARTESIAN_POINT('',(7.423798234306E-2,-1.050985458800E1,
9.842774916194E-1));
#4355=CARTESIAN_POINT('',(6.429529114493E-2,-1.049640402874E1,
1.095532120070E0));
#4356=CARTESIAN_POINT('',(1.783655196731E-2,-1.042840516880E1,
7.753007947809E-1));
#4357=CARTESIAN_POINT('',(1.625633213774E-2,-1.048633791584E1,
8.716250934579E-1));
#4358=CARTESIAN_POINT('',(1.445287971948E-2,-1.050985458860E1,
9.815568169654E-1));
#4359=CARTESIAN_POINT('',(1.262183859161E-2,-1.049640402852E1,
1.093170245167E0));
#4360=CARTESIAN_POINT('',(-2.833437483691E-2,-1.042840516970E1,
7.762451684964E-1));
#4361=CARTESIAN_POINT('',(-2.577277860569E-2,-1.048633791601E1,
8.724842626435E-1));
#4362=CARTESIAN_POINT('',(-2.284931388810E-2,-1.050985458848E1,
9.823187450504E-1));
#4363=CARTESIAN_POINT('',(-1.988112682666E-2,-1.049640402856E1,
1.093833444584E0));
#4364=CARTESIAN_POINT('',(-4.239107989906E-2,-1.042840517057E1,
7.768114126179E-1));
#4365=CARTESIAN_POINT('',(-3.858980456342E-2,-1.048633791618E1,
8.730001314475E-1));
#4366=CARTESIAN_POINT('',(-3.425153524911E-2,-1.050985458836E1,
9.827771221773E-1));
#4367=CARTESIAN_POINT('',(-2.984690030678E-2,-1.049640402861E1,
1.094233450542E0));
#4368=(BOUNDED_SURFACE()B_SPLINE_SURFACE(3,3,((#4328,#4329,#4330,#4331),(#4332,
#4333,#4334,#4335),(#4336,#4337,#4338,#4339),(#4340,#4341,#4342,#4343),(#4344,
#4345,#4346,#4347),(#4348,#4349,#4350,#4351),(#4352,#4353,#4354,#4355),(#4356,
#4357,#4358,#4359),(#4360,#4361,#4362,#4363),(#4364,#4365,#4366,#4367)),
.UNSPECIFIED.,.F.,.F.,.F.)B_SPLINE_SURFACE_WITH_KNOTS((4,1,1,1,1,1,1,4),(4,4),(
8.697958998373E-1,8.743380680208E-1,8.979079535695E-1,9.214054552350E-1,
9.451009635244E-1,9.706341905929E-1,1.E0,1.012944109593E0),(0.E0,1.E0),
.UNSPECIFIED.)GEOMETRIC_REPRESENTATION_ITEM()RATIONAL_B_SPLINE_SURFACE(((
1.027876782170E0,9.907077392768E-1,9.907077392768E-1,1.027876782170E0),(
1.027876782170E0,9.907077392768E-1,9.907077392768E-1,1.027876782170E0),(
1.027876782170E0,9.907077392768E-1,9.907077392768E-1,1.027876782170E0),(
1.027876782170E0,9.907077392768E-1,9.907077392768E-1,1.027876782170E0),(
1.027876782170E0,9.907077392768E-1,9.907077392768E-1,1.027876782170E0),(
1.027876782170E0,9.907077392768E-1,9.907077392768E-1,1.027876782170E0),(
1.027876782170E0,9.907077392768E-1,9.907077392768E-1,1.027876782170E0),(
1.027876782170E0,9.907077392768E-1,9.907077392768E-1,1.027876782170E0),(
1.027876782170E0,9.907077392768E-1,9.907077392768E-1,1.027876782170E0),(
1.027876782170E0,9.907077392768E-1,9.907077392768E-1,1.027876782170E0)))REPRESENTATION_ITEM('')SURFACE());
#4369=ORIENTED_EDGE('',*,*,#3387,.T.);
#4371=ORIENTED_EDGE('',*,*,#4370,.F.);
#4372=ORIENTED_EDGE('',*,*,#4116,.F.);
#4373=ORIENTED_EDGE('',*,*,#4321,.T.);
#4374=EDGE_LOOP('',(#4369,#4371,#4372,#4373));
#4375=FACE_OUTER_BOUND('',#4374,.F.);
#4377=CARTESIAN_POINT('',(4.153985329458E-2,-1.042841092620E1,
7.767915247031E-1));
#4378=CARTESIAN_POINT('',(3.779249781149E-2,-1.048633949662E1,
8.729813160055E-1));
#4379=CARTESIAN_POINT('',(3.351581266346E-2,-1.050985411895E1,
9.827583184041E-1));
#4380=CARTESIAN_POINT('',(2.917371437842E-2,-1.049640402744E1,
1.094214391824E0));
#4381=CARTESIAN_POINT('',(2.776624553177E-2,-1.042841092520E1,
7.762481748254E-1));
#4382=CARTESIAN_POINT('',(2.523476958395E-2,-1.048633949643E1,
8.724859207045E-1));
#4383=CARTESIAN_POINT('',(2.234571205059E-2,-1.050985411908E1,
9.823176514647E-1));
#4384=CARTESIAN_POINT('',(1.941246554616E-2,-1.049640402739E1,
1.093829290332E0));
#4385=CARTESIAN_POINT('',(-1.459556584161E-2,-1.042841092430E1,
7.753925792693E-1));
#4386=CARTESIAN_POINT('',(-1.332483024950E-2,-1.048633949626E1,
8.717071639091E-1));
#4387=CARTESIAN_POINT('',(-1.187459793010E-2,-1.050985411921E1,
9.816265872268E-1));
#4388=CARTESIAN_POINT('',(-1.040218388768E-2,-1.049640402734E1,
1.093227259935E0));
#4389=CARTESIAN_POINT('',(-8.555914873512E-2,-1.042841092880E1,
7.782284480193E-1));
#4390=CARTESIAN_POINT('',(-7.765734429738E-2,-1.048633949712E1,
8.742841205438E-1));
#4391=CARTESIAN_POINT('',(-6.863937687099E-2,-1.050985411859E1,
9.839080593251E-1));
#4392=CARTESIAN_POINT('',(-5.948347702303E-2,-1.049640402757E1,
1.095208727975E0));
#4393=CARTESIAN_POINT('',(-1.710059937331E-1,-1.042841092737E1,
7.889917996551E-1));
#4394=CARTESIAN_POINT('',(-1.548819391102E-1,-1.048633949684E1,
8.840115196996E-1));
#4395=CARTESIAN_POINT('',(-1.364802942054E-1,-1.050985411879E1,
9.924531733720E-1));
#4396=CARTESIAN_POINT('',(-1.177971908164E-1,-1.049640402750E1,
1.102553473520E0));
#4397=CARTESIAN_POINT('',(-2.536234912260E-1,-1.042841092775E1,
8.065754132171E-1));
#4398=CARTESIAN_POINT('',(-2.298521131742E-1,-1.048633949692E1,
8.999569399792E-1));
#4399=CARTESIAN_POINT('',(-2.027229283608E-1,-1.050985411873E1,
1.006528998703E0));
#4400=CARTESIAN_POINT('',(-1.751787948145E-1,-1.049640402752E1,
1.114731107908E0));
#4401=CARTESIAN_POINT('',(-3.320682579106E-1,-1.042841092765E1,
8.297450559806E-1));
#4402=CARTESIAN_POINT('',(-3.015977743432E-1,-1.048633949690E1,
9.211356555867E-1));
#4403=CARTESIAN_POINT('',(-2.668232072881E-1,-1.050985411875E1,
1.025435560351E0));
#4404=CARTESIAN_POINT('',(-2.315167531662E-1,-1.049640402751E1,
1.131330762344E0));
#4405=CARTESIAN_POINT('',(-3.840442058987E-1,-1.042841092767E1,
8.490031454678E-1));
#4406=CARTESIAN_POINT('',(-3.495499201859E-1,-1.048633949690E1,
9.388951959122E-1));
#4407=CARTESIAN_POINT('',(-3.101831720709E-1,-1.050985411875E1,
1.041484875166E0));
#4408=CARTESIAN_POINT('',(-2.702142981508E-1,-1.049640402751E1,
1.145643693254E0));
#4409=CARTESIAN_POINT('',(-4.102174295879E-1,-1.042841092767E1,
8.596617930338E-1));
#4410=CARTESIAN_POINT('',(-3.738221684161E-1,-1.048633949690E1,
9.487797442058E-1));
#4411=CARTESIAN_POINT('',(-3.322859240927E-1,-1.050985411874E1,
1.050485979422E0));
#4412=CARTESIAN_POINT('',(-2.901143708917E-1,-1.049640402751E1,
1.153747840939E0));
#4413=CARTESIAN_POINT('',(-4.126490664394E-1,-1.042841092767E1,
8.606604242371E-1));
#4414=CARTESIAN_POINT('',(-3.760782980985E-1,-1.048633949690E1,
9.497063056109E-1));
#4415=CARTESIAN_POINT('',(-3.343417554828E-1,-1.050985411874E1,
1.051330290867E0));
#4416=CARTESIAN_POINT('',(-2.919668403693E-1,-1.049640402751E1,
1.154508644388E0));
#4417=(BOUNDED_SURFACE()B_SPLINE_SURFACE(3,3,((#4377,#4378,#4379,#4380),(#4381,
#4382,#4383,#4384),(#4385,#4386,#4387,#4388),(#4389,#4390,#4391,#4392),(#4393,
#4394,#4395,#4396),(#4397,#4398,#4399,#4400),(#4401,#4402,#4403,#4404),(#4405,
#4406,#4407,#4408),(#4409,#4410,#4411,#4412),(#4413,#4414,#4415,#4416)),
.UNSPECIFIED.,.F.,.F.,.F.)B_SPLINE_SURFACE_WITH_KNOTS((4,1,1,1,1,1,1,4),(4,4),(
-1.259176279480E-2,0.E0,2.595499783527E-2,5.138891119907E-2,7.714413707314E-2,
1.023728006542E-1,1.267835529466E-1,1.292901382601E-1),(0.E0,1.E0),
.UNSPECIFIED.)GEOMETRIC_REPRESENTATION_ITEM()RATIONAL_B_SPLINE_SURFACE(((
1.027874868240E0,9.907083772533E-1,9.907083772533E-1,1.027874868240E0),(
1.027874868240E0,9.907083772533E-1,9.907083772533E-1,1.027874868240E0),(
1.027874868240E0,9.907083772533E-1,9.907083772533E-1,1.027874868240E0),(
1.027874868240E0,9.907083772533E-1,9.907083772533E-1,1.027874868240E0),(
1.027874868240E0,9.907083772533E-1,9.907083772533E-1,1.027874868240E0),(
1.027874868240E0,9.907083772533E-1,9.907083772533E-1,1.027874868240E0),(
1.027874868240E0,9.907083772533E-1,9.907083772533E-1,1.027874868240E0),(
1.027874868240E0,9.907083772533E-1,9.907083772533E-1,1.027874868240E0),(
1.027874868240E0,9.907083772533E-1,9.907083772533E-1,1.027874868240E0),(
1.027874868240E0,9.907083772533E-1,9.907083772533E-1,1.027874868240E0)))REPRESENTATION_ITEM('')SURFACE());
#4418=ORIENTED_EDGE('',*,*,#3706,.F.);
#4419=ORIENTED_EDGE('',*,*,#4370,.T.);
#4420=ORIENTED_EDGE('',*,*,#3385,.T.);
#4421=ORIENTED_EDGE('',*,*,#3458,.T.);
#4422=EDGE_LOOP('',(#4418,#4419,#4420,#4421));
#4423=FACE_OUTER_BOUND('',#4422,.F.);
#4425=CARTESIAN_POINT('',(0.E0,-9.5E0,-2.175E1));
#4426=DIRECTION('',(0.E0,0.E0,-1.E0));
#4427=DIRECTION('',(-1.210556982722E-1,-9.926457162129E-1,0.E0));
#4428=AXIS2_PLACEMENT_3D('',#4425,#4426,#4427);
#4429=TOROIDAL_SURFACE('',#4428,1.15E0,2.5E-1);
#4431=ORIENTED_EDGE('',*,*,#4430,.T.);
#4433=ORIENTED_EDGE('',*,*,#4432,.T.);
#4434=ORIENTED_EDGE('',*,*,#3880,.F.);
#4436=ORIENTED_EDGE('',*,*,#4435,.F.);
#4437=EDGE_LOOP('',(#4431,#4433,#4434,#4436));
#4438=FACE_OUTER_BOUND('',#4437,.F.);
#4440=CARTESIAN_POINT('',(0.E0,-9.5E0,-2.2E1));
#4441=DIRECTION('',(0.E0,0.E0,-1.E0));
#4442=DIRECTION('',(0.E0,-1.E0,0.E0));
#4443=AXIS2_PLACEMENT_3D('',#4440,#4441,#4442);
#4444=PLANE('',#4443);
#4446=ORIENTED_EDGE('',*,*,#4445,.F.);
#4448=ORIENTED_EDGE('',*,*,#4447,.F.);
#4449=EDGE_LOOP('',(#4446,#4448));
#4450=FACE_OUTER_BOUND('',#4449,.F.);
#4452=ORIENTED_EDGE('',*,*,#4451,.F.);
#4453=ORIENTED_EDGE('',*,*,#4430,.F.);
#4454=EDGE_LOOP('',(#4452,#4453));
#4455=FACE_BOUND('',#4454,.F.);
#4457=CARTESIAN_POINT('',(0.E0,-9.5E0,-2.19E1));
#4458=DIRECTION('',(0.E0,0.E0,-1.E0));
#4459=DIRECTION('',(4.045422083861E-2,-9.991813929494E-1,0.E0));
#4460=AXIS2_PLACEMENT_3D('',#4457,#4458,#4459);
#4461=TOROIDAL_SURFACE('',#4460,1.514591931454E0,1.E-1);
#4462=ORIENTED_EDGE('',*,*,#4445,.T.);
#4464=ORIENTED_EDGE('',*,*,#4463,.T.);
#4466=ORIENTED_EDGE('',*,*,#4465,.F.);
#4468=ORIENTED_EDGE('',*,*,#4467,.F.);
#4469=EDGE_LOOP('',(#4462,#4464,#4466,#4468));
#4470=FACE_OUTER_BOUND('',#4469,.F.);
#4472=CARTESIAN_POINT('',(0.E0,-9.5E0,-2.19E1));
#4473=DIRECTION('',(0.E0,0.E0,-1.E0));
#4474=DIRECTION('',(-4.045422083861E-2,9.991813929494E-1,0.E0));
#4475=AXIS2_PLACEMENT_3D('',#4472,#4473,#4474);
#4476=TOROIDAL_SURFACE('',#4475,1.514591931454E0,1.E-1);
#4477=ORIENTED_EDGE('',*,*,#4447,.T.);
#4478=ORIENTED_EDGE('',*,*,#4467,.T.);
#4480=ORIENTED_EDGE('',*,*,#4479,.F.);
#4481=ORIENTED_EDGE('',*,*,#4463,.F.);
#4482=EDGE_LOOP('',(#4477,#4478,#4480,#4481));
#4483=FACE_OUTER_BOUND('',#4482,.F.);
#4485=CARTESIAN_POINT('',(0.E0,-9.5E0,-2.006369626885E1));
#4486=DIRECTION('',(0.E0,0.E0,1.E0));
#4487=DIRECTION('',(0.E0,1.E0,0.E0));
#4488=AXIS2_PLACEMENT_3D('',#4485,#4486,#4487);
#4489=CONICAL_SURFACE('',#4488,1.906680382757E0,9.E0);
#4490=ORIENTED_EDGE('',*,*,#4479,.T.);
#4492=ORIENTED_EDGE('',*,*,#4491,.F.);
#4494=ORIENTED_EDGE('',*,*,#4493,.F.);
#4496=ORIENTED_EDGE('',*,*,#4495,.T.);
#4497=EDGE_LOOP('',(#4490,#4492,#4494,#4496));
#4498=FACE_OUTER_BOUND('',#4497,.F.);
#4500=CARTESIAN_POINT('',(0.E0,-9.5E0,-2.006369626885E1));
#4501=DIRECTION('',(0.E0,0.E0,1.E0));
#4502=DIRECTION('',(0.E0,1.E0,0.E0));
#4503=AXIS2_PLACEMENT_3D('',#4500,#4501,#4502);
#4504=CONICAL_SURFACE('',#4503,1.906680382757E0,9.E0);
#4505=ORIENTED_EDGE('',*,*,#4465,.T.);
#4506=ORIENTED_EDGE('',*,*,#4495,.F.);
#4508=ORIENTED_EDGE('',*,*,#4507,.F.);
#4509=ORIENTED_EDGE('',*,*,#4491,.T.);
#4510=EDGE_LOOP('',(#4505,#4506,#4508,#4509));
#4511=FACE_OUTER_BOUND('',#4510,.F.);
#4513=CARTESIAN_POINT('',(0.E0,-9.5E0,-4.15E0));
#4514=DIRECTION('',(0.E0,0.E0,-1.E0));
#4515=DIRECTION('',(0.E0,-1.E0,0.E0));
#4516=AXIS2_PLACEMENT_3D('',#4513,#4514,#4515);
#4517=CYLINDRICAL_SURFACE('',#4516,2.2E0);
#4519=ORIENTED_EDGE('',*,*,#4518,.F.);
#4521=ORIENTED_EDGE('',*,*,#4520,.F.);
#4522=ORIENTED_EDGE('',*,*,#4507,.T.);
#4524=ORIENTED_EDGE('',*,*,#4523,.T.);
#4525=EDGE_LOOP('',(#4519,#4521,#4522,#4524));
#4526=FACE_OUTER_BOUND('',#4525,.F.);
#4528=CARTESIAN_POINT('',(0.E0,-9.5E0,-4.15E0));
#4529=DIRECTION('',(0.E0,0.E0,-1.E0));
#4530=DIRECTION('',(0.E0,-1.E0,0.E0));
#4531=AXIS2_PLACEMENT_3D('',#4528,#4529,#4530);
#4532=CYLINDRICAL_SURFACE('',#4531,2.2E0);
#4534=ORIENTED_EDGE('',*,*,#4533,.F.);
#4536=ORIENTED_EDGE('',*,*,#4535,.F.);
#4538=ORIENTED_EDGE('',*,*,#4537,.T.);
#4540=ORIENTED_EDGE('',*,*,#4539,.T.);
#4541=EDGE_LOOP('',(#4534,#4536,#4538,#4540));
#4542=FACE_OUTER_BOUND('',#4541,.F.);
#4544=CARTESIAN_POINT('',(0.E0,-9.5E0,-4.15E0));
#4545=DIRECTION('',(0.E0,0.E0,-1.E0));
#4546=DIRECTION('',(0.E0,-1.E0,0.E0));
#4547=AXIS2_PLACEMENT_3D('',#4544,#4545,#4546);
#4548=CYLINDRICAL_SURFACE('',#4547,2.2E0);
#4550=ORIENTED_EDGE('',*,*,#4549,.T.);
#4552=ORIENTED_EDGE('',*,*,#4551,.T.);
#4554=ORIENTED_EDGE('',*,*,#4553,.T.);
#4556=ORIENTED_EDGE('',*,*,#4555,.F.);
#4558=ORIENTED_EDGE('',*,*,#4557,.F.);
#4560=ORIENTED_EDGE('',*,*,#4559,.F.);
#4562=ORIENTED_EDGE('',*,*,#4561,.F.);
#4564=ORIENTED_EDGE('',*,*,#4563,.F.);
#4566=ORIENTED_EDGE('',*,*,#4565,.F.);
#4568=ORIENTED_EDGE('',*,*,#4567,.F.);
#4570=ORIENTED_EDGE('',*,*,#4569,.F.);
#4572=ORIENTED_EDGE('',*,*,#4571,.F.);
#4573=EDGE_LOOP('',(#4550,#4552,#4554,#4556,#4558,#4560,#4562,#4564,#4566,#4568,
#4570,#4572));
#4574=FACE_OUTER_BOUND('',#4573,.F.);
#4576=CARTESIAN_POINT('',(0.E0,-9.5E0,-1.82E1));
#4577=DIRECTION('',(0.E0,0.E0,-1.E0));
#4578=DIRECTION('',(3.662453456678E-2,-9.993290966782E-1,0.E0));
#4579=AXIS2_PLACEMENT_3D('',#4576,#4577,#4578);
#4580=TOROIDAL_SURFACE('',#4579,2.1E0,1.E-1);
#4581=ORIENTED_EDGE('',*,*,#4518,.T.);
#4583=ORIENTED_EDGE('',*,*,#4582,.T.);
#4585=ORIENTED_EDGE('',*,*,#4584,.F.);
#4587=ORIENTED_EDGE('',*,*,#4586,.F.);
#4588=EDGE_LOOP('',(#4581,#4583,#4585,#4587));
#4589=FACE_OUTER_BOUND('',#4588,.F.);
#4591=CARTESIAN_POINT('',(0.E0,-9.5E0,-1.82E1));
#4592=DIRECTION('',(0.E0,0.E0,-1.E0));
#4593=DIRECTION('',(-3.662453456678E-2,9.993290966782E-1,0.E0));
#4594=AXIS2_PLACEMENT_3D('',#4591,#4592,#4593);
#4595=TOROIDAL_SURFACE('',#4594,2.1E0,1.E-1);
#4597=ORIENTED_EDGE('',*,*,#4596,.T.);
#4598=ORIENTED_EDGE('',*,*,#4586,.T.);
#4600=ORIENTED_EDGE('',*,*,#4599,.F.);
#4601=ORIENTED_EDGE('',*,*,#4582,.F.);
#4602=EDGE_LOOP('',(#4597,#4598,#4600,#4601));
#4603=FACE_OUTER_BOUND('',#4602,.F.);
#4605=CARTESIAN_POINT('',(0.E0,-9.5E0,-4.15E0));
#4606=DIRECTION('',(0.E0,0.E0,-1.E0));
#4607=DIRECTION('',(0.E0,-1.E0,0.E0));
#4608=AXIS2_PLACEMENT_3D('',#4605,#4606,#4607);
#4609=CYLINDRICAL_SURFACE('',#4608,2.2E0);
#4610=ORIENTED_EDGE('',*,*,#4596,.F.);
#4611=ORIENTED_EDGE('',*,*,#4523,.F.);
#4612=ORIENTED_EDGE('',*,*,#4493,.T.);
#4613=ORIENTED_EDGE('',*,*,#4520,.T.);
#4614=EDGE_LOOP('',(#4610,#4611,#4612,#4613));
#4615=FACE_OUTER_BOUND('',#4614,.F.);
#4617=CARTESIAN_POINT('',(0.E0,-9.5E0,-4.15E0));
#4618=DIRECTION('',(0.E0,0.E0,-1.E0));
#4619=DIRECTION('',(0.E0,-1.E0,0.E0));
#4620=AXIS2_PLACEMENT_3D('',#4617,#4618,#4619);
#4621=CYLINDRICAL_SURFACE('',#4620,2.2E0);
#4623=ORIENTED_EDGE('',*,*,#4622,.F.);
#4624=ORIENTED_EDGE('',*,*,#4539,.F.);
#4626=ORIENTED_EDGE('',*,*,#4625,.T.);
#4627=ORIENTED_EDGE('',*,*,#4535,.T.);
#4628=EDGE_LOOP('',(#4623,#4624,#4626,#4627));
#4629=FACE_OUTER_BOUND('',#4628,.F.);
#4631=CARTESIAN_POINT('',(0.E0,-9.5E0,-4.15E0));
#4632=DIRECTION('',(0.E0,0.E0,-1.E0));
#4633=DIRECTION('',(0.E0,-1.E0,0.E0));
#4634=AXIS2_PLACEMENT_3D('',#4631,#4632,#4633);
#4635=CYLINDRICAL_SURFACE('',#4634,2.2E0);
#4637=ORIENTED_EDGE('',*,*,#4636,.T.);
#4639=ORIENTED_EDGE('',*,*,#4638,.T.);
#4641=ORIENTED_EDGE('',*,*,#4640,.T.);
#4642=ORIENTED_EDGE('',*,*,#4571,.T.);
#4644=ORIENTED_EDGE('',*,*,#4643,.F.);
#4645=ORIENTED_EDGE('',*,*,#4567,.T.);
#4647=ORIENTED_EDGE('',*,*,#4646,.F.);
#4649=ORIENTED_EDGE('',*,*,#4648,.F.);
#4651=ORIENTED_EDGE('',*,*,#4650,.F.);
#4653=ORIENTED_EDGE('',*,*,#4652,.F.);
#4655=ORIENTED_EDGE('',*,*,#4654,.F.);
#4657=ORIENTED_EDGE('',*,*,#4656,.F.);
#4658=EDGE_LOOP('',(#4637,#4639,#4641,#4642,#4644,#4645,#4647,#4649,#4651,#4653,
#4655,#4657));
#4659=FACE_OUTER_BOUND('',#4658,.F.);
#4661=CARTESIAN_POINT('',(0.E0,-9.5E0,-1.43E1));
#4662=DIRECTION('',(0.E0,0.E0,-1.E0));
#4663=DIRECTION('',(-3.662453456678E-2,9.993290966782E-1,0.E0));
#4664=AXIS2_PLACEMENT_3D('',#4661,#4662,#4663);
#4665=TOROIDAL_SURFACE('',#4664,2.1E0,1.E-1);
#4666=ORIENTED_EDGE('',*,*,#4622,.T.);
#4668=ORIENTED_EDGE('',*,*,#4667,.T.);
#4670=ORIENTED_EDGE('',*,*,#4669,.F.);
#4672=ORIENTED_EDGE('',*,*,#4671,.F.);
#4673=EDGE_LOOP('',(#4666,#4668,#4670,#4672));
#4674=FACE_OUTER_BOUND('',#4673,.F.);
#4676=CARTESIAN_POINT('',(0.E0,-9.5E0,-1.43E1));
#4677=DIRECTION('',(0.E0,0.E0,-1.E0));
#4678=DIRECTION('',(3.662453456678E-2,-9.993290966782E-1,0.E0));
#4679=AXIS2_PLACEMENT_3D('',#4676,#4677,#4678);
#4680=TOROIDAL_SURFACE('',#4679,2.1E0,1.E-1);
#4681=ORIENTED_EDGE('',*,*,#4533,.T.);
#4682=ORIENTED_EDGE('',*,*,#4671,.T.);
#4684=ORIENTED_EDGE('',*,*,#4683,.F.);
#4685=ORIENTED_EDGE('',*,*,#4667,.F.);
#4686=EDGE_LOOP('',(#4681,#4682,#4684,#4685));
#4687=FACE_OUTER_BOUND('',#4686,.F.);
#4689=CARTESIAN_POINT('',(0.E0,-9.5E0,-1.42E1));
#4690=DIRECTION('',(0.E0,0.E0,-1.E0));
#4691=DIRECTION('',(0.E0,-1.E0,0.E0));
#4692=AXIS2_PLACEMENT_3D('',#4689,#4690,#4691);
#4693=PLANE('',#4692);
#4694=ORIENTED_EDGE('',*,*,#4683,.T.);
#4695=ORIENTED_EDGE('',*,*,#4669,.T.);
#4696=EDGE_LOOP('',(#4694,#4695));
#4697=FACE_OUTER_BOUND('',#4696,.F.);
#4699=ORIENTED_EDGE('',*,*,#4698,.T.);
#4701=ORIENTED_EDGE('',*,*,#4700,.T.);
#4702=EDGE_LOOP('',(#4699,#4701));
#4703=FACE_BOUND('',#4702,.F.);
#4705=CARTESIAN_POINT('',(0.E0,-9.5E0,-1.4E1));
#4706=DIRECTION('',(0.E0,0.E0,-1.E0));
#4707=DIRECTION('',(5.745150606269E-2,9.983482981661E-1,0.E0));
#4708=AXIS2_PLACEMENT_3D('',#4705,#4706,#4707);
#4709=TOROIDAL_SURFACE('',#4708,1.834169913223E0,2.E-1);
#4710=ORIENTED_EDGE('',*,*,#4698,.F.);
#4712=ORIENTED_EDGE('',*,*,#4711,.T.);
#4714=ORIENTED_EDGE('',*,*,#4713,.T.);
#4716=ORIENTED_EDGE('',*,*,#4715,.F.);
#4717=EDGE_LOOP('',(#4710,#4712,#4714,#4716));
#4718=FACE_OUTER_BOUND('',#4717,.F.);
#4720=CARTESIAN_POINT('',(0.E0,-9.5E0,-1.4E1));
#4721=DIRECTION('',(0.E0,0.E0,-1.E0));
#4722=DIRECTION('',(-5.745150606269E-2,-9.983482981661E-1,0.E0));
#4723=AXIS2_PLACEMENT_3D('',#4720,#4721,#4722);
#4724=TOROIDAL_SURFACE('',#4723,1.834169913223E0,2.E-1);
#4725=ORIENTED_EDGE('',*,*,#4700,.F.);
#4726=ORIENTED_EDGE('',*,*,#4715,.T.);
#4728=ORIENTED_EDGE('',*,*,#4727,.T.);
#4729=ORIENTED_EDGE('',*,*,#4711,.F.);
#4730=EDGE_LOOP('',(#4725,#4726,#4728,#4729));
#4731=FACE_OUTER_BOUND('',#4730,.F.);
#4733=CARTESIAN_POINT('',(0.E0,-9.5E0,-1.230683023642E1));
#4734=DIRECTION('',(0.E0,0.E0,1.E0));
#4735=DIRECTION('',(0.E0,1.E0,0.E0));
#4736=AXIS2_PLACEMENT_3D('',#4733,#4734,#4735);
#4737=CONICAL_SURFACE('',#4736,1.899848633444E0,9.E0);
#4739=ORIENTED_EDGE('',*,*,#4738,.T.);
#4741=ORIENTED_EDGE('',*,*,#4740,.T.);
#4742=ORIENTED_EDGE('',*,*,#4727,.F.);
#4744=ORIENTED_EDGE('',*,*,#4743,.F.);
#4745=EDGE_LOOP('',(#4739,#4741,#4742,#4744));
#4746=FACE_OUTER_BOUND('',#4745,.F.);
#4748=CARTESIAN_POINT('',(-1.381014708640E-1,-7.304940041689E0,
-1.011564557103E1));
#4749=CARTESIAN_POINT('',(-1.383493623062E-1,-7.300999920159E0,
-1.031300694571E1));
#4750=CARTESIAN_POINT('',(-1.373768694484E-1,-7.316457251050E0,
-1.050979928144E1));
#4751=CARTESIAN_POINT('',(-1.351934278037E-1,-7.351162061186E0,
-1.070411322062E1));
#4752=CARTESIAN_POINT('',(1.212735350251E0,-7.219952590122E0,
-1.011564557103E1));
#4753=CARTESIAN_POINT('',(1.214912204076E0,-7.215859916546E0,
-1.031300694571E1));
#4754=CARTESIAN_POINT('',(1.206372277172E0,-7.231915718179E0,
-1.050979928144E1));
#4755=CARTESIAN_POINT('',(1.187198427312E0,-7.267964215241E0,
-1.070411322062E1));
#4756=CARTESIAN_POINT('',(2.199399971856E0,-8.146492340310E0,
-1.011564557103E1));
#4757=CARTESIAN_POINT('',(2.203347883689E0,-8.144062800902E0,
-1.031300694571E1));
#4758=CARTESIAN_POINT('',(2.187859990978E0,-8.153594028367E0,
-1.050979928144E1));
#4759=CARTESIAN_POINT('',(2.153086563425E0,-8.174993546939E0,
-1.070411322062E1));
#4760=CARTESIAN_POINT('',(2.199399972E0,-9.499999999766E0,-1.011564557103E1));
#4761=CARTESIAN_POINT('',(2.203347883833E0,-9.499999999765E0,
-1.031300694571E1));
#4762=CARTESIAN_POINT('',(2.187859991121E0,-9.499999999767E0,
-1.050979928144E1));
#4763=CARTESIAN_POINT('',(2.153086563566E0,-9.499999999771E0,
-1.070411322062E1));
#4764=CARTESIAN_POINT('',(2.199399972144E0,-1.085350765922E1,
-1.011564557103E1));
#4765=CARTESIAN_POINT('',(2.203347883978E0,-1.085593719863E1,
-1.031300694571E1));
#4766=CARTESIAN_POINT('',(2.187859991265E0,-1.084640597117E1,
-1.050979928144E1));
#4767=CARTESIAN_POINT('',(2.153086563707E0,-1.082500645260E1,
-1.070411322062E1));
#4768=CARTESIAN_POINT('',(1.212735350737E0,-1.178004740962E1,
-1.011564557103E1));
#4769=CARTESIAN_POINT('',(1.214912204562E0,-1.178414008320E1,
-1.031300694571E1));
#4770=CARTESIAN_POINT('',(1.206372277655E0,-1.176808428156E1,
-1.050979928144E1));
#4771=CARTESIAN_POINT('',(1.187198427787E0,-1.173203578451E1,
-1.070411322062E1));
#4772=CARTESIAN_POINT('',(-1.381014703967E-1,-1.169505995834E1,
-1.011564557103E1));
#4773=CARTESIAN_POINT('',(-1.383493618381E-1,-1.169900007987E1,
-1.031300694571E1));
#4774=CARTESIAN_POINT('',(-1.373768689836E-1,-1.168354274898E1,
-1.050979928144E1));
#4775=CARTESIAN_POINT('',(-1.351934273462E-1,-1.164883793884E1,
-1.070411322062E1));
#4776=(BOUNDED_SURFACE()B_SPLINE_SURFACE(3,3,((#4748,#4749,#4750,#4751),(#4752,
#4753,#4754,#4755),(#4756,#4757,#4758,#4759),(#4760,#4761,#4762,#4763),(#4764,
#4765,#4766,#4767),(#4768,#4769,#4770,#4771),(#4772,#4773,#4774,#4775)),
.UNSPECIFIED.,.F.,.F.,.F.)B_SPLINE_SURFACE_WITH_KNOTS((4,3,4),(4,4),(0.E0,1.E0,
2.E0),(0.E0,1.E0),.UNSPECIFIED.)GEOMETRIC_REPRESENTATION_ITEM()RATIONAL_B_SPLINE_SURFACE(((1.190149559166E0,1.186300457520E0,1.186300457520E0,1.190149559166E0),(
9.398588101298E-1,9.368191819873E-1,9.368191819873E-1,9.398588101298E-1),(
9.398588101298E-1,9.368191819873E-1,9.368191819873E-1,9.398588101298E-1),(
1.190149559166E0,1.186300457520E0,1.186300457520E0,1.190149559166E0),(
9.398588101298E-1,9.368191819873E-1,9.368191819873E-1,9.398588101298E-1),(
9.398588101298E-1,9.368191819873E-1,9.368191819873E-1,9.398588101298E-1),(
1.190149559166E0,1.186300457520E0,1.186300457520E0,1.190149559166E0)))REPRESENTATION_ITEM('')SURFACE());
#4777=ORIENTED_EDGE('',*,*,#4643,.T.);
#4779=ORIENTED_EDGE('',*,*,#4778,.T.);
#4780=ORIENTED_EDGE('',*,*,#4738,.F.);
#4782=ORIENTED_EDGE('',*,*,#4781,.F.);
#4783=EDGE_LOOP('',(#4777,#4779,#4780,#4782));
#4784=FACE_OUTER_BOUND('',#4783,.F.);
#4786=CARTESIAN_POINT('',(1.381014708640E-1,-1.169505995831E1,
-1.011564557103E1));
#4787=CARTESIAN_POINT('',(1.383493623062E-1,-1.169900007984E1,
-1.031300694571E1));
#4788=CARTESIAN_POINT('',(1.373768694484E-1,-1.168354274895E1,
-1.050979928144E1));
#4789=CARTESIAN_POINT('',(1.351934278037E-1,-1.164883793881E1,
-1.070411322062E1));
#4790=CARTESIAN_POINT('',(-1.212735350251E0,-1.178004740988E1,
-1.011564557103E1));
#4791=CARTESIAN_POINT('',(-1.214912204076E0,-1.178414008345E1,
-1.031300694571E1));
#4792=CARTESIAN_POINT('',(-1.206372277172E0,-1.176808428182E1,
-1.050979928144E1));
#4793=CARTESIAN_POINT('',(-1.187198427312E0,-1.173203578476E1,
-1.070411322062E1));
#4794=CARTESIAN_POINT('',(-2.199399971856E0,-1.085350765969E1,
-1.011564557103E1));
#4795=CARTESIAN_POINT('',(-2.203347883689E0,-1.085593719910E1,
-1.031300694571E1));
#4796=CARTESIAN_POINT('',(-2.187859990978E0,-1.084640597163E1,
-1.050979928144E1));
#4797=CARTESIAN_POINT('',(-2.153086563425E0,-1.082500645306E1,
-1.070411322062E1));
#4798=CARTESIAN_POINT('',(-2.199399972E0,-9.500000000234E0,-1.011564557103E1));
#4799=CARTESIAN_POINT('',(-2.203347883833E0,-9.500000000235E0,
-1.031300694571E1));
#4800=CARTESIAN_POINT('',(-2.187859991121E0,-9.500000000233E0,
-1.050979928144E1));
#4801=CARTESIAN_POINT('',(-2.153086563566E0,-9.500000000229E0,
-1.070411322062E1));
#4802=CARTESIAN_POINT('',(-2.199399972144E0,-8.146492340779E0,
-1.011564557103E1));
#4803=CARTESIAN_POINT('',(-2.203347883978E0,-8.144062801371E0,
-1.031300694571E1));
#4804=CARTESIAN_POINT('',(-2.187859991265E0,-8.153594028832E0,
-1.050979928144E1));
#4805=CARTESIAN_POINT('',(-2.153086563707E0,-8.174993547398E0,
-1.070411322062E1));
#4806=CARTESIAN_POINT('',(-1.212735350737E0,-7.219952590381E0,
-1.011564557103E1));
#4807=CARTESIAN_POINT('',(-1.214912204562E0,-7.215859916804E0,
-1.031300694571E1));
#4808=CARTESIAN_POINT('',(-1.206372277655E0,-7.231915718436E0,
-1.050979928144E1));
#4809=CARTESIAN_POINT('',(-1.187198427787E0,-7.267964215494E0,
-1.070411322062E1));
#4810=CARTESIAN_POINT('',(1.381014703967E-1,-7.304940041660E0,
-1.011564557103E1));
#4811=CARTESIAN_POINT('',(1.383493618381E-1,-7.300999920129E0,
-1.031300694571E1));
#4812=CARTESIAN_POINT('',(1.373768689836E-1,-7.316457251021E0,
-1.050979928144E1));
#4813=CARTESIAN_POINT('',(1.351934273462E-1,-7.351162061157E0,
-1.070411322062E1));
#4814=(BOUNDED_SURFACE()B_SPLINE_SURFACE(3,3,((#4786,#4787,#4788,#4789),(#4790,
#4791,#4792,#4793),(#4794,#4795,#4796,#4797),(#4798,#4799,#4800,#4801),(#4802,
#4803,#4804,#4805),(#4806,#4807,#4808,#4809),(#4810,#4811,#4812,#4813)),
.UNSPECIFIED.,.F.,.F.,.F.)B_SPLINE_SURFACE_WITH_KNOTS((4,3,4),(4,4),(0.E0,1.E0,
2.E0),(0.E0,1.E0),.UNSPECIFIED.)GEOMETRIC_REPRESENTATION_ITEM()RATIONAL_B_SPLINE_SURFACE(((1.190149559166E0,1.186300457520E0,1.186300457520E0,1.190149559166E0),(
9.398588101298E-1,9.368191819873E-1,9.368191819873E-1,9.398588101298E-1),(
9.398588101298E-1,9.368191819873E-1,9.368191819873E-1,9.398588101298E-1),(
1.190149559166E0,1.186300457520E0,1.186300457520E0,1.190149559166E0),(
9.398588101298E-1,9.368191819873E-1,9.368191819873E-1,9.398588101298E-1),(
9.398588101298E-1,9.368191819873E-1,9.368191819873E-1,9.398588101298E-1),(
1.190149559166E0,1.186300457520E0,1.186300457520E0,1.190149559166E0)))REPRESENTATION_ITEM('')SURFACE());
#4815=ORIENTED_EDGE('',*,*,#4569,.T.);
#4816=ORIENTED_EDGE('',*,*,#4781,.T.);
#4818=ORIENTED_EDGE('',*,*,#4817,.F.);
#4819=ORIENTED_EDGE('',*,*,#4778,.F.);
#4820=EDGE_LOOP('',(#4815,#4816,#4818,#4819));
#4821=FACE_OUTER_BOUND('',#4820,.F.);
#4823=CARTESIAN_POINT('',(0.E0,-9.5E0,-1.230683023642E1));
#4824=DIRECTION('',(0.E0,0.E0,1.E0));
#4825=DIRECTION('',(0.E0,1.E0,0.E0));
#4826=AXIS2_PLACEMENT_3D('',#4823,#4824,#4825);
#4827=CONICAL_SURFACE('',#4826,1.899848633444E0,9.E0);
#4828=ORIENTED_EDGE('',*,*,#4817,.T.);
#4829=ORIENTED_EDGE('',*,*,#4743,.T.);
#4830=ORIENTED_EDGE('',*,*,#4713,.F.);
#4831=ORIENTED_EDGE('',*,*,#4740,.F.);
#4832=EDGE_LOOP('',(#4828,#4829,#4830,#4831));
#4833=FACE_OUTER_BOUND('',#4832,.F.);
#4835=CARTESIAN_POINT('',(0.E0,-9.5E0,-1.609023109909E1));
#4836=DIRECTION('',(0.E0,0.E0,1.E0));
#4837=DIRECTION('',(0.E0,1.E0,0.E0));
#4838=AXIS2_PLACEMENT_3D('',#4835,#4836,#4837);
#4839=CONICAL_SURFACE('',#4838,1.918316122552E0,9.E0);
#4841=ORIENTED_EDGE('',*,*,#4840,.F.);
#4843=ORIENTED_EDGE('',*,*,#4842,.F.);
#4844=ORIENTED_EDGE('',*,*,#4625,.F.);
#4846=ORIENTED_EDGE('',*,*,#4845,.T.);
#4847=EDGE_LOOP('',(#4841,#4843,#4844,#4846));
#4848=FACE_OUTER_BOUND('',#4847,.F.);
#4850=CARTESIAN_POINT('',(0.E0,-9.5E0,-1.79E1));
#4851=DIRECTION('',(0.E0,0.E0,-1.E0));
#4852=DIRECTION('',(-5.745150606269E-2,-9.983482981661E-1,0.E0));
#4853=AXIS2_PLACEMENT_3D('',#4850,#4851,#4852);
#4854=TOROIDAL_SURFACE('',#4853,1.834169913223E0,2.E-1);
#4856=ORIENTED_EDGE('',*,*,#4855,.F.);
#4858=ORIENTED_EDGE('',*,*,#4857,.T.);
#4859=ORIENTED_EDGE('',*,*,#4840,.T.);
#4861=ORIENTED_EDGE('',*,*,#4860,.F.);
#4862=EDGE_LOOP('',(#4856,#4858,#4859,#4861));
#4863=FACE_OUTER_BOUND('',#4862,.F.);
#4865=CARTESIAN_POINT('',(0.E0,-9.5E0,-1.81E1));
#4866=DIRECTION('',(0.E0,0.E0,-1.E0));
#4867=DIRECTION('',(0.E0,-1.E0,0.E0));
#4868=AXIS2_PLACEMENT_3D('',#4865,#4866,#4867);
#4869=PLANE('',#4868);
#4870=ORIENTED_EDGE('',*,*,#4584,.T.);
#4871=ORIENTED_EDGE('',*,*,#4599,.T.);
#4872=EDGE_LOOP('',(#4870,#4871));
#4873=FACE_OUTER_BOUND('',#4872,.F.);
#4875=ORIENTED_EDGE('',*,*,#4874,.T.);
#4876=ORIENTED_EDGE('',*,*,#4855,.T.);
#4877=EDGE_LOOP('',(#4875,#4876));
#4878=FACE_BOUND('',#4877,.F.);
#4880=CARTESIAN_POINT('',(0.E0,-9.5E0,-1.79E1));
#4881=DIRECTION('',(0.E0,0.E0,-1.E0));
#4882=DIRECTION('',(5.745150606269E-2,9.983482981661E-1,0.E0));
#4883=AXIS2_PLACEMENT_3D('',#4880,#4881,#4882);
#4884=TOROIDAL_SURFACE('',#4883,1.834169913223E0,2.E-1);
#4885=ORIENTED_EDGE('',*,*,#4874,.F.);
#4886=ORIENTED_EDGE('',*,*,#4860,.T.);
#4888=ORIENTED_EDGE('',*,*,#4887,.T.);
#4889=ORIENTED_EDGE('',*,*,#4857,.F.);
#4890=EDGE_LOOP('',(#4885,#4886,#4888,#4889));
#4891=FACE_OUTER_BOUND('',#4890,.F.);
#4893=CARTESIAN_POINT('',(0.E0,-9.5E0,-1.609023109909E1));
#4894=DIRECTION('',(0.E0,0.E0,1.E0));
#4895=DIRECTION('',(0.E0,1.E0,0.E0));
#4896=AXIS2_PLACEMENT_3D('',#4893,#4894,#4895);
#4897=CONICAL_SURFACE('',#4896,1.918316122552E0,9.E0);
#4898=ORIENTED_EDGE('',*,*,#4887,.F.);
#4899=ORIENTED_EDGE('',*,*,#4845,.F.);
#4900=ORIENTED_EDGE('',*,*,#4537,.F.);
#4901=ORIENTED_EDGE('',*,*,#4842,.T.);
#4902=EDGE_LOOP('',(#4898,#4899,#4900,#4901));
#4903=FACE_OUTER_BOUND('',#4902,.F.);
#4905=CARTESIAN_POINT('',(7.5E-1,-7.167619242062E0,-1.189237839609E-1));
#4906=DIRECTION('',(0.E0,0.E0,-1.E0));
#4907=DIRECTION('',(-3.061224489796E-1,-9.519921460972E-1,0.E0));
#4908=AXIS2_PLACEMENT_3D('',#4905,#4906,#4907);
#4909=CYLINDRICAL_SURFACE('',#4908,2.5E-1);
#4910=ORIENTED_EDGE('',*,*,#4636,.F.);
#4912=ORIENTED_EDGE('',*,*,#4911,.T.);
#4914=ORIENTED_EDGE('',*,*,#4913,.T.);
#4916=ORIENTED_EDGE('',*,*,#4915,.F.);
#4917=EDGE_LOOP('',(#4910,#4912,#4914,#4916));
#4918=FACE_OUTER_BOUND('',#4917,.F.);
#4920=CARTESIAN_POINT('',(7.905914381935E-1,-6.646933154670E0,
-4.873205484188E0));
#4921=CARTESIAN_POINT('',(5.948046198866E-1,-6.629929499874E0,
-4.845842529736E0));
#4922=CARTESIAN_POINT('',(4.599993378976E-1,-6.706773445811E0,
-4.969502849697E0));
#4923=CARTESIAN_POINT('',(5.071660767968E-1,-6.808495986831E0,
-5.133198789779E0));
#4924=CARTESIAN_POINT('',(7.905914382713E-1,-6.662754472124E0,
-4.863339923637E0));
#4925=CARTESIAN_POINT('',(5.948046199120E-1,-6.646711433097E0,
-4.835379360184E0));
#4926=CARTESIAN_POINT('',(4.599993378869E-1,-6.719214106104E0,
-4.961740430915E0));
#4927=CARTESIAN_POINT('',(5.071660767988E-1,-6.815189866315E0,
-5.129011502748E0));
#4928=CARTESIAN_POINT('',(7.905914383553E-1,-6.723867080322E0,
-4.829658460454E0));
#4929=CARTESIAN_POINT('',(5.948046199394E-1,-6.711532013082E0,
-4.799654524089E0));
#4930=CARTESIAN_POINT('',(4.599993378753E-1,-6.767277395562E0,
-4.935250129363E0));
#4931=CARTESIAN_POINT('',(5.071660768008E-1,-6.841070612279E0,
-5.114745460471E0));
#4932=CARTESIAN_POINT('',(7.905914376915E-1,-6.839750808740E0,
-4.792942507583E0));
#4933=CARTESIAN_POINT('',(5.948046197229E-1,-6.834471705238E0,
-4.760694300525E0));
#4934=CARTESIAN_POINT('',(4.599993379667E-1,-6.858329349313E0,
-4.906432349753E0));
#4935=CARTESIAN_POINT('',(5.071660767845E-1,-6.889911019782E0,
-5.099353789561E0));
#4936=CARTESIAN_POINT('',(7.905914378971E-1,-6.993806406718E0,
-4.790661565267E0));
#4937=CARTESIAN_POINT('',(5.948046197900E-1,-6.998149894187E0,
-4.758247384188E0));
#4938=CARTESIAN_POINT('',(4.599993379384E-1,-6.978520542719E0,
-4.904735513260E0));
#4939=CARTESIAN_POINT('',(5.071660767895E-1,-6.952536094816E0,
-5.098649874850E0));
#4940=CARTESIAN_POINT('',(7.905914378912E-1,-7.139535662830E0,
-4.833376314838E0));
#4941=CARTESIAN_POINT('',(5.948046197880E-1,-7.153327508740E0,
-4.803702729106E0));
#4942=CARTESIAN_POINT('',(4.599993379392E-1,-7.090998563923E0,
-4.937805393805E0));
#4943=CARTESIAN_POINT('',(5.071660767894E-1,-7.008490325069E0,
-5.115324437685E0));
#4944=CARTESIAN_POINT('',(7.905914377356E-1,-7.260175340208E0,
-4.914321149869E0));
#4945=CARTESIAN_POINT('',(5.948046197373E-1,-7.282039111641E0,
-4.890043766164E0));
#4946=CARTESIAN_POINT('',(4.599993379606E-1,-7.183231032429E0,
-4.999759588047E0));
#4947=CARTESIAN_POINT('',(5.071660767855E-1,-7.052433364921E0,
-5.144996432094E0));
#4948=CARTESIAN_POINT('',(7.905914382893E-1,-7.347108648170E0,
-5.019727762281E0));
#4949=CARTESIAN_POINT('',(5.948046199179E-1,-7.374853728640E0,
-5.002579543923E0));
#4950=CARTESIAN_POINT('',(4.599993378844E-1,-7.249466481646E0,
-5.080076810259E0));
#4951=CARTESIAN_POINT('',(5.071660767992E-1,-7.083484513643E0,
-5.182664187281E0));
#4952=CARTESIAN_POINT('',(7.905914362129E-1,-7.401882893460E0,
-5.143203214736E0));
#4953=CARTESIAN_POINT('',(5.948046192405E-1,-7.433296982424E0,
-5.134350343851E0));
#4954=CARTESIAN_POINT('',(4.599993381702E-1,-7.291328530170E0,
-5.174358773794E0));
#4955=CARTESIAN_POINT('',(5.071660767480E-1,-7.103397112387E0,
-5.227320124314E0));
#4956=CARTESIAN_POINT('',(7.905914444072E-1,-7.419887973431E0,
-5.272718253014E0));
#4957=CARTESIAN_POINT('',(5.948046219138E-1,-7.452465562709E0,
-5.272360886626E0));
#4958=CARTESIAN_POINT('',(4.599993370422E-1,-7.305238949411E0,
-5.273975918435E0));
#4959=CARTESIAN_POINT('',(5.071660769501E-1,-7.110347015795E0,
-5.276113824517E0));
#4960=CARTESIAN_POINT('',(7.905914405558E-1,-7.409553182025E0,
-5.357403288243E0));
#4961=CARTESIAN_POINT('',(5.948046206573E-1,-7.441462191567E0,
-5.362428075886E0));
#4962=CARTESIAN_POINT('',(4.599993375724E-1,-7.297257064281E0,
-5.339719751433E0));
#4963=CARTESIAN_POINT('',(5.071660768551E-1,-7.106364837227E0,
-5.309659498311E0));
#4964=CARTESIAN_POINT('',(7.905914338916E-1,-7.400231010633E0,
-5.394300079865E0));
#4965=CARTESIAN_POINT('',(5.948046184832E-1,-7.431552075529E0,
-5.401620780293E0));
#4966=CARTESIAN_POINT('',(4.599993384897E-1,-7.290004023273E0,
-5.368536627817E0));
#4967=CARTESIAN_POINT('',(5.071660766907E-1,-7.102629112E0,-5.324741322718E0));
#4968=(BOUNDED_SURFACE()B_SPLINE_SURFACE(3,3,((#4920,#4921,#4922,#4923),(#4924,
#4925,#4926,#4927),(#4928,#4929,#4930,#4931),(#4932,#4933,#4934,#4935),(#4936,
#4937,#4938,#4939),(#4940,#4941,#4942,#4943),(#4944,#4945,#4946,#4947),(#4948,
#4949,#4950,#4951),(#4952,#4953,#4954,#4955),(#4956,#4957,#4958,#4959),(#4960,
#4961,#4962,#4963),(#4964,#4965,#4966,#4967)),.UNSPECIFIED.,.F.,.F.,.F.)B_SPLINE_SURFACE_WITH_KNOTS((4,1,1,1,1,1,1,1,1,4),(4,4),(-5.863443647692E-2,0.E0,
1.598778076182E-1,3.149960094414E-1,4.672991240604E-1,6.087913100717E-1,
7.355940621634E-1,8.603725262041E-1,1.E0,1.118958898836E0),(0.E0,1.E0),
.UNSPECIFIED.)GEOMETRIC_REPRESENTATION_ITEM()RATIONAL_B_SPLINE_SURFACE(((
1.289291295327E0,9.035695682243E-1,9.035695682243E-1,1.289291295327E0),(
1.289291295327E0,9.035695682243E-1,9.035695682243E-1,1.289291295327E0),(
1.289291295327E0,9.035695682243E-1,9.035695682243E-1,1.289291295327E0),(
1.289291295327E0,9.035695682243E-1,9.035695682243E-1,1.289291295327E0),(
1.289291295327E0,9.035695682243E-1,9.035695682243E-1,1.289291295327E0),(
1.289291295327E0,9.035695682243E-1,9.035695682243E-1,1.289291295327E0),(
1.289291295327E0,9.035695682243E-1,9.035695682243E-1,1.289291295327E0),(
1.289291295327E0,9.035695682243E-1,9.035695682243E-1,1.289291295327E0),(
1.289291295327E0,9.035695682243E-1,9.035695682243E-1,1.289291295327E0),(
1.289291295327E0,9.035695682243E-1,9.035695682243E-1,1.289291295327E0),(
1.289291295327E0,9.035695682243E-1,9.035695682243E-1,1.289291295327E0),(
1.289291295327E0,9.035695682243E-1,9.035695682243E-1,1.289291295327E0)))REPRESENTATION_ITEM('')SURFACE());
#4970=ORIENTED_EDGE('',*,*,#4969,.F.);
#4972=ORIENTED_EDGE('',*,*,#4971,.T.);
#4974=ORIENTED_EDGE('',*,*,#4973,.T.);
#4975=ORIENTED_EDGE('',*,*,#4911,.F.);
#4976=EDGE_LOOP('',(#4970,#4972,#4974,#4975));
#4977=FACE_OUTER_BOUND('',#4976,.F.);
#4979=CARTESIAN_POINT('',(7.224840091679E-1,-6.628353499088E0,
-4.881990204903E0));
#4980=CARTESIAN_POINT('',(5.613862079708E-1,-7.008981522121E0,
-4.637819682407E0));
#4981=CARTESIAN_POINT('',(5.027125227941E-1,-7.411848385953E0,
-4.892191134210E0));
#4982=CARTESIAN_POINT('',(6.125431875741E-1,-7.383232178844E0,
-5.358623065392E0));
#4983=CARTESIAN_POINT('',(7.709405763429E-1,-6.640358993466E0,
-4.872552317056E0));
#4984=CARTESIAN_POINT('',(5.993757943556E-1,-7.017019048996E0,
-4.629098252307E0));
#4985=CARTESIAN_POINT('',(5.365462405256E-1,-7.419754376972E0,
-4.882723314270E0));
#4986=CARTESIAN_POINT('',(6.532126247468E-1,-7.394991205661E0,
-5.347786616812E0));
#4987=CARTESIAN_POINT('',(9.693636778980E-1,-6.694811161561E0,
-4.829576652536E0));
#4988=CARTESIAN_POINT('',(7.553668239387E-1,-7.053554813996E0,
-4.589357800647E0));
#4989=CARTESIAN_POINT('',(6.752394043715E-1,-7.455640807435E0,
-4.839612489382E0));
#4990=CARTESIAN_POINT('',(8.192235543848E-1,-7.448226672056E0,
-5.298495657784E0));
#4991=CARTESIAN_POINT('',(1.292559250580E0,-6.820932744539E0,
-4.728482109058E0));
#4992=CARTESIAN_POINT('',(1.013123715980E0,-7.139157605971E0,
-4.495660594227E0));
#4993=CARTESIAN_POINT('',(9.024198785329E-1,-7.539100011580E0,
-4.738208900767E0));
#4994=CARTESIAN_POINT('',(1.085126040856E0,-7.570331670659E0,
-5.182961148801E0));
#4995=CARTESIAN_POINT('',(1.657939690825E0,-7.029207644982E0,
-4.554263147278E0));
#4996=CARTESIAN_POINT('',(1.312746736432E0,-7.284035938464E0,
-4.333209109893E0));
#4997=CARTESIAN_POINT('',(1.162103528682E0,-7.678141760656E0,
-4.563498318606E0));
#4998=CARTESIAN_POINT('',(1.375669402575E0,-7.767670173052E0,
-4.985771492695E0));
#4999=CARTESIAN_POINT('',(1.977708378523E0,-7.273435142719E0,
-4.339198624363E0));
#5000=CARTESIAN_POINT('',(1.583562405390E0,-7.458480867210E0,
-4.131341482508E0));
#5001=CARTESIAN_POINT('',(1.392349881210E0,-7.842765037549E0,
-4.347882457237E0));
#5002=CARTESIAN_POINT('',(1.619420639409E0,-7.993494182566E0,
-4.744945981099E0));
#5003=CARTESIAN_POINT('',(2.164522291603E0,-7.460230428197E0,
-4.164103909646E0));
#5004=CARTESIAN_POINT('',(1.747895488091E0,-7.595611517524E0,
-3.965847182653E0));
#5005=CARTESIAN_POINT('',(1.528984523832E0,-7.969961199145E0,
-4.172386657440E0));
#5006=CARTESIAN_POINT('',(1.754334126431E0,-8.161674549813E0,
-4.551110784727E0));
#5007=CARTESIAN_POINT('',(2.254938857114E0,-7.563695566555E0,
-4.063044154479E0));
#5008=CARTESIAN_POINT('',(1.829165001487E0,-7.672727419932E0,
-3.869941846734E0));
#5009=CARTESIAN_POINT('',(1.595715661455E0,-8.040816708173E0,
-4.071111561511E0));
#5010=CARTESIAN_POINT('',(1.817509161564E0,-8.253409168952E0,
-4.439989349856E0));
#5011=CARTESIAN_POINT('',(2.260841537722E0,-7.570512434689E0,
-4.056367906674E0));
#5012=CARTESIAN_POINT('',(1.834478730434E0,-7.677813068106E0,
-3.863604488538E0));
#5013=CARTESIAN_POINT('',(1.600074923813E0,-8.045486739439E0,
-4.064421155614E0));
#5014=CARTESIAN_POINT('',(1.821623394068E0,-8.259447267792E0,
-4.432651572878E0));
#5015=(BOUNDED_SURFACE()B_SPLINE_SURFACE(3,3,((#4979,#4980,#4981,#4982),(#4983,
#4984,#4985,#4986),(#4987,#4988,#4989,#4990),(#4991,#4992,#4993,#4994),(#4995,
#4996,#4997,#4998),(#4999,#5000,#5001,#5002),(#5003,#5004,#5005,#5006),(#5007,
#5008,#5009,#5010),(#5011,#5012,#5013,#5014)),.UNSPECIFIED.,.F.,.F.,.F.)B_SPLINE_SURFACE_WITH_KNOTS((4,1,1,1,1,1,4),(4,4),(6.645694904791E-1,6.899011875418E-1,
7.693846476634E-1,8.445518006888E-1,9.183360769751E-1,1.E0,1.005752398958E0),(
0.E0,1.E0),.UNSPECIFIED.)GEOMETRIC_REPRESENTATION_ITEM()RATIONAL_B_SPLINE_SURFACE(((1.391901237930E0,8.693662540234E-1,8.693662540234E-1,1.391901237930E0),(
1.391901237930E0,8.693662540234E-1,8.693662540234E-1,1.391901237930E0),(
1.391901237930E0,8.693662540234E-1,8.693662540234E-1,1.391901237930E0),(
1.391901237930E0,8.693662540234E-1,8.693662540234E-1,1.391901237930E0),(
1.391901237930E0,8.693662540234E-1,8.693662540234E-1,1.391901237930E0),(
1.391901237930E0,8.693662540234E-1,8.693662540234E-1,1.391901237930E0),(
1.391901237930E0,8.693662540234E-1,8.693662540234E-1,1.391901237930E0),(
1.391901237930E0,8.693662540234E-1,8.693662540234E-1,1.391901237930E0),(
1.391901237930E0,8.693662540234E-1,8.693662540234E-1,1.391901237930E0)))REPRESENTATION_ITEM('')SURFACE());
#5016=ORIENTED_EDGE('',*,*,#4969,.T.);
#5017=ORIENTED_EDGE('',*,*,#4656,.T.);
#5019=ORIENTED_EDGE('',*,*,#5018,.F.);
#5021=ORIENTED_EDGE('',*,*,#5020,.F.);
#5022=EDGE_LOOP('',(#5016,#5017,#5019,#5021));
#5023=FACE_OUTER_BOUND('',#5022,.F.);
#5025=CARTESIAN_POINT('',(2.206921371758E0,-7.509660174702E0,
-4.115785543778E0));
#5026=CARTESIAN_POINT('',(1.785375854137E0,-7.631265865970E0,
-3.920937764973E0));
#5027=CARTESIAN_POINT('',(1.560060752876E0,-8.003398646942E0,
-4.123926792330E0));
#5028=CARTESIAN_POINT('',(1.784731782810E0,-8.206952921407E0,
-4.496141114891E0));
#5029=CARTESIAN_POINT('',(2.219091574916E0,-7.523052293018E0,
-4.102696986677E0));
#5030=CARTESIAN_POINT('',(1.796502366346E0,-7.641619594203E0,
-3.908211803516E0));
#5031=CARTESIAN_POINT('',(1.569107881052E0,-8.012698934631E0,
-4.110823085037E0));
#5032=CARTESIAN_POINT('',(1.793005690136E0,-8.218371130171E0,
-4.482344747449E0));
#5033=CARTESIAN_POINT('',(2.309616621268E0,-7.624522540455E0,
-4.003634014596E0));
#5034=CARTESIAN_POINT('',(1.879477797581E0,-7.720241625920E0,
-3.811831064668E0));
#5035=CARTESIAN_POINT('',(1.636476764733E0,-8.083226003622E0,
-4.011648042254E0));
#5036=CARTESIAN_POINT('',(1.854287592732E0,-8.304673246549E0,
-4.378045881175E0));
#5037=CARTESIAN_POINT('',(2.460074480262E0,-7.818857424173E0,
-3.815479795896E0));
#5038=CARTESIAN_POINT('',(2.020262689946E0,-7.873223584490E0,
-3.627957225385E0));
#5039=CARTESIAN_POINT('',(1.749444420678E0,-8.219132825646E0,
-3.823314978134E0));
#5040=CARTESIAN_POINT('',(1.952622236086E0,-8.467013182573E0,
-4.181536082710E0));
#5041=CARTESIAN_POINT('',(2.631951642631E0,-8.102556108363E0,
-3.544462938802E0));
#5042=CARTESIAN_POINT('',(2.187072167931E0,-8.101774525682E0,
-3.361476695756E0));
#5043=CARTESIAN_POINT('',(1.880568193119E0,-8.419345675827E0,
-3.552108581443E0));
#5044=CARTESIAN_POINT('',(2.057632449588E0,-8.697612687309E0,
-3.901664018570E0));
#5045=CARTESIAN_POINT('',(2.767460024762E0,-8.393854581808E0,
-3.269542088515E0));
#5046=CARTESIAN_POINT('',(2.324483454285E0,-8.340996959850E0,
-3.089819908705E0));
#5047=CARTESIAN_POINT('',(1.985991310366E0,-8.626498924019E0,
-3.277051350078E0));
#5048=CARTESIAN_POINT('',(2.133202230663E0,-8.928820752392E0,
-3.620371503982E0));
#5049=CARTESIAN_POINT('',(2.870773391999E0,-8.697567678221E0,
-2.986154284654E0));
#5050=CARTESIAN_POINT('',(2.435826236935E0,-8.594647935660E0,
-2.808612123176E0));
#5051=CARTESIAN_POINT('',(2.068647944781E0,-8.843948273553E0,
-2.993572459364E0));
#5052=CARTESIAN_POINT('',(2.182764237854E0,-9.164700181058E0,
-3.332728162170E0));
#5053=CARTESIAN_POINT('',(2.942924363551E0,-9.020927416096E0,
-2.687748353868E0));
#5054=CARTESIAN_POINT('',(2.522067099397E0,-8.868909355168E0,
-2.511364386600E0));
#5055=CARTESIAN_POINT('',(2.129313535497E0,-9.076920845574E0,
-2.695118136203E0));
#5056=CARTESIAN_POINT('',(2.206992928985E0,-9.410693948120E0,
-3.032061360756E0));
#5057=CARTESIAN_POINT('',(2.980583609158E0,-9.377149413608E0,
-2.362694332810E0));
#5058=CARTESIAN_POINT('',(2.580859329785E0,-9.175639576849E0,
-2.186345756560E0));
#5059=CARTESIAN_POINT('',(2.165754783923E0,-9.335163285517E0,
-2.370062636415E0));
#5060=CARTESIAN_POINT('',(2.202771484686E0,-9.676060798654E0,
-2.706938254120E0));
#5061=CARTESIAN_POINT('',(2.972390701344E0,-9.768708128761E0,
-2.009684171607E0));
#5062=CARTESIAN_POINT('',(2.601922025052E0,-9.518152283527E0,
-1.831931008086E0));
#5063=CARTESIAN_POINT('',(2.169563033471E0,-9.620879572935E0,
-2.017111162533E0));
#5064=CARTESIAN_POINT('',(2.162247644303E0,-9.961195857482E0,
-2.356669938870E0));
#5065=CARTESIAN_POINT('',(2.907059605655E0,-1.017426611893E1,
-1.648743480924E0));
#5066=CARTESIAN_POINT('',(2.573001367301E0,-9.878877973257E0,
-1.467875497293E0));
#5067=CARTESIAN_POINT('',(2.131677383355E0,-9.918879698896E0,
-1.656300617160E0));
#5068=CARTESIAN_POINT('',(2.080118178597E0,-1.024922031423E1,
-2.001809580172E0));
#5069=CARTESIAN_POINT('',(2.787162253172E0,-1.056102975008E1,
-1.308878149346E0));
#5070=CARTESIAN_POINT('',(2.493128667965E0,-1.022866688072E1,
-1.123318075589E0));
#5071=CARTESIAN_POINT('',(2.052858771176E0,-1.020507369995E1,
-1.316631333349E0));
#5072=CARTESIAN_POINT('',(1.962195947270E0,-1.051682146028E1,
-1.671103514513E0));
#5073=CARTESIAN_POINT('',(2.627405266144E0,-1.090616452142E1,
-1.009093917782E0));
#5074=CARTESIAN_POINT('',(2.373137213534E0,-1.054577089861E1,
-8.177309696620E-1));
#5075=CARTESIAN_POINT('',(1.943134287885E0,-1.046218453473E1,
-1.017089561016E0));
#5076=CARTESIAN_POINT('',(1.821676944298E0,-1.074954256216E1,
-1.382646872138E0));
#5077=CARTESIAN_POINT('',(2.439739475573E0,-1.120743232091E1,
-7.501161010140E-1));
#5078=CARTESIAN_POINT('',(2.223186826535E0,-1.082672334814E1,
-5.522051493760E-1));
#5079=CARTESIAN_POINT('',(1.811122382753E0,-1.068805596940E1,
-7.583853369186E-1));
#5080=CARTESIAN_POINT('',(1.667623815475E0,-1.094760098559E1,
-1.136451185260E0));
#5081=CARTESIAN_POINT('',(2.231777978682E0,-1.146831632970E1,
-5.279208930041E-1));
#5082=CARTESIAN_POINT('',(2.050126783005E0,-1.107349219719E1,
-3.229837440680E-1));
#5083=CARTESIAN_POINT('',(1.662444046736E0,-1.088485560742E1,
-5.364837017630E-1));
#5084=CARTESIAN_POINT('',(1.505348129324E0,-1.111485398363E1,
-9.279715725858E-1));
#5085=CARTESIAN_POINT('',(2.009551850217E0,-1.169186050390E1,
-3.390787144195E-1));
#5086=CARTESIAN_POINT('',(1.859499151517E0,-1.128781942587E1,
-1.269048172543E-1));
#5087=CARTESIAN_POINT('',(1.501592459718E0,-1.105448540605E1,-3.479438934E-1));
#5088=CARTESIAN_POINT('',(1.338915580183E0,-1.125464527348E1,
-7.532559984850E-1));
#5089=CARTESIAN_POINT('',(1.778519376490E0,-1.188056982186E1,
-1.807877176983E-1));
#5090=CARTESIAN_POINT('',(1.656462934926E0,-1.147106101445E1,
3.854408651266E-2));
#5091=CARTESIAN_POINT('',(1.332683743720E0,-1.119848366561E1,
-1.899519727099E-1));
#5092=CARTESIAN_POINT('',(1.171830331328E0,-1.136982146003E1,
-6.089377031156E-1));
#5093=CARTESIAN_POINT('',(1.542999767356E0,-1.203727115195E1,
-5.012849641635E-2));
#5094=CARTESIAN_POINT('',(1.445318575771E0,-1.162501099044E1,
1.760086713970E-1));
#5095=CARTESIAN_POINT('',(1.159050633899E0,-1.131867781330E1,
-5.957709727432E-2));
#5096=CARTESIAN_POINT('',(1.006598327633E0,-1.146327199514E1,
-4.915629953936E-1));
#5097=CARTESIAN_POINT('',(1.305909108778E0,-1.216506971721E1,
5.590756264388E-2));
#5098=CARTESIAN_POINT('',(1.229217149982E0,-1.175188920142E1,
2.882648093102E-1));
#5099=CARTESIAN_POINT('',(9.830290630565E-1,-1.141716159937E1,
4.619907066339E-2));
#5100=CARTESIAN_POINT('',(8.446082610265E-1,-1.153786582396E1,
-3.976689358932E-1));
#5101=CARTESIAN_POINT('',(1.118985722549E0,-1.224543780950E1,
1.223275426633E-1));
#5102=CARTESIAN_POINT('',(1.056495263663E0,-1.183240984318E1,
3.589823093628E-1));
#5103=CARTESIAN_POINT('',(8.434393463633E-1,-1.147934817828E1,
1.124394890837E-1));
#5104=CARTESIAN_POINT('',(7.197670743352E-1,-1.158388002512E1,
-3.396379952387E-1));
#5105=CARTESIAN_POINT('',(1.012755074906E0,-1.228406901462E1,
1.541921024726E-1));
#5106=CARTESIAN_POINT('',(9.575908952514E-1,-1.187130052455E1,
3.930135759605E-1));
#5107=CARTESIAN_POINT('',(7.638508173990E-1,-1.150930445678E1,
1.442135182305E-1));
#5108=CARTESIAN_POINT('',(6.497299453282E-1,-1.160577017803E1,
-3.120029883811E-1));
#5109=CARTESIAN_POINT('',(9.882799173948E-1,-1.229260736171E1,
1.612313759771E-1));
#5110=CARTESIAN_POINT('',(9.347667569917E-1,-1.187990576437E1,
4.005367333056E-1));
#5111=CARTESIAN_POINT('',(7.455011052868E-1,-1.151592876232E1,
1.512325738057E-1));
#5112=CARTESIAN_POINT('',(6.336388514037E-1,-1.161059670187E1,
-3.059082876895E-1));
#5113=(BOUNDED_SURFACE()B_SPLINE_SURFACE(3,3,((#5025,#5026,#5027,#5028),(#5029,
#5030,#5031,#5032),(#5033,#5034,#5035,#5036),(#5037,#5038,#5039,#5040),(#5041,
#5042,#5043,#5044),(#5045,#5046,#5047,#5048),(#5049,#5050,#5051,#5052),(#5053,
#5054,#5055,#5056),(#5057,#5058,#5059,#5060),(#5061,#5062,#5063,#5064),(#5065,
#5066,#5067,#5068),(#5069,#5070,#5071,#5072),(#5073,#5074,#5075,#5076),(#5077,
#5078,#5079,#5080),(#5081,#5082,#5083,#5084),(#5085,#5086,#5087,#5088),(#5089,
#5090,#5091,#5092),(#5093,#5094,#5095,#5096),(#5097,#5098,#5099,#5100),(#5101,
#5102,#5103,#5104),(#5105,#5106,#5107,#5108),(#5109,#5110,#5111,#5112)),
.UNSPECIFIED.,.F.,.F.,.F.)B_SPLINE_SURFACE_WITH_KNOTS((4,1,1,1,1,1,1,1,1,1,1,1,
1,1,1,1,1,1,1,4),(4,4),(-9.996272391324E-3,0.E0,6.526833280605E-2,
1.277964769690E-1,1.899586084621E-1,2.520131629781E-1,3.160549953429E-1,
3.851442448591E-1,4.625520448256E-1,5.438283008336E-1,6.190484020071E-1,
6.859921389846E-1,7.457111848471E-1,7.994238572459E-1,8.478016993951E-1,
8.913890676532E-1,9.308363004816E-1,9.668196063982E-1,1.E0,1.009814651251E0),(
0.E0,1.E0),.UNSPECIFIED.)GEOMETRIC_REPRESENTATION_ITEM()RATIONAL_B_SPLINE_SURFACE(((1.391897879156E0,8.693673736148E-1,8.693673736148E-1,1.391897879156E0),(
1.391897879156E0,8.693673736148E-1,8.693673736148E-1,1.391897879156E0),(
1.391897879156E0,8.693673736148E-1,8.693673736148E-1,1.391897879156E0),(
1.391897879156E0,8.693673736148E-1,8.693673736148E-1,1.391897879156E0),(
1.391897879156E0,8.693673736148E-1,8.693673736148E-1,1.391897879156E0),(
1.391897879156E0,8.693673736148E-1,8.693673736148E-1,1.391897879156E0),(
1.391897879156E0,8.693673736148E-1,8.693673736148E-1,1.391897879156E0),(
1.391897879156E0,8.693673736148E-1,8.693673736148E-1,1.391897879156E0),(
1.391897879156E0,8.693673736148E-1,8.693673736148E-1,1.391897879156E0),(
1.391897879156E0,8.693673736148E-1,8.693673736148E-1,1.391897879156E0),(
1.391897879156E0,8.693673736148E-1,8.693673736148E-1,1.391897879156E0),(
1.391897879156E0,8.693673736148E-1,8.693673736148E-1,1.391897879156E0),(
1.391897879156E0,8.693673736148E-1,8.693673736148E-1,1.391897879156E0),(
1.391897879156E0,8.693673736148E-1,8.693673736148E-1,1.391897879156E0),(
1.391897879156E0,8.693673736148E-1,8.693673736148E-1,1.391897879156E0),(
1.391897879156E0,8.693673736148E-1,8.693673736148E-1,1.391897879156E0),(
1.391897879156E0,8.693673736148E-1,8.693673736148E-1,1.391897879156E0),(
1.391897879156E0,8.693673736148E-1,8.693673736148E-1,1.391897879156E0),(
1.391897879156E0,8.693673736148E-1,8.693673736148E-1,1.391897879156E0),(
1.391897879156E0,8.693673736148E-1,8.693673736148E-1,1.391897879156E0),(
1.391897879156E0,8.693673736148E-1,8.693673736148E-1,1.391897879156E0),(
1.391897879156E0,8.693673736148E-1,8.693673736148E-1,1.391897879156E0)))REPRESENTATION_ITEM('')SURFACE());
#5115=ORIENTED_EDGE('',*,*,#5114,.F.);
#5116=ORIENTED_EDGE('',*,*,#5018,.T.);
#5117=ORIENTED_EDGE('',*,*,#4654,.T.);
#5119=ORIENTED_EDGE('',*,*,#5118,.F.);
#5120=EDGE_LOOP('',(#5115,#5116,#5117,#5119));
#5121=FACE_OUTER_BOUND('',#5120,.F.);
#5123=CARTESIAN_POINT('',(-1.E1,-6.621320343560E0,-5.E0));
#5124=DIRECTION('',(0.E0,7.071067811865E-1,7.071067811865E-1));
#5125=DIRECTION('',(0.E0,-7.071067811865E-1,7.071067811865E-1));
#5126=AXIS2_PLACEMENT_3D('',#5123,#5124,#5125);
#5127=PLANE('',#5126);
#5129=ORIENTED_EDGE('',*,*,#5128,.T.);
#5131=ORIENTED_EDGE('',*,*,#5130,.T.);
#5133=ORIENTED_EDGE('',*,*,#5132,.T.);
#5134=EDGE_LOOP('',(#5129,#5131,#5133));
#5135=FACE_OUTER_BOUND('',#5134,.F.);
#5137=CARTESIAN_POINT('',(-1.E1,-6.621320343560E0,-5.E0));
#5138=DIRECTION('',(0.E0,7.071067811865E-1,7.071067811865E-1));
#5139=DIRECTION('',(0.E0,-7.071067811865E-1,7.071067811865E-1));
#5140=AXIS2_PLACEMENT_3D('',#5137,#5138,#5139);
#5141=PLANE('',#5140);
#5142=ORIENTED_EDGE('',*,*,#5114,.T.);
#5144=ORIENTED_EDGE('',*,*,#5143,.T.);
#5146=ORIENTED_EDGE('',*,*,#5145,.T.);
#5147=EDGE_LOOP('',(#5142,#5144,#5146));
#5148=FACE_OUTER_BOUND('',#5147,.F.);
#5150=CARTESIAN_POINT('',(-9.883025506769E-1,-1.229259826762E1,
1.612171851422E-1));
#5151=CARTESIAN_POINT('',(-9.347840422389E-1,-1.187989133051E1,
4.005297373636E-1));
#5152=CARTESIAN_POINT('',(-7.455129136274E-1,-1.151591046518E1,
1.512185565177E-1));
#5153=CARTESIAN_POINT('',(-6.336560723313E-1,-1.161058969599E1,
-3.059292462644E-1));
#5154=CARTESIAN_POINT('',(-1.012773083254E0,-1.228406512813E1,
1.541830438696E-1));
#5155=CARTESIAN_POINT('',(-9.576062644260E-1,-1.187129019187E1,
3.930116470090E-1));
#5156=CARTESIAN_POINT('',(-7.638598960298E-1,-1.150928983814E1,
1.442046349414E-1));
#5157=CARTESIAN_POINT('',(-6.497411314291E-1,-1.160576753699E1,
-3.120187020848E-1));
#5158=CARTESIAN_POINT('',(-1.249140705792E0,-1.219812103875E1,
8.330027869757E-2));
#5159=CARTESIAN_POINT('',(-1.177688057197E0,-1.178476249516E1,
3.173081100838E-1));
#5160=CARTESIAN_POINT('',(-9.409521499058E-1,-1.144264330149E1,
7.352328463880E-2));
#5161=CARTESIAN_POINT('',(-8.055571733502E-1,-1.155707573988E1,
-3.734911530035E-1));
#5162=CARTESIAN_POINT('',(-1.674112664312E0,-1.197691618423E1,
-9.986964382782E-2));
#5163=CARTESIAN_POINT('',(-1.566089265982E0,-1.156426122868E1,
1.229300869638E-1));
#5164=CARTESIAN_POINT('',(-1.256824015508E0,-1.127187158185E1,
-1.091783564095E-1));
#5165=CARTESIAN_POINT('',(-1.094627389616E0,-1.142905154521E1,
-5.347824730612E-1));
#5166=CARTESIAN_POINT('',(-2.145363911203E0,-1.158156235391E1,
-4.314163396493E-1));
#5167=CARTESIAN_POINT('',(-1.978802517788E0,-1.118043112693E1,
-2.235160043558E-1));
#5168=CARTESIAN_POINT('',(-1.600859389938E0,-1.097021464272E1,
-4.401025461363E-1));
#5169=CARTESIAN_POINT('',(-1.437193572229E0,-1.118766954859E1,
-8.372450302845E-1));
#5170=CARTESIAN_POINT('',(-2.487067724633E0,-1.115260176830E1,
-7.965942941843E-1));
#5171=CARTESIAN_POINT('',(-2.262929892762E0,-1.077451453534E1,
-6.002706080776E-1));
#5172=CARTESIAN_POINT('',(-1.845073723620E0,-1.064656976310E1,
-8.047968210027E-1));
#5173=CARTESIAN_POINT('',(-1.704110387567E0,-1.091286545336E1,
-1.179824962672E0));
#5174=CARTESIAN_POINT('',(-2.712575475253E0,-1.074183199896E1,
-1.151269185074E0));
#5175=CARTESIAN_POINT('',(-2.438725912493E0,-1.039394667014E1,
-9.629437121829E-1));
#5176=CARTESIAN_POINT('',(-2.002182231026E0,-1.033946983891E1,
-1.159137541525E0));
#5177=CARTESIAN_POINT('',(-1.894602441479E0,-1.063975612247E1,
-1.518887062981E0));
#5178=CARTESIAN_POINT('',(-2.854822461262E0,-1.036208549616E1,
-1.483272862470E0));
#5179=CARTESIAN_POINT('',(-2.539686534224E0,-1.004814847336E1,
-1.300301395002E0));
#5180=CARTESIAN_POINT('',(-2.097841878706E0,-1.005765308345E1,
-1.490917525213E0));
#5181=CARTESIAN_POINT('',(-2.026916735731E0,-1.037989474432E1,
-1.840439535438E0));
#5182=CARTESIAN_POINT('',(-2.939913194659E0,-9.999478483228E0,
-1.803931277019E0));
#5183=CARTESIAN_POINT('',(-2.589687653804E0,-9.722921360595E0,
-1.624538102260E0));
#5184=CARTESIAN_POINT('',(-2.151461717906E0,-9.790276677798E0,
-1.811426436448E0));
#5185=CARTESIAN_POINT('',(-2.118788039300E0,-1.012568540247E1,
-2.154112998076E0));
#5186=CARTESIAN_POINT('',(-2.978874741387E0,-9.641932200949E0,
-2.123657035246E0));
#5187=CARTESIAN_POINT('',(-2.598489961525E0,-9.406841316487E0,
-1.946463937230E0));
#5188=CARTESIAN_POINT('',(-2.171127862229E0,-9.528229397473E0,
-2.131060274088E0));
#5189=CARTESIAN_POINT('',(-2.178105682706E0,-9.869382926004E0,
-2.469544129926E0));
#5190=CARTESIAN_POINT('',(-2.974650016737E0,-9.288581563319E0,
-2.443215983303E0));
#5191=CARTESIAN_POINT('',(-2.569230465604E0,-9.098997883081E0,
-2.266952975911E0));
#5192=CARTESIAN_POINT('',(-2.159182795119E0,-9.270826706781E0,
-2.450580362375E0));
#5193=CARTESIAN_POINT('',(-2.206323841698E0,-9.610545550382E0,
-2.787287508712E0));
#5194=CARTESIAN_POINT('',(-2.930038226841E0,-8.947935633992E0,
-2.754810436813E0));
#5195=CARTESIAN_POINT('',(-2.505521293970E0,-8.806620135197E0,
-2.578261103780E0));
#5196=CARTESIAN_POINT('',(-2.118072428619E0,-9.024203307819E0,
-2.762186778750E0));
#5197=CARTESIAN_POINT('',(-2.204056527234E0,-9.355631760094E0,
-3.099440879839E0));
#5198=CARTESIAN_POINT('',(-2.850670950391E0,-8.629213582319E0,
-3.049662263434E0));
#5199=CARTESIAN_POINT('',(-2.413431744910E0,-8.537206245308E0,
-2.871722046056E0));
#5200=CARTESIAN_POINT('',(-2.052302337030E0,-8.794890006542E0,
-3.057096717391E0));
#5201=CARTESIAN_POINT('',(-2.174005292660E0,-9.112048123006E0,
-3.397007761112E0));
#5202=CARTESIAN_POINT('',(-2.743508477314E0,-8.337466106783E0,
-3.322570510151E0));
#5203=CARTESIAN_POINT('',(-2.299777654689E0,-8.294431969937E0,
-3.142285824622E0));
#5204=CARTESIAN_POINT('',(-1.967203510267E0,-8.586314891402E0,
-3.330102917459E0));
#5205=CARTESIAN_POINT('',(-2.120348199393E0,-8.884381269946E0,
-3.674492491260E0));
#5206=CARTESIAN_POINT('',(-2.611735766991E0,-8.067343086315E0,
-3.578015352838E0));
#5207=CARTESIAN_POINT('',(-2.167273149188E0,-8.073281122349E0,
-3.394499228412E0));
#5208=CARTESIAN_POINT('',(-1.865075046070E0,-8.394457497686E0,
-3.585682771692E0));
#5209=CARTESIAN_POINT('',(-2.045492548494E0,-8.669146812414E0,
-3.936245215149E0));
#5210=CARTESIAN_POINT('',(-2.449317074291E0,-7.804619136722E0,
-3.829247881912E0));
#5211=CARTESIAN_POINT('',(-2.010151306690E0,-7.861985579931E0,
-3.641415352718E0));
#5212=CARTESIAN_POINT('',(-1.741343844834E0,-8.209171909261E0,
-3.837095642866E0));
#5213=CARTESIAN_POINT('',(-1.945639517129E0,-8.455158973040E0,
-4.195903516566E0));
#5214=CARTESIAN_POINT('',(-2.306886384598E0,-7.621454667879E0,
-4.006629634072E0));
#5215=CARTESIAN_POINT('',(-1.876966792883E0,-7.717863414619E0,
-3.814739347826E0));
#5216=CARTESIAN_POINT('',(-1.634434690539E0,-8.081100599358E0,
-4.014646930662E0));
#5217=CARTESIAN_POINT('',(-1.852442240829E0,-8.302069769174E0,
-4.381206151724E0));
#5218=CARTESIAN_POINT('',(-2.219065689513E0,-7.523018915433E0,
-4.102730228943E0));
#5219=CARTESIAN_POINT('',(-1.796470596925E0,-7.641593325143E0,
-3.908237784093E0));
#5220=CARTESIAN_POINT('',(-1.569078862439E0,-8.012683204534E0,
-4.110856245352E0));
#5221=CARTESIAN_POINT('',(-1.792990786107E0,-8.218347990929E0,
-4.482386250758E0));
#5222=CARTESIAN_POINT('',(-2.206892059261E0,-7.509623593506E0,
-4.115821979809E0));
#5223=CARTESIAN_POINT('',(-1.785341024495E0,-7.631237243680E0,
-3.920966842618E0));
#5224=CARTESIAN_POINT('',(-1.560029257068E0,-8.003380774292E0,
-4.123963149732E0));
#5225=CARTESIAN_POINT('',(-1.784714490849E0,-8.206926946315E0,
-4.496185989698E0));
#5226=(BOUNDED_SURFACE()B_SPLINE_SURFACE(3,3,((#5150,#5151,#5152,#5153),(#5154,
#5155,#5156,#5157),(#5158,#5159,#5160,#5161),(#5162,#5163,#5164,#5165),(#5166,
#5167,#5168,#5169),(#5170,#5171,#5172,#5173),(#5174,#5175,#5176,#5177),(#5178,
#5179,#5180,#5181),(#5182,#5183,#5184,#5185),(#5186,#5187,#5188,#5189),(#5190,
#5191,#5192,#5193),(#5194,#5195,#5196,#5197),(#5198,#5199,#5200,#5201),(#5202,
#5203,#5204,#5205),(#5206,#5207,#5208,#5209),(#5210,#5211,#5212,#5213),(#5214,
#5215,#5216,#5217),(#5218,#5219,#5220,#5221),(#5222,#5223,#5224,#5225)),
.UNSPECIFIED.,.F.,.F.,.F.)B_SPLINE_SURFACE_WITH_KNOTS((4,1,1,1,1,1,1,1,1,1,1,1,
1,1,1,1,4),(4,4),(-9.808910621486E-3,0.E0,8.583161333172E-2,1.800935353332E-1,
2.710341686806E-1,3.511238449011E-1,4.229665767077E-1,4.913833314715E-1,
5.603228911817E-1,6.297746614614E-1,6.977497238600E-1,7.625403535293E-1,
8.232675314988E-1,8.799116201057E-1,9.369596635650E-1,1.E0,1.010002796502E0),(
0.E0,1.E0),.UNSPECIFIED.)GEOMETRIC_REPRESENTATION_ITEM()RATIONAL_B_SPLINE_SURFACE(((1.391910290755E0,8.693632364152E-1,8.693632364152E-1,1.391910290755E0),(
1.391910290755E0,8.693632364152E-1,8.693632364152E-1,1.391910290755E0),(
1.391910290755E0,8.693632364152E-1,8.693632364152E-1,1.391910290755E0),(
1.391910290755E0,8.693632364152E-1,8.693632364152E-1,1.391910290755E0),(
1.391910290755E0,8.693632364152E-1,8.693632364152E-1,1.391910290755E0),(
1.391910290755E0,8.693632364152E-1,8.693632364152E-1,1.391910290755E0),(
1.391910290755E0,8.693632364152E-1,8.693632364152E-1,1.391910290755E0),(
1.391910290755E0,8.693632364152E-1,8.693632364152E-1,1.391910290755E0),(
1.391910290755E0,8.693632364152E-1,8.693632364152E-1,1.391910290755E0),(
1.391910290755E0,8.693632364152E-1,8.693632364152E-1,1.391910290755E0),(
1.391910290755E0,8.693632364152E-1,8.693632364152E-1,1.391910290755E0),(
1.391910290755E0,8.693632364152E-1,8.693632364152E-1,1.391910290755E0),(
1.391910290755E0,8.693632364152E-1,8.693632364152E-1,1.391910290755E0),(
1.391910290755E0,8.693632364152E-1,8.693632364152E-1,1.391910290755E0),(
1.391910290755E0,8.693632364152E-1,8.693632364152E-1,1.391910290755E0),(
1.391910290755E0,8.693632364152E-1,8.693632364152E-1,1.391910290755E0),(
1.391910290755E0,8.693632364152E-1,8.693632364152E-1,1.391910290755E0),(
1.391910290755E0,8.693632364152E-1,8.693632364152E-1,1.391910290755E0),(
1.391910290755E0,8.693632364152E-1,8.693632364152E-1,1.391910290755E0)))REPRESENTATION_ITEM('')SURFACE());
#5227=ORIENTED_EDGE('',*,*,#5128,.F.);
#5229=ORIENTED_EDGE('',*,*,#5228,.T.);
#5230=ORIENTED_EDGE('',*,*,#4557,.T.);
#5232=ORIENTED_EDGE('',*,*,#5231,.F.);
#5233=EDGE_LOOP('',(#5227,#5229,#5230,#5232));
#5234=FACE_OUTER_BOUND('',#5233,.F.);
#5236=CARTESIAN_POINT('',(-7.260086812241E-1,-1.177795995485E1,
1.564537944169E-1));
#5237=CARTESIAN_POINT('',(-6.565151862308E-1,-1.164397734571E1,
4.345230042615E-2));
#5238=CARTESIAN_POINT('',(-5.925411393366E-1,-1.159240986236E1,
-1.262431298734E-1));
#5239=CARTESIAN_POINT('',(-5.521536917076E-1,-1.163782087168E1,
-3.047081718496E-1));
#5240=CARTESIAN_POINT('',(-7.786203738486E-1,-1.176890290259E1,
1.454173586278E-1));
#5241=CARTESIAN_POINT('',(-7.053300621144E-1,-1.163440503208E1,
3.538480994865E-2));
#5242=CARTESIAN_POINT('',(-6.378607566749E-1,-1.158146281626E1,
-1.325623306635E-1));
#5243=CARTESIAN_POINT('',(-5.952667178059E-1,-1.162502786540E1,
-3.109934796417E-1));
#5244=CARTESIAN_POINT('',(-8.329930240927E-1,-1.175840422138E1,
1.331220095272E-1));
#5245=CARTESIAN_POINT('',(-7.560550051559E-1,-1.162333678436E1,
2.636524978828E-2));
#5246=CARTESIAN_POINT('',(-6.852277078401E-1,-1.156882739171E1,
-1.396644626600E-1));
#5247=CARTESIAN_POINT('',(-6.405137355353E-1,-1.161027024601E1,
-3.180780523494E-1));
#5248=CARTESIAN_POINT('',(-8.865925518315E-1,-1.174687953945E1,
1.203601696858E-1));
#5249=CARTESIAN_POINT('',(-8.062804395606E-1,-1.161122168063E1,
1.698013385694E-2));
#5250=CARTESIAN_POINT('',(-7.323470327420E-1,-1.155502508526E1,
-1.470816268810E-1));
#5251=CARTESIAN_POINT('',(-6.856721428313E-1,-1.159416044519E1,
-3.254918137030E-1));
#5252=CARTESIAN_POINT('',(-8.890088763495E-1,-1.174635757266E1,
1.197835565339E-1));
#5253=CARTESIAN_POINT('',(-8.085451069689E-1,-1.161067303418E1,
1.655604730102E-2));
#5254=CARTESIAN_POINT('',(-7.344720882478E-1,-1.155440008166E1,
-1.474168367847E-1));
#5255=CARTESIAN_POINT('',(-6.877090599642E-1,-1.159343097126E1,
-3.258268968877E-1));
#5256=(BOUNDED_SURFACE()B_SPLINE_SURFACE(3,3,((#5236,#5237,#5238,#5239),(#5240,
#5241,#5242,#5243),(#5244,#5245,#5246,#5247),(#5248,#5249,#5250,#5251),(#5252,
#5253,#5254,#5255)),.UNSPECIFIED.,.F.,.F.,.F.)B_SPLINE_SURFACE_WITH_KNOTS((4,1,
4),(4,4),(9.711537090982E-1,1.E0,1.001362743281E0),(0.E0,1.E0),.UNSPECIFIED.)GEOMETRIC_REPRESENTATION_ITEM()RATIONAL_B_SPLINE_SURFACE(((1.075966969545E0,
9.746776768184E-1,9.746776768184E-1,1.075966969545E0),(1.075966969545E0,
9.746776768184E-1,9.746776768184E-1,1.075966969545E0),(1.075966969545E0,
9.746776768184E-1,9.746776768184E-1,1.075966969545E0),(1.075966969545E0,
9.746776768184E-1,9.746776768184E-1,1.075966969545E0),(1.075966969545E0,
9.746776768184E-1,9.746776768184E-1,1.075966969545E0)))REPRESENTATION_ITEM('')SURFACE());
#5258=ORIENTED_EDGE('',*,*,#5257,.F.);
#5259=ORIENTED_EDGE('',*,*,#4559,.T.);
#5260=ORIENTED_EDGE('',*,*,#5228,.F.);
#5262=ORIENTED_EDGE('',*,*,#5261,.F.);
#5263=EDGE_LOOP('',(#5258,#5259,#5260,#5262));
#5264=FACE_OUTER_BOUND('',#5263,.F.);
#5266=CARTESIAN_POINT('',(-4.930393351103E-1,-1.185267794471E1,
-2.798502648274E-1));
#5267=CARTESIAN_POINT('',(-4.813548456756E-1,-1.167987191708E1,
-3.031757213329E-1));
#5268=CARTESIAN_POINT('',(-6.106720213467E-1,-1.156387203453E1,
-3.221398966568E-1));
#5269=CARTESIAN_POINT('',(-7.830333004790E-1,-1.159254802966E1,
-3.223774571634E-1));
#5270=CARTESIAN_POINT('',(-4.932654274757E-1,-1.185231421166E1,
-2.718733145512E-1));
#5271=CARTESIAN_POINT('',(-4.812512974944E-1,-1.167849997835E1,
-2.872465181491E-1));
#5272=CARTESIAN_POINT('',(-6.103647596672E-1,-1.156126398268E1,
-2.997453143999E-1));
#5273=CARTESIAN_POINT('',(-7.828025650109E-1,-1.158941231103E1,
-2.999018843704E-1));
#5274=CARTESIAN_POINT('',(-4.935827249613E-1,-1.185182249438E1,
-2.500929310040E-1));
#5275=CARTESIAN_POINT('',(-4.811046758566E-1,-1.167673571236E1,
-2.447833330803E-1));
#5276=CARTESIAN_POINT('',(-6.099309200372E-1,-1.155792055612E1,
-2.404664981279E-1));
#5277=CARTESIAN_POINT('',(-7.824757757070E-1,-1.158537932374E1,
-2.404124219827E-1));
#5278=CARTESIAN_POINT('',(-4.927484800550E-1,-1.185310755492E1,
-2.143476091788E-1));
#5279=CARTESIAN_POINT('',(-4.814948131814E-1,-1.168134657536E1,
-1.785787373173E-1));
#5280=CARTESIAN_POINT('',(-6.110809265195E-1,-1.156665852634E1,
-1.494977563316E-1));
#5281=CARTESIAN_POINT('',(-7.833455385555E-1,-1.159591942857E1,
-1.491334645836E-1));
#5282=CARTESIAN_POINT('',(-4.899889416321E-1,-1.185756306589E1,
-1.740037510195E-1));
#5283=CARTESIAN_POINT('',(-4.823686641287E-1,-1.169536411728E1,
-1.070203469087E-1));
#5284=CARTESIAN_POINT('',(-6.140448263196E-1,-1.159298394522E1,
-5.256117612897E-2));
#5285=CARTESIAN_POINT('',(-7.852729379001E-1,-1.162797537256E1,
-5.187897677239E-2));
#5286=CARTESIAN_POINT('',(-4.853633220682E-1,-1.186501156703E1,
-1.344384292154E-1));
#5287=CARTESIAN_POINT('',(-4.825844757712E-1,-1.171731483913E1,
-3.931589219115E-2));
#5288=CARTESIAN_POINT('',(-6.164945079525E-1,-1.163400283988E1,
3.802109235861E-2));
#5289=CARTESIAN_POINT('',(-7.856567752259E-1,-1.167818428055E1,
3.898987760349E-2));
#5290=CARTESIAN_POINT('',(-4.793896614232E-1,-1.187433429172E1,
-1.017801848394E-1));
#5291=CARTESIAN_POINT('',(-4.806891761696E-1,-1.174299560355E1,
1.431283419947E-2));
#5292=CARTESIAN_POINT('',(-6.152743032771E-1,-1.168172698004E1,
1.086993413367E-1));
#5293=CARTESIAN_POINT('',(-7.811970159914E-1,-1.173693930926E1,
1.098817026088E-1));
#5294=CARTESIAN_POINT('',(-4.744621419013E-1,-1.188160221040E1,
-8.287002680097E-2));
#5295=CARTESIAN_POINT('',(-4.775369947569E-1,-1.176150874044E1,
4.410711281448E-2));
#5296=CARTESIAN_POINT('',(-6.110640361636E-1,-1.171589276086E1,
1.473426802396E-1));
#5297=CARTESIAN_POINT('',(-7.738967376579E-1,-1.177930830603E1,
1.486358919552E-1));
#5298=CARTESIAN_POINT('',(-4.725227710710E-1,-1.188438990127E1,
-7.634953498174E-2));
#5299=CARTESIAN_POINT('',(-4.761015147956E-1,-1.176837447733E1,
5.421530224449E-2));
#5300=CARTESIAN_POINT('',(-6.090140614638E-1,-1.172852318911E1,
1.603677569119E-1));
#5301=CARTESIAN_POINT('',(-7.705793614313E-1,-1.179502332614E1,
1.616975079021E-1));
#5302=(BOUNDED_SURFACE()B_SPLINE_SURFACE(3,3,((#5266,#5267,#5268,#5269),(#5270,
#5271,#5272,#5273),(#5274,#5275,#5276,#5277),(#5278,#5279,#5280,#5281),(#5282,
#5283,#5284,#5285),(#5286,#5287,#5288,#5289),(#5290,#5291,#5292,#5293),(#5294,
#5295,#5296,#5297),(#5298,#5299,#5300,#5301)),.UNSPECIFIED.,.F.,.F.,.F.)B_SPLINE_SURFACE_WITH_KNOTS((4,1,1,1,1,1,4),(4,4),(-1.545578109017E-1,0.E0,
2.564313004665E-1,4.925482423898E-1,7.323729541106E-1,1.E0,1.150590765581E0),(
0.E0,1.E0),.UNSPECIFIED.)GEOMETRIC_REPRESENTATION_ITEM()RATIONAL_B_SPLINE_SURFACE(((1.233615451767E0,9.221281827445E-1,9.221281827445E-1,1.233615451767E0),(
1.233615451767E0,9.221281827445E-1,9.221281827445E-1,1.233615451767E0),(
1.233615451767E0,9.221281827445E-1,9.221281827445E-1,1.233615451767E0),(
1.233615451767E0,9.221281827445E-1,9.221281827445E-1,1.233615451767E0),(
1.233615451767E0,9.221281827445E-1,9.221281827445E-1,1.233615451767E0),(
1.233615451767E0,9.221281827445E-1,9.221281827445E-1,1.233615451767E0),(
1.233615451767E0,9.221281827445E-1,9.221281827445E-1,1.233615451767E0),(
1.233615451767E0,9.221281827445E-1,9.221281827445E-1,1.233615451767E0),(
1.233615451767E0,9.221281827445E-1,9.221281827445E-1,1.233615451767E0)))REPRESENTATION_ITEM('')SURFACE());
#5304=ORIENTED_EDGE('',*,*,#5303,.F.);
#5306=ORIENTED_EDGE('',*,*,#5305,.T.);
#5307=ORIENTED_EDGE('',*,*,#5257,.T.);
#5309=ORIENTED_EDGE('',*,*,#5308,.F.);
#5310=EDGE_LOOP('',(#5304,#5306,#5307,#5309));
#5311=FACE_OUTER_BOUND('',#5310,.F.);
#5313=CARTESIAN_POINT('',(-2.5E-1,-1.175E1,-7.109218E0));
#5314=DIRECTION('',(0.E0,0.E0,1.E0));
#5315=DIRECTION('',(-1.E0,0.E0,0.E0));
#5316=AXIS2_PLACEMENT_3D('',#5313,#5314,#5315);
#5317=CYLINDRICAL_SURFACE('',#5316,2.5E-1);
#5319=ORIENTED_EDGE('',*,*,#5318,.T.);
#5321=ORIENTED_EDGE('',*,*,#5320,.F.);
#5323=ORIENTED_EDGE('',*,*,#5322,.F.);
#5325=ORIENTED_EDGE('',*,*,#5324,.T.);
#5326=ORIENTED_EDGE('',*,*,#5303,.T.);
#5327=EDGE_LOOP('',(#5319,#5321,#5323,#5325,#5326));
#5328=FACE_OUTER_BOUND('',#5327,.F.);
#5330=CARTESIAN_POINT('',(-4.843266527701E-1,-1.186382445604E1,
-1.233446011657E-1));
#5331=CARTESIAN_POINT('',(-4.787227818063E-1,-1.173812983762E1,
-2.118310030249E-3));
#5332=CARTESIAN_POINT('',(-6.091538304633E-1,-1.167648968251E1,
9.644261330264E-2));
#5333=CARTESIAN_POINT('',(-7.768217594477E-1,-1.172559476356E1,
9.768089913747E-2));
#5334=CARTESIAN_POINT('',(-4.822606144152E-1,-1.186818194638E1,
-1.145326893407E-1));
#5335=CARTESIAN_POINT('',(-4.790849392047E-1,-1.174158706596E1,
5.867582236795E-3));
#5336=CARTESIAN_POINT('',(-6.107839405426E-1,-1.168156321983E1,
1.037569247635E-1));
#5337=CARTESIAN_POINT('',(-7.775991388101E-1,-1.173357686991E1,
1.049867730861E-1));
#5338=CARTESIAN_POINT('',(-4.747733876095E-1,-1.188288958509E1,
-8.373558079166E-2));
#5339=CARTESIAN_POINT('',(-4.800452113750E-1,-1.175354609566E1,
3.388628325121E-2));
#5340=CARTESIAN_POINT('',(-6.159812461885E-1,-1.169927248254E1,
1.295166899527E-1));
#5341=CARTESIAN_POINT('',(-7.796135726229E-1,-1.176117955957E1,
1.307181577758E-1));
#5342=CARTESIAN_POINT('',(-4.599067729590E-1,-1.190624042985E1,
-2.846964441263E-2));
#5343=CARTESIAN_POINT('',(-4.799584256911E-1,-1.177423661041E1,
8.474880168007E-2));
#5344=CARTESIAN_POINT('',(-6.222811790291E-1,-1.173082405268E1,
1.767990861579E-1));
#5345=CARTESIAN_POINT('',(-7.790693446692E-1,-1.180888661083E1,
1.779555745460E-1));
#5346=CARTESIAN_POINT('',(-4.384451725353E-1,-1.193189410118E1,
4.421719125684E-2));
#5347=CARTESIAN_POINT('',(-4.768060556855E-1,-1.179988995001E1,
1.526015562799E-1));
#5348=CARTESIAN_POINT('',(-6.252718202672E-1,-1.177138002070E1,
2.407215753901E-1));
#5349=CARTESIAN_POINT('',(-7.713836108628E-1,-1.186795982404E1,
2.418286852642E-1));
#5350=CARTESIAN_POINT('',(-4.141203754595E-1,-1.195435800912E1,
1.216757113671E-1));
#5351=CARTESIAN_POINT('',(-4.705043261313E-1,-1.182545628926E1,
2.258214604419E-1));
#5352=CARTESIAN_POINT('',(-6.231589126950E-1,-1.181314980973E1,
3.104953467240E-1));
#5353=CARTESIAN_POINT('',(-7.564523588446E-1,-1.192676040042E1,
3.115591605603E-1));
#5354=CARTESIAN_POINT('',(-3.874550859936E-1,-1.197335406831E1,
2.032578756792E-1));
#5355=CARTESIAN_POINT('',(-4.610743613303E-1,-1.185040836879E1,
3.037746959360E-1));
#5356=CARTESIAN_POINT('',(-6.157573972189E-1,-1.185519133620E1,
3.854981448860E-1));
#5357=CARTESIAN_POINT('',(-7.343359211115E-1,-1.198408000033E1,
3.865248904337E-1));
#5358=CARTESIAN_POINT('',(-3.588920736846E-1,-1.198873040910E1,
2.885081975702E-1));
#5359=CARTESIAN_POINT('',(-4.485880236128E-1,-1.187432193018E1,
3.859929455676E-1));
#5360=CARTESIAN_POINT('',(-6.030193397638E-1,-1.189671524264E1,
4.652512210085E-1));
#5361=CARTESIAN_POINT('',(-7.052084205747E-1,-1.203894800978E1,
4.662469949568E-1));
#5362=CARTESIAN_POINT('',(-3.288605371705E-1,-1.200036708454E1,
3.769577342908E-1));
#5363=CARTESIAN_POINT('',(-4.331617269242E-1,-1.189679456079E1,
4.719876634131E-1));
#5364=CARTESIAN_POINT('',(-5.849925538327E-1,-1.193696231947E1,
5.492500911491E-1));
#5365=CARTESIAN_POINT('',(-6.693452175498E-1,-1.209044435509E1,
5.502207899473E-1));
#5366=CARTESIAN_POINT('',(-2.979117823269E-1,-1.200815392608E1,
4.677362906986E-1));
#5367=CARTESIAN_POINT('',(-4.150345586995E-1,-1.191736836308E1,
5.608750201270E-1));
#5368=CARTESIAN_POINT('',(-5.619190375829E-1,-1.197505721486E1,
6.365998409108E-1));
#5369=CARTESIAN_POINT('',(-6.273041452853E-1,-1.213752271542E1,
6.375512217396E-1));
#5370=CARTESIAN_POINT('',(-2.662154030536E-1,-1.201212726268E1,
5.610505437560E-1));
#5371=CARTESIAN_POINT('',(-3.942733390368E-1,-1.193587435616E1,
6.528250931280E-1));
#5372=CARTESIAN_POINT('',(-5.338596672504E-1,-1.201064336236E1,
7.274407910913E-1));
#5373=CARTESIAN_POINT('',(-5.792414684112E-1,-1.217979875402E1,
7.283782372791E-1));
#5374=CARTESIAN_POINT('',(-2.332917936849E-1,-1.201220253885E1,
6.590237471511E-1));
#5375=CARTESIAN_POINT('',(-3.704255873457E-1,-1.195239284071E1,
7.499355794351E-1));
#5376=CARTESIAN_POINT('',(-5.001109170038E-1,-1.204391951230E1,
8.238498603050E-1));
#5377=CARTESIAN_POINT('',(-5.241146056106E-1,-1.221745354195E1,
8.247784941276E-1));
#5378=CARTESIAN_POINT('',(-2.078711441867E-1,-1.200897125413E1,
7.360977251668E-1));
#5379=CARTESIAN_POINT('',(-3.501215809799E-1,-1.196286192474E1,
8.267788514915E-1));
#5380=CARTESIAN_POINT('',(-4.702401997084E-1,-1.206643738540E1,
9.005055609019E-1));
#5381=CARTESIAN_POINT('',(-4.772403516011E-1,-1.224124198818E1,
9.014318381406E-1));
#5382=CARTESIAN_POINT('',(-1.932984126739E-1,-1.200583789816E1,
7.810735917064E-1));
#5383=CARTESIAN_POINT('',(-3.377344380002E-1,-1.196793526612E1,
8.717950283286E-1));
#5384=CARTESIAN_POINT('',(-4.516089050408E-1,-1.207803228433E1,
9.455545113237E-1));
#5385=CARTESIAN_POINT('',(-4.486649433262E-1,-1.225273339902E1,
9.464812003186E-1));
#5386=CARTESIAN_POINT('',(-1.900811960400E-1,-1.200508237852E1,
7.910453730538E-1));
#5387=CARTESIAN_POINT('',(-3.349625000895E-1,-1.196900853516E1,
8.817848685541E-1));
#5388=CARTESIAN_POINT('',(-4.474206021566E-1,-1.208052554850E1,
9.555590340054E-1));
#5389=CARTESIAN_POINT('',(-4.422714904488E-1,-1.225516225634E1,
9.564859074656E-1));
#5390=(BOUNDED_SURFACE()B_SPLINE_SURFACE(3,3,((#5330,#5331,#5332,#5333),(#5334,
#5335,#5336,#5337),(#5338,#5339,#5340,#5341),(#5342,#5343,#5344,#5345),(#5346,
#5347,#5348,#5349),(#5350,#5351,#5352,#5353),(#5354,#5355,#5356,#5357),(#5358,
#5359,#5360,#5361),(#5362,#5363,#5364,#5365),(#5366,#5367,#5368,#5369),(#5370,
#5371,#5372,#5373),(#5374,#5375,#5376,#5377),(#5378,#5379,#5380,#5381),(#5382,
#5383,#5384,#5385),(#5386,#5387,#5388,#5389)),.UNSPECIFIED.,.F.,.F.,.F.)B_SPLINE_SURFACE_WITH_KNOTS((4,1,1,1,1,1,1,1,1,1,1,1,4),(4,4),(-3.351826061840E-2,0.E0,
8.280382892319E-2,1.707173814610E-1,2.627221100495E-1,3.581570535641E-1,
4.571967491677E-1,5.594030831310E-1,6.639964023826E-1,7.697178215475E-1,
8.798223240487E-1,1.E0,1.034239739632E0),(0.E0,1.E0),.UNSPECIFIED.)GEOMETRIC_REPRESENTATION_ITEM()RATIONAL_B_SPLINE_SURFACE(((1.233605886151E0,9.221313712829E-1,
9.221313712829E-1,1.233605886151E0),(1.233605886151E0,9.221313712829E-1,
9.221313712829E-1,1.233605886151E0),(1.233605886151E0,9.221313712829E-1,
9.221313712829E-1,1.233605886151E0),(1.233605886151E0,9.221313712829E-1,
9.221313712829E-1,1.233605886151E0),(1.233605886151E0,9.221313712829E-1,
9.221313712829E-1,1.233605886151E0),(1.233605886151E0,9.221313712829E-1,
9.221313712829E-1,1.233605886151E0),(1.233605886151E0,9.221313712829E-1,
9.221313712829E-1,1.233605886151E0),(1.233605886151E0,9.221313712829E-1,
9.221313712829E-1,1.233605886151E0),(1.233605886151E0,9.221313712829E-1,
9.221313712829E-1,1.233605886151E0),(1.233605886151E0,9.221313712829E-1,
9.221313712829E-1,1.233605886151E0),(1.233605886151E0,9.221313712829E-1,
9.221313712829E-1,1.233605886151E0),(1.233605886151E0,9.221313712829E-1,
9.221313712829E-1,1.233605886151E0),(1.233605886151E0,9.221313712829E-1,
9.221313712829E-1,1.233605886151E0),(1.233605886151E0,9.221313712829E-1,
9.221313712829E-1,1.233605886151E0),(1.233605886151E0,9.221313712829E-1,
9.221313712829E-1,1.233605886151E0)))REPRESENTATION_ITEM('')SURFACE());
#5391=ORIENTED_EDGE('',*,*,#5318,.F.);
#5392=ORIENTED_EDGE('',*,*,#5308,.T.);
#5394=ORIENTED_EDGE('',*,*,#5393,.T.);
#5395=EDGE_LOOP('',(#5391,#5392,#5394));
#5396=FACE_OUTER_BOUND('',#5395,.F.);
#5398=CARTESIAN_POINT('',(-1.804558312032E1,-1.1E1,7.928932188134E-1));
#5399=DIRECTION('',(1.E0,0.E0,0.E0));
#5400=DIRECTION('',(0.E0,-1.E0,0.E0));
#5401=AXIS2_PLACEMENT_3D('',#5398,#5399,#5400);
#5402=CYLINDRICAL_SURFACE('',#5401,1.E0);
#5403=ORIENTED_EDGE('',*,*,#5393,.F.);
#5404=ORIENTED_EDGE('',*,*,#5261,.T.);
#5405=ORIENTED_EDGE('',*,*,#5132,.F.);
#5407=ORIENTED_EDGE('',*,*,#5406,.T.);
#5409=ORIENTED_EDGE('',*,*,#5408,.T.);
#5410=EDGE_LOOP('',(#5403,#5404,#5405,#5407,#5409));
#5411=FACE_OUTER_BOUND('',#5410,.F.);
#5413=CARTESIAN_POINT('',(-1.804558312032E1,-1.1E1,7.928932188134E-1));
#5414=DIRECTION('',(1.E0,0.E0,0.E0));
#5415=DIRECTION('',(0.E0,-1.E0,0.E0));
#5416=AXIS2_PLACEMENT_3D('',#5413,#5414,#5415);
#5417=CYLINDRICAL_SURFACE('',#5416,1.E0);
#5419=ORIENTED_EDGE('',*,*,#5418,.F.);
#5421=ORIENTED_EDGE('',*,*,#5420,.T.);
#5423=ORIENTED_EDGE('',*,*,#5422,.T.);
#5424=ORIENTED_EDGE('',*,*,#5143,.F.);
#5426=ORIENTED_EDGE('',*,*,#5425,.T.);
#5427=EDGE_LOOP('',(#5419,#5421,#5423,#5424,#5426));
#5428=FACE_OUTER_BOUND('',#5427,.F.);
#5430=CARTESIAN_POINT('',(-3.920627544611E0,-1.1E1,7.928932188134E-1));
#5431=DIRECTION('',(0.E0,3.826834323651E-1,-9.238795325113E-1));
#5432=DIRECTION('',(0.E0,-9.238795325113E-1,-3.826834323651E-1));
#5433=AXIS2_PLACEMENT_3D('',#5430,#5431,#5432);
#5434=SPHERICAL_SURFACE('',#5433,1.E0);
#5436=ORIENTED_EDGE('',*,*,#5435,.F.);
#5438=ORIENTED_EDGE('',*,*,#5437,.F.);
#5439=ORIENTED_EDGE('',*,*,#5406,.F.);
#5440=EDGE_LOOP('',(#5436,#5438,#5439));
#5441=FACE_OUTER_BOUND('',#5440,.F.);
#5443=CARTESIAN_POINT('',(-6.597749113105E-1,-5.413930733393E0,
-4.511340334579E0));
#5444=CARTESIAN_POINT('',(-7.316700513691E-1,-5.422801117779E0,
-4.502469950193E0));
#5445=CARTESIAN_POINT('',(-1.111770693920E0,-5.477544299057E0,
-4.447726768915E0));
#5446=CARTESIAN_POINT('',(-1.789530006797E0,-5.653268990739E0,
-4.272002077233E0));
#5447=CARTESIAN_POINT('',(-2.591996419186E0,-6.021100358887E0,
-3.904170709085E0));
#5448=CARTESIAN_POINT('',(-3.249821108478E0,-6.472568247243E0,
-3.452702820729E0));
#5449=CARTESIAN_POINT('',(-3.751887077452E0,-6.945155011492E0,
-2.980116056480E0));
#5450=CARTESIAN_POINT('',(-4.126439219816E0,-7.405669755171E0,
-2.519601312801E0));
#5451=CARTESIAN_POINT('',(-4.412575205398E0,-7.857543263073E0,
-2.067727804899E0));
#5452=CARTESIAN_POINT('',(-4.634245200849E0,-8.312997381757E0,
-1.612273686215E0));
#5453=CARTESIAN_POINT('',(-4.800542692414E0,-8.777742355323E0,
-1.147528712649E0));
#5454=CARTESIAN_POINT('',(-4.914061469386E0,-9.250637474053E0,
-6.746335939187E-1));
#5455=CARTESIAN_POINT('',(-4.976088914544E0,-9.730584495738E0,
-1.946865722340E-1));
#5456=CARTESIAN_POINT('',(-4.986418138475E0,-1.022224885534E1,
2.969777873690E-1));
#5457=CARTESIAN_POINT('',(-4.947647733380E0,-1.065391360877E1,
7.286425407936E-1));
#5458=CARTESIAN_POINT('',(-4.898852777737E0,-1.092194962096E1,
9.966785529843E-1));
#5459=CARTESIAN_POINT('',(-4.877225806339E0,-1.102140612443E1,
1.096135056456E0));
#5460=CARTESIAN_POINT('',(-6.843204446562E-1,-5.810076968158E0,
-5.105953929527E0));
#5461=CARTESIAN_POINT('',(-7.588611592099E-1,-5.819273161923E0,
-5.096757735762E0));
#5462=CARTESIAN_POINT('',(-1.152871432862E0,-5.876016882483E0,
-5.040014015201E0));
#5463=CARTESIAN_POINT('',(-1.854408617171E0,-6.058007250071E0,
-4.858023647614E0));
#5464=CARTESIAN_POINT('',(-2.681826002444E0,-6.437461803100E0,
-4.478569094584E0));
#5465=CARTESIAN_POINT('',(-3.357323826721E0,-6.901217630357E0,
-4.014813267328E0));
#5466=CARTESIAN_POINT('',(-3.871190542981E0,-7.385008820899E0,
-3.531022076786E0));
#5467=CARTESIAN_POINT('',(-4.253641135058E0,-7.855294242712E0,
-3.060736654973E0));
#5468=CARTESIAN_POINT('',(-4.545310145795E0,-8.315948203380E0,
-2.600082694305E0));
#5469=CARTESIAN_POINT('',(-4.770975901531E0,-8.779648376407E0,
-2.136382521277E0));
#5470=CARTESIAN_POINT('',(-4.940108564673E0,-9.252349711373E0,
-1.663681186312E0));
#5471=CARTESIAN_POINT('',(-5.055485310116E0,-9.733015307869E0,
-1.183015589815E0));
#5472=CARTESIAN_POINT('',(-5.118502088762E0,-1.022064700785E1,
-6.953838898390E-1));
#5473=CARTESIAN_POINT('',(-5.128994252193E0,-1.072009898569E1,
-1.959319119978E-1));
#5474=CARTESIAN_POINT('',(-5.089609296219E0,-1.115863463774E1,
2.426037400546E-1));
#5475=CARTESIAN_POINT('',(-5.040025619125E0,-1.143101283861E1,
5.149819409256E-1));
#5476=CARTESIAN_POINT('',(-5.018044864051E0,-1.153209609368E1,
6.160651959947E-1));
#5477=CARTESIAN_POINT('',(-6.035627194962E-1,-6.518254504449E0,
-5.161150236967E0));
#5478=CARTESIAN_POINT('',(-6.693991791880E-1,-6.526378746590E0,
-5.153025994826E0));
#5479=CARTESIAN_POINT('',(-1.017645111533E0,-6.576540454888E0,
-5.102864286529E0));
#5480=CARTESIAN_POINT('',(-1.640950269717E0,-6.737916003249E0,
-4.941488738167E0));
#5481=CARTESIAN_POINT('',(-2.386275985508E0,-7.079128895080E0,
-4.600275846336E0));
#5482=CARTESIAN_POINT('',(-3.003627092918E0,-7.502455941324E0,
-4.176948800093E0));
#5483=CARTESIAN_POINT('',(-3.478667946543E0,-7.949383236247E0,
-3.730021505169E0));
#5484=CARTESIAN_POINT('',(-3.835131699301E0,-8.387521964475E0,
-3.291882776942E0));
#5485=CARTESIAN_POINT('',(-4.108596398951E0,-8.819287190834E0,
-2.860117550583E0));
#5486=CARTESIAN_POINT('',(-4.321115627931E0,-9.255856863947E0,
-2.423547877470E0));
#5487=CARTESIAN_POINT('',(-4.480920239250E0,-9.702380823253E0,
-1.977023918163E0));
#5488=CARTESIAN_POINT('',(-4.590184047362E0,-1.015748062336E1,
-1.521924118058E0));
#5489=CARTESIAN_POINT('',(-4.649945801121E0,-1.061982881742E1,
-1.059575923992E0));
#5490=CARTESIAN_POINT('',(-4.659901874209E0,-1.109365860468E1,
-5.857461367329E-1));
#5491=CARTESIAN_POINT('',(-4.622538863749E0,-1.150958818274E1,
-1.698165586727E-1));
#5492=CARTESIAN_POINT('',(-4.575550174070E0,-1.176768006622E1,
8.827532480208E-2));
#5493=CARTESIAN_POINT('',(-4.554733409383E0,-1.186341111498E1,
1.840063735631E-1));
#5494=CARTESIAN_POINT('',(-4.806182048058E-1,-6.984984830959E0,
-4.633790399048E0));
#5495=CARTESIAN_POINT('',(-5.332034196459E-1,-6.991477147832E0,
-4.627298082175E0));
#5496=CARTESIAN_POINT('',(-8.117783115922E-1,-7.031618485921E0,
-4.587156744087E0));
#5497=CARTESIAN_POINT('',(-1.315984046581E0,-7.161610300526E0,
-4.457164929481E0));
#5498=CARTESIAN_POINT('',(-1.936334468123E0,-7.444604582711E0,
-4.174170647296E0));
#5499=CARTESIAN_POINT('',(-2.465163766978E0,-7.806383376434E0,
-3.812391853573E0));
#5500=CARTESIAN_POINT('',(-2.881096630256E0,-8.197189554183E0,
-3.421585675825E0));
#5501=CARTESIAN_POINT('',(-3.197998355455E0,-8.586388572507E0,
-3.032386657501E0));
#5502=CARTESIAN_POINT('',(-3.443749047716E0,-8.974173963964E0,
-2.644601266043E0));
#5503=CARTESIAN_POINT('',(-3.636254174657E0,-9.369440515441E0,
-2.249334714566E0));
#5504=CARTESIAN_POINT('',(-3.781857880711E0,-9.776112377133E0,
-1.842662852875E0));
#5505=CARTESIAN_POINT('',(-3.881815432213E0,-1.019229113998E1,
-1.426484090029E0));
#5506=CARTESIAN_POINT('',(-3.936621778248E0,-1.061614805216E1,
-1.002627177852E0));
#5507=CARTESIAN_POINT('',(-3.945761714342E0,-1.105097094837E1,
-5.678042816393E-1));
#5508=CARTESIAN_POINT('',(-3.911476887542E0,-1.143248533221E1,
-1.862898977975E-1));
#5509=CARTESIAN_POINT('',(-3.868438773089E0,-1.166882791114E1,
5.005268113056E-2));
#5510=CARTESIAN_POINT('',(-3.849394052288E0,-1.175641083035E1,
1.376356003380E-1));
#5511=(BOUNDED_SURFACE()B_SPLINE_SURFACE(3,3,((#5443,#5444,#5445,#5446,#5447,
#5448,#5449,#5450,#5451,#5452,#5453,#5454,#5455,#5456,#5457,#5458,#5459),(#5460,
#5461,#5462,#5463,#5464,#5465,#5466,#5467,#5468,#5469,#5470,#5471,#5472,#5473,
#5474,#5475,#5476),(#5477,#5478,#5479,#5480,#5481,#5482,#5483,#5484,#5485,#5486,
#5487,#5488,#5489,#5490,#5491,#5492,#5493),(#5494,#5495,#5496,#5497,#5498,#5499,
#5500,#5501,#5502,#5503,#5504,#5505,#5506,#5507,#5508,#5509,#5510)),
.UNSPECIFIED.,.F.,.F.,.F.)B_SPLINE_SURFACE_WITH_KNOTS((4,4),(4,1,1,1,1,1,1,1,1,
1,1,1,1,1,4),(0.E0,1.E0),(2.206438025110E-2,2.936613316474E-2,6.091623060639E-2,
9.472603772715E-2,1.283942553752E-1,1.587976738498E-1,1.861515709543E-1,
2.119188555969E-1,2.375194566737E-1,2.633557465443E-1,2.892081859413E-1,
3.151662388904E-1,3.415639586654E-1,3.690794957186E-1,3.853864239470E-1),
.UNSPECIFIED.)GEOMETRIC_REPRESENTATION_ITEM()RATIONAL_B_SPLINE_SURFACE(((
1.242835569271E0,1.242835569271E0,1.242835569271E0,1.242835569271E0,
1.242835569271E0,1.242835569271E0,1.242835569271E0,1.242835569271E0,
1.242835569271E0,1.242835569271E0,1.242835569271E0,1.242835569271E0,
1.242835569271E0,1.242835569271E0,1.242835569271E0,1.242835569271E0,
1.242835569271E0),(9.190548102429E-1,9.190548102429E-1,9.190548102429E-1,
9.190548102429E-1,9.190548102429E-1,9.190548102429E-1,9.190548102429E-1,
9.190548102429E-1,9.190548102429E-1,9.190548102429E-1,9.190548102429E-1,
9.190548102429E-1,9.190548102429E-1,9.190548102429E-1,9.190548102429E-1,
9.190548102429E-1,9.190548102429E-1),(9.190548102429E-1,9.190548102429E-1,
9.190548102429E-1,9.190548102429E-1,9.190548102429E-1,9.190548102429E-1,
9.190548102429E-1,9.190548102429E-1,9.190548102429E-1,9.190548102429E-1,
9.190548102429E-1,9.190548102429E-1,9.190548102429E-1,9.190548102429E-1,
9.190548102429E-1,9.190548102429E-1,9.190548102429E-1),(1.242835569271E0,
1.242835569271E0,1.242835569271E0,1.242835569271E0,1.242835569271E0,
1.242835569271E0,1.242835569271E0,1.242835569271E0,1.242835569271E0,
1.242835569271E0,1.242835569271E0,1.242835569271E0,1.242835569271E0,
1.242835569271E0,1.242835569271E0,1.242835569271E0,1.242835569271E0)))REPRESENTATION_ITEM('')SURFACE());
#5513=ORIENTED_EDGE('',*,*,#5512,.T.);
#5515=ORIENTED_EDGE('',*,*,#5514,.T.);
#5516=ORIENTED_EDGE('',*,*,#5435,.T.);
#5517=ORIENTED_EDGE('',*,*,#5130,.F.);
#5519=ORIENTED_EDGE('',*,*,#5518,.T.);
#5520=EDGE_LOOP('',(#5513,#5515,#5516,#5517,#5519));
#5521=FACE_OUTER_BOUND('',#5520,.F.);
#5523=CARTESIAN_POINT('',(-7.919895546248E-1,-6.723076263800E0,
-4.832844387168E0));
#5524=CARTESIAN_POINT('',(-5.963707474903E-1,-6.707717252268E0,
-4.803264790581E0));
#5525=CARTESIAN_POINT('',(-4.607388146112E-1,-6.774467801194E0,
-4.931818289451E0));
#5526=CARTESIAN_POINT('',(-5.068404221537E-1,-6.863410923302E0,
-5.103111999674E0));
#5527=CARTESIAN_POINT('',(-7.915277200151E-1,-6.714123623486E0,
-4.837406148613E0));
#5528=CARTESIAN_POINT('',(-5.958458112501E-1,-6.699215076049E0,
-4.808005839332E0));
#5529=CARTESIAN_POINT('',(-4.604849666539E-1,-6.764859582660E0,
-4.937420362292E0));
#5530=CARTESIAN_POINT('',(-5.069485166680E-1,-6.852132967703E0,
-5.109483956309E0));
#5531=CARTESIAN_POINT('',(-7.888434540646E-1,-6.661000268143E0,
-4.863534599031E0));
#5532=CARTESIAN_POINT('',(-5.928042818863E-1,-6.648692502823E0,
-4.835214921529E0));
#5533=CARTESIAN_POINT('',(-4.590242846674E-1,-6.707704691313E0,
-4.969601669447E0));
#5534=CARTESIAN_POINT('',(-5.075877841113E-1,-6.785065995113E0,
-5.146065886251E0));
#5535=CARTESIAN_POINT('',(-7.842959574450E-1,-6.559094885076E0,
-4.903513284417E0));
#5536=CARTESIAN_POINT('',(-5.877158051632E-1,-6.551006347826E0,
-4.877421782525E0));
#5537=CARTESIAN_POINT('',(-4.566493955937E-1,-6.596560560390E0,
-5.019843657158E0));
#5538=CARTESIAN_POINT('',(-5.087452652775E-1,-6.654866905111E0,
-5.202937418059E0));
#5539=CARTESIAN_POINT('',(-7.787983087619E-1,-6.408603688851E0,
-4.939116785488E0));
#5540=CARTESIAN_POINT('',(-5.816706705707E-1,-6.405191071656E0,
-4.916420102451E0));
#5541=CARTESIAN_POINT('',(-4.539435365443E-1,-6.429406112093E0,
-5.066972177016E0));
#5542=CARTESIAN_POINT('',(-5.102680247238E-1,-6.459512775131E0,
-5.255633645071E0));
#5543=CARTESIAN_POINT('',(-7.753630647025E-1,-6.293396436323E0,
-4.948239383438E0));
#5544=CARTESIAN_POINT('',(-5.779342420787E-1,-6.292568541898E0,
-4.928092102613E0));
#5545=CARTESIAN_POINT('',(-4.523162446716E-1,-6.299518056877E0,
-5.081852452475E0));
#5546=CARTESIAN_POINT('',(-5.112669759494E-1,-6.308006920191E0,
-5.271501239558E0));
#5547=CARTESIAN_POINT('',(-7.736724992075E-1,-6.228223231220E0,
-4.947102793201E0));
#5548=CARTESIAN_POINT('',(-5.761172306695E-1,-6.228598009756E0,
-4.928315470043E0));
#5549=CARTESIAN_POINT('',(-4.515491847E-1,-6.225534417530E0,-5.082772446922E0));
#5550=CARTESIAN_POINT('',(-5.117838017022E-1,-6.221782412697E0,
-5.271829220277E0));
#5551=CARTESIAN_POINT('',(-7.734197046663E-1,-6.218258209697E0,
-4.946780230568E0));
#5552=CARTESIAN_POINT('',(-5.758468376995E-1,-6.218811302254E0,
-4.928198761719E0));
#5553=CARTESIAN_POINT('',(-4.514365150922E-1,-6.214211370054E0,
-5.082735641304E0));
#5554=CARTESIAN_POINT('',(-5.118626007536E-1,-6.208587429017E0,
-5.271674643064E0));
#5555=(BOUNDED_SURFACE()B_SPLINE_SURFACE(3,3,((#5523,#5524,#5525,#5526),(#5527,
#5528,#5529,#5530),(#5531,#5532,#5533,#5534),(#5535,#5536,#5537,#5538),(#5539,
#5540,#5541,#5542),(#5543,#5544,#5545,#5546),(#5547,#5548,#5549,#5550),(#5551,
#5552,#5553,#5554)),.UNSPECIFIED.,.F.,.F.,.F.)B_SPLINE_SURFACE_WITH_KNOTS((4,1,
1,1,1,4),(4,4),(-6.485875875555E-2,0.E0,3.172558102305E-1,6.404612504311E-1,
1.E0,1.064976779883E0),(0.E0,1.E0),.UNSPECIFIED.)GEOMETRIC_REPRESENTATION_ITEM()RATIONAL_B_SPLINE_SURFACE(((1.289334944444E0,9.035550185188E-1,9.035550185188E-1,
1.289334944444E0),(1.289334944444E0,9.035550185188E-1,9.035550185188E-1,
1.289334944444E0),(1.289334944444E0,9.035550185188E-1,9.035550185188E-1,
1.289334944444E0),(1.289334944444E0,9.035550185188E-1,9.035550185188E-1,
1.289334944444E0),(1.289334944444E0,9.035550185188E-1,9.035550185188E-1,
1.289334944444E0),(1.289334944444E0,9.035550185188E-1,9.035550185188E-1,
1.289334944444E0),(1.289334944444E0,9.035550185188E-1,9.035550185188E-1,
1.289334944444E0),(1.289334944444E0,9.035550185188E-1,9.035550185188E-1,
1.289334944444E0)))REPRESENTATION_ITEM('')SURFACE());
#5556=ORIENTED_EDGE('',*,*,#5512,.F.);
#5558=ORIENTED_EDGE('',*,*,#5557,.T.);
#5560=ORIENTED_EDGE('',*,*,#5559,.T.);
#5562=ORIENTED_EDGE('',*,*,#5561,.F.);
#5563=EDGE_LOOP('',(#5556,#5558,#5560,#5562));
#5564=FACE_OUTER_BOUND('',#5563,.F.);
#5566=CARTESIAN_POINT('',(-7.905967356683E-1,-7.410753304894E0,
-5.337642873386E0));
#5567=CARTESIAN_POINT('',(-5.948075514982E-1,-7.442746841742E0,
-5.341400369797E0));
#5568=CARTESIAN_POINT('',(-4.599986014861E-1,-7.298180010637E0,
-5.324421648389E0));
#5569=CARTESIAN_POINT('',(-5.071660767902E-1,-7.106807074407E0,
-5.301945761323E0));
#5570=CARTESIAN_POINT('',(-7.905967362652E-1,-7.413114075595E0,
-5.318343695196E0));
#5571=CARTESIAN_POINT('',(-5.948075516929E-1,-7.445258427229E0,
-5.320876453704E0));
#5572=CARTESIAN_POINT('',(-4.599986014039E-1,-7.300010120496E0,
-5.309431864968E0));
#5573=CARTESIAN_POINT('',(-5.071660768049E-1,-7.107735068678E0,
-5.294281885311E0));
#5574=CARTESIAN_POINT('',(-7.905967369147E-1,-7.417476306180E0,
-5.246380728314E0));
#5575=CARTESIAN_POINT('',(-5.948075519048E-1,-7.449902995299E0,
-5.244305473858E0));
#5576=CARTESIAN_POINT('',(-4.599986013145E-1,-7.303378911029E0,
-5.253682772839E0));
#5577=CARTESIAN_POINT('',(-5.071660768209E-1,-7.109415025811E0,
-5.266096140595E0));
#5578=CARTESIAN_POINT('',(-7.905967321498E-1,-7.397506884635E0,
-5.119883999713E0));
#5579=CARTESIAN_POINT('',(-5.948075503503E-1,-7.428643339328E0,
-5.109489301938E0));
#5580=CARTESIAN_POINT('',(-4.599986019704E-1,-7.287949342029E0,
-5.156459054758E0));
#5581=CARTESIAN_POINT('',(-5.071660767034E-1,-7.101703139031E0,
-5.218636107698E0));
#5582=CARTESIAN_POINT('',(-7.905967337265E-1,-7.320462937585E0,
-4.975790295674E0));
#5583=CARTESIAN_POINT('',(-5.948075508647E-1,-7.346411328564E0,
-4.955663779337E0));
#5584=CARTESIAN_POINT('',(-4.599986017534E-1,-7.229160251449E0,
-5.046607981659E0));
#5585=CARTESIAN_POINT('',(-5.071660767423E-1,-7.073947034614E0,
-5.166997001038E0));
#5586=CARTESIAN_POINT('',(-7.905967333316E-1,-7.203950961263E0,
-4.868994585978E0));
#5587=CARTESIAN_POINT('',(-5.948075507359E-1,-7.222027286576E0,
-4.841669710375E0));
#5588=CARTESIAN_POINT('',(-4.599986018077E-1,-7.140347130956E0,
-4.965140606862E0));
#5589=CARTESIAN_POINT('',(-5.071660767326E-1,-7.032221559599E0,
-5.128587421176E0));
#5590=CARTESIAN_POINT('',(-7.905967333709E-1,-7.071997498563E0,
-4.809211222338E0));
#5591=CARTESIAN_POINT('',(-5.948075507487E-1,-7.081378549217E0,
-4.777971303111E0));
#5592=CARTESIAN_POINT('',(-4.599986018023E-1,-7.038989088745E0,
-4.919132817952E0));
#5593=CARTESIAN_POINT('',(-5.071660767335E-1,-6.982875279970E0,
-5.105997905685E0));
#5594=CARTESIAN_POINT('',(-7.905967335453E-1,-6.942642921285E0,
-4.789044067156E0));
#5595=CARTESIAN_POINT('',(-5.948075508056E-1,-6.943774481650E0,
-4.756533747023E0));
#5596=CARTESIAN_POINT('',(-4.599986017783E-1,-6.938661383431E0,
-4.903435728578E0));
#5597=CARTESIAN_POINT('',(-5.071660767378E-1,-6.931892827932E0,
-5.097899862109E0));
#5598=CARTESIAN_POINT('',(-7.905967328222E-1,-6.816211703117E0,
-4.799728966892E0));
#5599=CARTESIAN_POINT('',(-5.948075505696E-1,-6.809498531806E0,
-4.767892331928E0));
#5600=CARTESIAN_POINT('',(-4.599986018779E-1,-6.839832843005E0,
-4.911750182085E0));
#5601=CARTESIAN_POINT('',(-5.071660767200E-1,-6.879988431657E0,
-5.102184592065E0));
#5602=CARTESIAN_POINT('',(-7.905967352393E-1,-6.717855441205E0,
-4.832985700838E0));
#5603=CARTESIAN_POINT('',(-5.948075513582E-1,-6.705154193209E0,
-4.803179073125E0));
#5604=CARTESIAN_POINT('',(-4.599986015451E-1,-6.762546384093E0,
-4.937864079503E0));
#5605=CARTESIAN_POINT('',(-5.071660767796E-1,-6.838520326400E0,
-5.116155772968E0));
#5606=CARTESIAN_POINT('',(-7.905967347928E-1,-6.662867622086E0,
-4.863277186817E0));
#5607=CARTESIAN_POINT('',(-5.948075512126E-1,-6.646829533432E0,
-4.835308458362E0));
#5608=CARTESIAN_POINT('',(-4.599986016066E-1,-6.719299659653E0,
-4.961688685157E0));
#5609=CARTESIAN_POINT('',(-5.071660767686E-1,-6.815233289364E0,
-5.128986777660E0));
#5610=CARTESIAN_POINT('',(-7.905967343658E-1,-6.647099005189E0,
-4.873101166929E0));
#5611=CARTESIAN_POINT('',(-5.948075510732E-1,-6.630103417655E0,
-4.845727706418E0));
#5612=CARTESIAN_POINT('',(-4.599986016654E-1,-6.706900123322E0,
-4.969418139936E0));
#5613=CARTESIAN_POINT('',(-5.071660767581E-1,-6.808561140195E0,
-5.133155570333E0));
#5614=(BOUNDED_SURFACE()B_SPLINE_SURFACE(3,3,((#5566,#5567,#5568,#5569),(#5570,
#5571,#5572,#5573),(#5574,#5575,#5576,#5577),(#5578,#5579,#5580,#5581),(#5582,
#5583,#5584,#5585),(#5586,#5587,#5588,#5589),(#5590,#5591,#5592,#5593),(#5594,
#5595,#5596,#5597),(#5598,#5599,#5600,#5601),(#5602,#5603,#5604,#5605),(#5606,
#5607,#5608,#5609),(#5610,#5611,#5612,#5613)),.UNSPECIFIED.,.F.,.F.,.F.)B_SPLINE_SURFACE_WITH_KNOTS((4,1,1,1,1,1,1,1,1,4),(4,4),(-5.950723761658E-2,0.E0,
1.586256760797E-1,3.137741509929E-1,4.683620663402E-1,6.113697848372E-1,
7.379864515749E-1,8.617852603527E-1,1.E0,1.058447774342E0),(0.E0,1.E0),
.UNSPECIFIED.)GEOMETRIC_REPRESENTATION_ITEM()RATIONAL_B_SPLINE_SURFACE(((
1.289298738298E0,9.035670872340E-1,9.035670872340E-1,1.289298738298E0),(
1.289298738298E0,9.035670872340E-1,9.035670872340E-1,1.289298738298E0),(
1.289298738298E0,9.035670872340E-1,9.035670872340E-1,1.289298738298E0),(
1.289298738298E0,9.035670872340E-1,9.035670872340E-1,1.289298738298E0),(
1.289298738298E0,9.035670872340E-1,9.035670872340E-1,1.289298738298E0),(
1.289298738298E0,9.035670872340E-1,9.035670872340E-1,1.289298738298E0),(
1.289298738298E0,9.035670872340E-1,9.035670872340E-1,1.289298738298E0),(
1.289298738298E0,9.035670872340E-1,9.035670872340E-1,1.289298738298E0),(
1.289298738298E0,9.035670872340E-1,9.035670872340E-1,1.289298738298E0),(
1.289298738298E0,9.035670872340E-1,9.035670872340E-1,1.289298738298E0),(
1.289298738298E0,9.035670872340E-1,9.035670872340E-1,1.289298738298E0),(
1.289298738298E0,9.035670872340E-1,9.035670872340E-1,1.289298738298E0)))REPRESENTATION_ITEM('')SURFACE());
#5616=ORIENTED_EDGE('',*,*,#5615,.F.);
#5618=ORIENTED_EDGE('',*,*,#5617,.T.);
#5620=ORIENTED_EDGE('',*,*,#5619,.T.);
#5621=ORIENTED_EDGE('',*,*,#5557,.F.);
#5622=EDGE_LOOP('',(#5616,#5618,#5620,#5621));
#5623=FACE_OUTER_BOUND('',#5622,.F.);
#5625=CARTESIAN_POINT('',(-2.260826679764E0,-7.570490992311E0,
-4.056389023079E0));
#5626=CARTESIAN_POINT('',(-1.834464076726E0,-7.677794225709E0,
-3.863622974858E0));
#5627=CARTESIAN_POINT('',(-1.600061505992E0,-8.045470688436E0,
-4.064439455218E0));
#5628=CARTESIAN_POINT('',(-1.821611693149E0,-8.259429736242E0,
-4.432671618689E0));
#5629=CARTESIAN_POINT('',(-2.254922221533E0,-7.563672464029E0,
-4.063067041567E0));
#5630=CARTESIAN_POINT('',(-1.829148793452E0,-7.672707419014E0,
-3.869961995812E0));
#5631=CARTESIAN_POINT('',(-1.595700947713E0,-8.040799557250E0,
-4.071131631161E0));
#5632=CARTESIAN_POINT('',(-1.817496163785E0,-8.253390085566E0,
-4.440011366113E0));
#5633=CARTESIAN_POINT('',(-2.161627660912E0,-7.456919409868E0,
-4.167339558022E0));
#5634=CARTESIAN_POINT('',(-1.745293249673E0,-7.593142242474E0,
-3.968915672648E0));
#5635=CARTESIAN_POINT('',(-1.526846028882E0,-7.967693009285E0,
-4.175626276760E0));
#5636=CARTESIAN_POINT('',(-1.752309227009E0,-8.158738974033E0,
-4.554666347717E0));
#5637=CARTESIAN_POINT('',(-1.961063023600E0,-7.257188089373E0,
-4.354289821185E0));
#5638=CARTESIAN_POINT('',(-1.568976191781E0,-7.446593587464E0,
-4.145586473829E0));
#5639=CARTESIAN_POINT('',(-1.380193084125E0,-7.831715762087E0,
-4.363005838090E0));
#5640=CARTESIAN_POINT('',(-1.607328122816E0,-7.978815971878E0,
-4.761682295015E0));
#5641=CARTESIAN_POINT('',(-1.616206513614E0,-7.000154030229E0,
-4.579295714788E0));
#5642=CARTESIAN_POINT('',(-1.277797541018E0,-7.263494278968E0,
-4.356643241032E0));
#5643=CARTESIAN_POINT('',(-1.132189226442E0,-7.658631476384E0,
-4.588594284983E0));
#5644=CARTESIAN_POINT('',(-1.343370965194E0,-7.740547697120E0,
-5.013917119943E0));
#5645=CARTESIAN_POINT('',(-1.231589093420E0,-6.792832314586E0,
-4.751271597039E0));
#5646=CARTESIAN_POINT('',(-9.640005926652E-1,-7.119933057374E0,
-4.516819500156E0));
#5647=CARTESIAN_POINT('',(-8.593887990524E-1,-7.520453196722E0,
-4.761062951446E0));
#5648=CARTESIAN_POINT('',(-1.035571330527E0,-7.543312341713E0,
-5.208926066671E0));
#5649=CARTESIAN_POINT('',(-9.244986199158E-1,-6.681231876968E0,
-4.840326823267E0));
#5650=CARTESIAN_POINT('',(-7.200034036235E-1,-7.044428181880E0,
-4.599297359202E0));
#5651=CARTESIAN_POINT('',(-6.438466012390E-1,-7.446687257510E0,
-4.850392866337E0));
#5652=CARTESIAN_POINT('',(-7.817987816193E-1,-7.434970259469E0,
-5.310820425195E0));
#5653=CARTESIAN_POINT('',(-7.525790463322E-1,-6.635796098462E0,
-4.876133934581E0));
#5654=CARTESIAN_POINT('',(-5.849788807369E-1,-7.013960634484E0,
-4.632401263946E0));
#5655=CARTESIAN_POINT('',(-5.237242781184E-1,-7.416749536645E0,
-4.886312870878E0));
#5656=CARTESIAN_POINT('',(-6.378024063618E-1,-7.390527250590E0,
-5.351904241582E0));
#5657=CARTESIAN_POINT('',(-7.224825182079E-1,-6.628340413931E0,
-4.881996061436E0));
#5658=CARTESIAN_POINT('',(-5.613816381434E-1,-7.008968801057E0,
-4.637819027704E0));
#5659=CARTESIAN_POINT('',(-5.027094612628E-1,-7.411839631724E0,
-4.892193555539E0));
#5660=CARTESIAN_POINT('',(-6.125447333848E-1,-7.383225080704E0,
-5.358633772740E0));
#5661=(BOUNDED_SURFACE()B_SPLINE_SURFACE(3,3,((#5625,#5626,#5627,#5628),(#5629,
#5630,#5631,#5632),(#5633,#5634,#5635,#5636),(#5637,#5638,#5639,#5640),(#5641,
#5642,#5643,#5644),(#5645,#5646,#5647,#5648),(#5649,#5650,#5651,#5652),(#5653,
#5654,#5655,#5656),(#5657,#5658,#5659,#5660)),.UNSPECIFIED.,.F.,.F.,.F.)B_SPLINE_SURFACE_WITH_KNOTS((4,1,1,1,1,1,4),(4,4),(-5.423281375123E-3,0.E0,
7.959049498860E-2,1.571683078972E-1,2.308833562386E-1,3.013299979624E-1,
3.161622556809E-1),(0.E0,1.E0),.UNSPECIFIED.)GEOMETRIC_REPRESENTATION_ITEM()RATIONAL_B_SPLINE_SURFACE(((1.391902976260E0,8.693656745801E-1,8.693656745801E-1,
1.391902976260E0),(1.391902976260E0,8.693656745801E-1,8.693656745801E-1,
1.391902976260E0),(1.391902976260E0,8.693656745801E-1,8.693656745801E-1,
1.391902976260E0),(1.391902976260E0,8.693656745801E-1,8.693656745801E-1,
1.391902976260E0),(1.391902976260E0,8.693656745801E-1,8.693656745801E-1,
1.391902976260E0),(1.391902976260E0,8.693656745801E-1,8.693656745801E-1,
1.391902976260E0),(1.391902976260E0,8.693656745801E-1,8.693656745801E-1,
1.391902976260E0),(1.391902976260E0,8.693656745801E-1,8.693656745801E-1,
1.391902976260E0),(1.391902976260E0,8.693656745801E-1,8.693656745801E-1,
1.391902976260E0)))REPRESENTATION_ITEM('')SURFACE());
#5662=ORIENTED_EDGE('',*,*,#5615,.T.);
#5663=ORIENTED_EDGE('',*,*,#5518,.F.);
#5664=ORIENTED_EDGE('',*,*,#5231,.T.);
#5665=ORIENTED_EDGE('',*,*,#4555,.T.);
#5666=EDGE_LOOP('',(#5662,#5663,#5664,#5665));
#5667=FACE_OUTER_BOUND('',#5666,.F.);
#5669=CARTESIAN_POINT('',(-7.5E-1,-7.167619242062E0,-7.859218E0));
#5670=DIRECTION('',(0.E0,0.E0,1.E0));
#5671=DIRECTION('',(3.061224489796E-1,-9.519921460972E-1,0.E0));
#5672=AXIS2_PLACEMENT_3D('',#5669,#5670,#5671);
#5673=CYLINDRICAL_SURFACE('',#5672,2.5E-1);
#5674=ORIENTED_EDGE('',*,*,#4553,.F.);
#5676=ORIENTED_EDGE('',*,*,#5675,.T.);
#5678=ORIENTED_EDGE('',*,*,#5677,.T.);
#5679=ORIENTED_EDGE('',*,*,#5617,.F.);
#5680=EDGE_LOOP('',(#5674,#5676,#5678,#5679));
#5681=FACE_OUTER_BOUND('',#5680,.F.);
#5683=CARTESIAN_POINT('',(-1.635250730220E-1,-7.299381908134E0,
-8.302926242380E0));
#5684=CARTESIAN_POINT('',(-1.845089684195E-1,-7.349087351279E0,
-8.100220844312E0));
#5685=CARTESIAN_POINT('',(-2.138233704839E-1,-7.201230944734E0,
-7.954377223689E0));
#5686=CARTESIAN_POINT('',(-2.232529306332E-1,-6.998125673140E0,
-8.005771042458E0));
#5687=CARTESIAN_POINT('',(-1.838936304103E-1,-7.300829528801E0,
-8.306264926331E0));
#5688=CARTESIAN_POINT('',(-1.962257218653E-1,-7.350519415372E0,
-8.102625799036E0));
#5689=CARTESIAN_POINT('',(-2.208865354623E-1,-7.202709284223E0,
-7.955725384689E0));
#5690=CARTESIAN_POINT('',(-2.341398390781E-1,-6.999667579552E0,
-8.006956517725E0));
#5691=CARTESIAN_POINT('',(-2.430362369781E-1,-7.305547362622E0,
-8.312450006027E0));
#5692=CARTESIAN_POINT('',(-2.303226590692E-1,-7.355131765704E0,
-8.107793611089E0));
#5693=CARTESIAN_POINT('',(-2.414251383049E-1,-7.207635411248E0,
-7.958502990035E0));
#5694=CARTESIAN_POINT('',(-2.656574488135E-1,-7.005024730852E0,
-8.008271570545E0));
#5695=CARTESIAN_POINT('',(-3.380403760419E-1,-7.316100644873E0,
-8.307306180697E0));
#5696=CARTESIAN_POINT('',(-2.861386649751E-1,-7.365454249402E0,
-8.108360661214E0));
#5697=CARTESIAN_POINT('',(-2.748278945068E-1,-7.218644440375E0,
-7.958105238941E0));
#5698=CARTESIAN_POINT('',(-3.149947725014E-1,-7.016976843874E0,
-8.001161970520E0));
#5699=CARTESIAN_POINT('',(-4.413916486293E-1,-7.331404164258E0,
-8.280562151670E0));
#5700=CARTESIAN_POINT('',(-3.497567861194E-1,-7.380535342885E0,
-8.096927430162E0));
#5701=CARTESIAN_POINT('',(-3.123045980026E-1,-7.234387173559E0,
-7.950384267968E0));
#5702=CARTESIAN_POINT('',(-3.650831176158E-1,-7.033628448810E0,
-7.981981641441E0));
#5703=CARTESIAN_POINT('',(-5.297933366513E-1,-7.347081088776E0,
-8.239426886017E0));
#5704=CARTESIAN_POINT('',(-4.068693778653E-1,-7.396112663229E0,
-8.075431977474E0));
#5705=CARTESIAN_POINT('',(-3.454203691035E-1,-7.250260781681E0,
-7.936971694482E0));
#5706=CARTESIAN_POINT('',(-4.045914772507E-1,-7.049909057286E0,
-7.957315176926E0));
#5707=CARTESIAN_POINT('',(-6.036042815042E-1,-7.361871876361E0,
-8.188520002606E0));
#5708=CARTESIAN_POINT('',(-4.566262879689E-1,-7.410926337949E0,
-8.046011055159E0));
#5709=CARTESIAN_POINT('',(-3.738843330784E-1,-7.265006375134E0,
-7.919264811178E0));
#5710=CARTESIAN_POINT('',(-4.350182162205E-1,-7.064561129837E0,
-7.930275553456E0));
#5711=CARTESIAN_POINT('',(-6.636897517267E-1,-7.374981238108E0,
-8.131548744653E0));
#5712=CARTESIAN_POINT('',(-4.985607089857E-1,-7.424146814388E0,
-8.010857119149E0));
#5713=CARTESIAN_POINT('',(-3.976174020643E-1,-7.277896324009E0,
-7.898572721129E0));
#5714=CARTESIAN_POINT('',(-4.580185785823E-1,-7.076997044342E0,
-7.902770189930E0));
#5715=CARTESIAN_POINT('',(-7.113527864424E-1,-7.386026635883E0,
-8.071285109677E0));
#5716=CARTESIAN_POINT('',(-5.327439761722E-1,-7.435349714839E0,
-7.971933561896E0));
#5717=CARTESIAN_POINT('',(-4.168048379656E-1,-7.288630708776E0,
-7.876001644001E0));
#5718=CARTESIAN_POINT('',(-4.751277280851E-1,-7.087087845191E0,
-7.875824601228E0));
#5719=CARTESIAN_POINT('',(-7.481860236869E-1,-7.394937851126E0,
-8.009397573206E0));
#5720=CARTESIAN_POINT('',(-5.597171619751E-1,-7.444429458537E0,
-7.930634897966E0));
#5721=CARTESIAN_POINT('',(-4.318514860229E-1,-7.297209138930E0,
-7.852301040363E0));
#5722=CARTESIAN_POINT('',(-4.876607409312E-1,-7.094977638133E0,
-7.849792970569E0));
#5723=CARTESIAN_POINT('',(-7.756999239446E-1,-7.401801728084E0,
-7.946546634651E0));
#5724=CARTESIAN_POINT('',(-5.801826543481E-1,-7.451447977831E0,
-7.887701923334E0));
#5725=CARTESIAN_POINT('',(-4.432156848548E-1,-7.303767651057E0,
-7.827841791475E0));
#5726=CARTESIAN_POINT('',(-4.966308290551E-1,-7.100904254200E0,
-7.824582099118E0));
#5727=CARTESIAN_POINT('',(-7.950308174522E-1,-7.406728157617E0,
-7.882639752405E0));
#5728=CARTESIAN_POINT('',(-5.947239018587E-1,-7.456498608017E0,
-7.843329018058E0));
#5729=CARTESIAN_POINT('',(-4.512638794689E-1,-7.308448827496E0,
-7.802689136989E0));
#5730=CARTESIAN_POINT('',(-5.027321796910E-1,-7.105077924706E0,
-7.799836322729E0));
#5731=CARTESIAN_POINT('',(-8.067736699727E-1,-7.409762504617E0,
-7.817048460406E0));
#5732=CARTESIAN_POINT('',(-6.036231078882E-1,-7.459614968406E0,
-7.797302379630E0));
#5733=CARTESIAN_POINT('',(-4.561787836697E-1,-7.311321226577E0,
-7.776683207551E0));
#5734=CARTESIAN_POINT('',(-5.063570493927E-1,-7.107615202511E0,
-7.775037063711E0));
#5735=CARTESIAN_POINT('',(-8.109777548914E-1,-7.410856184736E0,
-7.746473416351E0));
#5736=CARTESIAN_POINT('',(-6.068217634997E-1,-7.460739215727E0,
-7.747512013272E0));
#5737=CARTESIAN_POINT('',(-4.579433444046E-1,-7.312354547103E0,
-7.748596529791E0));
#5738=CARTESIAN_POINT('',(-5.076391775748E-1,-7.108523620018E0,
-7.748683110007E0));
#5739=CARTESIAN_POINT('',(-8.076361540512E-1,-7.409987563874E0,
-7.698021699234E0));
#5740=CARTESIAN_POINT('',(-6.042787960137E-1,-7.459846387418E0,
-7.713329543660E0));
#5741=CARTESIAN_POINT('',(-4.565405823875E-1,-7.311533727528E0,
-7.729314246641E0));
#5742=CARTESIAN_POINT('',(-5.066207361752E-1,-7.107801716372E0,
-7.730590402545E0));
#5743=CARTESIAN_POINT('',(-8.040715630680E-1,-7.409006919409E0,
-7.672422047901E0));
#5744=CARTESIAN_POINT('',(-6.015805101084E-1,-7.458831495080E0,
-7.695333919981E0));
#5745=CARTESIAN_POINT('',(-4.550498633946E-1,-7.310620710703E0,
-7.719151855405E0));
#5746=CARTESIAN_POINT('',(-5.055165530296E-1,-7.107028642442E0,
-7.720950899092E0));
#5747=(BOUNDED_SURFACE()B_SPLINE_SURFACE(3,3,((#5683,#5684,#5685,#5686),(#5687,
#5688,#5689,#5690),(#5691,#5692,#5693,#5694),(#5695,#5696,#5697,#5698),(#5699,
#5700,#5701,#5702),(#5703,#5704,#5705,#5706),(#5707,#5708,#5709,#5710),(#5711,
#5712,#5713,#5714),(#5715,#5716,#5717,#5718),(#5719,#5720,#5721,#5722),(#5723,
#5724,#5725,#5726),(#5727,#5728,#5729,#5730),(#5731,#5732,#5733,#5734),(#5735,
#5736,#5737,#5738),(#5739,#5740,#5741,#5742),(#5743,#5744,#5745,#5746)),
.UNSPECIFIED.,.F.,.F.,.F.)B_SPLINE_SURFACE_WITH_KNOTS((4,1,1,1,1,1,1,1,1,1,1,1,
1,4),(4,4),(-7.546597337767E-2,0.E0,1.411884734612E-1,2.665620871627E-1,
3.786979450807E-1,4.794874838991E-1,5.701503800628E-1,6.521508647056E-1,
7.273690509642E-1,7.977390828153E-1,8.652479557268E-1,9.319499359155E-1,1.E0,
1.078671572067E0),(0.E0,1.E0),.UNSPECIFIED.)GEOMETRIC_REPRESENTATION_ITEM()RATIONAL_B_SPLINE_SURFACE(((1.316875927057E0,8.943746909811E-1,8.943746909811E-1,
1.316875927057E0),(1.316875927057E0,8.943746909811E-1,8.943746909811E-1,
1.316875927057E0),(1.316875927057E0,8.943746909811E-1,8.943746909811E-1,
1.316875927057E0),(1.316875927057E0,8.943746909811E-1,8.943746909811E-1,
1.316875927057E0),(1.316875927057E0,8.943746909811E-1,8.943746909811E-1,
1.316875927057E0),(1.316875927057E0,8.943746909811E-1,8.943746909811E-1,
1.316875927057E0),(1.316875927057E0,8.943746909811E-1,8.943746909811E-1,
1.316875927057E0),(1.316875927057E0,8.943746909811E-1,8.943746909811E-1,
1.316875927057E0),(1.316875927057E0,8.943746909811E-1,8.943746909811E-1,
1.316875927057E0),(1.316875927057E0,8.943746909811E-1,8.943746909811E-1,
1.316875927057E0),(1.316875927057E0,8.943746909811E-1,8.943746909811E-1,
1.316875927057E0),(1.316875927057E0,8.943746909811E-1,8.943746909811E-1,
1.316875927057E0),(1.316875927057E0,8.943746909811E-1,8.943746909811E-1,
1.316875927057E0),(1.316875927057E0,8.943746909811E-1,8.943746909811E-1,
1.316875927057E0),(1.316875927057E0,8.943746909811E-1,8.943746909811E-1,
1.316875927057E0),(1.316875927057E0,8.943746909811E-1,8.943746909811E-1,
1.316875927057E0)))REPRESENTATION_ITEM('')SURFACE());
#5748=ORIENTED_EDGE('',*,*,#4551,.F.);
#5750=ORIENTED_EDGE('',*,*,#5749,.T.);
#5752=ORIENTED_EDGE('',*,*,#5751,.T.);
#5753=ORIENTED_EDGE('',*,*,#5675,.F.);
#5754=EDGE_LOOP('',(#5748,#5750,#5752,#5753));
#5755=FACE_OUTER_BOUND('',#5754,.F.);
#5757=CARTESIAN_POINT('',(0.E0,-9.5E0,-8.25E0));
#5758=DIRECTION('',(0.E0,0.E0,-1.E0));
#5759=DIRECTION('',(3.359640391412E-2,9.994354814814E-1,0.E0));
#5760=AXIS2_PLACEMENT_3D('',#5757,#5758,#5759);
#5761=TOROIDAL_SURFACE('',#5760,2.45E0,2.5E-1);
#5762=ORIENTED_EDGE('',*,*,#4549,.F.);
#5763=ORIENTED_EDGE('',*,*,#4640,.F.);
#5765=ORIENTED_EDGE('',*,*,#5764,.T.);
#5767=ORIENTED_EDGE('',*,*,#5766,.T.);
#5768=ORIENTED_EDGE('',*,*,#5749,.F.);
#5769=EDGE_LOOP('',(#5762,#5763,#5765,#5767,#5768));
#5770=FACE_OUTER_BOUND('',#5769,.F.);
#5772=CARTESIAN_POINT('',(8.039719153879E-1,-7.408827956307E0,
-7.672214333099E0));
#5773=CARTESIAN_POINT('',(6.015097513798E-1,-7.458628469690E0,
-7.695181806020E0));
#5774=CARTESIAN_POINT('',(4.550074429764E-1,-7.310487678071E0,
-7.719067453732E0));
#5775=CARTESIAN_POINT('',(5.054773234793E-1,-7.106994998031E0,
-7.720880710741E0));
#5776=CARTESIAN_POINT('',(8.076129825859E-1,-7.409946283485E0,
-7.697853583003E0));
#5777=CARTESIAN_POINT('',(6.042593435543E-1,-7.459800072217E0,
-7.713209805093E0));
#5778=CARTESIAN_POINT('',(4.565275323231E-1,-7.311500803269E0,
-7.729247200217E0));
#5779=CARTESIAN_POINT('',(5.066133110726E-1,-7.107790431831E0,
-7.730529352860E0));
#5780=CARTESIAN_POINT('',(8.139400018038E-1,-7.411675924246E0,
-7.787987321656E0));
#5781=CARTESIAN_POINT('',(6.090834501791E-1,-7.461589138812E0,
-7.776807272388E0));
#5782=CARTESIAN_POINT('',(4.591871196910E-1,-7.313113096786E0,
-7.765120459744E0));
#5783=CARTESIAN_POINT('',(5.085301793562E-1,-7.109159902105E0,
-7.764175748931E0));
#5784=CARTESIAN_POINT('',(7.876599229191E-1,-7.404705824903E0,
-7.939518250605E0));
#5785=CARTESIAN_POINT('',(5.889689296028E-1,-7.454406559872E0,
-7.883650029284E0));
#5786=CARTESIAN_POINT('',(4.481099277716E-1,-7.306562577510E0,
-7.825399967621E0));
#5787=CARTESIAN_POINT('',(5.006634194068E-1,-7.103477607669E0,
-7.820835285303E0));
#5788=CARTESIAN_POINT('',(7.038057190694E-1,-7.383914004926E0,
-8.092427290775E0));
#5789=CARTESIAN_POINT('',(5.267849689096E-1,-7.433168148934E0,
-7.986636253101E0));
#5790=CARTESIAN_POINT('',(4.135499677494E-1,-7.286652633567E0,
-7.884329928376E0));
#5791=CARTESIAN_POINT('',(4.730923888191E-1,-7.085392504176E0,
-7.883980850706E0));
#5792=CARTESIAN_POINT('',(5.966106862677E-1,-7.360058114450E0,
-8.198553917381E0));
#5793=CARTESIAN_POINT('',(4.513664833229E-1,-7.409077279543E0,
-8.052530270552E0));
#5794=CARTESIAN_POINT('',(3.709717029108E-1,-7.263260752203E0,
-7.923035622105E0));
#5795=CARTESIAN_POINT('',(4.328084401991E-1,-7.062960783382E0,
-7.934711984351E0));
#5796=CARTESIAN_POINT('',(4.814036126674E-1,-7.337944419680E0,
-8.266360093665E0));
#5797=CARTESIAN_POINT('',(3.749722778243E-1,-7.387004830566E0,
-8.090140197268E0));
#5798=CARTESIAN_POINT('',(3.270431629165E-1,-7.241065610024E0,
-7.946000186639E0));
#5799=CARTESIAN_POINT('',(3.837493043437E-1,-7.040597104447E0,
-7.972678621209E0));
#5800=CARTESIAN_POINT('',(3.573610319858E-1,-7.318422873668E0,
-8.305438806124E0));
#5801=CARTESIAN_POINT('',(2.975630159846E-1,-7.367726857919E0,
-8.108070801720E0));
#5802=CARTESIAN_POINT('',(2.816495238733E-1,-7.221063083579E0,
-7.957763306314E0));
#5803=CARTESIAN_POINT('',(3.249377112519E-1,-7.019599299169E0,
-7.999191245992E0));
#5804=CARTESIAN_POINT('',(2.495683495022E-1,-7.306070964097E0,
-8.313134820114E0));
#5805=CARTESIAN_POINT('',(2.340853692778E-1,-7.355645710785E0,
-8.108360246680E0));
#5806=CARTESIAN_POINT('',(2.436925677639E-1,-7.208176503748E0,
-7.958805703745E0));
#5807=CARTESIAN_POINT('',(2.691427631940E-1,-7.005606341709E0,
-8.008421380796E0));
#5808=CARTESIAN_POINT('',(1.839731705387E-1,-7.300832249621E0,
-8.306268009211E0));
#5809=CARTESIAN_POINT('',(1.962726998745E-1,-7.350521544686E0,
-8.102626258626E0));
#5810=CARTESIAN_POINT('',(2.209151009492E-1,-7.202711592420E0,
-7.955723348402E0));
#5811=CARTESIAN_POINT('',(2.341814132117E-1,-6.999673367808E0,
-8.006957201653E0));
#5812=CARTESIAN_POINT('',(1.636549697272E-1,-7.299377960297E0,
-8.302924154017E0));
#5813=CARTESIAN_POINT('',(1.845874248072E-1,-7.349079342621E0,
-8.100218433708E0));
#5814=CARTESIAN_POINT('',(2.138704600973E-1,-7.201233434580E0,
-7.954373455557E0));
#5815=CARTESIAN_POINT('',(2.233183822973E-1,-6.998145819540E0,
-8.005768855172E0));
#5816=(BOUNDED_SURFACE()B_SPLINE_SURFACE(3,3,((#5772,#5773,#5774,#5775),(#5776,
#5777,#5778,#5779),(#5780,#5781,#5782,#5783),(#5784,#5785,#5786,#5787),(#5788,
#5789,#5790,#5791),(#5792,#5793,#5794,#5795),(#5796,#5797,#5798,#5799),(#5800,
#5801,#5802,#5803),(#5804,#5805,#5806,#5807),(#5808,#5809,#5810,#5811),(#5812,
#5813,#5814,#5815)),.UNSPECIFIED.,.F.,.F.,.F.)B_SPLINE_SURFACE_WITH_KNOTS((4,1,
1,1,1,1,1,1,4),(4,4),(-7.905613927781E-2,0.E0,1.944781324658E-1,
3.780115697615E-1,5.412804327993E-1,6.878262883923E-1,8.346493529349E-1,1.E0,
1.075469922043E0),(0.E0,1.E0),.UNSPECIFIED.)GEOMETRIC_REPRESENTATION_ITEM()RATIONAL_B_SPLINE_SURFACE(((1.316883855152E0,8.943720482827E-1,8.943720482827E-1,
1.316883855152E0),(1.316883855152E0,8.943720482827E-1,8.943720482827E-1,
1.316883855152E0),(1.316883855152E0,8.943720482827E-1,8.943720482827E-1,
1.316883855152E0),(1.316883855152E0,8.943720482827E-1,8.943720482827E-1,
1.316883855152E0),(1.316883855152E0,8.943720482827E-1,8.943720482827E-1,
1.316883855152E0),(1.316883855152E0,8.943720482827E-1,8.943720482827E-1,
1.316883855152E0),(1.316883855152E0,8.943720482827E-1,8.943720482827E-1,
1.316883855152E0),(1.316883855152E0,8.943720482827E-1,8.943720482827E-1,
1.316883855152E0),(1.316883855152E0,8.943720482827E-1,8.943720482827E-1,
1.316883855152E0),(1.316883855152E0,8.943720482827E-1,8.943720482827E-1,
1.316883855152E0),(1.316883855152E0,8.943720482827E-1,8.943720482827E-1,
1.316883855152E0)))REPRESENTATION_ITEM('')SURFACE());
#5817=ORIENTED_EDGE('',*,*,#4638,.F.);
#5818=ORIENTED_EDGE('',*,*,#4915,.T.);
#5820=ORIENTED_EDGE('',*,*,#5819,.T.);
#5821=ORIENTED_EDGE('',*,*,#5764,.F.);
#5822=EDGE_LOOP('',(#5817,#5818,#5820,#5821));
#5823=FACE_OUTER_BOUND('',#5822,.F.);
#5825=CARTESIAN_POINT('',(2.5E-1,-3.435709551647E1,-7.75E0));
#5826=DIRECTION('',(0.E0,1.E0,0.E0));
#5827=DIRECTION('',(1.E0,0.E0,0.E0));
#5828=AXIS2_PLACEMENT_3D('',#5825,#5826,#5827);
#5829=CYLINDRICAL_SURFACE('',#5828,2.5E-1);
#5830=ORIENTED_EDGE('',*,*,#5819,.F.);
#5832=ORIENTED_EDGE('',*,*,#5831,.T.);
#5834=ORIENTED_EDGE('',*,*,#5833,.T.);
#5836=ORIENTED_EDGE('',*,*,#5835,.F.);
#5837=EDGE_LOOP('',(#5830,#5832,#5834,#5836));
#5838=FACE_OUTER_BOUND('',#5837,.F.);
#5840=CARTESIAN_POINT('',(5.E-1,0.E0,0.E0));
#5841=DIRECTION('',(1.E0,0.E0,0.E0));
#5842=DIRECTION('',(0.E0,0.E0,-1.E0));
#5843=AXIS2_PLACEMENT_3D('',#5840,#5841,#5842);
#5844=PLANE('',#5843);
#5846=ORIENTED_EDGE('',*,*,#5845,.F.);
#5848=ORIENTED_EDGE('',*,*,#5847,.F.);
#5850=ORIENTED_EDGE('',*,*,#5849,.F.);
#5851=ORIENTED_EDGE('',*,*,#5831,.F.);
#5852=ORIENTED_EDGE('',*,*,#4913,.F.);
#5853=ORIENTED_EDGE('',*,*,#4973,.F.);
#5855=ORIENTED_EDGE('',*,*,#5854,.F.);
#5856=EDGE_LOOP('',(#5846,#5848,#5850,#5851,#5852,#5853,#5855));
#5857=FACE_OUTER_BOUND('',#5856,.F.);
#5859=CARTESIAN_POINT('',(7.5E-1,-2.794934459240E0,-5.196152422707E0));
#5860=DIRECTION('',(0.E0,-1.E0,0.E0));
#5861=DIRECTION('',(-1.428571428571E-1,0.E0,9.897433186108E-1));
#5862=AXIS2_PLACEMENT_3D('',#5859,#5860,#5861);
#5863=CYLINDRICAL_SURFACE('',#5862,2.5E-1);
#5865=ORIENTED_EDGE('',*,*,#5864,.F.);
#5867=ORIENTED_EDGE('',*,*,#5866,.T.);
#5868=ORIENTED_EDGE('',*,*,#5845,.T.);
#5870=ORIENTED_EDGE('',*,*,#5869,.F.);
#5871=EDGE_LOOP('',(#5865,#5867,#5868,#5870));
#5872=FACE_OUTER_BOUND('',#5871,.F.);
#5874=CARTESIAN_POINT('',(0.E0,1.3225E1,0.E0));
#5875=DIRECTION('',(0.E0,-1.E0,0.E0));
#5876=DIRECTION('',(0.E0,0.E0,1.E0));
#5877=AXIS2_PLACEMENT_3D('',#5874,#5875,#5876);
#5878=CYLINDRICAL_SURFACE('',#5877,5.E0);
#5880=ORIENTED_EDGE('',*,*,#5879,.T.);
#5882=ORIENTED_EDGE('',*,*,#5881,.T.);
#5884=ORIENTED_EDGE('',*,*,#5883,.T.);
#5885=ORIENTED_EDGE('',*,*,#5864,.T.);
#5887=ORIENTED_EDGE('',*,*,#5886,.F.);
#5889=ORIENTED_EDGE('',*,*,#5888,.T.);
#5891=ORIENTED_EDGE('',*,*,#5890,.T.);
#5893=ORIENTED_EDGE('',*,*,#5892,.T.);
#5895=ORIENTED_EDGE('',*,*,#5894,.T.);
#5896=EDGE_LOOP('',(#5880,#5882,#5884,#5885,#5887,#5889,#5891,#5893,#5895));
#5897=FACE_OUTER_BOUND('',#5896,.F.);
#5899=CARTESIAN_POINT('',(-2.978511482299E-2,-2.432000662654E0,
-5.007077482154E0));
#5900=CARTESIAN_POINT('',(-3.015470540385E-2,-2.558365007256E0,
-4.976149655678E0));
#5901=CARTESIAN_POINT('',(-3.101900593358E-2,-2.674191680090E0,
-5.035378447547E0));
#5902=CARTESIAN_POINT('',(-3.195724428545E-2,-2.723092152185E0,
-5.155929182944E0));
#5903=CARTESIAN_POINT('',(-1.985696558575E-2,-2.432046497618E0,
-5.007136546819E0));
#5904=CARTESIAN_POINT('',(-2.010344532515E-2,-2.558411661595E0,
-4.976210569505E0));
#5905=CARTESIAN_POINT('',(-2.067972913429E-2,-2.674239085474E0,
-5.035442107682E0));
#5906=CARTESIAN_POINT('',(-2.130526163269E-2,-2.723139874651E0,
-5.155995149533E0));
#5907=CARTESIAN_POINT('',(1.634013069187E-2,-2.432129982116E0,
-5.007244206585E0));
#5908=CARTESIAN_POINT('',(1.654295700367E-2,-2.558496633627E0,
-4.976321605059E0));
#5909=CARTESIAN_POINT('',(1.701717630767E-2,-2.674325420994E0,
-5.035558153897E0));
#5910=CARTESIAN_POINT('',(1.753192184143E-2,-2.723226785817E0,
-5.156115401916E0));
#5911=CARTESIAN_POINT('',(7.881229094870E-2,-2.431748770430E0,
-5.006752611357E0));
#5912=CARTESIAN_POINT('',(7.979056701111E-2,-2.558108630955E0,
-4.975814582059E0));
#5913=CARTESIAN_POINT('',(8.207783548257E-2,-2.673931193645E0,
-5.035028238975E0));
#5914=CARTESIAN_POINT('',(8.456057301556E-2,-2.722829930492E0,
-5.155566275521E0));
#5915=CARTESIAN_POINT('',(1.576198505764E-1,-2.430309782282E0,
-5.004891777002E0));
#5916=CARTESIAN_POINT('',(1.595624426910E-1,-2.556644239558E0,
-4.973895767705E0));
#5917=CARTESIAN_POINT('',(1.641239856052E-1,-2.672443517405E0,
-5.033023159130E0));
#5918=CARTESIAN_POINT('',(1.690837585776E-1,-2.721332423704E0,
-5.153488641792E0));
#5919=CARTESIAN_POINT('',(2.200574588042E-1,-2.428419338593E0,
-5.002433477522E0));
#5920=CARTESIAN_POINT('',(2.227422302022E-1,-2.554721022796E0,
-4.971361992409E0));
#5921=CARTESIAN_POINT('',(2.290854457101E-1,-2.670490260554E0,
-5.030376456636E0));
#5922=CARTESIAN_POINT('',(2.359990032295E-1,-2.719366484329E0,
-5.150746537680E0));
#5923=CARTESIAN_POINT('',(2.562212685875E-1,-2.427030925362E0,
-5.000616579047E0));
#5924=CARTESIAN_POINT('',(2.593230522149E-1,-2.553309029524E0,
-4.969490242252E0));
#5925=CARTESIAN_POINT('',(2.666863197206E-1,-2.669056653611E0,
-5.028422104949E0));
#5926=CARTESIAN_POINT('',(2.747263715453E-1,-2.717923752382E0,
-5.148722047966E0));
#5927=CARTESIAN_POINT('',(2.661328169844E-1,-2.426628510233E0,
-5.000089058867E0));
#5928=CARTESIAN_POINT('',(2.693478092700E-1,-2.552899818289E0,
-4.968946876737E0));
#5929=CARTESIAN_POINT('',(2.769896441716E-1,-2.668641213004E0,
-5.027854831142E0));
#5930=CARTESIAN_POINT('',(2.853380056497E-1,-2.717505681818E0,
-5.148134442313E0));
#5931=(BOUNDED_SURFACE()B_SPLINE_SURFACE(3,3,((#5899,#5900,#5901,#5902),(#5903,
#5904,#5905,#5906),(#5907,#5908,#5909,#5910),(#5911,#5912,#5913,#5914),(#5915,
#5916,#5917,#5918),(#5919,#5920,#5921,#5922),(#5923,#5924,#5925,#5926),(#5927,
#5928,#5929,#5930)),.UNSPECIFIED.,.F.,.F.,.F.)B_SPLINE_SURFACE_WITH_KNOTS((4,1,
1,1,1,4),(4,4),(-1.259523275182E-1,0.E0,3.332442737016E-1,6.665483250437E-1,
1.E0,1.125925134630E0),(0.E0,1.E0),.UNSPECIFIED.)GEOMETRIC_REPRESENTATION_ITEM()RATIONAL_B_SPLINE_SURFACE(((1.138574618155E0,9.538084606148E-1,9.538084606148E-1,
1.138574618155E0),(1.138574618155E0,9.538084606148E-1,9.538084606148E-1,
1.138574618155E0),(1.138574618155E0,9.538084606148E-1,9.538084606148E-1,
1.138574618155E0),(1.138574618155E0,9.538084606148E-1,9.538084606148E-1,
1.138574618155E0),(1.138574618155E0,9.538084606148E-1,9.538084606148E-1,
1.138574618155E0),(1.138574618155E0,9.538084606148E-1,9.538084606148E-1,
1.138574618155E0),(1.138574618155E0,9.538084606148E-1,9.538084606148E-1,
1.138574618155E0),(1.138574618155E0,9.538084606148E-1,9.538084606148E-1,
1.138574618155E0)))REPRESENTATION_ITEM('')SURFACE());
#5932=ORIENTED_EDGE('',*,*,#5879,.F.);
#5934=ORIENTED_EDGE('',*,*,#5933,.T.);
#5936=ORIENTED_EDGE('',*,*,#5935,.T.);
#5938=ORIENTED_EDGE('',*,*,#5937,.F.);
#5939=EDGE_LOOP('',(#5932,#5934,#5936,#5938));
#5940=FACE_OUTER_BOUND('',#5939,.F.);
#5942=CARTESIAN_POINT('',(-2.661313093660E-1,-2.426628571488E0,
-5.000089139110E0));
#5943=CARTESIAN_POINT('',(-2.693462844355E-1,-2.552899880582E0,
-4.968946959390E0));
#5944=CARTESIAN_POINT('',(-2.769880769684E-1,-2.668641276247E0,
-5.027854917432E0));
#5945=CARTESIAN_POINT('',(-2.853363915518E-1,-2.717505745463E0,
-5.148134531696E0));
#5946=CARTESIAN_POINT('',(-2.562202632864E-1,-2.427030963969E0,
-5.000616629555E0));
#5947=CARTESIAN_POINT('',(-2.593220353226E-1,-2.553309068788E0,
-4.969490294284E0));
#5948=CARTESIAN_POINT('',(-2.666852744733E-1,-2.669056693476E0,
-5.028422159277E0));
#5949=CARTESIAN_POINT('',(-2.747252949835E-1,-2.717923792502E0,
-5.148722104244E0));
#5950=CARTESIAN_POINT('',(-2.200638499740E-1,-2.428419089112E0,
-5.002433150957E0));
#5951=CARTESIAN_POINT('',(-2.227486948885E-1,-2.554720769081E0,
-4.971361655994E0));
#5952=CARTESIAN_POINT('',(-2.290920905007E-1,-2.670490002959E0,
-5.030376105383E0));
#5953=CARTESIAN_POINT('',(-2.360058470312E-1,-2.719366225095E0,
-5.150746173823E0));
#5954=CARTESIAN_POINT('',(-1.576336188247E-1,-2.430309406140E0,
-5.004891289278E0));
#5955=CARTESIAN_POINT('',(-1.595763763891E-1,-2.556643856834E0,
-4.973895264892E0));
#5956=CARTESIAN_POINT('',(-1.641383138395E-1,-2.672443128649E0,
-5.033022633807E0));
#5957=CARTESIAN_POINT('',(-1.690985183603E-1,-2.721332032400E0,
-5.153488097496E0));
#5958=CARTESIAN_POINT('',(-7.882606725494E-2,-2.431748644264E0,
-5.006752448841E0));
#5959=CARTESIAN_POINT('',(-7.980451431619E-2,-2.558108502534E0,
-4.975814414427E0));
#5960=CARTESIAN_POINT('',(-8.209218259722E-2,-2.673931063156E0,
-5.035028063762E0));
#5961=CARTESIAN_POINT('',(-8.457535410903E-2,-2.722829799130E0,
-5.155566093951E0));
#5962=CARTESIAN_POINT('',(-1.634715083268E-2,-2.432129997092E0,
-5.007244225860E0));
#5963=CARTESIAN_POINT('',(-1.655006428415E-2,-2.558496648872E0,
-4.976321624940E0));
#5964=CARTESIAN_POINT('',(-1.702448732522E-2,-2.674325436485E0,
-5.035558174677E0));
#5965=CARTESIAN_POINT('',(-1.753945400702E-2,-2.723226801412E0,
-5.156115423449E0));
#5966=CARTESIAN_POINT('',(1.985666924911E-2,-2.432046498289E0,
-5.007136547700E0));
#5967=CARTESIAN_POINT('',(2.010314531020E-2,-2.558411662277E0,
-4.976210570414E0));
#5968=CARTESIAN_POINT('',(2.067942051918E-2,-2.674239086167E0,
-5.035442108632E0));
#5969=CARTESIAN_POINT('',(2.130494368243E-2,-2.723139875348E0,
-5.155995150517E0));
#5970=CARTESIAN_POINT('',(2.978467027887E-2,-2.432000664659E0,
-5.007077484795E0));
#5971=CARTESIAN_POINT('',(3.015425534777E-2,-2.558365009294E0,
-4.976149658402E0));
#5972=CARTESIAN_POINT('',(3.101854298165E-2,-2.674191682158E0,
-5.035378450393E0));
#5973=CARTESIAN_POINT('',(3.195676733195E-2,-2.723092154266E0,
-5.155929185894E0));
#5974=(BOUNDED_SURFACE()B_SPLINE_SURFACE(3,3,((#5942,#5943,#5944,#5945),(#5946,
#5947,#5948,#5949),(#5950,#5951,#5952,#5953),(#5954,#5955,#5956,#5957),(#5958,
#5959,#5960,#5961),(#5962,#5963,#5964,#5965),(#5966,#5967,#5968,#5969),(#5970,
#5971,#5972,#5973)),.UNSPECIFIED.,.F.,.F.,.F.)B_SPLINE_SURFACE_WITH_KNOTS((4,1,
1,1,1,4),(4,4),(-1.259187494607E-1,0.E0,3.333641001994E-1,6.666685478410E-1,
1.E0,1.125950447839E0),(0.E0,1.E0),.UNSPECIFIED.)GEOMETRIC_REPRESENTATION_ITEM()RATIONAL_B_SPLINE_SURFACE(((1.138574618155E0,9.538084606148E-1,9.538084606148E-1,
1.138574618155E0),(1.138574618155E0,9.538084606148E-1,9.538084606148E-1,
1.138574618155E0),(1.138574618155E0,9.538084606148E-1,9.538084606148E-1,
1.138574618155E0),(1.138574618155E0,9.538084606148E-1,9.538084606148E-1,
1.138574618155E0),(1.138574618155E0,9.538084606148E-1,9.538084606148E-1,
1.138574618155E0),(1.138574618155E0,9.538084606148E-1,9.538084606148E-1,
1.138574618155E0),(1.138574618155E0,9.538084606148E-1,9.538084606148E-1,
1.138574618155E0),(1.138574618155E0,9.538084606148E-1,9.538084606148E-1,
1.138574618155E0)))REPRESENTATION_ITEM('')SURFACE());
#5976=ORIENTED_EDGE('',*,*,#5975,.F.);
#5978=ORIENTED_EDGE('',*,*,#5977,.T.);
#5980=ORIENTED_EDGE('',*,*,#5979,.T.);
#5981=ORIENTED_EDGE('',*,*,#5933,.F.);
#5982=EDGE_LOOP('',(#5976,#5978,#5980,#5981));
#5983=FACE_OUTER_BOUND('',#5982,.F.);
#5985=CARTESIAN_POINT('',(0.E0,1.3225E1,0.E0));
#5986=DIRECTION('',(0.E0,-1.E0,0.E0));
#5987=DIRECTION('',(0.E0,0.E0,1.E0));
#5988=AXIS2_PLACEMENT_3D('',#5985,#5986,#5987);
#5989=CYLINDRICAL_SURFACE('',#5988,5.E0);
#5991=ORIENTED_EDGE('',*,*,#5990,.T.);
#5993=ORIENTED_EDGE('',*,*,#5992,.T.);
#5994=ORIENTED_EDGE('',*,*,#5975,.T.);
#5995=ORIENTED_EDGE('',*,*,#5894,.F.);
#5997=ORIENTED_EDGE('',*,*,#5996,.T.);
#5998=ORIENTED_EDGE('',*,*,#5890,.F.);
#6000=ORIENTED_EDGE('',*,*,#5999,.T.);
#6001=ORIENTED_EDGE('',*,*,#5514,.F.);
#6003=ORIENTED_EDGE('',*,*,#6002,.T.);
#6004=EDGE_LOOP('',(#5991,#5993,#5994,#5995,#5997,#5998,#6000,#6001,#6003));
#6005=FACE_OUTER_BOUND('',#6004,.F.);
#6007=CARTESIAN_POINT('',(-7.650148764478E-1,-3.195530447702E0,
-4.946704464413E0));
#6008=CARTESIAN_POINT('',(-5.764159182752E-1,-3.190523336452E0,
-4.934966299931E0));
#6009=CARTESIAN_POINT('',(-4.577306107972E-1,-3.186775497673E0,
-5.082045610571E0));
#6010=CARTESIAN_POINT('',(-5.089770257467E-1,-3.187445297097E0,
-5.263996228482E0));
#6011=CARTESIAN_POINT('',(-7.682161977823E-1,-3.183261708452E0,
-4.946836759016E0));
#6012=CARTESIAN_POINT('',(-5.797080417929E-1,-3.179924305569E0,
-4.932933124706E0));
#6013=CARTESIAN_POINT('',(-4.592969338474E-1,-3.177376920326E0,
-5.078649474718E0));
#6014=CARTESIAN_POINT('',(-5.084553062783E-1,-3.177766276403E0,
-5.261188230667E0));
#6015=CARTESIAN_POINT('',(-7.766173753810E-1,-3.149116683153E0,
-4.947401115439E0));
#6016=CARTESIAN_POINT('',(-5.885243234959E-1,-3.150392023441E0,
-4.927504427747E0));
#6017=CARTESIAN_POINT('',(-4.634459159561E-1,-3.151296578360E0,
-5.069365431098E0));
#6018=CARTESIAN_POINT('',(-5.067877956621E-1,-3.151068064518E0,
-5.253435511509E0));
#6019=CARTESIAN_POINT('',(-7.883885825065E-1,-3.091544970725E0,
-4.949273253519E0));
#6020=CARTESIAN_POINT('',(-6.017446195829E-1,-3.100440081548E0,
-4.919428016386E0));
#6021=CARTESIAN_POINT('',(-4.694481222378E-1,-3.107676756662E0,
-5.054493104970E0));
#6022=CARTESIAN_POINT('',(-5.029875370418E-1,-3.107156530249E0,
-5.240646935070E0));
#6023=CARTESIAN_POINT('',(-7.988265583517E-1,-3.021601453022E0,
-4.952980798650E0));
#6024=CARTESIAN_POINT('',(-6.151043817636E-1,-3.039505025619E0,
-4.911295335783E0));
#6025=CARTESIAN_POINT('',(-4.751269605455E-1,-3.055237900119E0,
-5.037645112255E0));
#6026=CARTESIAN_POINT('',(-4.968555828623E-1,-3.055541722950E0,
-5.225553081537E0));
#6027=CARTESIAN_POINT('',(-8.043693477064E-1,-2.960105570116E0,
-4.957524161863E0));
#6028=CARTESIAN_POINT('',(-6.242610893602E-1,-2.985699687786E0,
-4.905655440706E0));
#6029=CARTESIAN_POINT('',(-4.785916755997E-1,-3.009636908603E0,
-5.023933567340E0));
#6030=CARTESIAN_POINT('',(-4.901191308542E-1,-3.011744940650E0,
-5.212683608065E0));
#6031=CARTESIAN_POINT('',(-8.059286845391E-1,-2.921827734371E0,
-4.960976157066E0));
#6032=CARTESIAN_POINT('',(-6.285863924472E-1,-2.952091061190E0,
-4.902884568698E0));
#6033=CARTESIAN_POINT('',(-4.799473363764E-1,-2.981504656271E0,
-5.015941765549E0));
#6034=CARTESIAN_POINT('',(-4.852721074504E-1,-2.985281196523E0,
-5.204872577803E0));
#6035=CARTESIAN_POINT('',(-8.062357851284E-1,-2.908334606324E0,
-4.962268062234E0));
#6036=CARTESIAN_POINT('',(-6.299327705367E-1,-2.940228782458E0,
-4.901997484813E0));
#6037=CARTESIAN_POINT('',(-4.803220212116E-1,-2.971619619632E0,
-5.013191332936E0));
#6038=CARTESIAN_POINT('',(-4.834829902545E-1,-2.976053540138E0,
-5.202144711583E0));
#6039=(BOUNDED_SURFACE()B_SPLINE_SURFACE(3,3,((#6007,#6008,#6009,#6010),(#6011,
#6012,#6013,#6014),(#6015,#6016,#6017,#6018),(#6019,#6020,#6021,#6022),(#6023,
#6024,#6025,#6026),(#6027,#6028,#6029,#6030),(#6031,#6032,#6033,#6034),(#6035,
#6036,#6037,#6038)),.UNSPECIFIED.,.F.,.F.,.F.)B_SPLINE_SURFACE_WITH_KNOTS((4,1,
1,1,1,4),(4,4),(-1.840818283E-1,0.E0,3.246059105146E-1,6.577198061890E-1,1.E0,
1.184825390255E0),(0.E0,1.E0),.UNSPECIFIED.)GEOMETRIC_REPRESENTATION_ITEM()RATIONAL_B_SPLINE_SURFACE(((1.266911904295E0,9.110293652352E-1,9.110293652352E-1,
1.266911904295E0),(1.266911904295E0,9.110293652352E-1,9.110293652352E-1,
1.266911904295E0),(1.266911904295E0,9.110293652352E-1,9.110293652352E-1,
1.266911904295E0),(1.266911904295E0,9.110293652352E-1,9.110293652352E-1,
1.266911904295E0),(1.266911904295E0,9.110293652352E-1,9.110293652352E-1,
1.266911904295E0),(1.266911904295E0,9.110293652352E-1,9.110293652352E-1,
1.266911904295E0),(1.266911904295E0,9.110293652352E-1,9.110293652352E-1,
1.266911904295E0),(1.266911904295E0,9.110293652352E-1,9.110293652352E-1,
1.266911904295E0)))REPRESENTATION_ITEM('')SURFACE());
#6040=ORIENTED_EDGE('',*,*,#5990,.F.);
#6042=ORIENTED_EDGE('',*,*,#6041,.T.);
#6044=ORIENTED_EDGE('',*,*,#6043,.T.);
#6046=ORIENTED_EDGE('',*,*,#6045,.F.);
#6047=EDGE_LOOP('',(#6040,#6042,#6044,#6046));
#6048=FACE_OUTER_BOUND('',#6047,.F.);
#6050=CARTESIAN_POINT('',(-7.5E-1,-1.107824E1,-5.196152422707E0));
#6051=DIRECTION('',(0.E0,1.E0,0.E0));
#6052=DIRECTION('',(1.428571428571E-1,0.E0,9.897433186108E-1));
#6053=AXIS2_PLACEMENT_3D('',#6050,#6051,#6052);
#6054=CYLINDRICAL_SURFACE('',#6053,2.5E-1);
#6055=ORIENTED_EDGE('',*,*,#6002,.F.);
#6056=ORIENTED_EDGE('',*,*,#5561,.T.);
#6058=ORIENTED_EDGE('',*,*,#6057,.T.);
#6059=ORIENTED_EDGE('',*,*,#6041,.F.);
#6060=EDGE_LOOP('',(#6055,#6056,#6058,#6059));
#6061=FACE_OUTER_BOUND('',#6060,.F.);
#6063=CARTESIAN_POINT('',(-5.E-1,0.E0,0.E0));
#6064=DIRECTION('',(1.E0,0.E0,0.E0));
#6065=DIRECTION('',(0.E0,0.E0,-1.E0));
#6066=AXIS2_PLACEMENT_3D('',#6063,#6064,#6065);
#6067=PLANE('',#6066);
#6068=ORIENTED_EDGE('',*,*,#5677,.F.);
#6070=ORIENTED_EDGE('',*,*,#6069,.F.);
#6072=ORIENTED_EDGE('',*,*,#6071,.F.);
#6074=ORIENTED_EDGE('',*,*,#6073,.F.);
#6075=ORIENTED_EDGE('',*,*,#6057,.F.);
#6076=ORIENTED_EDGE('',*,*,#5559,.F.);
#6077=ORIENTED_EDGE('',*,*,#5619,.F.);
#6078=EDGE_LOOP('',(#6068,#6070,#6072,#6074,#6075,#6076,#6077));
#6079=FACE_OUTER_BOUND('',#6078,.F.);
#6081=CARTESIAN_POINT('',(-2.5E-1,-6.584391949158E0,-7.75E0));
#6082=DIRECTION('',(0.E0,-1.E0,0.E0));
#6083=DIRECTION('',(-1.E0,0.E0,0.E0));
#6084=AXIS2_PLACEMENT_3D('',#6081,#6082,#6083);
#6085=CYLINDRICAL_SURFACE('',#6084,2.5E-1);
#6086=ORIENTED_EDGE('',*,*,#5751,.F.);
#6088=ORIENTED_EDGE('',*,*,#6087,.F.);
#6090=ORIENTED_EDGE('',*,*,#6089,.F.);
#6091=ORIENTED_EDGE('',*,*,#6069,.T.);
#6092=EDGE_LOOP('',(#6086,#6088,#6090,#6091));
#6093=FACE_OUTER_BOUND('',#6092,.F.);
#6095=CARTESIAN_POINT('',(-5.E-1,-8.35E0,-8.E0));
#6096=DIRECTION('',(0.E0,0.E0,-1.E0));
#6097=DIRECTION('',(0.E0,1.E0,0.E0));
#6098=AXIS2_PLACEMENT_3D('',#6095,#6096,#6097);
#6099=PLANE('',#6098);
#6100=ORIENTED_EDGE('',*,*,#5766,.F.);
#6101=ORIENTED_EDGE('',*,*,#5835,.T.);
#6103=ORIENTED_EDGE('',*,*,#6102,.T.);
#6104=ORIENTED_EDGE('',*,*,#6087,.T.);
#6105=EDGE_LOOP('',(#6100,#6101,#6103,#6104));
#6106=FACE_OUTER_BOUND('',#6105,.F.);
#6108=CARTESIAN_POINT('',(1.803600000113E1,-6.693609949158E0,-7.E0));
#6109=DIRECTION('',(-1.E0,0.E0,0.E0));
#6110=DIRECTION('',(0.E0,6.146495767625E-1,-7.888002901785E-1));
#6111=AXIS2_PLACEMENT_3D('',#6108,#6109,#6110);
#6112=CYLINDRICAL_SURFACE('',#6111,1.E0);
#6114=ORIENTED_EDGE('',*,*,#6113,.T.);
#6116=ORIENTED_EDGE('',*,*,#6115,.T.);
#6118=ORIENTED_EDGE('',*,*,#6117,.T.);
#6119=ORIENTED_EDGE('',*,*,#6102,.F.);
#6120=EDGE_LOOP('',(#6114,#6116,#6118,#6119));
#6121=FACE_OUTER_BOUND('',#6120,.F.);
#6123=CARTESIAN_POINT('',(2.5E-1,-6.693609949158E0,-7.E0));
#6124=DIRECTION('',(-1.E0,0.E0,0.E0));
#6125=DIRECTION('',(0.E0,-1.090009936818E-1,-9.940416406652E-1));
#6126=AXIS2_PLACEMENT_3D('',#6123,#6124,#6125);
#6127=TOROIDAL_SURFACE('',#6126,7.5E-1,2.5E-1);
#6128=ORIENTED_EDGE('',*,*,#5849,.T.);
#6130=ORIENTED_EDGE('',*,*,#6129,.T.);
#6131=ORIENTED_EDGE('',*,*,#6113,.F.);
#6132=ORIENTED_EDGE('',*,*,#5833,.F.);
#6133=EDGE_LOOP('',(#6128,#6130,#6131,#6132));
#6134=FACE_OUTER_BOUND('',#6133,.F.);
#6136=CARTESIAN_POINT('',(2.5E-1,-6.293268888096E0,-7.638856935694E0));
#6137=DIRECTION('',(0.E0,7.888002901785E-1,6.146495767625E-1));
#6138=DIRECTION('',(1.E0,0.E0,0.E0));
#6139=AXIS2_PLACEMENT_3D('',#6136,#6137,#6138);
#6140=CYLINDRICAL_SURFACE('',#6139,2.5E-1);
#6142=ORIENTED_EDGE('',*,*,#6141,.F.);
#6144=ORIENTED_EDGE('',*,*,#6143,.T.);
#6146=ORIENTED_EDGE('',*,*,#6145,.F.);
#6147=ORIENTED_EDGE('',*,*,#6129,.F.);
#6148=ORIENTED_EDGE('',*,*,#5847,.T.);
#6149=EDGE_LOOP('',(#6142,#6144,#6146,#6147,#6148));
#6150=FACE_OUTER_BOUND('',#6149,.F.);
#6152=CARTESIAN_POINT('',(8.062344965586E-1,-2.908391341358E0,
-4.962262626671E0));
#6153=CARTESIAN_POINT('',(6.299271111901E-1,-2.940278660047E0,
-4.902001211624E0));
#6154=CARTESIAN_POINT('',(4.803204471739E-1,-2.971661183551E0,
-5.013202896318E0));
#6155=CARTESIAN_POINT('',(4.834905145473E-1,-2.976092340294E0,
-5.202156181953E0));
#6156=CARTESIAN_POINT('',(8.059271520154E-1,-2.921865370555E0,
-4.960972761681E0));
#6157=CARTESIAN_POINT('',(6.285821401883E-1,-2.952124106379E0,
-4.902887292215E0));
#6158=CARTESIAN_POINT('',(4.799460040376E-1,-2.981532316868E0,
-5.015949622946E0));
#6159=CARTESIAN_POINT('',(4.852768737172E-1,-2.985307216676E0,
-5.204880257885E0));
#6160=CARTESIAN_POINT('',(8.043675566742E-1,-2.960127009598E0,
-4.957522531653E0));
#6161=CARTESIAN_POINT('',(6.242579999834E-1,-2.985718454983E0,
-4.905657352410E0));
#6162=CARTESIAN_POINT('',(4.785905279199E-1,-3.009652787523E0,
-5.023938307232E0));
#6163=CARTESIAN_POINT('',(4.901215283140E-1,-3.011760149348E0,
-5.212688079301E0));
#6164=CARTESIAN_POINT('',(7.988259617219E-1,-3.021607083438E0,
-4.952980411959E0));
#6165=CARTESIAN_POINT('',(6.151034788590E-1,-3.039509946334E0,
-4.911295887264E0));
#6166=CARTESIAN_POINT('',(4.751266059292E-1,-3.055242087109E0,
-5.037646393361E0));
#6167=CARTESIAN_POINT('',(4.968561687586E-1,-3.055545770547E0,
-5.225554269113E0));
#6168=CARTESIAN_POINT('',(7.883875374798E-1,-3.091550432074E0,
-4.949273048114E0));
#6169=CARTESIAN_POINT('',(6.017434148123E-1,-3.100444824808E0,
-4.919428750381E0));
#6170=CARTESIAN_POINT('',(4.694475829177E-1,-3.107680883803E0,
-5.054494492322E0));
#6171=CARTESIAN_POINT('',(5.029879273089E-1,-3.107160662471E0,
-5.240648139417E0));
#6172=CARTESIAN_POINT('',(7.766133182058E-1,-3.149135985672E0,
-4.947400529918E0));
#6173=CARTESIAN_POINT('',(5.885198152508E-1,-3.150408763955E0,
-4.927507185282E0));
#6174=CARTESIAN_POINT('',(4.634438580359E-1,-3.151311219427E0,
-5.069370453447E0));
#6175=CARTESIAN_POINT('',(5.067890242757E-1,-3.151082837936E0,
-5.253439812124E0));
#6176=CARTESIAN_POINT('',(7.682081485478E-1,-3.183294420450E0,
-4.946836218597E0));
#6177=CARTESIAN_POINT('',(5.796995952866E-1,-3.179952598411E0,
-4.932938326183E0));
#6178=CARTESIAN_POINT('',(4.592929590917E-1,-3.177401906130E0,
-5.078658369363E0));
#6179=CARTESIAN_POINT('',(5.084569036303E-1,-3.177791854178E0,
-5.261195657758E0));
#6180=CARTESIAN_POINT('',(7.650021596189E-1,-3.195579180566E0,
-4.946703939128E0));
#6181=CARTESIAN_POINT('',(5.764028411885E-1,-3.190565436962E0,
-4.934974376573E0));
#6182=CARTESIAN_POINT('',(4.577243892012E-1,-3.186812830022E0,
-5.082059100720E0));
#6183=CARTESIAN_POINT('',(5.089790979111E-1,-3.187483743678E0,
-5.264007381967E0));
#6184=(BOUNDED_SURFACE()B_SPLINE_SURFACE(3,3,((#6152,#6153,#6154,#6155),(#6156,
#6157,#6158,#6159),(#6160,#6161,#6162,#6163),(#6164,#6165,#6166,#6167),(#6168,
#6169,#6170,#6171),(#6172,#6173,#6174,#6175),(#6176,#6177,#6178,#6179),(#6180,
#6181,#6182,#6183)),.UNSPECIFIED.,.F.,.F.,.F.)B_SPLINE_SURFACE_WITH_KNOTS((4,1,
1,1,1,4),(4,4),(-1.845660740554E-1,0.E0,3.423198271082E-1,6.754337160902E-1,
1.E0,1.184325378383E0),(0.E0,1.E0),.UNSPECIFIED.)GEOMETRIC_REPRESENTATION_ITEM()RATIONAL_B_SPLINE_SURFACE(((1.266911903471E0,9.110293655095E-1,9.110293655095E-1,
1.266911903471E0),(1.266911903471E0,9.110293655095E-1,9.110293655095E-1,
1.266911903471E0),(1.266911903471E0,9.110293655095E-1,9.110293655095E-1,
1.266911903471E0),(1.266911903471E0,9.110293655095E-1,9.110293655095E-1,
1.266911903471E0),(1.266911903471E0,9.110293655095E-1,9.110293655095E-1,
1.266911903471E0),(1.266911903471E0,9.110293655095E-1,9.110293655095E-1,
1.266911903471E0),(1.266911903471E0,9.110293655095E-1,9.110293655095E-1,
1.266911903471E0),(1.266911903471E0,9.110293655095E-1,9.110293655095E-1,
1.266911903471E0)))REPRESENTATION_ITEM('')SURFACE());
#6185=ORIENTED_EDGE('',*,*,#5883,.F.);
#6187=ORIENTED_EDGE('',*,*,#6186,.T.);
#6188=ORIENTED_EDGE('',*,*,#6141,.T.);
#6189=ORIENTED_EDGE('',*,*,#5866,.F.);
#6190=EDGE_LOOP('',(#6185,#6187,#6188,#6189));
#6191=FACE_OUTER_BOUND('',#6190,.F.);
#6193=CARTESIAN_POINT('',(1.634616497132E-1,-2.368768967225E0,
-5.031826291197E0));
#6194=CARTESIAN_POINT('',(1.841817434144E-1,-2.508625130800E0,
-4.947923378270E0));
#6195=CARTESIAN_POINT('',(2.121779151599E-1,-2.661884547864E0,
-5.000207728336E0));
#6196=CARTESIAN_POINT('',(2.279796929891E-1,-2.721960031794E0,
-5.152317192269E0));
#6197=CARTESIAN_POINT('',(1.870049127970E-1,-2.363888841999E0,
-5.031173621553E0));
#6198=CARTESIAN_POINT('',(2.012027826634E-1,-2.504660341593E0,
-4.947093407514E0));
#6199=CARTESIAN_POINT('',(2.226358991697E-1,-2.659273808164E0,
-4.999254875664E0));
#6200=CARTESIAN_POINT('',(2.363981923807E-1,-2.720200355517E0,
-5.151381337452E0));
#6201=CARTESIAN_POINT('',(2.709189911739E-1,-2.353495948001E0,
-5.028565026512E0));
#6202=CARTESIAN_POINT('',(2.619760735280E-1,-2.496038114727E0,
-4.944386168093E0));
#6203=CARTESIAN_POINT('',(2.598906113429E-1,-2.653520914837E0,
-4.996386254086E0));
#6204=CARTESIAN_POINT('',(2.661129790973E-1,-2.716419929360E0,
-5.148400832241E0));
#6205=CARTESIAN_POINT('',(4.178528384156E-1,-2.374230878522E0,
-5.019002541534E0));
#6206=CARTESIAN_POINT('',(3.686627619198E-1,-2.511641965383E0,
-4.937863605441E0));
#6207=CARTESIAN_POINT('',(3.250719561830E-1,-2.663293801081E0,
-4.993019716605E0));
#6208=CARTESIAN_POINT('',(3.173964790058E-1,-2.723717222133E0,
-5.146111504836E0));
#6209=CARTESIAN_POINT('',(5.703721887391E-1,-2.461094564817E0,
-5.000876332609E0));
#6210=CARTESIAN_POINT('',(4.784564124890E-1,-2.579561817697E0,
-4.928506764135E0));
#6211=CARTESIAN_POINT('',(3.929114025520E-1,-2.707211361959E0,
-4.992886096309E0));
#6212=CARTESIAN_POINT('',(3.732310687553E-1,-2.755266885796E0,
-5.149240493861E0));
#6213=CARTESIAN_POINT('',(6.730960033318E-1,-2.579807869400E0,
-4.982565792323E0));
#6214=CARTESIAN_POINT('',(5.503132629972E-1,-2.673439291051E0,
-4.922010089116E0));
#6215=CARTESIAN_POINT('',(4.389995760028E-1,-2.769957172471E0,
-4.998190378574E0));
#6216=CARTESIAN_POINT('',(4.165701704426E-1,-2.802236310936E0,
-5.158125624458E0));
#6217=CARTESIAN_POINT('',(7.317411358637E-1,-2.705428963317E0,
-4.967478358447E0));
#6218=CARTESIAN_POINT('',(5.886961826618E-1,-2.773897792451E0,
-4.920229540717E0));
#6219=CARTESIAN_POINT('',(4.658132353503E-1,-2.840389013567E0,
-5.008761622288E0));
#6220=CARTESIAN_POINT('',(4.485535849154E-1,-2.858660037924E0,
-5.171503277355E0));
#6221=CARTESIAN_POINT('',(7.589869895825E-1,-2.832134335527E0,
-4.956065187145E0));
#6222=CARTESIAN_POINT('',(6.032168310452E-1,-2.876864802055E0,
-4.923509949908E0));
#6223=CARTESIAN_POINT('',(4.789000473079E-1,-2.917095841747E0,
-5.024571697812E0));
#6224=CARTESIAN_POINT('',(4.724951182643E-1,-2.924848010221E0,
-5.188965109468E0));
#6225=CARTESIAN_POINT('',(7.614045581144E-1,-2.930895426417E0,
-4.950357694054E0));
#6226=CARTESIAN_POINT('',(6.003318438775E-1,-2.959307330541E0,
-4.930428527155E0));
#6227=CARTESIAN_POINT('',(4.808545750006E-1,-2.983310636624E0,
-5.041235702628E0));
#6228=CARTESIAN_POINT('',(4.860654984035E-1,-2.986211787336E0,
-5.205716255484E0));
#6229=CARTESIAN_POINT('',(7.576130811480E-1,-2.987370158260E0,
-4.948385477801E0));
#6230=CARTESIAN_POINT('',(5.948758416194E-1,-3.007818928683E0,
-4.935998667857E0));
#6231=CARTESIAN_POINT('',(4.796864539077E-1,-3.024531370301E0,
-5.052214317774E0));
#6232=CARTESIAN_POINT('',(4.921555761402E-1,-3.025884496624E0,
-5.216208035787E0));
#6233=CARTESIAN_POINT('',(7.562292916234E-1,-3.002947031311E0,
-4.947925798565E0));
#6234=CARTESIAN_POINT('',(5.931255474008E-1,-3.021325660402E0,
-4.937638916027E0));
#6235=CARTESIAN_POINT('',(4.792143088197E-1,-3.036188363270E0,
-5.055336684994E0));
#6236=CARTESIAN_POINT('',(4.937173208004E-1,-3.037198589543E0,
-5.219163945722E0));
#6237=(BOUNDED_SURFACE()B_SPLINE_SURFACE(3,3,((#6193,#6194,#6195,#6196),(#6197,
#6198,#6199,#6200),(#6201,#6202,#6203,#6204),(#6205,#6206,#6207,#6208),(#6209,
#6210,#6211,#6212),(#6213,#6214,#6215,#6216),(#6217,#6218,#6219,#6220),(#6221,
#6222,#6223,#6224),(#6225,#6226,#6227,#6228),(#6229,#6230,#6231,#6232),(#6233,
#6234,#6235,#6236)),.UNSPECIFIED.,.F.,.F.,.F.)B_SPLINE_SURFACE_WITH_KNOTS((4,1,
1,1,1,1,1,1,4),(4,4),(-7.501418111263E-2,0.E0,1.862800553681E-1,
3.702740281132E-1,5.369359580829E-1,6.870932798217E-1,8.373815176988E-1,1.E0,
1.063254877823E0),(0.E0,1.E0),.UNSPECIFIED.)GEOMETRIC_REPRESENTATION_ITEM()RATIONAL_B_SPLINE_SURFACE(((1.210459246245E0,9.298469179183E-1,9.298469179183E-1,
1.210459246245E0),(1.210459246245E0,9.298469179183E-1,9.298469179183E-1,
1.210459246245E0),(1.210459246245E0,9.298469179183E-1,9.298469179183E-1,
1.210459246245E0),(1.210459246245E0,9.298469179183E-1,9.298469179183E-1,
1.210459246245E0),(1.210459246245E0,9.298469179183E-1,9.298469179183E-1,
1.210459246245E0),(1.210459246245E0,9.298469179183E-1,9.298469179183E-1,
1.210459246245E0),(1.210459246245E0,9.298469179183E-1,9.298469179183E-1,
1.210459246245E0),(1.210459246245E0,9.298469179183E-1,9.298469179183E-1,
1.210459246245E0),(1.210459246245E0,9.298469179183E-1,9.298469179183E-1,
1.210459246245E0),(1.210459246245E0,9.298469179183E-1,9.298469179183E-1,
1.210459246245E0),(1.210459246245E0,9.298469179183E-1,9.298469179183E-1,
1.210459246245E0)))REPRESENTATION_ITEM('')SURFACE());
#6238=ORIENTED_EDGE('',*,*,#5881,.F.);
#6239=ORIENTED_EDGE('',*,*,#5937,.T.);
#6241=ORIENTED_EDGE('',*,*,#6240,.T.);
#6242=ORIENTED_EDGE('',*,*,#6186,.F.);
#6243=EDGE_LOOP('',(#6238,#6239,#6241,#6242));
#6244=FACE_OUTER_BOUND('',#6243,.F.);
#6246=CARTESIAN_POINT('',(2.5E-1,-3.5E0,-4.511472766890E0));
#6247=DIRECTION('',(-1.E0,0.E0,0.E0));
#6248=DIRECTION('',(0.E0,5.250072582732E-1,-8.510977492394E-1));
#6249=AXIS2_PLACEMENT_3D('',#6246,#6247,#6248);
#6250=TOROIDAL_SURFACE('',#6249,7.5E-1,2.5E-1);
#6251=ORIENTED_EDGE('',*,*,#6240,.F.);
#6253=ORIENTED_EDGE('',*,*,#6252,.F.);
#6254=ORIENTED_EDGE('',*,*,#6143,.F.);
#6255=EDGE_LOOP('',(#6251,#6253,#6254));
#6256=FACE_OUTER_BOUND('',#6255,.F.);
#6258=CARTESIAN_POINT('',(1.803600000113E1,-3.5E0,-4.511472766890E0));
#6259=DIRECTION('',(-1.E0,0.E0,0.E0));
#6260=DIRECTION('',(0.E0,1.E0,0.E0));
#6261=AXIS2_PLACEMENT_3D('',#6258,#6259,#6260);
#6262=CYLINDRICAL_SURFACE('',#6261,1.E0);
#6263=ORIENTED_EDGE('',*,*,#5979,.F.);
#6265=ORIENTED_EDGE('',*,*,#6264,.T.);
#6267=ORIENTED_EDGE('',*,*,#6266,.F.);
#6268=ORIENTED_EDGE('',*,*,#6252,.T.);
#6269=ORIENTED_EDGE('',*,*,#5935,.F.);
#6270=EDGE_LOOP('',(#6263,#6265,#6267,#6268,#6269));
#6271=FACE_OUTER_BOUND('',#6270,.F.);
#6273=CARTESIAN_POINT('',(-2.5E-1,-3.5E0,-4.511472766890E0));
#6274=DIRECTION('',(-1.E0,0.E0,0.E0));
#6275=DIRECTION('',(0.E0,9.970458808888E-1,7.680827691486E-2));
#6276=AXIS2_PLACEMENT_3D('',#6273,#6274,#6275);
#6277=TOROIDAL_SURFACE('',#6276,7.5E-1,2.5E-1);
#6279=ORIENTED_EDGE('',*,*,#6278,.F.);
#6281=ORIENTED_EDGE('',*,*,#6280,.T.);
#6282=ORIENTED_EDGE('',*,*,#6264,.F.);
#6283=EDGE_LOOP('',(#6279,#6281,#6282));
#6284=FACE_OUTER_BOUND('',#6283,.F.);
#6286=CARTESIAN_POINT('',(-7.563481317362E-1,-3.001640152498E0,
-4.947979047847E0));
#6287=CARTESIAN_POINT('',(-5.932777224431E-1,-3.020187177360E0,
-4.937509496309E0));
#6288=CARTESIAN_POINT('',(-4.792567041282E-1,-3.035199702610E0,
-5.055068832862E0));
#6289=CARTESIAN_POINT('',(-4.935820855796E-1,-3.036237123838E0,
-5.218899291424E0));
#6290=CARTESIAN_POINT('',(-7.576730273759E-1,-2.986470427679E0,
-4.948421443713E0));
#6291=CARTESIAN_POINT('',(-5.949644060220E-1,-3.007044867933E0,
-4.935913062908E0));
#6292=CARTESIAN_POINT('',(-4.797067036849E-1,-3.023872329194E0,
-5.052037386214E0));
#6293=CARTESIAN_POINT('',(-4.920569928954E-1,-3.025249992425E0,
-5.216034641250E0));
#6294=CARTESIAN_POINT('',(-7.597559530930E-1,-2.955093130317E0,
-4.949518571590E0));
#6295=CARTESIAN_POINT('',(-5.979778071237E-1,-2.980100368664E0,
-4.932824397227E0));
#6296=CARTESIAN_POINT('',(-4.803454196899E-1,-3.000991383522E0,
-5.045947656010E0));
#6297=CARTESIAN_POINT('',(-4.886673608075E-1,-3.003237318604E0,
-5.210215694612E0));
#6298=CARTESIAN_POINT('',(-7.604647184267E-1,-2.905745668500E0,
-4.951885056960E0));
#6299=CARTESIAN_POINT('',(-6.008293326527E-1,-2.938396082524E0,
-4.928757443401E0));
#6300=CARTESIAN_POINT('',(-4.802156590337E-1,-2.966649113076E0,
-5.037071444862E0));
#6301=CARTESIAN_POINT('',(-4.825056316052E-1,-2.970855919572E0,
-5.201499052064E0));
#6302=CARTESIAN_POINT('',(-7.578040544252E-1,-2.851968587971E0,
-4.955192742092E0));
#6303=CARTESIAN_POINT('',(-6.013779893201E-1,-2.893601727217E0,
-4.925275955104E0));
#6304=CARTESIAN_POINT('',(-4.785638685585E-1,-2.930933724846E0,
-5.028293740584E0));
#6305=CARTESIAN_POINT('',(-4.747739482074E-1,-2.938001685701E0,
-5.192601393359E0));
#6306=CARTESIAN_POINT('',(-7.501313605126E-1,-2.792532958209E0,
-4.959702687845E0));
#6307=CARTESIAN_POINT('',(-5.984251921869E-1,-2.844738692151E0,
-4.922580245872E0));
#6308=CARTESIAN_POINT('',(-4.746624899212E-1,-2.893275916127E0,
-5.019721199852E0));
#6309=CARTESIAN_POINT('',(-4.649152098711E-1,-2.904388953044E0,
-5.183567943345E0));
#6310=CARTESIAN_POINT('',(-7.348086500188E-1,-2.726278659597E0,
-4.965758797084E0));
#6311=CARTESIAN_POINT('',(-5.900129245464E-1,-2.790900805734E0,
-4.920978894387E0));
#6312=CARTESIAN_POINT('',(-4.673493711408E-1,-2.853227573371E0,
-5.011573974789E0));
#6313=CARTESIAN_POINT('',(-4.521255323596E-1,-2.869913215259E0,
-5.174538822297E0));
#6314=CARTESIAN_POINT('',(-7.082860077966E-1,-2.653512702209E0,
-4.973636407607E0));
#6315=CARTESIAN_POINT('',(-5.734268570238E-1,-2.732357601198E0,
-4.920868084877E0));
#6316=CARTESIAN_POINT('',(-4.550757146997E-1,-2.811193253369E0,
-5.004293672214E0));
#6317=CARTESIAN_POINT('',(-4.355410158098E-1,-2.835192649672E0,
-5.165894046214E0));
#6318=CARTESIAN_POINT('',(-6.657813792152E-1,-2.575623657119E0,
-4.983533965048E0));
#6319=CARTESIAN_POINT('',(-5.449992799490E-1,-2.670214723068E0,
-4.922626811986E0));
#6320=CARTESIAN_POINT('',(-4.357572921969E-1,-2.768055603511E0,
-4.998381072703E0));
#6321=CARTESIAN_POINT('',(-4.140288021893E-1,-2.801101921445E0,
-5.158112721336E0));
#6322=CARTESIAN_POINT('',(-6.013510054044E-1,-2.496232497137E0,
-4.995392431728E0));
#6323=CARTESIAN_POINT('',(-5.001699956099E-1,-2.607329425336E0,
-4.926499660194E0));
#6324=CARTESIAN_POINT('',(-4.068038372562E-1,-2.725705280696E0,
-4.994367645952E0));
#6325=CARTESIAN_POINT('',(-3.861849190282E-1,-2.769034441314E0,
-5.151796948560E0));
#6326=CARTESIAN_POINT('',(-5.086428977291E-1,-2.422791044603E0,
-5.008570116114E0));
#6327=CARTESIAN_POINT('',(-4.340994752016E-1,-2.549570494824E0,
-4.932370853615E0));
#6328=CARTESIAN_POINT('',(-3.654407403237E-1,-2.687776737705E0,
-4.992732972772E0));
#6329=CARTESIAN_POINT('',(-3.504160675833E-1,-2.741292918490E0,
-5.147677059930E0));
#6330=CARTESIAN_POINT('',(-3.835378362788E-1,-2.368245503738E0,
-5.021402699602E0));
#6331=CARTESIAN_POINT('',(-3.437379048673E-1,-2.507098028779E0,
-4.939462706764E0));
#6332=CARTESIAN_POINT('',(-3.098518488098E-1,-2.660435903296E0,
-4.993773664092E0));
#6333=CARTESIAN_POINT('',(-3.054460502058E-1,-2.721618834449E0,
-5.146564496356E0));
#6334=CARTESIAN_POINT('',(-2.617114479420E-1,-2.354696009913E0,
-5.028845905431E0));
#6335=CARTESIAN_POINT('',(-2.553084701487E-1,-2.497029493538E0,
-4.944682441635E0));
#6336=CARTESIAN_POINT('',(-2.558026671831E-1,-2.654177554480E0,
-4.996701304908E0));
#6337=CARTESIAN_POINT('',(-2.628503449865E-1,-2.716850069271E0,
-5.148725478775E0));
#6338=CARTESIAN_POINT('',(-1.873452737623E-1,-2.363843658651E0,
-5.031158192954E0));
#6339=CARTESIAN_POINT('',(-2.014490200724E-1,-2.504621678324E0,
-4.947078984661E0));
#6340=CARTESIAN_POINT('',(-2.227866950624E-1,-2.659247694342E0,
-4.999241671398E0));
#6341=CARTESIAN_POINT('',(-2.365188083803E-1,-2.720185563526E0,
-5.151369213284E0));
#6342=CARTESIAN_POINT('',(-1.639580873165E-1,-2.368637152797E0,
-5.031787662190E0));
#6343=CARTESIAN_POINT('',(-1.845397012136E-1,-2.508518423914E0,
-4.947883108661E0));
#6344=CARTESIAN_POINT('',(-2.123981361247E-1,-2.661817269323E0,
-5.000179208248E0));
#6345=CARTESIAN_POINT('',(-2.281589767831E-1,-2.721920539349E0,
-5.152306137827E0));
#6346=(BOUNDED_SURFACE()B_SPLINE_SURFACE(3,3,((#6286,#6287,#6288,#6289),(#6290,
#6291,#6292,#6293),(#6294,#6295,#6296,#6297),(#6298,#6299,#6300,#6301),(#6302,
#6303,#6304,#6305),(#6306,#6307,#6308,#6309),(#6310,#6311,#6312,#6313),(#6314,
#6315,#6316,#6317),(#6318,#6319,#6320,#6321),(#6322,#6323,#6324,#6325),(#6326,
#6327,#6328,#6329),(#6330,#6331,#6332,#6333),(#6334,#6335,#6336,#6337),(#6338,
#6339,#6340,#6341),(#6342,#6343,#6344,#6345)),.UNSPECIFIED.,.F.,.F.,.F.)B_SPLINE_SURFACE_WITH_KNOTS((4,1,1,1,1,1,1,1,1,1,1,1,4),(4,4),(-6.136263878090E-2,0.E0,
6.384442699494E-2,1.305174925884E-1,2.040938355924E-1,2.847449907916E-1,
3.735955385699E-1,4.719783576732E-1,5.813951293130E-1,7.042542705187E-1,
8.431131847007E-1,1.E0,1.074411401727E0),(0.E0,1.E0),.UNSPECIFIED.)GEOMETRIC_REPRESENTATION_ITEM()RATIONAL_B_SPLINE_SURFACE(((1.210455762061E0,9.298480793130E-1,
9.298480793130E-1,1.210455762061E0),(1.210455762061E0,9.298480793130E-1,
9.298480793130E-1,1.210455762061E0),(1.210455762061E0,9.298480793130E-1,
9.298480793130E-1,1.210455762061E0),(1.210455762061E0,9.298480793130E-1,
9.298480793130E-1,1.210455762061E0),(1.210455762061E0,9.298480793130E-1,
9.298480793130E-1,1.210455762061E0),(1.210455762061E0,9.298480793130E-1,
9.298480793130E-1,1.210455762061E0),(1.210455762061E0,9.298480793130E-1,
9.298480793130E-1,1.210455762061E0),(1.210455762061E0,9.298480793130E-1,
9.298480793130E-1,1.210455762061E0),(1.210455762061E0,9.298480793130E-1,
9.298480793130E-1,1.210455762061E0),(1.210455762061E0,9.298480793130E-1,
9.298480793130E-1,1.210455762061E0),(1.210455762061E0,9.298480793130E-1,
9.298480793130E-1,1.210455762061E0),(1.210455762061E0,9.298480793130E-1,
9.298480793130E-1,1.210455762061E0),(1.210455762061E0,9.298480793130E-1,
9.298480793130E-1,1.210455762061E0),(1.210455762061E0,9.298480793130E-1,
9.298480793130E-1,1.210455762061E0),(1.210455762061E0,9.298480793130E-1,
9.298480793130E-1,1.210455762061E0)))REPRESENTATION_ITEM('')SURFACE());
#6347=ORIENTED_EDGE('',*,*,#5992,.F.);
#6348=ORIENTED_EDGE('',*,*,#6045,.T.);
#6349=ORIENTED_EDGE('',*,*,#6278,.T.);
#6350=ORIENTED_EDGE('',*,*,#5977,.F.);
#6351=EDGE_LOOP('',(#6347,#6348,#6349,#6350));
#6352=FACE_OUTER_BOUND('',#6351,.F.);
#6354=CARTESIAN_POINT('',(-2.5E-1,-2.952861627335E0,-5.035942187049E0));
#6355=DIRECTION('',(0.E0,-7.888002901785E-1,-6.146495767625E-1));
#6356=DIRECTION('',(-1.E0,0.E0,0.E0));
#6357=AXIS2_PLACEMENT_3D('',#6354,#6355,#6356);
#6358=CYLINDRICAL_SURFACE('',#6357,2.5E-1);
#6359=ORIENTED_EDGE('',*,*,#6043,.F.);
#6360=ORIENTED_EDGE('',*,*,#6073,.T.);
#6362=ORIENTED_EDGE('',*,*,#6361,.T.);
#6364=ORIENTED_EDGE('',*,*,#6363,.F.);
#6365=ORIENTED_EDGE('',*,*,#6280,.F.);
#6366=EDGE_LOOP('',(#6359,#6360,#6362,#6364,#6365));
#6367=FACE_OUTER_BOUND('',#6366,.F.);
#6369=CARTESIAN_POINT('',(-2.5E-1,-6.693609949158E0,-7.E0));
#6370=DIRECTION('',(-1.E0,0.E0,0.E0));
#6371=DIRECTION('',(0.E0,6.734202198196E-1,-7.392599052688E-1));
#6372=AXIS2_PLACEMENT_3D('',#6369,#6370,#6371);
#6373=TOROIDAL_SURFACE('',#6372,7.5E-1,2.5E-1);
#6374=ORIENTED_EDGE('',*,*,#6071,.T.);
#6375=ORIENTED_EDGE('',*,*,#6089,.T.);
#6376=ORIENTED_EDGE('',*,*,#6117,.F.);
#6377=ORIENTED_EDGE('',*,*,#6361,.F.);
#6378=EDGE_LOOP('',(#6374,#6375,#6376,#6377));
#6379=FACE_OUTER_BOUND('',#6378,.F.);
#6381=CARTESIAN_POINT('',(-5.E-1,-6.35E0,-8.E0));
#6382=DIRECTION('',(0.E0,6.146495767625E-1,-7.888002901785E-1));
#6383=DIRECTION('',(0.E0,7.888002901785E-1,6.146495767625E-1));
#6384=AXIS2_PLACEMENT_3D('',#6381,#6382,#6383);
#6385=PLANE('',#6384);
#6386=ORIENTED_EDGE('',*,*,#6145,.T.);
#6387=ORIENTED_EDGE('',*,*,#6266,.T.);
#6388=ORIENTED_EDGE('',*,*,#6363,.T.);
#6389=ORIENTED_EDGE('',*,*,#6115,.F.);
#6390=EDGE_LOOP('',(#6386,#6387,#6388,#6389));
#6391=FACE_OUTER_BOUND('',#6390,.F.);
#6393=CARTESIAN_POINT('',(0.E0,1.206698730037E1,0.E0));
#6394=DIRECTION('',(0.E0,-1.E0,0.E0));
#6395=DIRECTION('',(0.E0,0.E0,-1.E0));
#6396=AXIS2_PLACEMENT_3D('',#6393,#6394,#6395);
#6397=CONICAL_SURFACE('',#6396,4.749999998695E0,3.E1);
#6399=ORIENTED_EDGE('',*,*,#6398,.T.);
#6401=ORIENTED_EDGE('',*,*,#6400,.T.);
#6402=ORIENTED_EDGE('',*,*,#5996,.F.);
#6404=ORIENTED_EDGE('',*,*,#6403,.F.);
#6405=EDGE_LOOP('',(#6399,#6401,#6402,#6404));
#6406=FACE_OUTER_BOUND('',#6405,.F.);
#6408=CARTESIAN_POINT('',(0.E0,1.25E1,0.E0));
#6409=DIRECTION('',(0.E0,-1.E0,0.E0));
#6410=DIRECTION('',(0.E0,0.E0,1.E0));
#6411=AXIS2_PLACEMENT_3D('',#6408,#6409,#6410);
#6412=PLANE('',#6411);
#6413=ORIENTED_EDGE('',*,*,#6398,.F.);
#6415=ORIENTED_EDGE('',*,*,#6414,.F.);
#6416=EDGE_LOOP('',(#6413,#6415));
#6417=FACE_OUTER_BOUND('',#6416,.F.);
#6418=ORIENTED_EDGE('',*,*,#3146,.F.);
#6419=ORIENTED_EDGE('',*,*,#3272,.T.);
#6420=EDGE_LOOP('',(#6418,#6419));
#6421=FACE_BOUND('',#6420,.F.);
#6423=CARTESIAN_POINT('',(0.E0,1.206698730037E1,0.E0));
#6424=DIRECTION('',(0.E0,-1.E0,0.E0));
#6425=DIRECTION('',(0.E0,0.E0,-1.E0));
#6426=AXIS2_PLACEMENT_3D('',#6423,#6424,#6425);
#6427=CONICAL_SURFACE('',#6426,4.749999998695E0,3.E1);
#6428=ORIENTED_EDGE('',*,*,#6414,.T.);
#6429=ORIENTED_EDGE('',*,*,#6403,.T.);
#6430=ORIENTED_EDGE('',*,*,#5892,.F.);
#6431=ORIENTED_EDGE('',*,*,#6400,.F.);
#6432=EDGE_LOOP('',(#6428,#6429,#6430,#6431));
#6433=FACE_OUTER_BOUND('',#6432,.F.);
#6435=CARTESIAN_POINT('',(0.E0,-1.1E1,0.E0));
#6436=DIRECTION('',(0.E0,-1.E0,0.E0));
#6437=DIRECTION('',(-9.999988959614E-1,0.E0,-1.485959642860E-3));
#6438=AXIS2_PLACEMENT_3D('',#6435,#6436,#6437);
#6439=TOROIDAL_SURFACE('',#6438,4.E0,1.E0);
#6441=ORIENTED_EDGE('',*,*,#6440,.T.);
#6442=ORIENTED_EDGE('',*,*,#5437,.T.);
#6443=ORIENTED_EDGE('',*,*,#5999,.F.);
#6444=ORIENTED_EDGE('',*,*,#5888,.F.);
#6446=ORIENTED_EDGE('',*,*,#6445,.T.);
#6447=EDGE_LOOP('',(#6441,#6442,#6443,#6444,#6446));
#6448=FACE_OUTER_BOUND('',#6447,.F.);
#6450=CARTESIAN_POINT('',(0.E0,-1.2E1,0.E0));
#6451=DIRECTION('',(0.E0,-1.E0,0.E0));
#6452=DIRECTION('',(0.E0,0.E0,1.E0));
#6453=AXIS2_PLACEMENT_3D('',#6450,#6451,#6452);
#6454=PLANE('',#6453);
#6455=ORIENTED_EDGE('',*,*,#5408,.F.);
#6456=ORIENTED_EDGE('',*,*,#6440,.F.);
#6457=ORIENTED_EDGE('',*,*,#5420,.F.);
#6459=ORIENTED_EDGE('',*,*,#6458,.T.);
#6461=ORIENTED_EDGE('',*,*,#6460,.T.);
#6462=ORIENTED_EDGE('',*,*,#5320,.T.);
#6463=EDGE_LOOP('',(#6455,#6456,#6457,#6459,#6461,#6462));
#6464=FACE_OUTER_BOUND('',#6463,.F.);
#6466=CARTESIAN_POINT('',(2.5E-1,-1.175E1,2.576884E0));
#6467=DIRECTION('',(0.E0,0.E0,-1.E0));
#6468=DIRECTION('',(1.E0,0.E0,0.E0));
#6469=AXIS2_PLACEMENT_3D('',#6466,#6467,#6468);
#6470=CYLINDRICAL_SURFACE('',#6469,2.5E-1);
#6472=ORIENTED_EDGE('',*,*,#6471,.T.);
#6474=ORIENTED_EDGE('',*,*,#6473,.T.);
#6475=ORIENTED_EDGE('',*,*,#6458,.F.);
#6477=ORIENTED_EDGE('',*,*,#6476,.T.);
#6479=ORIENTED_EDGE('',*,*,#6478,.T.);
#6480=EDGE_LOOP('',(#6472,#6474,#6475,#6477,#6479));
#6481=FACE_OUTER_BOUND('',#6480,.F.);
#6483=CARTESIAN_POINT('',(7.427751251355E-1,-1.183469165276E1,
-1.274737839609E-1));
#6484=DIRECTION('',(0.E0,0.E0,-1.E0));
#6485=DIRECTION('',(-9.855502502710E-1,1.693833055255E-1,0.E0));
#6486=AXIS2_PLACEMENT_3D('',#6483,#6484,#6485);
#6487=CYLINDRICAL_SURFACE('',#6486,2.5E-1);
#6488=ORIENTED_EDGE('',*,*,#6471,.F.);
#6490=ORIENTED_EDGE('',*,*,#6489,.T.);
#6491=ORIENTED_EDGE('',*,*,#4650,.T.);
#6493=ORIENTED_EDGE('',*,*,#6492,.F.);
#6494=EDGE_LOOP('',(#6488,#6490,#6491,#6493));
#6495=FACE_OUTER_BOUND('',#6494,.F.);
#6497=CARTESIAN_POINT('',(4.726393135684E-1,-1.188422351700E1,
-7.676290744457E-2));
#6498=CARTESIAN_POINT('',(4.761818510651E-1,-1.176798197430E1,
5.359383326555E-2));
#6499=CARTESIAN_POINT('',(6.091258114543E-1,-1.172780343047E1,
1.595776080025E-1));
#6500=CARTESIAN_POINT('',(7.707662451657E-1,-1.179412310210E1,
1.609057874623E-1));
#6501=CARTESIAN_POINT('',(4.745339490318E-1,-1.188149601564E1,
-8.315527813809E-2));
#6502=CARTESIAN_POINT('',(4.775788240428E-1,-1.176125178933E1,
4.367235397700E-2));
#6503=CARTESIAN_POINT('',(6.111176198564E-1,-1.171542008239E1,
1.467868620514E-1));
#6504=CARTESIAN_POINT('',(7.739947995180E-1,-1.177871837821E1,
1.480790841106E-1));
#6505=CARTESIAN_POINT('',(4.799722768337E-1,-1.187347159109E1,
-1.040610958570E-1));
#6506=CARTESIAN_POINT('',(4.810515235876E-1,-1.174078946907E1,
1.071423510748E-2));
#6507=CARTESIAN_POINT('',(6.157517304027E-1,-1.167765318486E1,
1.040298761402E-1));
#6508=CARTESIAN_POINT('',(7.820375923679E-1,-1.173188842604E1,
1.051992996487E-1));
#6509=CARTESIAN_POINT('',(4.869153243304E-1,-1.186255457314E1,
-1.437451422101E-1));
#6510=CARTESIAN_POINT('',(4.829084334344E-1,-1.171039624679E1,
-5.473233813412E-2));
#6511=CARTESIAN_POINT('',(6.164723163058E-1,-1.162112068669E1,
1.763762850131E-2));
#6512=CARTESIAN_POINT('',(7.864324325625E-1,-1.166235406219E1,
1.854456263751E-2));
#6513=CARTESIAN_POINT('',(4.921573110353E-1,-1.185403932234E1,
-1.980251094302E-1));
#6514=CARTESIAN_POINT('',(4.818213790214E-1,-1.168459403461E1,
-1.488474848672E-1));
#6515=CARTESIAN_POINT('',(6.119973249078E-1,-1.157279981537E1,
-1.088646634543E-1));
#6516=CARTESIAN_POINT('',(7.840769680194E-1,-1.160334070124E1,
-1.083636022091E-1));
#6517=CARTESIAN_POINT('',(4.936555506280E-1,-1.185170392831E1,
-2.447607477803E-1));
#6518=CARTESIAN_POINT('',(4.810611714715E-1,-1.167633021551E1,
-2.343990264733E-1));
#6519=CARTESIAN_POINT('',(6.098118800279E-1,-1.155715316916E1,
-2.259746494068E-1));
#6520=CARTESIAN_POINT('',(7.823791118229E-1,-1.158444931183E1,
-2.258690758451E-1));
#6521=CARTESIAN_POINT('',(4.932693577046E-1,-1.185231388008E1,
-2.716922865356E-1));
#6522=CARTESIAN_POINT('',(4.812514120369E-1,-1.167848503711E1,
-2.868887495975E-1));
#6523=CARTESIAN_POINT('',(6.103636881744E-1,-1.156123265967E1,
-2.992439105901E-1));
#6524=CARTESIAN_POINT('',(7.828037344733E-1,-1.158937533509E1,
-2.993987443946E-1));
#6525=CARTESIAN_POINT('',(4.930524754404E-1,-1.185267814980E1,
-2.795819284901E-1));
#6526=CARTESIAN_POINT('',(4.813604267527E-1,-1.167982132406E1,
-3.026256526019E-1));
#6527=CARTESIAN_POINT('',(6.106779689937E-1,-1.156376859764E1,
-3.213608622431E-1));
#6528=CARTESIAN_POINT('',(7.830471616012E-1,-1.159242982314E1,
-3.215956502631E-1));
#6529=(BOUNDED_SURFACE()B_SPLINE_SURFACE(3,3,((#6497,#6498,#6499,#6500),(#6501,
#6502,#6503,#6504),(#6505,#6506,#6507,#6508),(#6509,#6510,#6511,#6512),(#6513,
#6514,#6515,#6516),(#6517,#6518,#6519,#6520),(#6521,#6522,#6523,#6524),(#6525,
#6526,#6527,#6528)),.UNSPECIFIED.,.F.,.F.,.F.)B_SPLINE_SURFACE_WITH_KNOTS((4,1,
1,1,1,4),(4,4),(-1.477964735239E-1,0.E0,3.151435653218E-1,6.441962357755E-1,
1.E0,1.153017568462E0),(0.E0,1.E0),.UNSPECIFIED.)GEOMETRIC_REPRESENTATION_ITEM()RATIONAL_B_SPLINE_SURFACE(((1.233615749618E0,9.221280834606E-1,9.221280834606E-1,
1.233615749618E0),(1.233615749618E0,9.221280834606E-1,9.221280834606E-1,
1.233615749618E0),(1.233615749618E0,9.221280834606E-1,9.221280834606E-1,
1.233615749618E0),(1.233615749618E0,9.221280834606E-1,9.221280834606E-1,
1.233615749618E0),(1.233615749618E0,9.221280834606E-1,9.221280834606E-1,
1.233615749618E0),(1.233615749618E0,9.221280834606E-1,9.221280834606E-1,
1.233615749618E0),(1.233615749618E0,9.221280834606E-1,9.221280834606E-1,
1.233615749618E0),(1.233615749618E0,9.221280834606E-1,9.221280834606E-1,
1.233615749618E0)))REPRESENTATION_ITEM('')SURFACE());
#6530=ORIENTED_EDGE('',*,*,#6478,.F.);
#6532=ORIENTED_EDGE('',*,*,#6531,.T.);
#6534=ORIENTED_EDGE('',*,*,#6533,.T.);
#6535=ORIENTED_EDGE('',*,*,#6489,.F.);
#6536=EDGE_LOOP('',(#6530,#6532,#6534,#6535));
#6537=FACE_OUTER_BOUND('',#6536,.F.);
#6539=CARTESIAN_POINT('',(1.858446471456E-2,-1.225051141680E1,
6.910902394056E-1));
#6540=CARTESIAN_POINT('',(2.005155696884E-2,-1.207583980266E1,
6.875757909545E-1));
#6541=CARTESIAN_POINT('',(1.366856160863E-1,-1.196682218410E1,
7.585438449607E-1));
#6542=CARTESIAN_POINT('',(2.801403606287E-1,-1.200603565125E1,
8.502385455463E-1));
#6543=CARTESIAN_POINT('',(2.531099367606E-2,-1.224964767322E1,
6.804449469242E-1));
#6544=CARTESIAN_POINT('',(2.677789149255E-2,-1.207494648786E1,
6.784117839777E-1));
#6545=CARTESIAN_POINT('',(1.433964752507E-1,-1.196653013077E1,
7.503276611282E-1));
#6546=CARTESIAN_POINT('',(2.868321855636E-1,-1.200652025722E1,
8.417187791211E-1));
#6547=CARTESIAN_POINT('',(5.266212960673E-2,-1.224557873157E1,
6.372286139989E-1));
#6548=CARTESIAN_POINT('',(5.412863716348E-2,-1.207083332507E1,
6.412281654316E-1));
#6549=CARTESIAN_POINT('',(1.707161482889E-1,-1.196491648676E1,
7.169246997103E-1));
#6550=CARTESIAN_POINT('',(3.141136400449E-1,-1.200805657255E1,
8.069807000593E-1));
#6551=CARTESIAN_POINT('',(9.924877455144E-2,-1.223476844193E1,
5.640234433865E-1));
#6552=CARTESIAN_POINT('',(1.007173464980E-1,-1.206048216531E1,
5.783782847581E-1));
#6553=CARTESIAN_POINT('',(2.174690164914E-1,-1.195918709618E1,
6.600016296288E-1));
#6554=CARTESIAN_POINT('',(3.610684169067E-1,-1.200761075952E1,
7.470666063931E-1));
#6555=CARTESIAN_POINT('',(1.572054352002E-1,-1.221411750297E1,
4.731048288125E-1));
#6556=CARTESIAN_POINT('',(1.586817746093E-1,-1.204142179767E1,
5.005827128634E-1));
#6557=CARTESIAN_POINT('',(2.760509395737E-1,-1.194645756303E1,
5.886493388083E-1));
#6558=CARTESIAN_POINT('',(4.204098313023E-1,-1.200115693505E1,
6.705972716158E-1));
#6559=CARTESIAN_POINT('',(2.119479712850E-1,-1.218766574531E1,
3.867931169778E-1));
#6560=CARTESIAN_POINT('',(2.134368342669E-1,-1.201748231780E1,
4.269881830997E-1));
#6561=CARTESIAN_POINT('',(3.318016523714E-1,-1.192896441279E1,
5.202644488750E-1));
#6562=CARTESIAN_POINT('',(4.773851538566E-1,-1.198916129366E1,
5.959683565859E-1));
#6563=CARTESIAN_POINT('',(2.635231982872E-1,-1.215572058644E1,
3.044422638085E-1));
#6564=CARTESIAN_POINT('',(2.650292737941E-1,-1.198895499258E1,
3.570371265496E-1));
#6565=CARTESIAN_POINT('',(3.847624012790E-1,-1.190687831862E1,
4.543518831954E-1));
#6566=CARTESIAN_POINT('',(5.320288617862E-1,-1.197166081733E1,
5.226739583303E-1));
#6567=CARTESIAN_POINT('',(3.112341884662E-1,-1.211896467847E1,
2.265933433741E-1));
#6568=CARTESIAN_POINT('',(3.127618807425E-1,-1.195647252087E1,
2.911846067080E-1));
#6569=CARTESIAN_POINT('',(4.342138591373E-1,-1.188061349506E1,
3.913560856931E-1));
#6570=CARTESIAN_POINT('',(5.835944343494E-1,-1.194884819955E1,
4.512313361632E-1));
#6571=CARTESIAN_POINT('',(3.545087362286E-1,-1.207811103470E1,
1.536179016667E-1));
#6572=CARTESIAN_POINT('',(3.560620770481E-1,-1.192069410726E1,
2.297385773440E-1));
#6573=CARTESIAN_POINT('',(4.795519960290E-1,-1.185060673002E1,
3.315934932272E-1));
#6574=CARTESIAN_POINT('',(6.314391340884E-1,-1.192093767656E1,
3.820310596984E-1));
#6575=CARTESIAN_POINT('',(3.927479018848E-1,-1.203402798879E1,
8.597658144314E-2));
#6576=CARTESIAN_POINT('',(3.943301858749E-1,-1.188241615076E1,
1.730779509976E-1));
#6577=CARTESIAN_POINT('',(5.201250613705E-1,-1.181740574165E1,
2.754639962861E-1));
#6578=CARTESIAN_POINT('',(6.748472441405E-1,-1.188823990660E1,
3.155808154651E-1));
#6579=CARTESIAN_POINT('',(4.261298623179E-1,-1.198673835259E1,
2.276698936779E-2));
#6580=CARTESIAN_POINT('',(4.277443297676E-1,-1.184170772718E1,
1.204379804153E-1));
#6581=CARTESIAN_POINT('',(5.560836418817E-1,-1.178090510587E1,
2.222399891151E-1));
#6582=CARTESIAN_POINT('',(7.139351913532E-1,-1.185038637950E1,
2.510615012179E-1));
#6583=CARTESIAN_POINT('',(4.553768342369E-1,-1.193457331412E1,
-3.845703732901E-2));
#6584=CARTESIAN_POINT('',(4.570260676971E-1,-1.179722637727E1,
6.979712658485E-2));
#6585=CARTESIAN_POINT('',(5.881840530591E-1,-1.173957898361E1,
1.698262027581E-1));
#6586=CARTESIAN_POINT('',(7.495031351411E-1,-1.180529704773E1,
1.858616122482E-1));
#6587=CARTESIAN_POINT('',(4.739571792038E-1,-1.188976536897E1,
-8.447296995076E-2));
#6588=CARTESIAN_POINT('',(4.756378484460E-1,-1.175947204565E1,
3.206079106023E-2));
#6589=CARTESIAN_POINT('',(6.091199181783E-1,-1.170295273563E1,
1.296098759422E-1));
#6590=CARTESIAN_POINT('',(7.732953193789E-1,-1.176301886903E1,
1.342842137138E-1));
#6591=CARTESIAN_POINT('',(4.824937090018E-1,-1.186223527874E1,
-1.103300946316E-1));
#6592=CARTESIAN_POINT('',(4.841901645261E-1,-1.173652922362E1,
1.100480495025E-2));
#6593=CARTESIAN_POINT('',(6.189519815718E-1,-1.167981179817E1,
1.066445657301E-1));
#6594=CARTESIAN_POINT('',(7.847017266179E-1,-1.173504449812E1,
1.041453639529E-1));
#6595=CARTESIAN_POINT('',(4.845326616870E-1,-1.185502123948E1,
-1.169541232342E-1));
#6596=CARTESIAN_POINT('',(4.862329203883E-1,-1.173053601957E1,
5.620927534042E-3));
#6597=CARTESIAN_POINT('',(6.213176637753E-1,-1.167370054909E1,
1.007363920429E-1));
#6598=CARTESIAN_POINT('',(7.874648527490E-1,-1.172756573881E1,
9.634558289917E-2));
#6599=(BOUNDED_SURFACE()B_SPLINE_SURFACE(3,3,((#6539,#6540,#6541,#6542),(#6543,
#6544,#6545,#6546),(#6547,#6548,#6549,#6550),(#6551,#6552,#6553,#6554),(#6555,
#6556,#6557,#6558),(#6559,#6560,#6561,#6562),(#6563,#6564,#6565,#6566),(#6567,
#6568,#6569,#6570),(#6571,#6572,#6573,#6574),(#6575,#6576,#6577,#6578),(#6579,
#6580,#6581,#6582),(#6583,#6584,#6585,#6586),(#6587,#6588,#6589,#6590),(#6591,
#6592,#6593,#6594),(#6595,#6596,#6597,#6598)),.UNSPECIFIED.,.F.,.F.,.F.)B_SPLINE_SURFACE_WITH_KNOTS((4,1,1,1,1,1,1,1,1,1,1,1,4),(4,4),(-3.636014349298E-2,0.E0,
1.117783847122E-1,2.183198415632E-1,3.234553095287E-1,4.264995747997E-1,
5.269043941308E-1,6.242522122769E-1,7.184249746049E-1,8.084489078844E-1,
8.996320927192E-1,1.E0,1.035388174540E0),(0.E0,1.E0),.UNSPECIFIED.)GEOMETRIC_REPRESENTATION_ITEM()RATIONAL_B_SPLINE_SURFACE(((1.233602929594E0,9.221323568021E-1,
9.221323568021E-1,1.233602929594E0),(1.233602929594E0,9.221323568021E-1,
9.221323568021E-1,1.233602929594E0),(1.233602929594E0,9.221323568021E-1,
9.221323568021E-1,1.233602929594E0),(1.233602929594E0,9.221323568021E-1,
9.221323568021E-1,1.233602929594E0),(1.233602929594E0,9.221323568021E-1,
9.221323568021E-1,1.233602929594E0),(1.233602929594E0,9.221323568021E-1,
9.221323568021E-1,1.233602929594E0),(1.233602929594E0,9.221323568021E-1,
9.221323568021E-1,1.233602929594E0),(1.233602929594E0,9.221323568021E-1,
9.221323568021E-1,1.233602929594E0),(1.233602929594E0,9.221323568021E-1,
9.221323568021E-1,1.233602929594E0),(1.233602929594E0,9.221323568021E-1,
9.221323568021E-1,1.233602929594E0),(1.233602929594E0,9.221323568021E-1,
9.221323568021E-1,1.233602929594E0),(1.233602929594E0,9.221323568021E-1,
9.221323568021E-1,1.233602929594E0),(1.233602929594E0,9.221323568021E-1,
9.221323568021E-1,1.233602929594E0),(1.233602929594E0,9.221323568021E-1,
9.221323568021E-1,1.233602929594E0),(1.233602929594E0,9.221323568021E-1,
9.221323568021E-1,1.233602929594E0)))REPRESENTATION_ITEM('')SURFACE());
#6600=ORIENTED_EDGE('',*,*,#5418,.T.);
#6601=ORIENTED_EDGE('',*,*,#6531,.F.);
#6602=ORIENTED_EDGE('',*,*,#6476,.F.);
#6603=EDGE_LOOP('',(#6600,#6601,#6602));
#6604=FACE_OUTER_BOUND('',#6603,.F.);
#6606=CARTESIAN_POINT('',(8.975693972658E-1,-1.174449428319E1,
1.177299081457E-1));
#6607=CARTESIAN_POINT('',(8.165708293137E-1,-1.160871677448E1,
1.504520579480E-2));
#6608=CARTESIAN_POINT('',(7.420057558421E-1,-1.155217423469E1,
-1.486112187870E-1));
#6609=CARTESIAN_POINT('',(6.949324515373E-1,-1.159083510960E1,
-3.270203815286E-1));
#6610=CARTESIAN_POINT('',(8.923048547663E-1,-1.174564464050E1,
1.189942131958E-1));
#6611=CARTESIAN_POINT('',(8.116341511281E-1,-1.160992495826E1,
1.597478079890E-2));
#6612=CARTESIAN_POINT('',(7.373709006055E-1,-1.155354977551E1,
-1.478767963381E-1));
#6613=CARTESIAN_POINT('',(6.904881386400E-1,-1.159244027397E1,
-3.262864201890E-1));
#6614=CARTESIAN_POINT('',(8.306204121612E-1,-1.175898725564E1,
1.337350310168E-1));
#6615=CARTESIAN_POINT('',(7.538154146075E-1,-1.162394342688E1,
2.681200611346E-2));
#6616=CARTESIAN_POINT('',(6.831108277194E-1,-1.156951425888E1,
-1.393157547242E-1));
#6617=CARTESIAN_POINT('',(6.384746679281E-1,-1.161107135011E1,
-3.177313256770E-1));
#6618=CARTESIAN_POINT('',(7.679413214753E-1,-1.177095084352E1,
1.478221415026E-1));
#6619=CARTESIAN_POINT('',(6.953573639707E-1,-1.163657307835E1,
3.715411971422E-2));
#6620=CARTESIAN_POINT('',(6.285385514775E-1,-1.158394596248E1,
-1.311626998147E-1));
#6621=CARTESIAN_POINT('',(5.863555005218E-1,-1.162793216835E1,
-3.095931688576E-1));
#6622=CARTESIAN_POINT('',(7.097801234677E-1,-1.178071069033E1,
1.598118076716E-1));
#6623=CARTESIAN_POINT('',(6.414519751048E-1,-1.164690231995E1,
4.592010492265E-2));
#6624=CARTESIAN_POINT('',(5.785509444857E-1,-1.159577007946E1,
-1.242943738737E-1));
#6625=CARTESIAN_POINT('',(5.388412088473E-1,-1.164175446648E1,
-3.027605535716E-1));
#6626=(BOUNDED_SURFACE()B_SPLINE_SURFACE(3,3,((#6606,#6607,#6608,#6609),(#6610,
#6611,#6612,#6613),(#6614,#6615,#6616,#6617),(#6618,#6619,#6620,#6621),(#6622,
#6623,#6624,#6625)),.UNSPECIFIED.,.F.,.F.,.F.)B_SPLINE_SURFACE_WITH_KNOTS((4,1,
4),(4,4),(-2.962205141800E-3,0.E0,3.169804714003E-2),(0.E0,1.E0),.UNSPECIFIED.)GEOMETRIC_REPRESENTATION_ITEM()RATIONAL_B_SPLINE_SURFACE(((1.075967248533E0,
9.746775838222E-1,9.746775838222E-1,1.075967248533E0),(1.075967248533E0,
9.746775838222E-1,9.746775838222E-1,1.075967248533E0),(1.075967248533E0,
9.746775838222E-1,9.746775838222E-1,1.075967248533E0),(1.075967248533E0,
9.746775838222E-1,9.746775838222E-1,1.075967248533E0),(1.075967248533E0,
9.746775838222E-1,9.746775838222E-1,1.075967248533E0)))REPRESENTATION_ITEM('')SURFACE());
#6627=ORIENTED_EDGE('',*,*,#6533,.F.);
#6628=ORIENTED_EDGE('',*,*,#5425,.F.);
#6629=ORIENTED_EDGE('',*,*,#5118,.T.);
#6630=ORIENTED_EDGE('',*,*,#4652,.T.);
#6631=EDGE_LOOP('',(#6627,#6628,#6629,#6630));
#6632=FACE_OUTER_BOUND('',#6631,.F.);
#6634=CARTESIAN_POINT('',(4.931839903058E-1,-1.185170743099E1,
-6.961530636738E0));
#6635=CARTESIAN_POINT('',(4.832311279197E-1,-1.170538207988E1,
-6.961201854464E0));
#6636=CARTESIAN_POINT('',(5.797571288572E-1,-1.159496686532E1,
-6.960018981199E0));
#6637=CARTESIAN_POINT('',(7.260935692106E-1,-1.158528428201E1,
-6.958676457435E0));
#6638=CARTESIAN_POINT('',(4.933170546096E-1,-1.185199487431E1,
-6.974339730515E0));
#6639=CARTESIAN_POINT('',(4.831763249924E-1,-1.170568642628E1,
-6.974124878081E0));
#6640=CARTESIAN_POINT('',(5.795611446899E-1,-1.159514890229E1,
-6.973346692450E0));
#6641=CARTESIAN_POINT('',(7.258859743876E-1,-1.158527660238E1,
-6.972462030355E0));
#6642=CARTESIAN_POINT('',(4.935257661401E-1,-1.185243520310E1,
-7.014000809156E0));
#6643=CARTESIAN_POINT('',(4.830959213227E-1,-1.170614830690E1,
-7.014118105496E0));
#6644=CARTESIAN_POINT('',(5.792652053685E-1,-1.159541919620E1,
-7.014542730321E0));
#6645=CARTESIAN_POINT('',(7.255746154980E-1,-1.158525464765E1,
-7.015025395154E0));
#6646=CARTESIAN_POINT('',(4.927673996633E-1,-1.185083451217E1,
-7.082909315733E0));
#6647=CARTESIAN_POINT('',(4.833886061513E-1,-1.170447061408E1,
-7.083602967039E0));
#6648=CARTESIAN_POINT('',(5.803416194105E-1,-1.159443881261E1,
-7.086117077962E0));
#6649=CARTESIAN_POINT('',(7.267073254077E-1,-1.158533650857E1,
-7.088975665842E0));
#6650=CARTESIAN_POINT('',(4.896619305797E-1,-1.184471058802E1,
-7.169774688968E0));
#6651=CARTESIAN_POINT('',(4.843497997921E-1,-1.169812261800E1,
-7.171618896445E0));
#6652=CARTESIAN_POINT('',(5.842597450037E-1,-1.159085797930E1,
-7.177792929215E0));
#6653=CARTESIAN_POINT('',(7.307366984310E-1,-1.158588952854E1,
-7.184672140005E0));
#6654=CARTESIAN_POINT('',(4.832455673847E-1,-1.183389572532E1,
-7.262011501326E0));
#6655=CARTESIAN_POINT('',(4.852894525203E-1,-1.168721049098E1,
-7.266339132626E0));
#6656=CARTESIAN_POINT('',(5.901961437799E-1,-1.158527164601E1,
-7.279090177524E0));
#6657=CARTESIAN_POINT('',(7.363770868536E-1,-1.158792538340E1,
-7.292778760603E0));
#6658=CARTESIAN_POINT('',(4.716413717532E-1,-1.181894293226E1,
-7.356575235918E0));
#6659=CARTESIAN_POINT('',(4.841608245049E-1,-1.167293000142E1,
-7.366468477394E0));
#6660=CARTESIAN_POINT('',(5.950968004355E-1,-1.157960200586E1,
-7.391416013937E0));
#6661=CARTESIAN_POINT('',(7.393210765833E-1,-1.159374988651E1,
-7.416771661487E0));
#6662=CARTESIAN_POINT('',(4.525330460441E-1,-1.180263780855E1,
-7.445736566823E0));
#6663=CARTESIAN_POINT('',(4.763692328240E-1,-1.165909746575E1,
-7.466937394346E0));
#6664=CARTESIAN_POINT('',(5.909238440970E-1,-1.157800780185E1,
-7.512716774448E0));
#6665=CARTESIAN_POINT('',(7.289442307410E-1,-1.160697488572E1,
-7.556198577457E0));
#6666=CARTESIAN_POINT('',(4.249214541402E-1,-1.178957439440E1,
-7.519539230742E0));
#6667=CARTESIAN_POINT('',(4.553542558824E-1,-1.165105471671E1,
-7.558833841366E0));
#6668=CARTESIAN_POINT('',(5.647625733580E-1,-1.158498376626E1,
-7.633868683973E0));
#6669=CARTESIAN_POINT('',(6.889150403699E-1,-1.163015043506E1,
-7.700592350369E0));
#6670=CARTESIAN_POINT('',(3.905319818230E-1,-1.178267514539E1,
-7.572816195731E0));
#6671=CARTESIAN_POINT('',(4.178412434186E-1,-1.165092095065E1,
-7.632433605004E0));
#6672=CARTESIAN_POINT('',(5.087809417123E-1,-1.160028939160E1,
-7.738292488850E0));
#6673=CARTESIAN_POINT('',(6.099622558382E-1,-1.166050521207E1,
-7.828245280334E0));
#6674=CARTESIAN_POINT('',(3.510446569781E-1,-1.178173706290E1,
-7.607367090104E0));
#6675=CARTESIAN_POINT('',(3.660909129257E-1,-1.165656627926E1,
-7.683230582547E0));
#6676=CARTESIAN_POINT('',(4.265971762978E-1,-1.161930074134E1,
-7.813705355658E0));
#6677=CARTESIAN_POINT('',(4.970414680571E-1,-1.169181827769E1,
-7.922192361719E0));
#6678=CARTESIAN_POINT('',(3.067489682652E-1,-1.178571423068E1,
-7.625096224214E0));
#6679=CARTESIAN_POINT('',(3.038410912245E-1,-1.166526799095E1,
-7.709494142585E0));
#6680=CARTESIAN_POINT('',(3.257437822959E-1,-1.163744374013E1,
-7.853885210781E0));
#6681=CARTESIAN_POINT('',(3.595984233837E-1,-1.171857652188E1,
-7.973500411320E0));
#6682=CARTESIAN_POINT('',(2.673835938687E-1,-1.179219431439E1,
-7.625276143226E0));
#6683=CARTESIAN_POINT('',(2.484901043596E-1,-1.167311970953E1,
-7.709193994198E0));
#6684=CARTESIAN_POINT('',(2.360542266522E-1,-1.164855368854E1,
-7.854321782259E0));
#6685=CARTESIAN_POINT('',(2.373768080079E-1,-1.173291845558E1,
-7.975457976893E0));
#6686=CARTESIAN_POINT('',(2.443165273023E-1,-1.179696556786E1,
-7.619101269065E0));
#6687=CARTESIAN_POINT('',(2.169903777451E-1,-1.167760358091E1,
-7.699840947175E0));
#6688=CARTESIAN_POINT('',(1.854267971092E-1,-1.165292392943E1,
-7.841040564423E0));
#6689=CARTESIAN_POINT('',(1.681561124583E-1,-1.173741552768E1,
-7.959804738342E0));
#6690=CARTESIAN_POINT('',(2.370819670126E-1,-1.179851589097E1,
-7.616502021302E0));
#6691=CARTESIAN_POINT('',(2.072532017649E-1,-1.167904503930E1,
-7.695936509348E0));
#6692=CARTESIAN_POINT('',(1.698417222315E-1,-1.165420016954E1,
-7.835440556186E0));
#6693=CARTESIAN_POINT('',(1.468110362821E-1,-1.173856719220E1,
-7.953114213756E0));
#6694=(BOUNDED_SURFACE()B_SPLINE_SURFACE(3,3,((#6634,#6635,#6636,#6637),(#6638,
#6639,#6640,#6641),(#6642,#6643,#6644,#6645),(#6646,#6647,#6648,#6649),(#6650,
#6651,#6652,#6653),(#6654,#6655,#6656,#6657),(#6658,#6659,#6660,#6661),(#6662,
#6663,#6664,#6665),(#6666,#6667,#6668,#6669),(#6670,#6671,#6672,#6673),(#6674,
#6675,#6676,#6677),(#6678,#6679,#6680,#6681),(#6682,#6683,#6684,#6685),(#6686,
#6687,#6688,#6689),(#6690,#6691,#6692,#6693)),.UNSPECIFIED.,.F.,.F.,.F.)B_SPLINE_SURFACE_WITH_KNOTS((4,1,1,1,1,1,1,1,1,1,1,1,4),(4,4),(-3.989694056822E-2,0.E0,
8.343549922761E-2,1.743715356471E-1,2.741253672033E-1,3.846641491983E-1,
5.029284725812E-1,6.176928752757E-1,7.199440627324E-1,8.123480686703E-1,
9.054355873775E-1,1.E0,1.044385418679E0),(0.E0,1.E0),.UNSPECIFIED.)GEOMETRIC_REPRESENTATION_ITEM()RATIONAL_B_SPLINE_SURFACE(((1.172016707895E0,9.426610973684E-1,
9.426610973684E-1,1.172016707895E0),(1.172016707895E0,9.426610973684E-1,
9.426610973684E-1,1.172016707895E0),(1.172016707895E0,9.426610973684E-1,
9.426610973684E-1,1.172016707895E0),(1.172016707895E0,9.426610973684E-1,
9.426610973684E-1,1.172016707895E0),(1.172016707895E0,9.426610973684E-1,
9.426610973684E-1,1.172016707895E0),(1.172016707895E0,9.426610973684E-1,
9.426610973684E-1,1.172016707895E0),(1.172016707895E0,9.426610973684E-1,
9.426610973684E-1,1.172016707895E0),(1.172016707895E0,9.426610973684E-1,
9.426610973684E-1,1.172016707895E0),(1.172016707895E0,9.426610973684E-1,
9.426610973684E-1,1.172016707895E0),(1.172016707895E0,9.426610973684E-1,
9.426610973684E-1,1.172016707895E0),(1.172016707895E0,9.426610973684E-1,
9.426610973684E-1,1.172016707895E0),(1.172016707895E0,9.426610973684E-1,
9.426610973684E-1,1.172016707895E0),(1.172016707895E0,9.426610973684E-1,
9.426610973684E-1,1.172016707895E0),(1.172016707895E0,9.426610973684E-1,
9.426610973684E-1,1.172016707895E0),(1.172016707895E0,9.426610973684E-1,
9.426610973684E-1,1.172016707895E0)))REPRESENTATION_ITEM('')SURFACE());
#6696=ORIENTED_EDGE('',*,*,#6695,.F.);
#6697=ORIENTED_EDGE('',*,*,#6492,.T.);
#6698=ORIENTED_EDGE('',*,*,#4648,.T.);
#6700=ORIENTED_EDGE('',*,*,#6699,.F.);
#6701=EDGE_LOOP('',(#6696,#6697,#6698,#6700));
#6702=FACE_OUTER_BOUND('',#6701,.F.);
#6704=CARTESIAN_POINT('',(2.5E-1,-1.1E1,-7.E0));
#6705=DIRECTION('',(-1.E0,0.E0,0.E0));
#6706=DIRECTION('',(0.E0,-9.940416406652E-1,1.090009936818E-1));
#6707=AXIS2_PLACEMENT_3D('',#6704,#6705,#6706);
#6708=TOROIDAL_SURFACE('',#6707,7.5E-1,2.5E-1);
#6709=ORIENTED_EDGE('',*,*,#6695,.T.);
#6711=ORIENTED_EDGE('',*,*,#6710,.F.);
#6712=ORIENTED_EDGE('',*,*,#6473,.F.);
#6713=EDGE_LOOP('',(#6709,#6711,#6712));
#6714=FACE_OUTER_BOUND('',#6713,.F.);
#6716=CARTESIAN_POINT('',(1.803600000113E1,-1.1E1,-7.E0));
#6717=DIRECTION('',(-1.E0,0.E0,0.E0));
#6718=DIRECTION('',(0.E0,0.E0,-1.E0));
#6719=AXIS2_PLACEMENT_3D('',#6716,#6717,#6718);
#6720=CYLINDRICAL_SURFACE('',#6719,1.E0);
#6722=ORIENTED_EDGE('',*,*,#6721,.T.);
#6724=ORIENTED_EDGE('',*,*,#6723,.T.);
#6725=ORIENTED_EDGE('',*,*,#6460,.F.);
#6726=ORIENTED_EDGE('',*,*,#6710,.T.);
#6728=ORIENTED_EDGE('',*,*,#6727,.T.);
#6729=EDGE_LOOP('',(#6722,#6724,#6725,#6726,#6728));
#6730=FACE_OUTER_BOUND('',#6729,.F.);
#6732=CARTESIAN_POINT('',(3.477663542786E-2,-1.180820648299E1,
-7.606620166127E0));
#6733=CARTESIAN_POINT('',(3.259940227846E-2,-1.171968424979E1,
-7.667423687240E0));
#6734=CARTESIAN_POINT('',(3.047733387002E-2,-1.168141915780E1,
-7.767769291790E0));
#6735=CARTESIAN_POINT('',(2.916254565030E-2,-1.170697333663E1,
-7.872091924947E0));
#6736=CARTESIAN_POINT('',(2.318856263139E-2,-1.180837977001E1,
-7.606423543045E0));
#6737=CARTESIAN_POINT('',(2.173641933235E-2,-1.171984322655E1,
-7.667232350602E0));
#6738=CARTESIAN_POINT('',(2.032073000628E-2,-1.168156121832E1,
-7.767586679505E0));
#6739=CARTESIAN_POINT('',(1.944325124459E-2,-1.170710187047E1,
-7.871918382791E0));
#6740=CARTESIAN_POINT('',(-1.736739488130E-2,-1.180868290925E1,
-7.606080951099E0));
#6741=CARTESIAN_POINT('',(-1.627978742218E-2,-1.172012127598E1,
-7.666898877512E0));
#6742=CARTESIAN_POINT('',(-1.521947880917E-2,-1.168180957239E1,
-7.767268255498E0));
#6743=CARTESIAN_POINT('',(-1.456226959800E-2,-1.170732644844E1,
-7.871615604310E0));
#6744=CARTESIAN_POINT('',(-8.692451784172E-2,-1.180738383582E1,
-7.607548371140E0));
#6745=CARTESIAN_POINT('',(-8.148106455271E-2,-1.171892983359E1,
-7.668327272672E0));
#6746=CARTESIAN_POINT('',(-7.617429826630E-2,-1.168074559009E1,
-7.768632246898E0));
#6747=CARTESIAN_POINT('',(-7.288507300483E-2,-1.170636458016E1,
-7.872912639417E0));
#6748=CARTESIAN_POINT('',(-1.734985122412E-1,-1.180253166254E1,
-7.612994082609E0));
#6749=CARTESIAN_POINT('',(-1.626895047700E-1,-1.171447645698E1,
-7.673631765199E0));
#6750=CARTESIAN_POINT('',(-1.521998846707E-1,-1.167676239680E1,
-7.773703682196E0));
#6751=CARTESIAN_POINT('',(-1.457474422306E-1,-1.170275631180E1,
-7.877741780657E0));
#6752=CARTESIAN_POINT('',(-2.420762696962E-1,-1.179612162111E1,
-7.620097948436E0));
#6753=CARTESIAN_POINT('',(-2.271024181821E-1,-1.170858480806E1,
-7.680560398188E0));
#6754=CARTESIAN_POINT('',(-2.126637245883E-1,-1.167147641887E1,
-7.780343123956E0));
#6755=CARTESIAN_POINT('',(-2.038776320917E-1,-1.169794861803E1,
-7.884080569582E0));
#6756=CARTESIAN_POINT('',(-2.816984405013E-1,-1.179138494390E1,
-7.625273513885E0));
#6757=CARTESIAN_POINT('',(-2.643666114011E-1,-1.170422442552E1,
-7.685615230414E0));
#6758=CARTESIAN_POINT('',(-2.477348418808E-1,-1.166755119095E1,
-7.785198707060E0));
#6759=CARTESIAN_POINT('',(-2.376978574499E-1,-1.169436317471E1,
-7.888729006660E0));
#6760=CARTESIAN_POINT('',(-2.929423482128E-1,-1.178995714250E1,
-7.626827492056E0));
#6761=CARTESIAN_POINT('',(-2.749457487531E-1,-1.170290941863E1,
-7.687133551522E0));
#6762=CARTESIAN_POINT('',(-2.576996432836E-1,-1.166636619338E1,
-7.786658182404E0));
#6763=CARTESIAN_POINT('',(-2.473164937238E-1,-1.169327932266E1,
-7.890127303989E0));
#6764=(BOUNDED_SURFACE()B_SPLINE_SURFACE(3,3,((#6732,#6733,#6734,#6735),(#6736,
#6737,#6738,#6739),(#6740,#6741,#6742,#6743),(#6744,#6745,#6746,#6747),(#6748,
#6749,#6750,#6751),(#6752,#6753,#6754,#6755),(#6756,#6757,#6758,#6759),(#6760,
#6761,#6762,#6763)),.UNSPECIFIED.,.F.,.F.,.F.)B_SPLINE_SURFACE_WITH_KNOTS((4,1,
1,1,1,4),(4,4),(-1.332287221172E-1,0.E0,3.328087325364E-1,6.659113217896E-1,
1.E0,1.132978846332E0),(0.E0,1.E0),.UNSPECIFIED.)GEOMETRIC_REPRESENTATION_ITEM()RATIONAL_B_SPLINE_SURFACE(((1.097220794829E0,9.675930683903E-1,9.675930683903E-1,
1.097220794829E0),(1.097220794829E0,9.675930683903E-1,9.675930683903E-1,
1.097220794829E0),(1.097220794829E0,9.675930683903E-1,9.675930683903E-1,
1.097220794829E0),(1.097220794829E0,9.675930683903E-1,9.675930683903E-1,
1.097220794829E0),(1.097220794829E0,9.675930683903E-1,9.675930683903E-1,
1.097220794829E0),(1.097220794829E0,9.675930683903E-1,9.675930683903E-1,
1.097220794829E0),(1.097220794829E0,9.675930683903E-1,9.675930683903E-1,
1.097220794829E0),(1.097220794829E0,9.675930683903E-1,9.675930683903E-1,
1.097220794829E0)))REPRESENTATION_ITEM('')SURFACE());
#6765=ORIENTED_EDGE('',*,*,#6721,.F.);
#6767=ORIENTED_EDGE('',*,*,#6766,.T.);
#6768=ORIENTED_EDGE('',*,*,#4565,.T.);
#6770=ORIENTED_EDGE('',*,*,#6769,.F.);
#6771=EDGE_LOOP('',(#6765,#6767,#6768,#6770));
#6772=FACE_OUTER_BOUND('',#6771,.F.);
#6774=CARTESIAN_POINT('',(2.929240908532E-1,-1.178995946099E1,
-7.626824968561E0));
#6775=CARTESIAN_POINT('',(2.749285708252E-1,-1.170291155396E1,
-7.687131085942E0));
#6776=CARTESIAN_POINT('',(2.576834629E-1,-1.166636811762E1,-7.786655812406E0));
#6777=CARTESIAN_POINT('',(2.473008754420E-1,-1.169328108267E1,
-7.890125033361E0));
#6778=CARTESIAN_POINT('',(2.816862281737E-1,-1.179138640388E1,
-7.625271918575E0));
#6779=CARTESIAN_POINT('',(2.643551258522E-1,-1.170422576952E1,
-7.685613672324E0));
#6780=CARTESIAN_POINT('',(2.477240322879E-1,-1.166755240082E1,
-7.785197210396E0));
#6781=CARTESIAN_POINT('',(2.376874334143E-1,-1.169436427986E1,
-7.888727573859E0));
#6782=CARTESIAN_POINT('',(2.420700968590E-1,-1.179612219810E1,
-7.620097309071E0));
#6783=CARTESIAN_POINT('',(2.270966202248E-1,-1.170858533837E1,
-7.680559774587E0));
#6784=CARTESIAN_POINT('',(2.126582820830E-1,-1.167147689466E1,
-7.780342526373E0));
#6785=CARTESIAN_POINT('',(2.038723996294E-1,-1.169794905076E1,
-7.884079999047E0));
#6786=CARTESIAN_POINT('',(1.734985132604E-1,-1.180253166245E1,
-7.612994082680E0));
#6787=CARTESIAN_POINT('',(1.626895057298E-1,-1.171447645690E1,
-7.673631765269E0));
#6788=CARTESIAN_POINT('',(1.521998855764E-1,-1.167676239673E1,
-7.773703682269E0));
#6789=CARTESIAN_POINT('',(1.457474431067E-1,-1.170275631174E1,
-7.877741780733E0));
#6790=CARTESIAN_POINT('',(8.692451745373E-2,-1.180738383584E1,
-7.607548371124E0));
#6791=CARTESIAN_POINT('',(8.148106418702E-2,-1.171892983360E1,
-7.668327272655E0));
#6792=CARTESIAN_POINT('',(7.617429792065E-2,-1.168074559010E1,
-7.768632246882E0));
#6793=CARTESIAN_POINT('',(7.288507266990E-2,-1.170636458017E1,
-7.872912639403E0));
#6794=CARTESIAN_POINT('',(1.736878856983E-2,-1.180868288326E1,
-7.606080980469E0));
#6795=CARTESIAN_POINT('',(1.628109383653E-2,-1.172012125213E1,
-7.666898906100E0));
#6796=CARTESIAN_POINT('',(1.522070014291E-2,-1.168180955110E1,
-7.767268282796E0));
#6797=CARTESIAN_POINT('',(1.456343819947E-2,-1.170732642919E1,
-7.871615630269E0));
#6798=CARTESIAN_POINT('',(-2.318577677102E-2,-1.180837979082E1,
-7.606423519528E0));
#6799=CARTESIAN_POINT('',(-2.173380793365E-2,-1.171984324564E1,
-7.667232327710E0));
#6800=CARTESIAN_POINT('',(-2.031828869137E-2,-1.168156123536E1,
-7.767586657649E0));
#6801=CARTESIAN_POINT('',(-1.944091535354E-2,-1.170710188588E1,
-7.871918362011E0));
#6802=CARTESIAN_POINT('',(-3.477245894609E-2,-1.180820654542E1,
-7.606620095288E0));
#6803=CARTESIAN_POINT('',(-3.259548713158E-2,-1.171968430706E1,
-7.667423618306E0));
#6804=CARTESIAN_POINT('',(-3.047367331755E-2,-1.168141920898E1,
-7.767769226003E0));
#6805=CARTESIAN_POINT('',(-2.915904271700E-2,-1.170697338292E1,
-7.872091862432E0));
#6806=(BOUNDED_SURFACE()B_SPLINE_SURFACE(3,3,((#6774,#6775,#6776,#6777),(#6778,
#6779,#6780,#6781),(#6782,#6783,#6784,#6785),(#6786,#6787,#6788,#6789),(#6790,
#6791,#6792,#6793),(#6794,#6795,#6796,#6797),(#6798,#6799,#6800,#6801),(#6802,
#6803,#6804,#6805)),.UNSPECIFIED.,.F.,.F.,.F.)B_SPLINE_SURFACE_WITH_KNOTS((4,1,
1,1,1,4),(4,4),(-1.329068533058E-1,0.E0,3.340886782103E-1,6.671912674635E-1,
1.E0,1.133212714105E0),(0.E0,1.E0),.UNSPECIFIED.)GEOMETRIC_REPRESENTATION_ITEM()RATIONAL_B_SPLINE_SURFACE(((1.097220794833E0,9.675930683891E-1,9.675930683891E-1,
1.097220794833E0),(1.097220794833E0,9.675930683891E-1,9.675930683891E-1,
1.097220794833E0),(1.097220794833E0,9.675930683891E-1,9.675930683891E-1,
1.097220794833E0),(1.097220794833E0,9.675930683891E-1,9.675930683891E-1,
1.097220794833E0),(1.097220794833E0,9.675930683891E-1,9.675930683891E-1,
1.097220794833E0),(1.097220794833E0,9.675930683891E-1,9.675930683891E-1,
1.097220794833E0),(1.097220794833E0,9.675930683891E-1,9.675930683891E-1,
1.097220794833E0),(1.097220794833E0,9.675930683891E-1,9.675930683891E-1,
1.097220794833E0)))REPRESENTATION_ITEM('')SURFACE());
#6807=ORIENTED_EDGE('',*,*,#6727,.F.);
#6808=ORIENTED_EDGE('',*,*,#6699,.T.);
#6809=ORIENTED_EDGE('',*,*,#4646,.T.);
#6810=ORIENTED_EDGE('',*,*,#6766,.F.);
#6811=EDGE_LOOP('',(#6807,#6808,#6809,#6810));
#6812=FACE_OUTER_BOUND('',#6811,.F.);
#6814=CARTESIAN_POINT('',(-2.368839741650E-1,-1.179856977286E1,
-7.616442495727E0));
#6815=CARTESIAN_POINT('',(-2.069800403092E-1,-1.167907390672E1,
-7.695861974718E0));
#6816=CARTESIAN_POINT('',(-1.694029866992E-1,-1.165420681351E1,
-7.835341527007E0));
#6817=CARTESIAN_POINT('',(-1.462127544169E-1,-1.173856693985E1,
-7.952998449986E0));
#6818=CARTESIAN_POINT('',(-2.441859531087E-1,-1.179698989149E1,
-7.619070662006E0));
#6819=CARTESIAN_POINT('',(-2.168117641436E-1,-1.167762678692E1,
-7.699798056819E0));
#6820=CARTESIAN_POINT('',(-1.851408797983E-1,-1.165294556216E1,
-7.840977526616E0));
#6821=CARTESIAN_POINT('',(-1.677659723433E-1,-1.173743554811E1,
-7.959728417207E0));
#6822=CARTESIAN_POINT('',(-2.635191767273E-1,-1.179298277133E1,
-7.624256245623E0));
#6823=CARTESIAN_POINT('',(-2.432145301434E-1,-1.167386870035E1,
-7.707644622896E0));
#6824=CARTESIAN_POINT('',(-2.275764097482E-1,-1.164929037452E1,
-7.852113776731E0));
#6825=CARTESIAN_POINT('',(-2.257853121852E-1,-1.173367671701E1,
-7.972851814881E0));
#6826=CARTESIAN_POINT('',(-2.940553192958E-1,-1.178775075324E1,
-7.625485441485E0));
#6827=CARTESIAN_POINT('',(-2.859361225240E-1,-1.166781796278E1,
-7.709884451423E0));
#6828=CARTESIAN_POINT('',(-2.967051893608E-1,-1.164116223134E1,
-7.854745142484E0));
#6829=CARTESIAN_POINT('',(-3.200404440418E-1,-1.172343204139E1,
-7.975025767037E0));
#6830=CARTESIAN_POINT('',(-3.257110346770E-1,-1.178389213192E1,
-7.618017492223E0));
#6831=CARTESIAN_POINT('',(-3.305587429417E-1,-1.166150787669E1,
-7.699032658477E0));
#6832=CARTESIAN_POINT('',(-3.690591015142E-1,-1.162979744355E1,
-7.837839458800E0));
#6833=CARTESIAN_POINT('',(-4.186101349827E-1,-1.170737672223E1,
-7.952950135565E0));
#6834=CARTESIAN_POINT('',(-3.523838631304E-1,-1.178218667169E1,
-7.604418383314E0));
#6835=CARTESIAN_POINT('',(-3.675027898712E-1,-1.165656466827E1,
-7.678891599425E0));
#6836=CARTESIAN_POINT('',(-4.286731971980E-1,-1.161836921495E1,
-7.807344104170E0));
#6837=CARTESIAN_POINT('',(-4.999844574287E-1,-1.169002328984E1,
-7.914366720559E0));
#6838=CARTESIAN_POINT('',(-3.745064532636E-1,-1.178228178244E1,
-7.586864508526E0));
#6839=CARTESIAN_POINT('',(-3.968387253197E-1,-1.165322172538E1,
-7.653131740122E0));
#6840=CARTESIAN_POINT('',(-4.754233328042E-1,-1.160804178896E1,
-7.769046769868E0));
#6841=CARTESIAN_POINT('',(-5.641264880862E-1,-1.167326525374E1,
-7.866560656161E0));
#6842=CARTESIAN_POINT('',(-3.930289717590E-1,-1.178378244759E1,
-7.566622480396E0));
#6843=CARTESIAN_POINT('',(-4.198069567162E-1,-1.165142946107E1,
-7.624115891226E0));
#6844=CARTESIAN_POINT('',(-5.112770426021E-1,-1.159928738989E1,
-7.726756333623E0));
#6845=CARTESIAN_POINT('',(-6.137409079271E-1,-1.165796669729E1,
-7.814287829688E0));
#6846=CARTESIAN_POINT('',(-4.091107588366E-1,-1.178645706017E1,
-7.543757513413E0));
#6847=CARTESIAN_POINT('',(-4.380540765834E-1,-1.165105234978E1,
-7.592383113193E0));
#6848=CARTESIAN_POINT('',(-5.389096774486E-1,-1.159205706820E1,
-7.681551539335E0));
#6849=CARTESIAN_POINT('',(-6.524693905111E-1,-1.164410491635E1,
-7.758915680024E0));
#6850=CARTESIAN_POINT('',(-4.237448021132E-1,-1.179032258856E1,
-7.517292340797E0));
#6851=CARTESIAN_POINT('',(-4.528682480062E-1,-1.165209578046E1,
-7.557055380921E0));
#6852=CARTESIAN_POINT('',(-5.603606344567E-1,-1.158621474200E1,
-7.632556934902E0));
#6853=CARTESIAN_POINT('',(-6.831176069707E-1,-1.163135551847E1,
-7.699473148889E0));
#6854=CARTESIAN_POINT('',(-4.375271267760E-1,-1.179558277860E1,
-7.485606762438E0));
#6855=CARTESIAN_POINT('',(-4.648851208005E-1,-1.165477206818E1,
-7.516601146434E0));
#6856=CARTESIAN_POINT('',(-5.765702068426E-1,-1.158182284172E1,
-7.578216566123E0));
#6857=CARTESIAN_POINT('',(-7.070166690970E-1,-1.161956058668E1,
-7.634281145386E0));
#6858=CARTESIAN_POINT('',(-4.506157868573E-1,-1.180250413104E1,
-7.446747069344E0));
#6859=CARTESIAN_POINT('',(-4.741989391967E-1,-1.165942750402E1,
-7.469351994264E0));
#6860=CARTESIAN_POINT('',(-5.876343936447E-1,-1.157919006791E1,
-7.517120103471E0));
#6861=CARTESIAN_POINT('',(-7.243288651694E-1,-1.160889591796E1,
-7.562008706721E0));
#6862=CARTESIAN_POINT('',(-4.627678593332E-1,-1.181123003907E1,
-7.398747825162E0));
#6863=CARTESIAN_POINT('',(-4.806452916056E-1,-1.166634898668E1,
-7.413856350773E0));
#6864=CARTESIAN_POINT('',(-5.933652838226E-1,-1.157874045904E1,
-7.448466104794E0));
#6865=CARTESIAN_POINT('',(-7.347545693719E-1,-1.159983581577E1,
-7.482259125566E0));
#6866=CARTESIAN_POINT('',(-4.734497243787E-1,-1.182149615080E1,
-7.340216415602E0));
#6867=CARTESIAN_POINT('',(-4.841753914662E-1,-1.167541936949E1,
-7.349304931895E0));
#6868=CARTESIAN_POINT('',(-5.939946506675E-1,-1.158069940627E1,
-7.372374626639E0));
#6869=CARTESIAN_POINT('',(-7.384371362972E-1,-1.159294245181E1,
-7.395882231856E0));
#6870=CARTESIAN_POINT('',(-4.821250201664E-1,-1.183242326470E1,
-7.270687458284E0));
#6871=CARTESIAN_POINT('',(-4.852036947589E-1,-1.168580405196E1,
-7.275544389768E0));
#6872=CARTESIAN_POINT('',(-5.907118389376E-1,-1.158470623066E1,
-7.289465407136E0));
#6873=CARTESIAN_POINT('',(-7.367099651529E-1,-1.158848016935E1,
-7.304278054237E0));
#6874=CARTESIAN_POINT('',(-4.885053374648E-1,-1.184259068602E1,
-7.190220046053E0));
#6875=CARTESIAN_POINT('',(-4.846185750547E-1,-1.169595684003E1,
-7.192480078739E0));
#6876=CARTESIAN_POINT('',(-5.855296114579E-1,-1.158969134720E1,
-7.199843944097E0));
#6877=CARTESIAN_POINT('',(-7.319977318313E-1,-1.158617830330E1,
-7.207988619953E0));
#6878=CARTESIAN_POINT('',(-4.924860559767E-1,-1.185021147210E1,
-7.098864638607E0));
#6879=CARTESIAN_POINT('',(-4.835136472955E-1,-1.170381745860E1,
-7.099689618969E0));
#6880=CARTESIAN_POINT('',(-5.807697310289E-1,-1.159405267285E1,
-7.102686507517E0));
#6881=CARTESIAN_POINT('',(-7.271592645675E-1,-1.158535550141E1,
-7.106095954369E0));
#6882=CARTESIAN_POINT('',(-4.935612489429E-1,-1.185250879304E1,
-7.021113384231E0));
#6883=CARTESIAN_POINT('',(-4.830834022453E-1,-1.170622996771E1,
-7.021290501396E0));
#6884=CARTESIAN_POINT('',(-5.792121198275E-1,-1.159547093376E1,
-7.021930873304E0));
#6885=CARTESIAN_POINT('',(-7.255141893324E-1,-1.158525375995E1,
-7.022658563974E0));
#6886=CARTESIAN_POINT('',(-4.933171797824E-1,-1.185198696601E1,
-6.974358675813E0));
#6887=CARTESIAN_POINT('',(-4.831811039620E-1,-1.170568100193E1,
-6.974143950474E0));
#6888=CARTESIAN_POINT('',(-5.795657722621E-1,-1.159514709298E1,
-6.973366390567E0));
#6889=CARTESIAN_POINT('',(-7.258877141969E-1,-1.158527514631E1,
-6.972482469501E0));
#6890=CARTESIAN_POINT('',(-4.931858911383E-1,-1.185169749397E1,
-6.961559008632E0));
#6891=CARTESIAN_POINT('',(-4.832383038661E-1,-1.170537277513E1,
-6.961230380311E0));
#6892=CARTESIAN_POINT('',(-5.797655912540E-1,-1.159496016138E1,
-6.960048630639E0));
#6893=CARTESIAN_POINT('',(-7.261005570214E-1,-1.158527835242E1,
-6.958707516195E0));
#6894=(BOUNDED_SURFACE()B_SPLINE_SURFACE(3,3,((#6814,#6815,#6816,#6817),(#6818,
#6819,#6820,#6821),(#6822,#6823,#6824,#6825),(#6826,#6827,#6828,#6829),(#6830,
#6831,#6832,#6833),(#6834,#6835,#6836,#6837),(#6838,#6839,#6840,#6841),(#6842,
#6843,#6844,#6845),(#6846,#6847,#6848,#6849),(#6850,#6851,#6852,#6853),(#6854,
#6855,#6856,#6857),(#6858,#6859,#6860,#6861),(#6862,#6863,#6864,#6865),(#6866,
#6867,#6868,#6869),(#6870,#6871,#6872,#6873),(#6874,#6875,#6876,#6877),(#6878,
#6879,#6880,#6881),(#6882,#6883,#6884,#6885),(#6886,#6887,#6888,#6889),(#6890,
#6891,#6892,#6893)),.UNSPECIFIED.,.F.,.F.,.F.)B_SPLINE_SURFACE_WITH_KNOTS((4,1,
1,1,1,1,1,1,1,1,1,1,1,1,1,1,1,4),(4,4),(-4.473080076390E-2,0.E0,
7.158263437919E-2,1.359512389770E-1,1.940355188958E-1,2.462153599923E-1,
2.937607414076E-1,3.393610139222E-1,3.859890713331E-1,4.362083961305E-1,
4.923733229967E-1,5.563750552397E-1,6.291027841650E-1,7.100365544548E-1,
7.983391694709E-1,8.945950635586E-1,1.E0,1.039822410634E0),(0.E0,1.E0),
.UNSPECIFIED.)GEOMETRIC_REPRESENTATION_ITEM()RATIONAL_B_SPLINE_SURFACE(((
1.172009653651E0,9.426634487829E-1,9.426634487829E-1,1.172009653651E0),(
1.172009653651E0,9.426634487829E-1,9.426634487829E-1,1.172009653651E0),(
1.172009653651E0,9.426634487829E-1,9.426634487829E-1,1.172009653651E0),(
1.172009653651E0,9.426634487829E-1,9.426634487829E-1,1.172009653651E0),(
1.172009653651E0,9.426634487829E-1,9.426634487829E-1,1.172009653651E0),(
1.172009653651E0,9.426634487829E-1,9.426634487829E-1,1.172009653651E0),(
1.172009653651E0,9.426634487829E-1,9.426634487829E-1,1.172009653651E0),(
1.172009653651E0,9.426634487829E-1,9.426634487829E-1,1.172009653651E0),(
1.172009653651E0,9.426634487829E-1,9.426634487829E-1,1.172009653651E0),(
1.172009653651E0,9.426634487829E-1,9.426634487829E-1,1.172009653651E0),(
1.172009653651E0,9.426634487829E-1,9.426634487829E-1,1.172009653651E0),(
1.172009653651E0,9.426634487829E-1,9.426634487829E-1,1.172009653651E0),(
1.172009653651E0,9.426634487829E-1,9.426634487829E-1,1.172009653651E0),(
1.172009653651E0,9.426634487829E-1,9.426634487829E-1,1.172009653651E0),(
1.172009653651E0,9.426634487829E-1,9.426634487829E-1,1.172009653651E0),(
1.172009653651E0,9.426634487829E-1,9.426634487829E-1,1.172009653651E0),(
1.172009653651E0,9.426634487829E-1,9.426634487829E-1,1.172009653651E0),(
1.172009653651E0,9.426634487829E-1,9.426634487829E-1,1.172009653651E0),(
1.172009653651E0,9.426634487829E-1,9.426634487829E-1,1.172009653651E0),(
1.172009653651E0,9.426634487829E-1,9.426634487829E-1,1.172009653651E0)))REPRESENTATION_ITEM('')SURFACE());
#6896=ORIENTED_EDGE('',*,*,#6895,.F.);
#6897=ORIENTED_EDGE('',*,*,#6769,.T.);
#6898=ORIENTED_EDGE('',*,*,#4563,.T.);
#6900=ORIENTED_EDGE('',*,*,#6899,.F.);
#6901=EDGE_LOOP('',(#6896,#6897,#6898,#6900));
#6902=FACE_OUTER_BOUND('',#6901,.F.);
#6904=CARTESIAN_POINT('',(-2.5E-1,-1.1E1,-7.E0));
#6905=DIRECTION('',(-1.E0,0.E0,0.E0));
#6906=DIRECTION('',(0.E0,7.680827691486E-2,-9.970458808888E-1));
#6907=AXIS2_PLACEMENT_3D('',#6904,#6905,#6906);
#6908=TOROIDAL_SURFACE('',#6907,7.5E-1,2.5E-1);
#6909=ORIENTED_EDGE('',*,*,#6895,.T.);
#6910=ORIENTED_EDGE('',*,*,#5322,.T.);
#6911=ORIENTED_EDGE('',*,*,#6723,.F.);
#6912=EDGE_LOOP('',(#6909,#6910,#6911));
#6913=FACE_OUTER_BOUND('',#6912,.F.);
#6915=CARTESIAN_POINT('',(-7.427751251355E-1,-1.183469165276E1,-7.075402E0));
#6916=DIRECTION('',(0.E0,0.E0,1.E0));
#6917=DIRECTION('',(9.855502502710E-1,1.693833055255E-1,0.E0));
#6918=AXIS2_PLACEMENT_3D('',#6915,#6916,#6917);
#6919=CYLINDRICAL_SURFACE('',#6918,2.5E-1);
#6920=ORIENTED_EDGE('',*,*,#5324,.F.);
#6921=ORIENTED_EDGE('',*,*,#6899,.T.);
#6922=ORIENTED_EDGE('',*,*,#4561,.T.);
#6923=ORIENTED_EDGE('',*,*,#5305,.F.);
#6924=EDGE_LOOP('',(#6920,#6921,#6922,#6923));
#6925=FACE_OUTER_BOUND('',#6924,.F.);
#6927=CARTESIAN_POINT('',(3.920627544611E0,-1.1E1,7.928932188134E-1));
#6928=DIRECTION('',(-6.490777720959E-1,-4.682590110324E-1,-5.995260998138E-1));
#6929=DIRECTION('',(7.474343428533E-1,-5.392156090417E-1,-3.880572510459E-1));
#6930=AXIS2_PLACEMENT_3D('',#6927,#6928,#6929);
#6931=SPHERICAL_SURFACE('',#6930,1.E0);
#6933=ORIENTED_EDGE('',*,*,#6932,.F.);
#6934=ORIENTED_EDGE('',*,*,#5422,.F.);
#6935=ORIENTED_EDGE('',*,*,#6445,.F.);
#6936=EDGE_LOOP('',(#6933,#6934,#6935));
#6937=FACE_OUTER_BOUND('',#6936,.F.);
#6939=CARTESIAN_POINT('',(4.877216792619E0,-1.102143275963E1,1.096161704541E0));
#6940=CARTESIAN_POINT('',(4.905446722256E0,-1.089161743430E1,
9.663463792116E-1));
#6941=CARTESIAN_POINT('',(4.953904717007E0,-1.060880654737E1,
6.835354922826E-1));
#6942=CARTESIAN_POINT('',(4.986514566756E0,-1.017199216171E1,
2.467211066185E-1));
#6943=CARTESIAN_POINT('',(4.973868050242E0,-9.713027097639E0,
-2.122439574486E-1));
#6944=CARTESIAN_POINT('',(4.914509741086E0,-9.257400090482E0,
-6.678709646056E-1));
#6945=CARTESIAN_POINT('',(4.808000767015E0,-8.805945177592E0,
-1.119325877496E0));
#6946=CARTESIAN_POINT('',(4.649852296247E0,-8.351106986020E0,
-1.574164069067E0));
#6947=CARTESIAN_POINT('',(4.424011248894E0,-7.874621935575E0,
-2.050649119512E0));
#6948=CARTESIAN_POINT('',(4.101307271094E0,-7.363839107708E0,
-2.561431947379E0));
#6949=CARTESIAN_POINT('',(3.654418892832E0,-6.836431605097E0,
-3.088839449990E0));
#6950=CARTESIAN_POINT('',(3.080148685105E0,-6.340199797649E0,
-3.585071257439E0));
#6951=CARTESIAN_POINT('',(2.409085206928E0,-5.927135748484E0,
-3.998135306604E0));
#6952=CARTESIAN_POINT('',(1.666996592243E0,-5.617844614143E0,
-4.307426440944E0));
#6953=CARTESIAN_POINT('',(1.068647399832E0,-5.470869306351E0,
-4.454401748737E0));
#6954=CARTESIAN_POINT('',(7.258267675524E-1,-5.422077813682E0,
-4.503193241406E0));
#6955=CARTESIAN_POINT('',(6.599794547694E-1,-5.413951019577E0,
-4.511320035511E0));
#6956=CARTESIAN_POINT('',(5.018035607265E0,-1.153212338189E1,
6.160921119731E-1));
#6957=CARTESIAN_POINT('',(5.046727354489E0,-1.140018473734E1,
4.841534674166E-1));
#6958=CARTESIAN_POINT('',(5.095965818926E0,-1.111280566510E1,
1.967743951789E-1));
#6959=CARTESIAN_POINT('',(5.129092258911E0,-1.066904724463E1,
-2.469840252893E-1));
#6960=CARTESIAN_POINT('',(5.116246036174E0,-1.020280930408E1,
-7.132219658394E-1));
#6961=CARTESIAN_POINT('',(5.055940332043E0,-9.739884562610E0,
-1.176146707310E0));
#6962=CARTESIAN_POINT('',(4.947689281618E0,-9.281019163555E0,
-1.635012106365E0));
#6963=CARTESIAN_POINT('',(4.786853806654E0,-8.818423977240E0,
-2.097607292680E0));
#6964=CARTESIAN_POINT('',(4.556966511205E0,-8.333363347159E0,
-2.582667922761E0));
#6965=CARTESIAN_POINT('',(4.228037863994E0,-7.812665521278E0,
-3.103365748642E0));
#6966=CARTESIAN_POINT('',(3.771601207681E0,-7.273886576640E0,
-3.642144693280E0));
#6967=CARTESIAN_POINT('',(3.183347870247E0,-6.765432092871E0,
-4.150599177049E0));
#6968=CARTESIAN_POINT('',(2.493437746301E0,-6.340622580897E0,
-4.575408689023E0));
#6969=CARTESIAN_POINT('',(1.727639740772E0,-6.021329794605E0,
-4.894701475315E0));
#6970=CARTESIAN_POINT('',(1.108174444339E0,-5.869098578956E0,
-5.046932690964E0));
#6971=CARTESIAN_POINT('',(7.528026120388E-1,-5.818523195592E0,
-5.097508074328E0));
#6972=CARTESIAN_POINT('',(6.845323136053E-1,-5.810097896610E0,
-5.105933373310E0));
#6973=CARTESIAN_POINT('',(4.554724837950E0,-1.186343694069E1,
1.840316972845E-1));
#6974=CARTESIAN_POINT('',(4.581897149989E0,-1.173848427075E1,
5.907902734372E-2));
#6975=CARTESIAN_POINT('',(4.628567775665E0,-1.146613507542E1,
-2.132701679911E-1));
#6976=CARTESIAN_POINT('',(4.659994571888E0,-1.104522336130E1,
-6.341818821057E-1));
#6977=CARTESIAN_POINT('',(4.647805406549E0,-1.060291405562E1,
-1.076491187786E0));
#6978=CARTESIAN_POINT('',(4.590616745376E0,-1.016399973426E1,
-1.515405509145E0));
#6979=CARTESIAN_POINT('',(4.488097334845E0,-9.729515722413E0,
-1.949889520993E0));
#6980=CARTESIAN_POINT('',(4.336102425572E0,-9.292441978038E0,
-2.386963265368E0));
#6981=CARTESIAN_POINT('',(4.119527771070E0,-8.835596032256E0,
-2.843809211150E0));
#6982=CARTESIAN_POINT('',(3.811079031896E0,-8.347519737590E0,
-3.331885505816E0));
#6983=CARTESIAN_POINT('',(3.386057354189E0,-7.846154199443E0,
-3.833251043964E0));
#6984=CARTESIAN_POINT('',(2.843810188573E0,-7.377913784961E0,
-4.301491458446E0));
#6985=CARTESIAN_POINT('',(2.215907786905E0,-6.991748252653E0,
-4.687656990753E0));
#6986=CARTESIAN_POINT('',(1.528116517480E0,-6.705362099413E0,
-4.974043143993E0));
#6987=CARTESIAN_POINT('',(9.781257328394E-1,-6.570423450234E0,
-5.108981793172E0));
#6988=CARTESIAN_POINT('',(6.640488521570E-1,-6.525717280953E0,
-5.153687962453E0));
#6989=CARTESIAN_POINT('',(6.037504667708E-1,-6.518274098775E0,
-5.161131144631E0));
#6990=CARTESIAN_POINT('',(3.849386752505E0,-1.175643408268E1,
1.376588965505E-1));
#6991=CARTESIAN_POINT('',(3.874245896849E0,-1.164211676656E1,
2.334158042998E-2));
#6992=CARTESIAN_POINT('',(3.917007279323E0,-1.139264885372E1,
-2.261263324023E-1));
#6993=CARTESIAN_POINT('',(3.945846560739E0,-1.100651865816E1,
-6.122565279651E-1));
#6994=CARTESIAN_POINT('',(3.934657690747E0,-1.060063798446E1,
-1.018137201669E0));
#6995=CARTESIAN_POINT('',(3.882214373861E0,-1.019827680383E1,
-1.420498382299E0));
#6996=CARTESIAN_POINT('',(3.788420734834E0,-9.800910688027E0,
-1.817864498099E0));
#6997=CARTESIAN_POINT('',(3.649884583898E0,-9.402690443696E0,
-2.216084742431E0));
#6998=CARTESIAN_POINT('',(3.453576914969E0,-8.988798153911E0,
-2.629977032216E0));
#6999=CARTESIAN_POINT('',(3.176306512415E0,-8.550384439732E0,
-3.068390746395E0));
#7000=CARTESIAN_POINT('',(2.799110575726E0,-8.105976568558E0,
-3.512798617569E0));
#7001=CARTESIAN_POINT('',(2.326902587478E0,-7.698957512434E0,
-3.919817673693E0));
#7002=CARTESIAN_POINT('',(1.793399908439E0,-7.371623055156E0,
-4.247152130971E0));
#7003=CARTESIAN_POINT('',(1.224365045165E0,-7.135333517607E0,
-4.483441668520E0));
#7004=CARTESIAN_POINT('',(7.801413231105E-1,-7.026720839101E0,
-4.592054347026E0));
#7005=CARTESIAN_POINT('',(5.289313215122E-1,-6.990949882423E0,
-4.627825303704E0));
#7006=CARTESIAN_POINT('',(4.807692693573E-1,-6.985001861660E0,
-4.633773324466E0));
#7007=(BOUNDED_SURFACE()B_SPLINE_SURFACE(3,3,((#6939,#6940,#6941,#6942,#6943,
#6944,#6945,#6946,#6947,#6948,#6949,#6950,#6951,#6952,#6953,#6954,#6955),(#6956,
#6957,#6958,#6959,#6960,#6961,#6962,#6963,#6964,#6965,#6966,#6967,#6968,#6969,
#6970,#6971,#6972),(#6973,#6974,#6975,#6976,#6977,#6978,#6979,#6980,#6981,#6982,
#6983,#6984,#6985,#6986,#6987,#6988,#6989),(#6990,#6991,#6992,#6993,#6994,#6995,
#6996,#6997,#6998,#6999,#7000,#7001,#7002,#7003,#7004,#7005,#7006)),
.UNSPECIFIED.,.F.,.F.,.F.)B_SPLINE_SURFACE_WITH_KNOTS((4,4),(4,1,1,1,1,1,1,1,1,
1,1,1,1,1,4),(0.E0,1.E0),(6.146319875876E-1,6.359163987845E-1,6.608293355770E-1,
6.856598185266E-1,7.104787482871E-1,7.350750225131E-1,7.597571118467E-1,
7.860221775007E-1,8.156622881175E-1,8.486704758451E-1,8.823854425503E-1,
9.141616570197E-1,9.429054467391E-1,9.712424472072E-1,9.779301272214E-1),
.UNSPECIFIED.)GEOMETRIC_REPRESENTATION_ITEM()RATIONAL_B_SPLINE_SURFACE(((
1.242835730564E0,1.242835730564E0,1.242835730564E0,1.242835730564E0,
1.242835730564E0,1.242835730564E0,1.242835730564E0,1.242835730564E0,
1.242835730564E0,1.242835730564E0,1.242835730564E0,1.242835730564E0,
1.242835730564E0,1.242835730564E0,1.242835730564E0,1.242835730564E0,
1.242835730564E0),(9.190547564786E-1,9.190547564786E-1,9.190547564786E-1,
9.190547564786E-1,9.190547564786E-1,9.190547564786E-1,9.190547564786E-1,
9.190547564786E-1,9.190547564786E-1,9.190547564786E-1,9.190547564786E-1,
9.190547564786E-1,9.190547564786E-1,9.190547564786E-1,9.190547564786E-1,
9.190547564786E-1,9.190547564786E-1),(9.190547564786E-1,9.190547564786E-1,
9.190547564786E-1,9.190547564786E-1,9.190547564786E-1,9.190547564786E-1,
9.190547564786E-1,9.190547564786E-1,9.190547564786E-1,9.190547564786E-1,
9.190547564786E-1,9.190547564786E-1,9.190547564786E-1,9.190547564786E-1,
9.190547564786E-1,9.190547564786E-1,9.190547564786E-1),(1.242835730564E0,
1.242835730564E0,1.242835730564E0,1.242835730564E0,1.242835730564E0,
1.242835730564E0,1.242835730564E0,1.242835730564E0,1.242835730564E0,
1.242835730564E0,1.242835730564E0,1.242835730564E0,1.242835730564E0,
1.242835730564E0,1.242835730564E0,1.242835730564E0,1.242835730564E0)))REPRESENTATION_ITEM('')SURFACE());
#7009=ORIENTED_EDGE('',*,*,#7008,.T.);
#7010=ORIENTED_EDGE('',*,*,#5020,.T.);
#7011=ORIENTED_EDGE('',*,*,#5145,.F.);
#7012=ORIENTED_EDGE('',*,*,#6932,.T.);
#7013=ORIENTED_EDGE('',*,*,#5886,.T.);
#7014=EDGE_LOOP('',(#7009,#7010,#7011,#7012,#7013));
#7015=FACE_OUTER_BOUND('',#7014,.F.);
#7017=CARTESIAN_POINT('',(7.734173699749E-1,-6.218237639354E0,
-4.946783610400E0));
#7018=CARTESIAN_POINT('',(5.758458947326E-1,-6.218790939470E0,
-4.928204110279E0));
#7019=CARTESIAN_POINT('',(4.514377164296E-1,-6.214188844066E0,
-5.082740532740E0));
#7020=CARTESIAN_POINT('',(5.118645098216E-1,-6.208562301027E0,
-5.271677390246E0));
#7021=CARTESIAN_POINT('',(7.736700610727E-1,-6.228208091417E0,
-4.947106132935E0));
#7022=CARTESIAN_POINT('',(5.761163817076E-1,-6.228582992586E0,
-4.928320804281E0));
#7023=CARTESIAN_POINT('',(4.515506578879E-1,-6.225518095913E0,
-5.082777328642E0));
#7024=CARTESIAN_POINT('',(5.117859808899E-1,-6.221764523947E0,
-5.271831936873E0));
#7025=CARTESIAN_POINT('',(7.751622086566E-1,-6.285739113016E0,
-4.948109506133E0));
#7026=CARTESIAN_POINT('',(5.777203657903E-1,-6.285052454630E0,
-4.928123725640E0));
#7027=CARTESIAN_POINT('',(4.522280512194E-1,-6.290826562072E0,
-5.081965233547E0));
#7028=CARTESIAN_POINT('',(5.113300856323E-1,-6.297878462187E0,
-5.271542313784E0));
#7029=CARTESIAN_POINT('',(7.783433919532E-1,-6.393875795044E0,
-4.940777548973E0));
#7030=CARTESIAN_POINT('',(5.811770955475E-1,-6.390813953909E0,
-4.918410816542E0));
#7031=CARTESIAN_POINT('',(4.537297820460E-1,-6.412841275121E0,
-5.069456536049E0));
#7032=CARTESIAN_POINT('',(5.104011246532E-1,-6.440185522773E0,
-5.258332556126E0));
#7033=CARTESIAN_POINT('',(7.837016979096E-1,-6.545057738858E0,
-4.908401295736E0));
#7034=CARTESIAN_POINT('',(5.870553049109E-1,-6.537503602819E0,
-4.882629201423E0));
#7035=CARTESIAN_POINT('',(4.563458090956E-1,-6.581160571454E0,
-5.026066790479E0));
#7036=CARTESIAN_POINT('',(5.089010943963E-1,-6.636841134194E0,
-5.209961146404E0));
#7037=CARTESIAN_POINT('',(7.885231930539E-1,-6.654691392824E0,
-4.866638459988E0));
#7038=CARTESIAN_POINT('',(5.924413871207E-1,-6.642693010366E0,
-4.838448279859E0));
#7039=CARTESIAN_POINT('',(4.588498566042E-1,-6.700918405867E0,
-4.973425994733E0));
#7040=CARTESIAN_POINT('',(5.076634668250E-1,-6.777103109919E0,
-5.150412467966E0));
#7041=CARTESIAN_POINT('',(7.915275474705E-1,-6.714126192676E0,
-4.837405936184E0));
#7042=CARTESIAN_POINT('',(5.958456049867E-1,-6.699217599979E0,
-4.808005863541E0));
#7043=CARTESIAN_POINT('',(4.604847216131E-1,-6.764862668410E0,
-4.937420074761E0));
#7044=CARTESIAN_POINT('',(5.069479749523E-1,-6.852136857547E0,
-5.109483363493E0));
#7045=CARTESIAN_POINT('',(7.919894192506E-1,-6.723077074762E0,
-4.832844929454E0));
#7046=CARTESIAN_POINT('',(5.963707108918E-1,-6.707718051695E0,
-4.803265494849E0));
#7047=CARTESIAN_POINT('',(4.607387885549E-1,-6.774468867791E0,
-4.931818741150E0));
#7048=CARTESIAN_POINT('',(5.068400207207E-1,-6.863412437803E0,
-5.103112284146E0));
#7049=(BOUNDED_SURFACE()B_SPLINE_SURFACE(3,3,((#7017,#7018,#7019,#7020),(#7021,
#7022,#7023,#7024),(#7025,#7026,#7027,#7028),(#7029,#7030,#7031,#7032),(#7033,
#7034,#7035,#7036),(#7037,#7038,#7039,#7040),(#7041,#7042,#7043,#7044),(#7045,
#7046,#7047,#7048)),.UNSPECIFIED.,.F.,.F.,.F.)B_SPLINE_SURFACE_WITH_KNOTS((4,1,
1,1,1,4),(4,4),(-6.500405209668E-2,0.E0,3.097141982600E-1,6.373474588014E-1,
1.E0,1.064848576681E0),(0.E0,1.E0),.UNSPECIFIED.)GEOMETRIC_REPRESENTATION_ITEM()RATIONAL_B_SPLINE_SURFACE(((1.289334061289E0,9.035553129037E-1,9.035553129037E-1,
1.289334061289E0),(1.289334061289E0,9.035553129037E-1,9.035553129037E-1,
1.289334061289E0),(1.289334061289E0,9.035553129037E-1,9.035553129037E-1,
1.289334061289E0),(1.289334061289E0,9.035553129037E-1,9.035553129037E-1,
1.289334061289E0),(1.289334061289E0,9.035553129037E-1,9.035553129037E-1,
1.289334061289E0),(1.289334061289E0,9.035553129037E-1,9.035553129037E-1,
1.289334061289E0),(1.289334061289E0,9.035553129037E-1,9.035553129037E-1,
1.289334061289E0),(1.289334061289E0,9.035553129037E-1,9.035553129037E-1,
1.289334061289E0)))REPRESENTATION_ITEM('')SURFACE());
#7050=ORIENTED_EDGE('',*,*,#7008,.F.);
#7051=ORIENTED_EDGE('',*,*,#5869,.T.);
#7052=ORIENTED_EDGE('',*,*,#5854,.T.);
#7053=ORIENTED_EDGE('',*,*,#4971,.F.);
#7054=EDGE_LOOP('',(#7050,#7051,#7052,#7053));
#7055=FACE_OUTER_BOUND('',#7054,.F.);
#7057=CARTESIAN_POINT('',(0.E0,-9.5E0,-2.175E1));
#7058=DIRECTION('',(0.E0,0.E0,-1.E0));
#7059=DIRECTION('',(1.210556982722E-1,9.926457162129E-1,0.E0));
#7060=AXIS2_PLACEMENT_3D('',#7057,#7058,#7059);
#7061=TOROIDAL_SURFACE('',#7060,1.15E0,2.5E-1);
#7062=ORIENTED_EDGE('',*,*,#4451,.T.);
#7063=ORIENTED_EDGE('',*,*,#4435,.T.);
#7064=ORIENTED_EDGE('',*,*,#3865,.F.);
#7065=ORIENTED_EDGE('',*,*,#4432,.F.);
#7066=EDGE_LOOP('',(#7062,#7063,#7064,#7065));
#7067=FACE_OUTER_BOUND('',#7066,.F.);
#7069=CLOSED_SHELL('',(#3154,#3233,#3246,#3262,#3277,#3343,#3361,#3375,#3395,
#3409,#3420,#3462,#3624,#3713,#3856,#3871,#3885,#4034,#4121,#4286,#4327,#4376,
#4424,#4439,#4456,#4471,#4484,#4499,#4512,#4527,#4543,#4575,#4590,#4604,#4616,
#4630,#4660,#4675,#4688,#4704,#4719,#4732,#4747,#4785,#4822,#4834,#4849,#4864,
#4879,#4892,#4904,#4919,#4978,#5024,#5122,#5136,#5149,#5235,#5265,#5312,#5329,
#5397,#5412,#5429,#5442,#5522,#5565,#5624,#5668,#5682,#5756,#5771,#5824,#5839,
#5858,#5873,#5898,#5941,#5984,#6006,#6049,#6062,#6080,#6094,#6107,#6122,#6135,
#6151,#6192,#6245,#6257,#6272,#6285,#6353,#6368,#6380,#6392,#6407,#6422,#6434,
#6449,#6465,#6482,#6496,#6538,#6605,#6633,#6703,#6715,#6731,#6773,#6813,#6903,
#6914,#6926,#6938,#7016,#7056,#7068));
#7070=MANIFOLD_SOLID_BREP('',#7069);
#7071=FILL_AREA_STYLE_COLOUR('',#130);
#7072=FILL_AREA_STYLE('',(#7071));
#7073=SURFACE_STYLE_FILL_AREA(#7072);
#7074=SURFACE_SIDE_STYLE('',(#7073));
#7075=SURFACE_STYLE_USAGE(.BOTH.,#7074);
#7076=PRESENTATION_STYLE_ASSIGNMENT((#7075));
#244=STYLED_ITEM('',(#7076),#7070);
#7077=PRESENTATION_LAYER_ASSIGNMENT('_30_SOLIDGEOM','',(#244));
#7080=PLANE_ANGLE_MEASURE_WITH_UNIT(PLANE_ANGLE_MEASURE(1.745329251994E-2),
#7079);
#7081=(CONVERSION_BASED_UNIT('DEGREE',#7080)NAMED_UNIT(*)PLANE_ANGLE_UNIT());
#7083=UNCERTAINTY_MEASURE_WITH_UNIT(LENGTH_MEASURE(5.E-3),#7078,
'distance_accuracy_value',
'Maximum model space distance between geometric entities at asserted connectivities');
#7086=MECHANICAL_DESIGN_GEOMETRIC_PRESENTATION_REPRESENTATION('',(#265,#273,
#281,#289,#297,#309,#317,#334,#342,#349,#357,#364,#372,#392,#399,#436,#473,#480,
#497,#504,#515,#527,#539,#549,#556,#564,#576,#584,#592,#603,#614,#649,#656,#668,
#710,#718,#753,#761,#798,#805,#813,#820,#828,#865,#872,#914,#926,#936,#944,#952,
#960,#968,#976,#984,#992,#1000,#1008,#1016,#1024,#1032,#1040,#1047,#1054,#1062,
#1069,#1077,#1084,#1092,#1099,#1107,#1114,#1122,#1140,#1147,#1159,#1180,#1189,
#1196,#1218,#1228,#1236,#1244,#1252,#1260,#1268,#1276,#1284,#1291,#1304,#1312,
#1319,#1327,#1334,#1344,#1361,#1368,#1377,#1401,#1413,#1421,#1429,#1437,#1445,
#1453,#1461,#1469,#1477,#1485,#1493,#1501,#1509,#1517,#1524,#1532,#1539,#1547,
#1555,#1563,#1571,#1579,#1587,#1595,#1603,#1610,#1617,#1625,#1633,#1647,#1655,
#1676,#1695,#1702,#1726,#1733,#1751,#1759,#1770,#1778,#1795,#1803,#1810,#1821,
#1829,#1846,#1855,#1872,#1881,#1889,#1897,#1905,#1915,#1927,#1935,#1943,#1957,
#1965,#1973,#1981,#1989,#1997,#2005,#2018,#2025,#2032,#2040,#2047,#2054,#2068,
#2078,#2086,#2096,#2109,#2119,#2126,#2147,#2155,#2162,#2170,#2177,#2185,#2193,
#2203,#2220,#2230,#2238,#2246,#2267,#2274,#2282,#2290,#2297,#2304,#2312,#2319,
#2326,#2336,#2350,#2368,#2376,#2383,#2390,#2397,#2405,#2413,#2421,#2431,#2439,
#2447,#2455,#2468,#2476,#2486,#2494,#2502,#2512,#2529,#2537,#2547,#2555,#2563,
#2570,#2577,#2584,#2591,#2598,#2606,#2614,#2621,#2629,#2636,#2643,#2650,#2657,
#2664,#2671,#2688,#2698,#2706,#2714,#2724,#2732,#2740,#2757,#2765,#2775,#2783,
#2791,#2801,#2809,#2817,#2825,#2847,#2855,#2863,#2871,#2879,#2889,#2901,#2909,
#2917,#244),#7084);
#7087=APPLICATION_CONTEXT('automotive_design');
#7088=APPLICATION_PROTOCOL_DEFINITION('international standard',
'automotive_design',2001,#7087);
#7089=PRODUCT_DEFINITION_CONTEXT('part definition',#7087,'design');
#7090=PRODUCT_CONTEXT('',#7087,'mechanical');
#7091=PRODUCT('BB_GOT_STUTZEN','BB_GOT_STUTZEN','NOT SPECIFIED',(#7090));
#7092=PRODUCT_DEFINITION_FORMATION('1','LAST_VERSION',#7091);
#7100=DERIVED_UNIT_ELEMENT(#7099,2.E0);
#7101=DERIVED_UNIT((#7100));
#7102=MEASURE_REPRESENTATION_ITEM('surface area measure',AREA_MEASURE(
1.718498816094E3),#7101);
#7107=DERIVED_UNIT_ELEMENT(#7106,3.E0);
#7108=DERIVED_UNIT((#7107));
#7109=MEASURE_REPRESENTATION_ITEM('volume measure',VOLUME_MEASURE(
1.195121825560E3),#7108);
#7113=CARTESIAN_POINT('centre point',(-2.481381844592E-6,-1.592125260262E0,
-1.826343558643E0));
#7118=DERIVED_UNIT_ELEMENT(#7117,2.E0);
#7119=DERIVED_UNIT((#7118));
#7120=MEASURE_REPRESENTATION_ITEM('surface area measure',AREA_MEASURE(
1.718498816094E3),#7119);
#7125=DERIVED_UNIT_ELEMENT(#7124,3.E0);
#7126=DERIVED_UNIT((#7125));
#7127=MEASURE_REPRESENTATION_ITEM('volume measure',VOLUME_MEASURE(
1.195121825560E3),#7126);
#7131=CARTESIAN_POINT('centre point',(-2.481381844592E-6,-1.592125260262E0,
-1.826343558643E0));
#7136=PRODUCT_RELATED_PRODUCT_CATEGORY('part','',(#7091));
#7138=GENERAL_PROPERTY('','ART_NO','user defined attribute');
#7139=GENERAL_PROPERTY_ASSOCIATION('user defined attribute','',#7138,#7137);
#7140=DESCRIPTIVE_REPRESENTATION_ITEM('ART_NO','');
#7144=GENERAL_PROPERTY('','ART_NAME_ENG','user defined attribute');
#7145=GENERAL_PROPERTY_ASSOCIATION('user defined attribute','',#7144,#7143);
#7146=DESCRIPTIVE_REPRESENTATION_ITEM('ART_NAME_ENG','');
#7150=GENERAL_PROPERTY('','PROJECT1','user defined attribute');
#7151=GENERAL_PROPERTY_ASSOCIATION('user defined attribute','',#7150,#7149);
#7152=DESCRIPTIVE_REPRESENTATION_ITEM('PROJECT1',' ');
#7156=GENERAL_PROPERTY('','LONG_DESC','user defined attribute');
#7157=GENERAL_PROPERTY_ASSOCIATION('user defined attribute','',#7156,#7155);
#7158=DESCRIPTIVE_REPRESENTATION_ITEM('LONG_DESC','');
#7162=GENERAL_PROPERTY('','D_NAME','user defined attribute');
#7163=GENERAL_PROPERTY_ASSOCIATION('user defined attribute','',#7162,#7161);
#7164=DESCRIPTIVE_REPRESENTATION_ITEM('D_NAME','');
#7168=GENERAL_PROPERTY('','D_DATE','user defined attribute');
#7169=GENERAL_PROPERTY_ASSOCIATION('user defined attribute','',#7168,#7167);
#7170=DESCRIPTIVE_REPRESENTATION_ITEM('D_DATE','');
#7174=GENERAL_PROPERTY('','MAT_1','user defined attribute');
#7175=GENERAL_PROPERTY_ASSOCIATION('user defined attribute','',#7174,#7173);
#7176=DESCRIPTIVE_REPRESENTATION_ITEM('MAT_1','');
#7180=GENERAL_PROPERTY('','TOL_1','user defined attribute');
#7181=GENERAL_PROPERTY_ASSOCIATION('user defined attribute','',#7180,#7179);
#7182=DESCRIPTIVE_REPRESENTATION_ITEM('TOL_1','');
#7186=GENERAL_PROPERTY('','TOL_2','user defined attribute');
#7187=GENERAL_PROPERTY_ASSOCIATION('user defined attribute','',#7186,#7185);
#7188=DESCRIPTIVE_REPRESENTATION_ITEM('TOL_2','');
#7192=GENERAL_PROPERTY('','SHEET','user defined attribute');
#7193=GENERAL_PROPERTY_ASSOCIATION('user defined attribute','',#7192,#7191);
#7194=VALUE_REPRESENTATION_ITEM('SHEET',COUNT_MEASURE(1));
#7197=DESCRIPTIVE_REPRESENTATION_ITEM('attribute description','Integer');
#7202=GENERAL_PROPERTY('','REMARK','user defined attribute');
#7203=GENERAL_PROPERTY_ASSOCIATION('user defined attribute','',#7202,#7201);
#7204=DESCRIPTIVE_REPRESENTATION_ITEM('REMARK','');
#7208=GENERAL_PROPERTY('','BUW_MDL_SIZE','user defined attribute');
#7209=GENERAL_PROPERTY_ASSOCIATION('user defined attribute','',#7208,#7207);
#7210=DESCRIPTIVE_REPRESENTATION_ITEM('BUW_MDL_SIZE','27.0000x24.5000x9.9980');
#7214=GENERAL_PROPERTY('','TCAT_CLASS','user defined attribute');
#7215=GENERAL_PROPERTY_ASSOCIATION('user defined attribute','',#7214,#7213);
#7216=DESCRIPTIVE_REPRESENTATION_ITEM('TCAT_CLASS','rd_plasticpart');
#7220=GENERAL_PROPERTY('','WIDTH','user defined attribute');
#7221=GENERAL_PROPERTY_ASSOCIATION('user defined attribute','',#7220,#7219);
#7222=DESCRIPTIVE_REPRESENTATION_ITEM('WIDTH','24.5000');
#7226=GENERAL_PROPERTY('','THICKNESS','user defined attribute');
#7227=GENERAL_PROPERTY_ASSOCIATION('user defined attribute','',#7226,#7225);
#7228=DESCRIPTIVE_REPRESENTATION_ITEM('THICKNESS','9.9980');
#7232=GENERAL_PROPERTY('','DIAMETER','user defined attribute');
#7233=GENERAL_PROPERTY_ASSOCIATION('user defined attribute','',#7232,#7231);
#7234=DESCRIPTIVE_REPRESENTATION_ITEM('DIAMETER','0.0000');
#7238=GENERAL_PROPERTY('','LENGTH','user defined attribute');
#7239=GENERAL_PROPERTY_ASSOCIATION('user defined attribute','',#7238,#7237);
#7240=DESCRIPTIVE_REPRESENTATION_ITEM('LENGTH','27.0000');
#1=DRAUGHTING_PRE_DEFINED_COLOUR('black');
#2=COLOUR_RGB('',0.E0,0.E0,5.02E-1);
#3=COLOUR_RGB('',0.E0,0.E0,8.04E-1);
#4=COLOUR_RGB('',0.E0,0.E0,8.3E-1);
#5=DRAUGHTING_PRE_DEFINED_COLOUR('blue');
#6=COLOUR_RGB('',0.E0,2.39E-1,4.31E-1);
#7=COLOUR_RGB('',0.E0,2.58E-1,5.6E-1);
#8=COLOUR_RGB('',0.E0,3.14E-1,4.31E-1);
#9=COLOUR_RGB('',0.E0,3.92E-1,0.E0);
#10=COLOUR_RGB('',0.E0,5.E-1,0.E0);
#11=COLOUR_RGB('',0.E0,5.E-1,1.E0);
#12=COLOUR_RGB('',0.E0,5.4E-1,5.6E-1);
#13=COLOUR_RGB('',0.E0,7.49E-1,1.E0);
#14=COLOUR_RGB('',0.E0,7.8E-1,5.5E-1);
#15=COLOUR_RGB('',0.E0,7.9E-1,3.4E-1);
#16=COLOUR_RGB('',0.E0,8.08E-1,8.2E-1);
#17=COLOUR_RGB('',0.E0,9.8E-1,6.04E-1);
#18=DRAUGHTING_PRE_DEFINED_COLOUR('green');
#19=COLOUR_RGB('',0.E0,1.E0,4.98E-1);
#20=DRAUGHTING_PRE_DEFINED_COLOUR('cyan');
#21=COLOUR_RGB('',4.E-3,1.41E-1,7.18E-1);
#22=COLOUR_RGB('',1.1E-2,1.2E-2,1.E0);
#23=COLOUR_RGB('',1.E-2,6.6E-1,6.2E-1);
#24=COLOUR_RGB('',2.E-2,7.2E-1,8.E-1);
#25=COLOUR_RGB('',2.8E-2,2.8E-2,7.E-1);
#26=COLOUR_RGB('',3.E-2,1.8E-1,3.3E-1);
#27=COLOUR_RGB('',3.1E-2,1.99E-1,6.3E-1);
#28=COLOUR_RGB('',3.5E-2,2.5E-1,1.73E-1);
#29=COLOUR_RGB('',4.7E-2,4.99E-1,9.5E-1);
#30=COLOUR_RGB('',6.3E-2,7.91E-1,6.95E-1);
#31=COLOUR_RGB('',7.E-2,4.E-2,5.6E-1);
#32=COLOUR_RGB('',7.8E-2,7.8E-2,7.8E-2);
#33=COLOUR_RGB('',9.8E-2,9.8E-2,4.39E-1);
#34=COLOUR_RGB('',1.01E-1,6.3E-1,5.03E-1);
#35=COLOUR_RGB('',1.1E-1,1.1E-1,1.1E-1);
#36=COLOUR_RGB('',1.18E-1,5.65E-1,1.E0);
#37=COLOUR_RGB('',1.26E-1,6.98E-1,6.67E-1);
#38=COLOUR_RGB('',1.33E-1,5.45E-1,1.33E-1);
#39=COLOUR_RGB('',1.44E-1,3.4E-2,0.E0);
#40=COLOUR_RGB('',1.6E-1,1.4E-1,1.3E-1);
#41=COLOUR_RGB('',1.8E-1,1.8E-1,3.1E-1);
#42=COLOUR_RGB('',1.8E-1,2.8E-1,2.3E-1);
#43=COLOUR_RGB('',1.8E-1,5.45E-1,3.41E-1);
#44=COLOUR_RGB('',1.84E-1,3.1E-1,3.1E-1);
#45=COLOUR_RGB('',1.96E-1,8.04E-1,1.96E-1);
#46=COLOUR_RGB('',2.E-1,2.E-1,2.E-1);
#47=COLOUR_RGB('',2.E-1,6.3E-1,7.9E-1);
#48=COLOUR_RGB('',2.E-1,1.E0,1.E0);
#49=COLOUR_RGB('',2.12E-1,5.14E-1,4.16E-1);
#50=COLOUR_RGB('',2.3E-1,3.7E-1,1.7E-1);
#51=COLOUR_RGB('',2.3E-1,3.82E-1,5.6E-1);
#52=COLOUR_RGB('',2.35E-1,7.02E-1,4.43E-1);
#53=COLOUR_RGB('',2.4E-1,3.5E-1,6.7E-1);
#54=COLOUR_RGB('',2.4E-1,5.7E-1,2.5E-1);
#55=COLOUR_RGB('',2.49E-1,5.93E-1,6.3E-1);
#56=COLOUR_RGB('',2.55E-1,4.12E-1,8.82E-1);
#57=COLOUR_RGB('',2.66E-1,3.09E-1,3.16E-1);
#58=COLOUR_RGB('',2.74E-1,5.1E-1,7.06E-1);
#59=COLOUR_RGB('',2.8E-1,2.8E-1,2.8E-1);
#60=COLOUR_RGB('',2.82E-1,2.39E-1,5.45E-1);
#61=COLOUR_RGB('',2.82E-1,8.2E-1,8.E-1);
#62=COLOUR_RGB('',3.24E-1,5.77E-1,8.1E-1);
#63=COLOUR_RGB('',3.33E-1,3.33E-1,3.33E-1);
#64=COLOUR_RGB('',3.33E-1,4.2E-1,1.84E-1);
#65=COLOUR_RGB('',3.44E-1,3.63E-1,3.74E-1);
#66=COLOUR_RGB('',3.6E-1,1.4E-1,4.3E-1);
#67=COLOUR_RGB('',3.7E-1,1.5E-1,2.E-2);
#68=COLOUR_RGB('',3.72E-1,6.2E-1,6.28E-1);
#69=COLOUR_RGB('',3.75E-1,3.74E-1,3.91E-1);
#70=COLOUR_RGB('',3.75E-1,3.8E-1,4.22E-1);
#71=COLOUR_RGB('',3.81E-1,4.41E-1,5.96E-1);
#72=COLOUR_RGB('',3.8E-1,7.E-1,1.6E-1);
#73=COLOUR_RGB('',3.92E-1,1.2E-2,1.2E-2);
#74=COLOUR_RGB('',3.92E-1,4.37E-1,4.9E-1);
#75=COLOUR_RGB('',3.92E-1,5.84E-1,9.29E-1);
#76=COLOUR_RGB('',4.E-1,4.E-1,4.E-1);
#77=COLOUR_RGB('',4.E-1,5.E-1,8.E-2);
#78=COLOUR_RGB('',4.E-1,8.04E-1,6.67E-1);
#79=COLOUR_RGB('',4.1E-1,0.E0,2.2E-1);
#80=COLOUR_RGB('',4.16E-1,3.53E-1,8.04E-1);
#81=COLOUR_RGB('',4.2E-1,4.2E-1,4.2E-1);
#82=COLOUR_RGB('',4.2E-1,5.57E-1,1.37E-1);
#83=COLOUR_RGB('',4.3E-1,1.E0,4.4E-1);
#84=COLOUR_RGB('',4.4E-1,0.E0,2.8E-1);
#85=COLOUR_RGB('',4.39E-1,5.02E-1,5.65E-1);
#86=COLOUR_RGB('',4.38E-1,5.03E-1,6.E-1);
#87=COLOUR_RGB('',4.4E-1,2.6E-1,2.6E-1);
#88=COLOUR_RGB('',4.4E-1,5.E-1,6.E-1);
#89=COLOUR_RGB('',4.5E-1,2.9E-1,7.E-2);
#90=COLOUR_RGB('',4.67E-1,5.33E-1,6.E-1);
#91=COLOUR_RGB('',4.82E-1,4.08E-1,9.33E-1);
#92=COLOUR_RGB('',4.98E-1,1.E0,0.E0);
#93=COLOUR_RGB('',4.98E-1,1.E0,8.31E-1);
#94=COLOUR_RGB('',5.E-1,0.E0,0.E0);
#95=COLOUR_RGB('',5.E-1,0.E0,1.E0);
#96=COLOUR_RGB('',5.E-1,1.65E-1,1.65E-1);
#97=COLOUR_RGB('',5.E-1,5.E-1,1.E0);
#98=COLOUR_RGB('',5.E-1,5.4E-1,5.3E-1);
#99=COLOUR_RGB('',5.1E-1,3.97E-1,1.07E-1);
#100=COLOUR_RGB('',5.1E-1,4.E-1,1.1E-1);
#101=COLOUR_RGB('',5.18E-1,4.39E-1,1.E0);
#102=COLOUR_RGB('',5.3E-1,1.5E-1,3.4E-1);
#103=COLOUR_RGB('',5.3E-1,2.6E-1,1.2E-1);
#104=COLOUR_RGB('',5.29E-1,8.08E-1,9.22E-1);
#105=COLOUR_RGB('',5.29E-1,8.08E-1,9.8E-1);
#106=COLOUR_RGB('',5.41E-1,1.69E-1,8.86E-1);
#107=COLOUR_RGB('',5.4E-1,2.E-1,1.4E-1);
#108=COLOUR_RGB('',5.4E-1,2.1E-1,6.E-2);
#109=COLOUR_RGB('',5.45E-1,2.71E-1,7.4E-2);
#110=COLOUR_RGB('',5.5E-1,5.5E-1,5.5E-1);
#111=COLOUR_RGB('',5.6E-1,3.7E-1,6.E-1);
#112=COLOUR_RGB('',5.61E-1,7.37E-1,5.61E-1);
#113=COLOUR_RGB('',5.7E-1,1.3E-1,6.2E-1);
#114=COLOUR_RGB('',5.71E-1,6.1E-1,6.33E-1);
#115=COLOUR_RGB('',5.76E-1,4.39E-1,8.59E-1);
#116=COLOUR_RGB('',5.8E-1,0.E0,8.27E-1);
#117=COLOUR_RGB('',5.9E-1,2.7E-1,8.E-2);
#118=COLOUR_RGB('',5.9E-1,1.E0,5.9E-1);
#119=COLOUR_RGB('',5.96E-1,9.84E-1,5.96E-1);
#120=COLOUR_RGB('',6.E-1,1.96E-1,8.E-1);
#121=COLOUR_RGB('',6.E-1,6.E-1,6.E-1);
#122=COLOUR_RGB('',6.04E-1,8.04E-1,1.96E-1);
#123=COLOUR_RGB('',6.1E-1,0.E0,6.E-2);
#124=COLOUR_RGB('',6.1E-1,4.E-1,1.2E-1);
#125=COLOUR_RGB('',6.16E-1,6.96E-1,7.7E-1);
#126=COLOUR_RGB('',6.28E-1,1.26E-1,9.41E-1);
#127=COLOUR_RGB('',6.28E-1,3.22E-1,1.77E-1);
#128=COLOUR_RGB('',6.4E-1,4.64E-1,3.01E-1);
#129=COLOUR_RGB('',6.4E-1,5.8E-1,5.E-1);
#130=COLOUR_RGB('',6.47059E-1,5.17647E-1,0.E0);
#131=COLOUR_RGB('',6.67E-1,6.67E-1,6.67E-1);
#132=COLOUR_RGB('',6.76E-1,6.84E-1,6.41E-1);
#133=COLOUR_RGB('',6.78E-1,8.47E-1,9.02E-1);
#134=COLOUR_RGB('',6.78E-1,1.E0,1.84E-1);
#135=COLOUR_RGB('',6.8E-1,8.1E-1,1.E0);
#136=COLOUR_RGB('',6.86E-1,9.33E-1,9.33E-1);
#137=COLOUR_RGB('',6.9E-1,9.E-2,1.2E-1);
#138=COLOUR_RGB('',6.9E-1,1.88E-1,3.77E-1);
#139=COLOUR_RGB('',6.9E-1,6.9E-1,7.4E-1);
#140=COLOUR_RGB('',6.9E-1,7.69E-1,8.71E-1);
#141=COLOUR_RGB('',6.98E-1,1.33E-1,1.33E-1);
#142=COLOUR_RGB('',7.16E-1,7.2E-2,3.72E-1);
#143=COLOUR_RGB('',7.22E-1,5.25E-1,4.3E-2);
#144=COLOUR_RGB('',7.29E-1,3.33E-1,8.27E-1);
#145=COLOUR_RGB('',7.37E-1,5.61E-1,5.61E-1);
#146=COLOUR_RGB('',7.4E-1,4.E-1,4.E-1);
#147=COLOUR_RGB('',7.41E-1,7.18E-1,4.2E-1);
#148=COLOUR_RGB('',7.4E-1,9.9E-1,7.9E-1);
#149=COLOUR_RGB('',7.5E-1,7.2E-1,0.E0);
#150=COLOUR_RGB('',7.53E-1,7.53E-1,7.53E-1);
#151=COLOUR_RGB('',7.8E-1,8.2E-2,5.22E-1);
#152=COLOUR_RGB('',7.8E-1,3.8E-1,8.E-2);
#153=COLOUR_RGB('',7.8E-1,4.7E-1,1.5E-1);
#154=COLOUR_RGB('',8.E-1,8.E-1,8.E-1);
#155=COLOUR_RGB('',8.04E-1,5.22E-1,2.47E-1);
#156=COLOUR_RGB('',8.16E-1,1.26E-1,5.65E-1);
#157=COLOUR_RGB('',8.2E-1,5.4E-1,5.6E-1);
#158=COLOUR_RGB('',8.2E-1,6.E-1,2.4E-1);
#159=COLOUR_RGB('',8.23E-1,4.12E-1,1.18E-1);
#160=COLOUR_RGB('',8.3E-1,0.E0,0.E0);
#161=COLOUR_RGB('',8.3E-1,1.E-1,1.2E-1);
#162=COLOUR_RGB('',8.3E-1,2.4E-1,1.E-1);
#163=COLOUR_RGB('',8.42E-1,8.99E-1,9.33E-1);
#164=COLOUR_RGB('',8.47E-1,7.49E-1,8.47E-1);
#165=COLOUR_RGB('',8.55E-1,4.39E-1,8.39E-1);
#166=COLOUR_RGB('',8.55E-1,6.47E-1,1.26E-1);
#167=COLOUR_RGB('',8.6E-1,1.5E-1,2.7E-1);
#168=COLOUR_RGB('',8.6E-1,1.6E-1,1.6E-1);
#169=COLOUR_RGB('',8.59E-1,4.39E-1,5.76E-1);
#170=COLOUR_RGB('',8.6E-1,5.8E-1,4.4E-1);
#171=COLOUR_RGB('',8.63E-1,8.63E-1,8.63E-1);
#172=COLOUR_RGB('',8.67E-1,6.28E-1,8.67E-1);
#173=COLOUR_RGB('',8.71E-1,7.22E-1,5.29E-1);
#174=COLOUR_RGB('',8.784E-1,9.49E-1,1.E0);
#175=COLOUR_RGB('',8.78E-1,1.E0,1.E0);
#176=COLOUR_RGB('',8.9E-1,7.E-2,1.9E-1);
#177=COLOUR_RGB('',8.9E-1,9.E-2,5.E-2);
#178=COLOUR_RGB('',8.9E-1,1.5E-1,2.1E-1);
#179=COLOUR_RGB('',8.9E-1,1.8E-1,1.9E-1);
#180=COLOUR_RGB('',8.9E-1,2.1E-1,2.2E-1);
#181=COLOUR_RGB('',8.9E-1,4.4E-1,1.E-1);
#182=COLOUR_RGB('',8.9E-1,5.1E-1,9.E-2);
#183=COLOUR_RGB('',8.9E-1,6.6E-1,4.1E-1);
#184=COLOUR_RGB('',8.9E-1,8.1E-1,3.4E-1);
#185=COLOUR_RGB('',9.02E-1,9.02E-1,9.8E-1);
#186=COLOUR_RGB('',9.3E-1,5.7E-1,1.3E-1);
#187=COLOUR_RGB('',9.33E-1,8.67E-1,5.1E-1);
#188=COLOUR_RGB('',9.33E-1,9.1E-1,6.67E-1);
#189=COLOUR_RGB('',9.41E-1,5.02E-1,5.02E-1);
#190=COLOUR_RGB('',9.41E-1,9.02E-1,5.49E-1);
#191=COLOUR_RGB('',9.41E-1,9.73E-1,1.E0);
#192=COLOUR_RGB('',9.41E-1,1.E0,9.41E-1);
#193=COLOUR_RGB('',9.42E-1,1.E0,1.E0);
#194=COLOUR_RGB('',9.57E-1,6.43E-1,3.77E-1);
#195=COLOUR_RGB('',9.61E-1,8.71E-1,7.02E-1);
#196=COLOUR_RGB('',9.61E-1,9.61E-1,8.63E-1);
#197=COLOUR_RGB('',9.6E-1,9.6E-1,9.6E-1);
#198=COLOUR_RGB('',9.73E-1,9.73E-1,1.E0);
#199=COLOUR_RGB('',9.8E-1,5.02E-1,4.47E-1);
#200=COLOUR_RGB('',9.8E-1,6.27E-1,0.E0);
#201=COLOUR_RGB('',9.81E-1,9.22E-1,8.45E-1);
#202=COLOUR_RGB('',9.9E-1,9.E-1,7.9E-1);
#203=COLOUR_RGB('',9.9E-1,1.E0,9.4E-1);
#204=COLOUR_RGB('',9.92E-1,9.61E-1,9.02E-1);
#205=DRAUGHTING_PRE_DEFINED_COLOUR('red');
#206=COLOUR_RGB('',1.E0,0.E0,5.8E-1);
#207=COLOUR_RGB('',1.E0,0.E0,7.8E-1);
#208=DRAUGHTING_PRE_DEFINED_COLOUR('magenta');
#209=COLOUR_RGB('',1.E0,3.E-2,3.E-2);
#210=COLOUR_RGB('',1.E0,7.8E-2,5.76E-1);
#211=COLOUR_RGB('',1.E0,3.4E-1,1.3E-1);
#212=COLOUR_RGB('',1.E0,3.6E-1,0.E0);
#213=COLOUR_RGB('',1.E0,3.8E-1,1.E-2);
#214=COLOUR_RGB('',1.E0,3.88E-1,2.78E-1);
#215=COLOUR_RGB('',1.E0,4.12E-1,7.06E-1);
#216=COLOUR_RGB('',1.E0,4.9E-1,2.5E-1);
#217=COLOUR_RGB('',1.E0,5.E-1,0.E0);
#218=COLOUR_RGB('',1.E0,5.4E-1,5.6E-1);
#219=COLOUR_RGB('',1.E0,5.49E-1,0.E0);
#220=COLOUR_RGB('',1.E0,6.E-1,7.E-2);
#221=COLOUR_RGB('',1.E0,6.28E-1,4.78E-1);
#222=COLOUR_RGB('',1.E0,6.6E-1,7.E-2);
#223=COLOUR_RGB('',1.E0,7.2E-1,0.E0);
#224=COLOUR_RGB('',1.E0,7.53E-1,7.96E-1);
#225=COLOUR_RGB('',1.E0,7.7E-1,6.E-2);
#226=COLOUR_RGB('',1.E0,8.43E-1,0.E0);
#227=COLOUR_RGB('',1.E0,8.55E-1,7.26E-1);
#228=COLOUR_RGB('',1.E0,8.71E-1,6.78E-1);
#229=COLOUR_RGB('',1.E0,8.9E-1,1.E-2);
#230=COLOUR_RGB('',1.E0,8.94E-1,7.1E-1);
#231=COLOUR_RGB('',1.E0,8.94E-1,8.82E-1);
#232=COLOUR_RGB('',1.E0,8.98E-1,7.72E-1);
#233=COLOUR_RGB('',1.E0,9.37E-1,8.35E-1);
#234=COLOUR_RGB('',1.E0,9.41E-1,9.61E-1);
#235=COLOUR_RGB('',1.E0,9.73E-1,8.63E-1);
#236=COLOUR_RGB('',1.E0,9.8E-1,8.04E-1);
#237=COLOUR_RGB('',1.E0,9.8E-1,9.41E-1);
#238=COLOUR_RGB('',1.E0,9.8E-1,9.8E-1);
#239=DRAUGHTING_PRE_DEFINED_COLOUR('yellow');
#240=COLOUR_RGB('',1.E0,1.E0,8.78E-1);
#241=COLOUR_RGB('',1.E0,1.E0,9.41E-1);
#242=COLOUR_RGB('',1.E0,1.E0,9.49E-1);
#243=DRAUGHTING_PRE_DEFINED_COLOUR('white');
#261=B_SPLINE_CURVE_WITH_KNOTS('',3,(#245,#246,#247,#248,#249,#250,#251,#252,
#253,#254,#255,#256,#257,#258,#259,#260),.UNSPECIFIED.,.F.,.F.,(4,1,1,1,1,1,1,1,
1,1,1,1,1,4),(0.E0,7.692307692308E-2,1.538461538462E-1,2.307692307692E-1,
3.076923076923E-1,3.846153846154E-1,4.615384615385E-1,5.384615384615E-1,
6.153846153846E-1,6.923076923077E-1,7.692307692308E-1,8.461538461538E-1,
9.230769230769E-1,1.E0),.UNSPECIFIED.);
#270=CIRCLE('',#269,3.5E0);
#278=CIRCLE('',#277,3.5E0);
#286=CIRCLE('',#285,5.E-1);
#294=CIRCLE('',#293,5.E-1);
#306=B_SPLINE_CURVE_WITH_KNOTS('',3,(#298,#299,#300,#301,#302,#303,#304,#305),
.UNSPECIFIED.,.F.,.F.,(4,1,1,1,1,4),(0.E0,2.E-1,4.E-1,6.E-1,8.E-1,1.E0),
.UNSPECIFIED.);
#314=CIRCLE('',#313,3.E0);
#331=B_SPLINE_CURVE_WITH_KNOTS('',3,(#318,#319,#320,#321,#322,#323,#324,#325,
#326,#327,#328,#329,#330),.UNSPECIFIED.,.F.,.F.,(4,1,1,1,1,1,1,1,1,1,4),(0.E0,
1.E-1,2.E-1,3.E-1,4.E-1,5.E-1,6.E-1,7.E-1,8.E-1,9.E-1,1.E0),.UNSPECIFIED.);
#339=CIRCLE('',#338,3.5E0);
#354=CIRCLE('',#353,3.5E0);
#369=CIRCLE('',#368,5.E-1);
#389=B_SPLINE_CURVE_WITH_KNOTS('',3,(#373,#374,#375,#376,#377,#378,#379,#380,
#381,#382,#383,#384,#385,#386,#387,#388),.UNSPECIFIED.,.F.,.F.,(4,1,1,1,1,1,1,1,
1,1,1,1,1,4),(0.E0,7.692307692308E-2,1.538461538462E-1,2.307692307692E-1,
3.076923076923E-1,3.846153846154E-1,4.615384615385E-1,5.384615384615E-1,
6.153846153846E-1,6.923076923077E-1,7.692307692308E-1,8.461538461538E-1,
9.230769230769E-1,1.E0),.UNSPECIFIED.);
#433=B_SPLINE_CURVE_WITH_KNOTS('',3,(#400,#401,#402,#403,#404,#405,#406,#407,
#408,#409,#410,#411,#412,#413,#414,#415,#416,#417,#418,#419,#420,#421,#422,#423,
#424,#425,#426,#427,#428,#429,#430,#431,#432),.UNSPECIFIED.,.F.,.F.,(4,1,1,1,1,
1,1,1,1,1,1,1,1,1,1,1,1,1,1,1,1,1,1,1,1,1,1,1,1,1,4),(0.E0,3.333333333333E-2,
6.666666666667E-2,1.E-1,1.333333333333E-1,1.666666666667E-1,2.E-1,
2.333333333333E-1,2.666666666667E-1,3.E-1,3.333333333333E-1,3.666666666667E-1,
4.E-1,4.333333333333E-1,4.666666666667E-1,5.E-1,5.333333333333E-1,
5.666666666667E-1,6.E-1,6.333333333333E-1,6.666666666667E-1,7.E-1,
7.333333333333E-1,7.666666666667E-1,8.E-1,8.333333333333E-1,8.666666666667E-1,
9.E-1,9.333333333333E-1,9.666666666667E-1,1.E0),.UNSPECIFIED.);
#470=B_SPLINE_CURVE_WITH_KNOTS('',3,(#437,#438,#439,#440,#441,#442,#443,#444,
#445,#446,#447,#448,#449,#450,#451,#452,#453,#454,#455,#456,#457,#458,#459,#460,
#461,#462,#463,#464,#465,#466,#467,#468,#469),.UNSPECIFIED.,.F.,.F.,(4,1,1,1,1,
1,1,1,1,1,1,1,1,1,1,1,1,1,1,1,1,1,1,1,1,1,1,1,1,1,4),(0.E0,3.333333333333E-2,
6.666666666667E-2,1.E-1,1.333333333333E-1,1.666666666667E-1,2.E-1,
2.333333333333E-1,2.666666666667E-1,3.E-1,3.333333333333E-1,3.666666666667E-1,
4.E-1,4.333333333333E-1,4.666666666667E-1,5.E-1,5.333333333333E-1,
5.666666666667E-1,6.E-1,6.333333333333E-1,6.666666666667E-1,7.E-1,
7.333333333333E-1,7.666666666667E-1,8.E-1,8.333333333333E-1,8.666666666667E-1,
9.E-1,9.333333333333E-1,9.666666666667E-1,1.E0),.UNSPECIFIED.);
#494=B_SPLINE_CURVE_WITH_KNOTS('',3,(#481,#482,#483,#484,#485,#486,#487,#488,
#489,#490,#491,#492,#493),.UNSPECIFIED.,.F.,.F.,(4,1,1,1,1,1,1,1,1,1,4),(0.E0,
1.E-1,2.E-1,3.E-1,4.E-1,5.E-1,6.E-1,7.E-1,8.E-1,9.E-1,1.E0),.UNSPECIFIED.);
#512=B_SPLINE_CURVE_WITH_KNOTS('',3,(#505,#506,#507,#508,#509,#510,#511),
.UNSPECIFIED.,.F.,.F.,(4,1,1,1,4),(0.E0,2.5E-1,5.E-1,7.5E-1,1.E0),
.UNSPECIFIED.);
#524=B_SPLINE_CURVE_WITH_KNOTS('',3,(#516,#517,#518,#519,#520,#521,#522,#523),
.UNSPECIFIED.,.F.,.F.,(4,1,1,1,1,4),(0.E0,2.E-1,4.E-1,6.E-1,8.E-1,1.E0),
.UNSPECIFIED.);
#536=B_SPLINE_CURVE_WITH_KNOTS('',3,(#528,#529,#530,#531,#532,#533,#534,#535),
.UNSPECIFIED.,.F.,.F.,(4,1,1,1,1,4),(0.E0,2.E-1,4.E-1,6.E-1,8.E-1,1.E0),
.UNSPECIFIED.);
#546=B_SPLINE_CURVE_WITH_KNOTS('',3,(#540,#541,#542,#543,#544,#545),
.UNSPECIFIED.,.F.,.F.,(4,1,1,4),(0.E0,3.333333333333E-1,6.666666666667E-1,1.E0),
.UNSPECIFIED.);
#561=CIRCLE('',#560,5.E-1);
#573=B_SPLINE_CURVE_WITH_KNOTS('',3,(#565,#566,#567,#568,#569,#570,#571,#572),
.UNSPECIFIED.,.F.,.F.,(4,1,1,1,1,4),(0.E0,2.E-1,4.E-1,6.E-1,8.E-1,1.E0),
.UNSPECIFIED.);
#581=CIRCLE('',#580,5.E-1);
#589=CIRCLE('',#588,5.000000000003E-1);
#600=B_SPLINE_CURVE_WITH_KNOTS('',3,(#593,#594,#595,#596,#597,#598,#599),
.UNSPECIFIED.,.F.,.F.,(4,1,1,1,4),(0.E0,2.5E-1,5.E-1,7.5E-1,1.E0),
.UNSPECIFIED.);
#611=B_SPLINE_CURVE_WITH_KNOTS('',3,(#604,#605,#606,#607,#608,#609,#610),
.UNSPECIFIED.,.F.,.F.,(4,1,1,1,4),(0.E0,2.5E-1,5.E-1,7.5E-1,1.E0),
.UNSPECIFIED.);
#646=B_SPLINE_CURVE_WITH_KNOTS('',3,(#615,#616,#617,#618,#619,#620,#621,#622,
#623,#624,#625,#626,#627,#628,#629,#630,#631,#632,#633,#634,#635,#636,#637,#638,
#639,#640,#641,#642,#643,#644,#645),.UNSPECIFIED.,.F.,.F.,(4,1,1,1,1,1,1,1,1,1,
1,1,1,1,1,1,1,1,1,1,1,1,1,1,1,1,1,1,4),(0.E0,3.571428571429E-2,
7.142857142857E-2,1.071428571429E-1,1.428571428571E-1,1.785714285714E-1,
2.142857142857E-1,2.5E-1,2.857142857143E-1,3.214285714286E-1,3.571428571429E-1,
3.928571428571E-1,4.285714285714E-1,4.642857142857E-1,5.E-1,5.357142857143E-1,
5.714285714286E-1,6.071428571429E-1,6.428571428571E-1,6.785714285714E-1,
7.142857142857E-1,7.5E-1,7.857142857143E-1,8.214285714286E-1,8.571428571429E-1,
8.928571428571E-1,9.285714285714E-1,9.642857142857E-1,1.E0),.UNSPECIFIED.);
#665=B_SPLINE_CURVE_WITH_KNOTS('',3,(#657,#658,#659,#660,#661,#662,#663,#664),
.UNSPECIFIED.,.F.,.F.,(4,1,1,1,1,4),(0.E0,2.E-1,4.E-1,6.E-1,8.E-1,1.E0),
.UNSPECIFIED.);
#707=B_SPLINE_CURVE_WITH_KNOTS('',3,(#669,#670,#671,#672,#673,#674,#675,#676,
#677,#678,#679,#680,#681,#682,#683,#684,#685,#686,#687,#688,#689,#690,#691,#692,
#693,#694,#695,#696,#697,#698,#699,#700,#701,#702,#703,#704,#705,#706),
.UNSPECIFIED.,.F.,.F.,(4,1,1,1,1,1,1,1,1,1,1,1,1,1,1,1,1,1,1,1,1,1,1,1,1,1,1,1,
1,1,1,1,1,1,1,4),(0.E0,2.857142857143E-2,5.714285714286E-2,8.571428571429E-2,
1.142857142857E-1,1.428571428571E-1,1.714285714286E-1,2.E-1,2.285714285714E-1,
2.571428571429E-1,2.857142857143E-1,3.142857142857E-1,3.428571428571E-1,
3.714285714286E-1,4.E-1,4.285714285714E-1,4.571428571429E-1,4.857142857143E-1,
5.142857142857E-1,5.428571428571E-1,5.714285714286E-1,6.E-1,6.285714285714E-1,
6.571428571429E-1,6.857142857143E-1,7.142857142857E-1,7.428571428571E-1,
7.714285714286E-1,8.E-1,8.285714285714E-1,8.571428571429E-1,8.857142857143E-1,
9.142857142857E-1,9.428571428571E-1,9.714285714286E-1,1.E0),.UNSPECIFIED.);
#715=CIRCLE('',#714,4.999999999955E-1);
#750=B_SPLINE_CURVE_WITH_KNOTS('',3,(#719,#720,#721,#722,#723,#724,#725,#726,
#727,#728,#729,#730,#731,#732,#733,#734,#735,#736,#737,#738,#739,#740,#741,#742,
#743,#744,#745,#746,#747,#748,#749),.UNSPECIFIED.,.F.,.F.,(4,1,1,1,1,1,1,1,1,1,
1,1,1,1,1,1,1,1,1,1,1,1,1,1,1,1,1,1,4),(0.E0,3.571428571429E-2,
7.142857142857E-2,1.071428571429E-1,1.428571428571E-1,1.785714285714E-1,
2.142857142857E-1,2.5E-1,2.857142857143E-1,3.214285714286E-1,3.571428571429E-1,
3.928571428571E-1,4.285714285714E-1,4.642857142857E-1,5.E-1,5.357142857143E-1,
5.714285714286E-1,6.071428571429E-1,6.428571428571E-1,6.785714285714E-1,
7.142857142857E-1,7.5E-1,7.857142857143E-1,8.214285714286E-1,8.571428571429E-1,
8.928571428571E-1,9.285714285714E-1,9.642857142857E-1,1.E0),.UNSPECIFIED.);
#758=CIRCLE('',#757,9.E-1);
#795=B_SPLINE_CURVE_WITH_KNOTS('',3,(#762,#763,#764,#765,#766,#767,#768,#769,
#770,#771,#772,#773,#774,#775,#776,#777,#778,#779,#780,#781,#782,#783,#784,#785,
#786,#787,#788,#789,#790,#791,#792,#793,#794),.UNSPECIFIED.,.F.,.F.,(4,1,1,1,1,
1,1,1,1,1,1,1,1,1,1,1,1,1,1,1,1,1,1,1,1,1,1,1,1,1,4),(0.E0,3.333333333333E-2,
6.666666666667E-2,1.E-1,1.333333333333E-1,1.666666666667E-1,2.E-1,
2.333333333333E-1,2.666666666667E-1,3.E-1,3.333333333333E-1,3.666666666667E-1,
4.E-1,4.333333333333E-1,4.666666666667E-1,5.E-1,5.333333333333E-1,
5.666666666667E-1,6.E-1,6.333333333333E-1,6.666666666667E-1,7.E-1,
7.333333333333E-1,7.666666666667E-1,8.E-1,8.333333333333E-1,8.666666666667E-1,
9.E-1,9.333333333333E-1,9.666666666667E-1,1.E0),.UNSPECIFIED.);
#810=CIRCLE('',#809,9.E-1);
#825=CIRCLE('',#824,4.999999934159E-1);
#862=B_SPLINE_CURVE_WITH_KNOTS('',3,(#829,#830,#831,#832,#833,#834,#835,#836,
#837,#838,#839,#840,#841,#842,#843,#844,#845,#846,#847,#848,#849,#850,#851,#852,
#853,#854,#855,#856,#857,#858,#859,#860,#861),.UNSPECIFIED.,.F.,.F.,(4,1,1,1,1,
1,1,1,1,1,1,1,1,1,1,1,1,1,1,1,1,1,1,1,1,1,1,1,1,1,4),(0.E0,3.333333333333E-2,
6.666666666667E-2,1.E-1,1.333333333333E-1,1.666666666667E-1,2.E-1,
2.333333333333E-1,2.666666666667E-1,3.E-1,3.333333333333E-1,3.666666666667E-1,
4.E-1,4.333333333333E-1,4.666666666667E-1,5.E-1,5.333333333333E-1,
5.666666666667E-1,6.E-1,6.333333333333E-1,6.666666666667E-1,7.E-1,
7.333333333333E-1,7.666666666667E-1,8.E-1,8.333333333333E-1,8.666666666667E-1,
9.E-1,9.333333333333E-1,9.666666666667E-1,1.E0),.UNSPECIFIED.);
#911=B_SPLINE_CURVE_WITH_KNOTS('',3,(#873,#874,#875,#876,#877,#878,#879,#880,
#881,#882,#883,#884,#885,#886,#887,#888,#889,#890,#891,#892,#893,#894,#895,#896,
#897,#898,#899,#900,#901,#902,#903,#904,#905,#906,#907,#908,#909,#910),
.UNSPECIFIED.,.F.,.F.,(4,1,1,1,1,1,1,1,1,1,1,1,1,1,1,1,1,1,1,1,1,1,1,1,1,1,1,1,
1,1,1,1,1,1,1,4),(0.E0,2.857142857143E-2,5.714285714286E-2,8.571428571429E-2,
1.142857142857E-1,1.428571428571E-1,1.714285714286E-1,2.E-1,2.285714285714E-1,
2.571428571429E-1,2.857142857143E-1,3.142857142857E-1,3.428571428571E-1,
3.714285714286E-1,4.E-1,4.285714285714E-1,4.571428571429E-1,4.857142857143E-1,
5.142857142857E-1,5.428571428571E-1,5.714285714286E-1,6.E-1,6.285714285714E-1,
6.571428571429E-1,6.857142857143E-1,7.142857142857E-1,7.428571428571E-1,
7.714285714286E-1,8.E-1,8.285714285714E-1,8.571428571429E-1,8.857142857143E-1,
9.142857142857E-1,9.428571428571E-1,9.714285714286E-1,1.E0),.UNSPECIFIED.);
#923=B_SPLINE_CURVE_WITH_KNOTS('',3,(#915,#916,#917,#918,#919,#920,#921,#922),
.UNSPECIFIED.,.F.,.F.,(4,1,1,1,1,4),(0.E0,2.E-1,4.E-1,6.E-1,8.E-1,1.E0),
.UNSPECIFIED.);
#933=B_SPLINE_CURVE_WITH_KNOTS('',3,(#927,#928,#929,#930,#931,#932),
.UNSPECIFIED.,.F.,.F.,(4,1,1,4),(0.E0,3.333333333333E-1,6.666666666667E-1,1.E0),
.UNSPECIFIED.);
#941=CIRCLE('',#940,5.000001714891E-1);
#949=CIRCLE('',#948,5.000000000206E-1);
#957=CIRCLE('',#956,5.000000186451E-1);
#965=CIRCLE('',#964,5.000000000311E-1);
#973=CIRCLE('',#972,2.5E-1);
#981=CIRCLE('',#980,1.514591931454E0);
#989=CIRCLE('',#988,1.514591931454E0);
#997=CIRCLE('',#996,1.15E0);
#1005=CIRCLE('',#1004,1.15E0);
#1013=CIRCLE('',#1012,1.E-1);
#1021=CIRCLE('',#1020,1.E-1);
#1029=CIRCLE('',#1028,1.613360765513E0);
#1037=CIRCLE('',#1036,1.613360765513E0);
#1059=CIRCLE('',#1058,2.2E0);
#1074=CIRCLE('',#1073,2.2E0);
#1089=CIRCLE('',#1088,2.2E0);
#1104=CIRCLE('',#1103,2.2E0);
#1119=CIRCLE('',#1118,2.2E0);
#1137=B_SPLINE_CURVE_WITH_KNOTS('',3,(#1123,#1124,#1125,#1126,#1127,#1128,#1129,
#1130,#1131,#1132,#1133,#1134,#1135,#1136),.UNSPECIFIED.,.F.,.F.,(4,1,1,1,1,1,1,
1,1,1,1,4),(0.E0,9.090909090909E-2,1.818181818182E-1,2.727272727273E-1,
3.636363636364E-1,4.545454545455E-1,5.454545454545E-1,6.363636363636E-1,
7.272727272727E-1,8.181818181818E-1,9.090909090909E-1,1.E0),.UNSPECIFIED.);
#1156=B_SPLINE_CURVE_WITH_KNOTS('',3,(#1148,#1149,#1150,#1151,#1152,#1153,#1154,
#1155),.UNSPECIFIED.,.F.,.F.,(4,1,1,1,1,4),(0.E0,2.E-1,4.E-1,6.E-1,8.E-1,1.E0),
.UNSPECIFIED.);
#1177=B_SPLINE_CURVE_WITH_KNOTS('',3,(#1160,#1161,#1162,#1163,#1164,#1165,#1166,
#1167,#1168,#1169,#1170,#1171,#1172,#1173,#1174,#1175,#1176),.UNSPECIFIED.,.F.,
.F.,(4,1,1,1,1,1,1,1,1,1,1,1,1,1,4),(0.E0,7.142857142857E-2,1.428571428571E-1,
2.142857142857E-1,2.857142857143E-1,3.571428571429E-1,4.285714285714E-1,5.E-1,
5.714285714286E-1,6.428571428571E-1,7.142857142857E-1,7.857142857143E-1,
8.571428571429E-1,9.285714285714E-1,1.E0),.UNSPECIFIED.);
#1186=B_SPLINE_CURVE_WITH_KNOTS('',3,(#1181,#1182,#1183,#1184,#1185),
.UNSPECIFIED.,.F.,.F.,(4,1,4),(0.E0,5.E-1,1.E0),.UNSPECIFIED.);
#1215=B_SPLINE_CURVE_WITH_KNOTS('',3,(#1197,#1198,#1199,#1200,#1201,#1202,#1203,
#1204,#1205,#1206,#1207,#1208,#1209,#1210,#1211,#1212,#1213,#1214),
.UNSPECIFIED.,.F.,.F.,(4,1,1,1,1,1,1,1,1,1,1,1,1,1,1,4),(0.E0,6.666666666667E-2,
1.333333333333E-1,2.E-1,2.666666666667E-1,3.333333333333E-1,4.E-1,
4.666666666667E-1,5.333333333333E-1,6.E-1,6.666666666667E-1,7.333333333333E-1,
8.E-1,8.666666666667E-1,9.333333333333E-1,1.E0),.UNSPECIFIED.);
#1225=B_SPLINE_CURVE_WITH_KNOTS('',3,(#1219,#1220,#1221,#1222,#1223,#1224),
.UNSPECIFIED.,.F.,.F.,(4,1,1,4),(0.E0,3.333333333333E-1,6.666666666667E-1,1.E0),
.UNSPECIFIED.);
#1233=CIRCLE('',#1232,2.2E0);
#1241=CIRCLE('',#1240,1.E-1);
#1249=CIRCLE('',#1248,1.E-1);
#1257=CIRCLE('',#1256,2.2E0);
#1265=CIRCLE('',#1264,2.2E0);
#1273=CIRCLE('',#1272,2.2E0);
#1281=CIRCLE('',#1280,2.2E0);
#1301=B_SPLINE_CURVE_WITH_KNOTS('',3,(#1292,#1293,#1294,#1295,#1296,#1297,#1298,
#1299,#1300),.UNSPECIFIED.,.F.,.F.,(4,1,1,1,1,1,4),(0.E0,1.666666666667E-1,
3.333333333333E-1,5.E-1,6.666666666667E-1,8.333333333333E-1,1.E0),
.UNSPECIFIED.);
#1309=CIRCLE('',#1308,2.2E0);
#1324=CIRCLE('',#1323,2.2E0);
#1341=B_SPLINE_CURVE_WITH_KNOTS('',3,(#1335,#1336,#1337,#1338,#1339,#1340),
.UNSPECIFIED.,.F.,.F.,(4,1,1,4),(0.E0,3.333333333333E-1,6.666666666667E-1,1.E0),
.UNSPECIFIED.);
#1358=B_SPLINE_CURVE_WITH_KNOTS('',3,(#1345,#1346,#1347,#1348,#1349,#1350,#1351,
#1352,#1353,#1354,#1355,#1356,#1357),.UNSPECIFIED.,.F.,.F.,(4,1,1,1,1,1,1,1,1,1,
4),(0.E0,1.E-1,2.E-1,3.E-1,4.E-1,5.E-1,6.E-1,7.E-1,8.E-1,9.E-1,1.E0),
.UNSPECIFIED.);
#1374=B_SPLINE_CURVE_WITH_KNOTS('',3,(#1369,#1370,#1371,#1372,#1373),
.UNSPECIFIED.,.F.,.F.,(4,1,4),(0.E0,5.E-1,1.E0),.UNSPECIFIED.);
#1398=B_SPLINE_CURVE_WITH_KNOTS('',3,(#1378,#1379,#1380,#1381,#1382,#1383,#1384,
#1385,#1386,#1387,#1388,#1389,#1390,#1391,#1392,#1393,#1394,#1395,#1396,#1397),
.UNSPECIFIED.,.F.,.F.,(4,1,1,1,1,1,1,1,1,1,1,1,1,1,1,1,1,4),(0.E0,
5.882352941176E-2,1.176470588235E-1,1.764705882353E-1,2.352941176471E-1,
2.941176470588E-1,3.529411764706E-1,4.117647058824E-1,4.705882352941E-1,
5.294117647059E-1,5.882352941176E-1,6.470588235294E-1,7.058823529412E-1,
7.647058823529E-1,8.235294117647E-1,8.823529411765E-1,9.411764705882E-1,1.E0),
.UNSPECIFIED.);
#1410=B_SPLINE_CURVE_WITH_KNOTS('',3,(#1402,#1403,#1404,#1405,#1406,#1407,#1408,
#1409),.UNSPECIFIED.,.F.,.F.,(4,1,1,1,1,4),(0.E0,2.E-1,4.E-1,6.E-1,8.E-1,1.E0),
.UNSPECIFIED.);
#1418=CIRCLE('',#1417,1.E-1);
#1426=CIRCLE('',#1425,1.E-1);
#1434=CIRCLE('',#1433,1.834169913223E0);
#1442=CIRCLE('',#1441,1.834169913223E0);
#1450=CIRCLE('',#1449,2.1E0);
#1458=CIRCLE('',#1457,2.1E0);
#1466=CIRCLE('',#1465,2.E-1);
#1474=CIRCLE('',#1473,2.E-1);
#1482=CIRCLE('',#1481,2.163065021785E0);
#1490=CIRCLE('',#1489,1.636632245103E0);
#1498=CIRCLE('',#1497,3.E0);
#1506=CIRCLE('',#1505,3.E0);
#1514=CIRCLE('',#1513,2.163065021785E0);
#1529=CIRCLE('',#1528,1.636632245103E0);
#1544=CIRCLE('',#1543,1.636632245103E0);
#1552=CIRCLE('',#1551,2.E-1);
#1560=CIRCLE('',#1559,1.834169913223E0);
#1568=CIRCLE('',#1567,1.834169913223E0);
#1576=CIRCLE('',#1575,2.1E0);
#1584=CIRCLE('',#1583,2.1E0);
#1592=CIRCLE('',#1591,2.E-1);
#1600=CIRCLE('',#1599,1.636632245103E0);
#1622=CIRCLE('',#1621,2.5E-1);
#1630=CIRCLE('',#1629,2.500000003609E-1);
#1644=B_SPLINE_CURVE_WITH_KNOTS('',3,(#1634,#1635,#1636,#1637,#1638,#1639,#1640,
#1641,#1642,#1643),.UNSPECIFIED.,.F.,.F.,(4,1,1,1,1,1,1,4),(0.E0,
1.428571428571E-1,2.857142857143E-1,4.285714285714E-1,5.714285714286E-1,
7.142857142857E-1,8.571428571429E-1,1.E0),.UNSPECIFIED.);
#1652=CIRCLE('',#1651,5.000000000001E-1);
#1673=B_SPLINE_CURVE_WITH_KNOTS('',3,(#1656,#1657,#1658,#1659,#1660,#1661,#1662,
#1663,#1664,#1665,#1666,#1667,#1668,#1669,#1670,#1671,#1672),.UNSPECIFIED.,.F.,
.F.,(4,1,1,1,1,1,1,1,1,1,1,1,1,1,4),(0.E0,7.142857142857E-2,1.428571428571E-1,
2.142857142857E-1,2.857142857143E-1,3.571428571429E-1,4.285714285714E-1,5.E-1,
5.714285714286E-1,6.428571428571E-1,7.142857142857E-1,7.857142857143E-1,
8.571428571429E-1,9.285714285714E-1,1.E0),.UNSPECIFIED.);
#1692=B_SPLINE_CURVE_WITH_KNOTS('',3,(#1677,#1678,#1679,#1680,#1681,#1682,#1683,
#1684,#1685,#1686,#1687,#1688,#1689,#1690,#1691),.UNSPECIFIED.,.F.,.F.,(4,1,1,1,
1,1,1,1,1,1,1,1,4),(0.E0,8.333333333333E-2,1.666666666667E-1,2.5E-1,
3.333333333333E-1,4.166666666667E-1,5.E-1,5.833333333333E-1,6.666666666667E-1,
7.5E-1,8.333333333333E-1,9.166666666667E-1,1.E0),.UNSPECIFIED.);
#1723=B_SPLINE_CURVE_WITH_KNOTS('',3,(#1703,#1704,#1705,#1706,#1707,#1708,#1709,
#1710,#1711,#1712,#1713,#1714,#1715,#1716,#1717,#1718,#1719,#1720,#1721,#1722),
.UNSPECIFIED.,.F.,.F.,(4,1,1,1,1,1,1,1,1,1,1,1,1,1,1,1,1,4),(0.E0,
5.882352941176E-2,1.176470588235E-1,1.764705882353E-1,2.352941176471E-1,
2.941176470588E-1,3.529411764706E-1,4.117647058824E-1,4.705882352941E-1,
5.294117647059E-1,5.882352941176E-1,6.470588235294E-1,7.058823529412E-1,
7.647058823529E-1,8.235294117647E-1,8.823529411765E-1,9.411764705882E-1,1.E0),
.UNSPECIFIED.);
#1748=B_SPLINE_CURVE_WITH_KNOTS('',3,(#1734,#1735,#1736,#1737,#1738,#1739,#1740,
#1741,#1742,#1743,#1744,#1745,#1746,#1747),.UNSPECIFIED.,.F.,.F.,(4,1,1,1,1,1,1,
1,1,1,1,4),(0.E0,9.090909090909E-2,1.818181818182E-1,2.727272727273E-1,
3.636363636364E-1,4.545454545455E-1,5.454545454545E-1,6.363636363636E-1,
7.272727272727E-1,8.181818181818E-1,9.090909090909E-1,1.E0),.UNSPECIFIED.);
#1756=CIRCLE('',#1755,5.000000000068E-1);
#1767=B_SPLINE_CURVE_WITH_KNOTS('',3,(#1760,#1761,#1762,#1763,#1764,#1765,
#1766),.UNSPECIFIED.,.F.,.F.,(4,1,1,1,4),(0.E0,2.5E-1,5.E-1,7.5E-1,1.E0),
.UNSPECIFIED.);
#1775=CIRCLE('',#1774,2.500000132024E-1);
#1792=B_SPLINE_CURVE_WITH_KNOTS('',3,(#1779,#1780,#1781,#1782,#1783,#1784,#1785,
#1786,#1787,#1788,#1789,#1790,#1791),.UNSPECIFIED.,.F.,.F.,(4,1,1,1,1,1,1,1,1,1,
4),(0.E0,1.E-1,2.E-1,3.E-1,4.E-1,5.E-1,6.E-1,7.E-1,8.E-1,9.E-1,1.E0),
.UNSPECIFIED.);
#1800=CIRCLE('',#1799,2.5E-1);
#1818=B_SPLINE_CURVE_WITH_KNOTS('',3,(#1811,#1812,#1813,#1814,#1815,#1816,
#1817),.UNSPECIFIED.,.F.,.F.,(4,1,1,1,4),(0.E0,2.5E-1,5.E-1,7.5E-1,1.E0),
.UNSPECIFIED.);
#1826=CIRCLE('',#1825,2.500000011550E-1);
#1843=B_SPLINE_CURVE_WITH_KNOTS('',3,(#1830,#1831,#1832,#1833,#1834,#1835,#1836,
#1837,#1838,#1839,#1840,#1841,#1842),.UNSPECIFIED.,.F.,.F.,(4,1,1,1,1,1,1,1,1,1,
4),(0.E0,1.E-1,2.E-1,3.E-1,4.E-1,5.E-1,6.E-1,7.E-1,8.E-1,9.E-1,1.E0),
.UNSPECIFIED.);
#1852=B_SPLINE_CURVE_WITH_KNOTS('',3,(#1847,#1848,#1849,#1850,#1851),
.UNSPECIFIED.,.F.,.F.,(4,1,4),(0.E0,5.E-1,1.E0),.UNSPECIFIED.);
#1869=B_SPLINE_CURVE_WITH_KNOTS('',3,(#1856,#1857,#1858,#1859,#1860,#1861,#1862,
#1863,#1864,#1865,#1866,#1867,#1868),.UNSPECIFIED.,.F.,.F.,(4,1,1,1,1,1,1,1,1,1,
4),(0.E0,1.E-1,2.E-1,3.E-1,4.E-1,5.E-1,6.E-1,7.E-1,8.E-1,9.E-1,1.E0),
.UNSPECIFIED.);
#1878=B_SPLINE_CURVE_WITH_KNOTS('',3,(#1873,#1874,#1875,#1876,#1877),
.UNSPECIFIED.,.F.,.F.,(4,1,4),(0.E0,5.E-1,1.E0),.UNSPECIFIED.);
#1886=CIRCLE('',#1885,1.E0);
#1894=CIRCLE('',#1893,1.E0);
#1902=CIRCLE('',#1901,1.E0);
#1912=B_SPLINE_CURVE_WITH_KNOTS('',3,(#1906,#1907,#1908,#1909,#1910,#1911),
.UNSPECIFIED.,.F.,.F.,(4,1,1,4),(0.E0,3.333333333333E-1,6.666666666667E-1,1.E0),
.UNSPECIFIED.);
#1924=B_SPLINE_CURVE_WITH_KNOTS('',3,(#1916,#1917,#1918,#1919,#1920,#1921,#1922,
#1923),.UNSPECIFIED.,.F.,.F.,(4,1,1,1,1,4),(0.E0,2.E-1,4.E-1,6.E-1,8.E-1,1.E0),
.UNSPECIFIED.);
#1932=CIRCLE('',#1931,2.500008738716E-1);
#1940=CIRCLE('',#1939,2.500000025508E-1);
#1954=B_SPLINE_CURVE_WITH_KNOTS('',3,(#1944,#1945,#1946,#1947,#1948,#1949,#1950,
#1951,#1952,#1953),.UNSPECIFIED.,.F.,.F.,(4,1,1,1,1,1,1,4),(0.E0,
1.428571428571E-1,2.857142857143E-1,4.285714285714E-1,5.714285714286E-1,
7.142857142857E-1,8.571428571429E-1,1.E0),.UNSPECIFIED.);
#1962=CIRCLE('',#1961,5.000000000062E-1);
#1970=CIRCLE('',#1969,2.5E-1);
#1978=CIRCLE('',#1977,2.499999999187E-1);
#1986=CIRCLE('',#1985,2.5E-1);
#1994=CIRCLE('',#1993,2.45E0);
#2002=CIRCLE('',#2001,2.499999997945E-1);
#2015=B_SPLINE_CURVE_WITH_KNOTS('',3,(#2006,#2007,#2008,#2009,#2010,#2011,#2012,
#2013,#2014),.UNSPECIFIED.,.F.,.F.,(4,1,1,1,1,1,4),(0.E0,1.666666666667E-1,
3.333333333333E-1,5.E-1,6.666666666667E-1,8.333333333333E-1,1.E0),
.UNSPECIFIED.);
#2037=CIRCLE('',#2036,7.5E-1);
#2065=B_SPLINE_CURVE_WITH_KNOTS('',3,(#2055,#2056,#2057,#2058,#2059,#2060,#2061,
#2062,#2063,#2064),.UNSPECIFIED.,.F.,.F.,(4,1,1,1,1,1,1,4),(0.E0,
1.428571428571E-1,2.857142857143E-1,4.285714285714E-1,5.714285714286E-1,
7.142857142857E-1,8.571428571429E-1,1.E0),.UNSPECIFIED.);
#2075=B_SPLINE_CURVE_WITH_KNOTS('',3,(#2069,#2070,#2071,#2072,#2073,#2074),
.UNSPECIFIED.,.F.,.F.,(4,1,1,4),(0.E0,3.333333333333E-1,6.666666666667E-1,1.E0),
.UNSPECIFIED.);
#2083=CIRCLE('',#2082,2.5E-1);
#2093=B_SPLINE_CURVE_WITH_KNOTS('',3,(#2087,#2088,#2089,#2090,#2091,#2092),
.UNSPECIFIED.,.F.,.F.,(4,1,1,4),(0.E0,3.333333333333E-1,6.666666666667E-1,1.E0),
.UNSPECIFIED.);
#2106=B_SPLINE_CURVE_WITH_KNOTS('',3,(#2097,#2098,#2099,#2100,#2101,#2102,#2103,
#2104,#2105),.UNSPECIFIED.,.F.,.F.,(4,1,1,1,1,1,4),(0.E0,1.666666666667E-1,
3.333333333333E-1,5.E-1,6.666666666667E-1,8.333333333333E-1,1.E0),
.UNSPECIFIED.);
#2116=B_SPLINE_CURVE_WITH_KNOTS('',3,(#2110,#2111,#2112,#2113,#2114,#2115),
.UNSPECIFIED.,.F.,.F.,(4,1,1,4),(0.E0,3.333333333333E-1,6.666666666667E-1,1.E0),
.UNSPECIFIED.);
#2144=B_SPLINE_CURVE_WITH_KNOTS('',3,(#2127,#2128,#2129,#2130,#2131,#2132,#2133,
#2134,#2135,#2136,#2137,#2138,#2139,#2140,#2141,#2142,#2143),.UNSPECIFIED.,.F.,
.F.,(4,1,1,1,1,1,1,1,1,1,1,1,1,1,4),(0.E0,7.142857142857E-2,1.428571428571E-1,
2.142857142857E-1,2.857142857143E-1,3.571428571429E-1,4.285714285714E-1,5.E-1,
5.714285714286E-1,6.428571428571E-1,7.142857142857E-1,7.857142857143E-1,
8.571428571429E-1,9.285714285714E-1,1.E0),.UNSPECIFIED.);
#2152=CIRCLE('',#2151,5.E0);
#2167=CIRCLE('',#2166,5.E0);
#2182=CIRCLE('',#2181,2.5E-1);
#2190=CIRCLE('',#2189,2.5E-1);
#2200=B_SPLINE_CURVE_WITH_KNOTS('',3,(#2194,#2195,#2196,#2197,#2198,#2199),
.UNSPECIFIED.,.F.,.F.,(4,1,1,4),(0.E0,3.333333333333E-1,6.666666666667E-1,1.E0),
.UNSPECIFIED.);
#2217=B_SPLINE_CURVE_WITH_KNOTS('',3,(#2204,#2205,#2206,#2207,#2208,#2209,#2210,
#2211,#2212,#2213,#2214,#2215,#2216),.UNSPECIFIED.,.F.,.F.,(4,1,1,1,1,1,1,1,1,1,
4),(0.E0,1.E-1,2.E-1,3.E-1,4.E-1,5.E-1,6.E-1,7.E-1,8.E-1,9.E-1,1.E0),
.UNSPECIFIED.);
#2227=B_SPLINE_CURVE_WITH_KNOTS('',3,(#2221,#2222,#2223,#2224,#2225,#2226),
.UNSPECIFIED.,.F.,.F.,(4,1,1,4),(0.E0,3.333333333333E-1,6.666666666667E-1,1.E0),
.UNSPECIFIED.);
#2235=CIRCLE('',#2234,5.E0);
#2243=CIRCLE('',#2242,5.E0);
#2264=B_SPLINE_CURVE_WITH_KNOTS('',3,(#2247,#2248,#2249,#2250,#2251,#2252,#2253,
#2254,#2255,#2256,#2257,#2258,#2259,#2260,#2261,#2262,#2263),.UNSPECIFIED.,.F.,
.F.,(4,1,1,1,1,1,1,1,1,1,1,1,1,1,4),(0.E0,7.142857142857E-2,1.428571428571E-1,
2.142857142857E-1,2.857142857143E-1,3.571428571429E-1,4.285714285714E-1,5.E-1,
5.714285714286E-1,6.428571428571E-1,7.142857142857E-1,7.857142857143E-1,
8.571428571429E-1,9.285714285714E-1,1.E0),.UNSPECIFIED.);
#2279=CIRCLE('',#2278,2.5E-1);
#2287=CIRCLE('',#2286,2.5E-1);
#2309=CIRCLE('',#2308,7.5E-1);
#2333=B_SPLINE_CURVE_WITH_KNOTS('',3,(#2327,#2328,#2329,#2330,#2331,#2332),
.UNSPECIFIED.,.F.,.F.,(4,1,1,4),(0.E0,3.333333333333E-1,6.666666666667E-1,1.E0),
.UNSPECIFIED.);
#2347=B_SPLINE_CURVE_WITH_KNOTS('',3,(#2337,#2338,#2339,#2340,#2341,#2342,#2343,
#2344,#2345,#2346),.UNSPECIFIED.,.F.,.F.,(4,1,1,1,1,1,1,4),(0.E0,
1.428571428571E-1,2.857142857143E-1,4.285714285714E-1,5.714285714286E-1,
7.142857142857E-1,8.571428571429E-1,1.E0),.UNSPECIFIED.);
#2365=B_SPLINE_CURVE_WITH_KNOTS('',3,(#2351,#2352,#2353,#2354,#2355,#2356,#2357,
#2358,#2359,#2360,#2361,#2362,#2363,#2364),.UNSPECIFIED.,.F.,.F.,(4,1,1,1,1,1,1,
1,1,1,1,4),(0.E0,9.090909090909E-2,1.818181818182E-1,2.727272727273E-1,
3.636363636364E-1,4.545454545455E-1,5.454545454545E-1,6.363636363636E-1,
7.272727272727E-1,8.181818181818E-1,9.090909090909E-1,1.E0),.UNSPECIFIED.);
#2373=CIRCLE('',#2372,2.5E-1);
#2402=CIRCLE('',#2401,1.E0);
#2410=CIRCLE('',#2409,1.E0);
#2418=CIRCLE('',#2417,2.5E-1);
#2428=B_SPLINE_CURVE_WITH_KNOTS('',3,(#2422,#2423,#2424,#2425,#2426,#2427),
.UNSPECIFIED.,.F.,.F.,(4,1,1,4),(0.E0,3.333333333333E-1,6.666666666667E-1,1.E0),
.UNSPECIFIED.);
#2436=CIRCLE('',#2435,2.5E-1);
#2444=CIRCLE('',#2443,2.500000000001E-1);
#2452=CIRCLE('',#2451,2.499999999902E-1);
#2465=B_SPLINE_CURVE_WITH_KNOTS('',3,(#2456,#2457,#2458,#2459,#2460,#2461,#2462,
#2463,#2464),.UNSPECIFIED.,.F.,.F.,(4,1,1,1,1,1,4),(0.E0,1.666666666667E-1,
3.333333333333E-1,5.E-1,6.666666666667E-1,8.333333333333E-1,1.E0),
.UNSPECIFIED.);
#2473=CIRCLE('',#2472,2.5E-1);
#2483=B_SPLINE_CURVE_WITH_KNOTS('',3,(#2477,#2478,#2479,#2480,#2481,#2482),
.UNSPECIFIED.,.F.,.F.,(4,1,1,4),(0.E0,3.333333333333E-1,6.666666666667E-1,1.E0),
.UNSPECIFIED.);
#2491=CIRCLE('',#2490,1.E0);
#2499=CIRCLE('',#2498,1.E0);
#2509=B_SPLINE_CURVE_WITH_KNOTS('',3,(#2503,#2504,#2505,#2506,#2507,#2508),
.UNSPECIFIED.,.F.,.F.,(4,1,1,4),(0.E0,3.333333333333E-1,6.666666666667E-1,1.E0),
.UNSPECIFIED.);
#2526=B_SPLINE_CURVE_WITH_KNOTS('',3,(#2513,#2514,#2515,#2516,#2517,#2518,#2519,
#2520,#2521,#2522,#2523,#2524,#2525),.UNSPECIFIED.,.F.,.F.,(4,1,1,1,1,1,1,1,1,1,
4),(0.E0,1.E-1,2.E-1,3.E-1,4.E-1,5.E-1,6.E-1,7.E-1,8.E-1,9.E-1,1.E0),
.UNSPECIFIED.);
#2534=CIRCLE('',#2533,2.5E-1);
#2544=B_SPLINE_CURVE_WITH_KNOTS('',3,(#2538,#2539,#2540,#2541,#2542,#2543),
.UNSPECIFIED.,.F.,.F.,(4,1,1,4),(0.E0,3.333333333333E-1,6.666666666667E-1,1.E0),
.UNSPECIFIED.);
#2552=CIRCLE('',#2551,2.5E-1);
#2560=CIRCLE('',#2559,2.5E-1);
#2603=CIRCLE('',#2602,4.5E0);
#2611=CIRCLE('',#2610,4.5E0);
#2626=CIRCLE('',#2625,4.E0);
#2685=B_SPLINE_CURVE_WITH_KNOTS('',3,(#2672,#2673,#2674,#2675,#2676,#2677,#2678,
#2679,#2680,#2681,#2682,#2683,#2684),.UNSPECIFIED.,.F.,.F.,(4,1,1,1,1,1,1,1,1,1,
4),(0.E0,1.E-1,2.E-1,3.E-1,4.E-1,5.E-1,6.E-1,7.E-1,8.E-1,9.E-1,1.E0),
.UNSPECIFIED.);
#2695=B_SPLINE_CURVE_WITH_KNOTS('',3,(#2689,#2690,#2691,#2692,#2693,#2694),
.UNSPECIFIED.,.F.,.F.,(4,1,1,4),(0.E0,3.333333333333E-1,6.666666666667E-1,1.E0),
.UNSPECIFIED.);
#2703=CIRCLE('',#2702,2.5E-1);
#2711=CIRCLE('',#2710,2.499999999437E-1);
#2721=B_SPLINE_CURVE_WITH_KNOTS('',3,(#2715,#2716,#2717,#2718,#2719,#2720),
.UNSPECIFIED.,.F.,.F.,(4,1,1,4),(0.E0,3.333333333333E-1,6.666666666667E-1,1.E0),
.UNSPECIFIED.);
#2729=CIRCLE('',#2728,5.000000000023E-1);
#2737=CIRCLE('',#2736,2.5E-1);
#2754=B_SPLINE_CURVE_WITH_KNOTS('',3,(#2741,#2742,#2743,#2744,#2745,#2746,#2747,
#2748,#2749,#2750,#2751,#2752,#2753),.UNSPECIFIED.,.F.,.F.,(4,1,1,1,1,1,1,1,1,1,
4),(0.E0,1.E-1,2.E-1,3.E-1,4.E-1,5.E-1,6.E-1,7.E-1,8.E-1,9.E-1,1.E0),
.UNSPECIFIED.);
#2762=CIRCLE('',#2761,2.5E-1);
#2772=B_SPLINE_CURVE_WITH_KNOTS('',3,(#2766,#2767,#2768,#2769,#2770,#2771),
.UNSPECIFIED.,.F.,.F.,(4,1,1,4),(0.E0,3.333333333333E-1,6.666666666667E-1,1.E0),
.UNSPECIFIED.);
#2780=CIRCLE('',#2779,1.E0);
#2788=CIRCLE('',#2787,1.E0);
#2798=B_SPLINE_CURVE_WITH_KNOTS('',3,(#2792,#2793,#2794,#2795,#2796,#2797),
.UNSPECIFIED.,.F.,.F.,(4,1,1,4),(0.E0,3.333333333333E-1,6.666666666667E-1,1.E0),
.UNSPECIFIED.);
#2806=CIRCLE('',#2805,2.5E-1);
#2814=CIRCLE('',#2813,2.5E-1);
#2822=CIRCLE('',#2821,2.500000000002E-1);
#2844=B_SPLINE_CURVE_WITH_KNOTS('',3,(#2826,#2827,#2828,#2829,#2830,#2831,#2832,
#2833,#2834,#2835,#2836,#2837,#2838,#2839,#2840,#2841,#2842,#2843),
.UNSPECIFIED.,.F.,.F.,(4,1,1,1,1,1,1,1,1,1,1,1,1,1,1,4),(0.E0,6.666666666667E-2,
1.333333333333E-1,2.E-1,2.666666666667E-1,3.333333333333E-1,4.E-1,
4.666666666667E-1,5.333333333333E-1,6.E-1,6.666666666667E-1,7.333333333333E-1,
8.E-1,8.666666666667E-1,9.333333333333E-1,1.E0),.UNSPECIFIED.);
#2852=CIRCLE('',#2851,2.5E-1);
#2860=CIRCLE('',#2859,1.E0);
#2868=CIRCLE('',#2867,1.E0);
#2876=CIRCLE('',#2875,1.E0);
#2886=B_SPLINE_CURVE_WITH_KNOTS('',3,(#2880,#2881,#2882,#2883,#2884,#2885),
.UNSPECIFIED.,.F.,.F.,(4,1,1,4),(0.E0,3.333333333333E-1,6.666666666667E-1,1.E0),
.UNSPECIFIED.);
#2898=B_SPLINE_CURVE_WITH_KNOTS('',3,(#2890,#2891,#2892,#2893,#2894,#2895,#2896,
#2897),.UNSPECIFIED.,.F.,.F.,(4,1,1,1,1,4),(0.E0,2.E-1,4.E-1,6.E-1,8.E-1,1.E0),
.UNSPECIFIED.);
#2906=CIRCLE('',#2905,2.500096870142E-1);
#2914=CIRCLE('',#2913,2.5E-1);
#3142=EDGE_CURVE('',#2994,#2995,#261,.T.);
#3144=EDGE_CURVE('',#2920,#2995,#361,.T.);
#3146=EDGE_CURVE('',#2920,#2921,#270,.T.);
#3148=EDGE_CURVE('',#3033,#2921,#346,.T.);
#3150=EDGE_CURVE('',#3033,#2994,#278,.T.);
#3154=ADVANCED_FACE('',(#3153),#3141,.F.);
#3225=EDGE_CURVE('',#2994,#2996,#306,.T.);
#3227=EDGE_CURVE('',#2996,#2997,#389,.T.);
#3229=EDGE_CURVE('',#2995,#2997,#369,.T.);
#3233=ADVANCED_FACE('',(#3232),#3223,.F.);
#3239=EDGE_CURVE('',#3031,#2994,#286,.T.);
#3241=EDGE_CURVE('',#2996,#3031,#294,.T.);
#3246=ADVANCED_FACE('',(#3245),#3238,.F.);
#3253=EDGE_CURVE('',#2998,#3033,#339,.T.);
#3255=EDGE_CURVE('',#2998,#3022,#561,.T.);
#3257=EDGE_CURVE('',#3022,#3031,#314,.T.);
#3262=ADVANCED_FACE('',(#3261),#3251,.F.);
#3268=EDGE_CURVE('',#2995,#2998,#331,.T.);
#3272=EDGE_CURVE('',#2920,#2921,#354,.T.);
#3277=ADVANCED_FACE('',(#3276),#3267,.F.);
#3337=EDGE_CURVE('',#2997,#2999,#494,.T.);
#3339=EDGE_CURVE('',#2999,#2998,#573,.T.);
#3343=ADVANCED_FACE('',(#3342),#3334,.F.);
#3350=EDGE_CURVE('',#3001,#2996,#396,.T.);
#3352=EDGE_CURVE('',#3000,#3001,#433,.T.);
#3354=EDGE_CURVE('',#3005,#3000,#470,.T.);
#3356=EDGE_CURVE('',#2999,#3005,#477,.T.);
#3361=ADVANCED_FACE('',(#3360),#3348,.T.);
#3369=EDGE_CURVE('',#3030,#3031,#553,.T.);
#3371=EDGE_CURVE('',#3030,#3001,#941,.T.);
#3375=ADVANCED_FACE('',(#3374),#3366,.F.);
#3381=EDGE_CURVE('',#3022,#3023,#501,.T.);
#3383=EDGE_CURVE('',#3027,#3023,#512,.T.);
#3385=EDGE_CURVE('',#3025,#3027,#524,.T.);
#3387=EDGE_CURVE('',#3024,#3025,#536,.T.);
#3389=EDGE_CURVE('',#3030,#3024,#546,.T.);
#3395=ADVANCED_FACE('',(#3394),#3380,.F.);
#3402=EDGE_CURVE('',#3022,#2999,#581,.T.);
#3405=EDGE_CURVE('',#3005,#3023,#589,.T.);
#3409=ADVANCED_FACE('',(#3408),#3400,.F.);
#3420=ADVANCED_FACE('',(#3419),#3414,.F.);
#3456=EDGE_CURVE('',#3004,#3005,#600,.T.);
#3458=EDGE_CURVE('',#3027,#3004,#965,.T.);
#3462=ADVANCED_FACE('',(#3461),#3453,.F.);
#3616=EDGE_CURVE('',#3004,#3002,#707,.T.);
#3620=EDGE_CURVE('',#3002,#3000,#611,.T.);
#3624=ADVANCED_FACE('',(#3623),#3615,.T.);
#3702=EDGE_CURVE('',#3008,#3009,#646,.T.);
#3704=EDGE_CURVE('',#3026,#3009,#653,.T.);
#3706=EDGE_CURVE('',#3026,#3004,#665,.T.);
#3709=EDGE_CURVE('',#3002,#3008,#869,.T.);
#3713=ADVANCED_FACE('',(#3712),#3701,.F.);
#3847=EDGE_CURVE('',#3006,#3007,#750,.T.);
#3849=EDGE_CURVE('',#3007,#3009,#825,.T.);
#3852=EDGE_CURVE('',#3006,#3008,#715,.T.);
#3856=ADVANCED_FACE('',(#3855),#3846,.T.);
#3863=EDGE_CURVE('',#2992,#3006,#817,.T.);
#3865=EDGE_CURVE('',#2992,#2993,#758,.T.);
#3867=EDGE_CURVE('',#3007,#2993,#802,.T.);
#3871=ADVANCED_FACE('',(#3870),#3861,.F.);
#3877=EDGE_CURVE('',#3007,#3006,#795,.T.);
#3880=EDGE_CURVE('',#2993,#2992,#810,.T.);
#3885=ADVANCED_FACE('',(#3884),#3876,.F.);
#4029=EDGE_CURVE('',#3009,#3008,#862,.T.);
#4034=ADVANCED_FACE('',(#4033),#4026,.T.);
#4114=EDGE_CURVE('',#3002,#3003,#911,.T.);
#4116=EDGE_CURVE('',#3003,#3026,#923,.T.);
#4121=ADVANCED_FACE('',(#4120),#4111,.F.);
#4280=EDGE_CURVE('',#3001,#3003,#933,.T.);
#4286=ADVANCED_FACE('',(#4285),#4278,.T.);
#4321=EDGE_CURVE('',#3003,#3024,#949,.T.);
#4327=ADVANCED_FACE('',(#4326),#4319,.F.);
#4370=EDGE_CURVE('',#3026,#3025,#957,.T.);
#4376=ADVANCED_FACE('',(#4375),#4368,.F.);
#4424=ADVANCED_FACE('',(#4423),#4417,.F.);
#4430=EDGE_CURVE('',#2989,#2988,#1005,.T.);
#4432=EDGE_CURVE('',#2988,#2992,#2914,.T.);
#4435=EDGE_CURVE('',#2989,#2993,#973,.T.);
#4439=ADVANCED_FACE('',(#4438),#4429,.T.);
#4445=EDGE_CURVE('',#2972,#2973,#981,.T.);
#4447=EDGE_CURVE('',#2973,#2972,#989,.T.);
#4451=EDGE_CURVE('',#2988,#2989,#997,.T.);
#4456=ADVANCED_FACE('',(#4450,#4455),#4444,.T.);
#4463=EDGE_CURVE('',#2973,#2977,#1021,.T.);
#4465=EDGE_CURVE('',#2976,#2977,#1037,.T.);
#4467=EDGE_CURVE('',#2972,#2976,#1013,.T.);
#4471=ADVANCED_FACE('',(#4470),#4461,.T.);
#4479=EDGE_CURVE('',#2977,#2976,#1029,.T.);
#4484=ADVANCED_FACE('',(#4483),#4476,.T.);
#4491=EDGE_CURVE('',#2933,#2976,#1051,.T.);
#4493=EDGE_CURVE('',#2932,#2933,#1265,.T.);
#4495=EDGE_CURVE('',#2932,#2977,#1044,.T.);
#4499=ADVANCED_FACE('',(#4498),#4489,.T.);
#4507=EDGE_CURVE('',#2933,#2932,#1074,.T.);
#4512=ADVANCED_FACE('',(#4511),#4504,.T.);
#4518=EDGE_CURVE('',#2956,#2957,#1059,.T.);
#4520=EDGE_CURVE('',#2933,#2956,#1066,.T.);
#4523=EDGE_CURVE('',#2932,#2957,#1081,.T.);
#4527=ADVANCED_FACE('',(#4526),#4517,.T.);
#4533=EDGE_CURVE('',#2964,#2965,#1089,.T.);
#4535=EDGE_CURVE('',#2937,#2964,#1096,.T.);
#4537=EDGE_CURVE('',#2937,#2936,#1104,.T.);
#4539=EDGE_CURVE('',#2936,#2965,#1111,.T.);
#4543=ADVANCED_FACE('',(#4542),#4532,.T.);
#4549=EDGE_CURVE('',#3099,#3101,#1119,.T.);
#4551=EDGE_CURVE('',#3101,#3102,#1137,.T.);
#4553=EDGE_CURVE('',#3102,#3106,#1144,.T.);
#4555=EDGE_CURVE('',#3015,#3106,#1156,.T.);
#4557=EDGE_CURVE('',#3014,#3015,#1177,.T.);
#4559=EDGE_CURVE('',#3117,#3014,#1186,.T.);
#4561=EDGE_CURVE('',#3121,#3117,#1193,.T.);
#4563=EDGE_CURVE('',#3123,#3121,#1215,.T.);
#4565=EDGE_CURVE('',#3125,#3123,#1225,.T.);
#4567=EDGE_CURVE('',#2981,#3125,#1331,.T.);
#4569=EDGE_CURVE('',#2980,#2981,#1233,.T.);
#4571=EDGE_CURVE('',#3099,#2980,#1316,.T.);
#4575=ADVANCED_FACE('',(#4574),#4548,.T.);
#4582=EDGE_CURVE('',#2957,#2961,#1249,.T.);
#4584=EDGE_CURVE('',#2960,#2961,#1576,.T.);
#4586=EDGE_CURVE('',#2956,#2960,#1241,.T.);
#4590=ADVANCED_FACE('',(#4589),#4580,.T.);
#4596=EDGE_CURVE('',#2957,#2956,#1257,.T.);
#4599=EDGE_CURVE('',#2961,#2960,#1584,.T.);
#4604=ADVANCED_FACE('',(#4603),#4595,.T.);
#4616=ADVANCED_FACE('',(#4615),#4609,.T.);
#4622=EDGE_CURVE('',#2965,#2964,#1273,.T.);
#4625=EDGE_CURVE('',#2936,#2937,#1281,.T.);
#4630=ADVANCED_FACE('',(#4629),#4621,.T.);
#4636=EDGE_CURVE('',#3090,#3093,#1288,.T.);
#4638=EDGE_CURVE('',#3093,#3096,#1301,.T.);
#4640=EDGE_CURVE('',#3096,#3099,#1309,.T.);
#4643=EDGE_CURVE('',#2981,#2980,#1324,.T.);
#4646=EDGE_CURVE('',#3127,#3125,#1341,.T.);
#4648=EDGE_CURVE('',#3129,#3127,#1358,.T.);
#4650=EDGE_CURVE('',#3133,#3129,#1365,.T.);
#4652=EDGE_CURVE('',#3019,#3133,#1374,.T.);
#4654=EDGE_CURVE('',#3018,#3019,#1398,.T.);
#4656=EDGE_CURVE('',#3090,#3018,#1410,.T.);
#4660=ADVANCED_FACE('',(#4659),#4635,.T.);
#4667=EDGE_CURVE('',#2964,#2968,#1426,.T.);
#4669=EDGE_CURVE('',#2969,#2968,#1458,.T.);
#4671=EDGE_CURVE('',#2965,#2969,#1418,.T.);
#4675=ADVANCED_FACE('',(#4674),#4665,.T.);
#4683=EDGE_CURVE('',#2968,#2969,#1450,.T.);
#4688=ADVANCED_FACE('',(#4687),#4680,.T.);
#4698=EDGE_CURVE('',#2948,#2949,#1434,.T.);
#4700=EDGE_CURVE('',#2949,#2948,#1442,.T.);
#4704=ADVANCED_FACE('',(#4697,#4703),#4693,.F.);
#4711=EDGE_CURVE('',#2948,#2952,#1466,.T.);
#4713=EDGE_CURVE('',#2952,#2953,#1529,.T.);
#4715=EDGE_CURVE('',#2949,#2953,#1474,.T.);
#4719=ADVANCED_FACE('',(#4718),#4709,.F.);
#4727=EDGE_CURVE('',#2953,#2952,#1490,.T.);
#4732=ADVANCED_FACE('',(#4731),#4724,.F.);
#4738=EDGE_CURVE('',#2985,#2984,#1482,.T.);
#4740=EDGE_CURVE('',#2984,#2952,#1536,.T.);
#4743=EDGE_CURVE('',#2985,#2953,#1521,.T.);
#4747=ADVANCED_FACE('',(#4746),#4737,.T.);
#4778=EDGE_CURVE('',#2980,#2984,#1506,.T.);
#4781=EDGE_CURVE('',#2981,#2985,#1498,.T.);
#4785=ADVANCED_FACE('',(#4784),#4776,.T.);
#4817=EDGE_CURVE('',#2984,#2985,#1514,.T.);
#4822=ADVANCED_FACE('',(#4821),#4814,.T.);
#4834=ADVANCED_FACE('',(#4833),#4827,.T.);
#4840=EDGE_CURVE('',#2945,#2944,#1544,.T.);
#4842=EDGE_CURVE('',#2937,#2945,#1614,.T.);
#4845=EDGE_CURVE('',#2936,#2944,#1607,.T.);
#4849=ADVANCED_FACE('',(#4848),#4839,.T.);
#4855=EDGE_CURVE('',#2941,#2940,#1568,.T.);
#4857=EDGE_CURVE('',#2941,#2945,#1552,.T.);
#4860=EDGE_CURVE('',#2940,#2944,#1592,.T.);
#4864=ADVANCED_FACE('',(#4863),#4854,.F.);
#4874=EDGE_CURVE('',#2940,#2941,#1560,.T.);
#4879=ADVANCED_FACE('',(#4873,#4878),#4869,.F.);
#4887=EDGE_CURVE('',#2944,#2945,#1600,.T.);
#4892=ADVANCED_FACE('',(#4891),#4884,.F.);
#4904=ADVANCED_FACE('',(#4903),#4897,.T.);
#4911=EDGE_CURVE('',#3090,#3091,#1622,.T.);
#4913=EDGE_CURVE('',#3091,#3095,#2051,.T.);
#4915=EDGE_CURVE('',#3093,#3095,#2002,.T.);
#4919=ADVANCED_FACE('',(#4918),#4909,.F.);
#4969=EDGE_CURVE('',#3088,#3090,#1644,.T.);
#4971=EDGE_CURVE('',#3088,#3089,#1630,.T.);
#4973=EDGE_CURVE('',#3089,#3091,#2065,.T.);
#4978=ADVANCED_FACE('',(#4977),#4968,.F.);
#5018=EDGE_CURVE('',#3016,#3018,#1652,.T.);
#5020=EDGE_CURVE('',#3088,#3016,#2898,.T.);
#5024=ADVANCED_FACE('',(#5023),#5015,.F.);
#5114=EDGE_CURVE('',#3016,#3017,#1723,.T.);
#5118=EDGE_CURVE('',#3017,#3019,#2729,.T.);
#5122=ADVANCED_FACE('',(#5121),#5113,.F.);
#5128=EDGE_CURVE('',#3012,#3013,#1673,.T.);
#5130=EDGE_CURVE('',#3013,#3041,#1692,.T.);
#5132=EDGE_CURVE('',#3041,#3012,#1699,.T.);
#5136=ADVANCED_FACE('',(#5135),#5127,.F.);
#5143=EDGE_CURVE('',#3017,#3039,#1730,.T.);
#5145=EDGE_CURVE('',#3039,#3016,#1748,.T.);
#5149=ADVANCED_FACE('',(#5148),#5141,.F.);
#5228=EDGE_CURVE('',#3012,#3014,#1756,.T.);
#5231=EDGE_CURVE('',#3013,#3015,#1962,.T.);
#5235=ADVANCED_FACE('',(#5234),#5226,.F.);
#5257=EDGE_CURVE('',#3117,#3115,#1767,.T.);
#5261=EDGE_CURVE('',#3115,#3012,#1852,.T.);
#5265=ADVANCED_FACE('',(#5264),#5256,.F.);
#5303=EDGE_CURVE('',#3116,#3113,#1818,.T.);
#5305=EDGE_CURVE('',#3116,#3117,#1775,.T.);
#5308=EDGE_CURVE('',#3113,#3115,#1826,.T.);
#5312=ADVANCED_FACE('',(#5311),#5302,.F.);
#5318=EDGE_CURVE('',#3113,#3114,#1792,.T.);
#5320=EDGE_CURVE('',#3069,#3114,#2661,.T.);
#5322=EDGE_CURVE('',#3119,#3069,#1800,.T.);
#5324=EDGE_CURVE('',#3119,#3116,#1807,.T.);
#5329=ADVANCED_FACE('',(#5328),#5317,.T.);
#5393=EDGE_CURVE('',#3115,#3114,#1843,.T.);
#5397=ADVANCED_FACE('',(#5396),#5390,.F.);
#5406=EDGE_CURVE('',#3041,#3045,#1902,.T.);
#5408=EDGE_CURVE('',#3045,#3114,#2633,.T.);
#5412=ADVANCED_FACE('',(#5411),#5402,.T.);
#5418=EDGE_CURVE('',#3136,#3135,#1869,.T.);
#5420=EDGE_CURVE('',#3136,#3043,#2640,.T.);
#5422=EDGE_CURVE('',#3043,#3039,#2868,.T.);
#5425=EDGE_CURVE('',#3017,#3135,#1878,.T.);
#5429=ADVANCED_FACE('',(#5428),#5417,.T.);
#5435=EDGE_CURVE('',#3035,#3041,#1886,.T.);
#5437=EDGE_CURVE('',#3045,#3035,#1894,.T.);
#5442=ADVANCED_FACE('',(#5441),#5434,.T.);
#5512=EDGE_CURVE('',#3109,#3111,#1912,.T.);
#5514=EDGE_CURVE('',#3111,#3035,#2264,.T.);
#5518=EDGE_CURVE('',#3013,#3109,#1924,.T.);
#5522=ADVANCED_FACE('',(#5521),#5511,.T.);
#5557=EDGE_CURVE('',#3109,#3110,#1932,.T.);
#5559=EDGE_CURVE('',#3110,#3112,#2333,.T.);
#5561=EDGE_CURVE('',#3111,#3112,#2287,.T.);
#5565=ADVANCED_FACE('',(#5564),#5555,.F.);
#5615=EDGE_CURVE('',#3106,#3109,#1954,.T.);
#5617=EDGE_CURVE('',#3106,#3108,#1940,.T.);
#5619=EDGE_CURVE('',#3108,#3110,#2347,.T.);
#5624=ADVANCED_FACE('',(#5623),#5614,.F.);
#5668=ADVANCED_FACE('',(#5667),#5661,.F.);
#5675=EDGE_CURVE('',#3102,#3104,#1970,.T.);
#5677=EDGE_CURVE('',#3104,#3108,#2294,.T.);
#5682=ADVANCED_FACE('',(#5681),#5673,.F.);
#5749=EDGE_CURVE('',#3101,#3103,#1978,.T.);
#5751=EDGE_CURVE('',#3103,#3104,#2365,.T.);
#5756=ADVANCED_FACE('',(#5755),#5747,.F.);
#5764=EDGE_CURVE('',#3096,#3097,#1986,.T.);
#5766=EDGE_CURVE('',#3097,#3103,#1994,.T.);
#5771=ADVANCED_FACE('',(#5770),#5761,.F.);
#5819=EDGE_CURVE('',#3095,#3097,#2015,.T.);
#5824=ADVANCED_FACE('',(#5823),#5816,.F.);
#5831=EDGE_CURVE('',#3095,#3052,#2044,.T.);
#5833=EDGE_CURVE('',#3052,#3055,#2418,.T.);
#5835=EDGE_CURVE('',#3097,#3055,#2380,.T.);
#5839=ADVANCED_FACE('',(#5838),#5829,.T.);
#5845=EDGE_CURVE('',#3083,#3087,#2022,.T.);
#5847=EDGE_CURVE('',#3053,#3083,#2029,.T.);
#5849=EDGE_CURVE('',#3052,#3053,#2037,.T.);
#5854=EDGE_CURVE('',#3087,#3089,#2075,.T.);
#5858=ADVANCED_FACE('',(#5857),#5844,.T.);
#5864=EDGE_CURVE('',#3082,#3085,#2123,.T.);
#5866=EDGE_CURVE('',#3082,#3083,#2083,.T.);
#5869=EDGE_CURVE('',#3085,#3087,#2906,.T.);
#5873=ADVANCED_FACE('',(#5872),#5863,.F.);
#5879=EDGE_CURVE('',#3076,#3078,#2093,.T.);
#5881=EDGE_CURVE('',#3078,#3080,#2106,.T.);
#5883=EDGE_CURVE('',#3080,#3082,#2116,.T.);
#5886=EDGE_CURVE('',#3037,#3085,#2144,.T.);
#5888=EDGE_CURVE('',#3037,#3011,#2152,.T.);
#5890=EDGE_CURVE('',#3011,#2929,#2159,.T.);
#5892=EDGE_CURVE('',#2929,#2928,#2167,.T.);
#5894=EDGE_CURVE('',#2928,#3076,#2174,.T.);
#5898=ADVANCED_FACE('',(#5897),#5878,.T.);
#5933=EDGE_CURVE('',#3076,#3077,#2182,.T.);
#5935=EDGE_CURVE('',#3077,#3079,#2509,.T.);
#5937=EDGE_CURVE('',#3078,#3079,#2452,.T.);
#5941=ADVANCED_FACE('',(#5940),#5931,.F.);
#5975=EDGE_CURVE('',#3074,#3076,#2227,.T.);
#5977=EDGE_CURVE('',#3074,#3075,#2190,.T.);
#5979=EDGE_CURVE('',#3075,#3077,#2483,.T.);
#5984=ADVANCED_FACE('',(#5983),#5974,.F.);
#5990=EDGE_CURVE('',#3070,#3071,#2200,.T.);
#5992=EDGE_CURVE('',#3071,#3074,#2217,.T.);
#5996=EDGE_CURVE('',#2928,#2929,#2235,.T.);
#5999=EDGE_CURVE('',#3011,#3035,#2243,.T.);
#6002=EDGE_CURVE('',#3111,#3070,#2271,.T.);
#6006=ADVANCED_FACE('',(#6005),#5989,.T.);
#6041=EDGE_CURVE('',#3070,#3072,#2279,.T.);
#6043=EDGE_CURVE('',#3072,#3073,#2544,.T.);
#6045=EDGE_CURVE('',#3071,#3073,#2534,.T.);
#6049=ADVANCED_FACE('',(#6048),#6039,.F.);
#6057=EDGE_CURVE('',#3112,#3072,#2323,.T.);
#6062=ADVANCED_FACE('',(#6061),#6054,.F.);
#6069=EDGE_CURVE('',#3059,#3104,#2301,.T.);
#6071=EDGE_CURVE('',#3058,#3059,#2309,.T.);
#6073=EDGE_CURVE('',#3072,#3058,#2316,.T.);
#6080=ADVANCED_FACE('',(#6079),#6067,.F.);
#6087=EDGE_CURVE('',#3063,#3103,#2394,.T.);
#6089=EDGE_CURVE('',#3059,#3063,#2373,.T.);
#6094=ADVANCED_FACE('',(#6093),#6085,.T.);
#6102=EDGE_CURVE('',#3055,#3063,#2387,.T.);
#6107=ADVANCED_FACE('',(#6106),#6099,.T.);
#6113=EDGE_CURVE('',#3055,#3048,#2402,.T.);
#6115=EDGE_CURVE('',#3048,#3062,#2588,.T.);
#6117=EDGE_CURVE('',#3062,#3063,#2410,.T.);
#6122=ADVANCED_FACE('',(#6121),#6112,.T.);
#6129=EDGE_CURVE('',#3053,#3048,#2436,.T.);
#6135=ADVANCED_FACE('',(#6134),#6127,.T.);
#6141=EDGE_CURVE('',#3081,#3083,#2428,.T.);
#6143=EDGE_CURVE('',#3081,#3049,#2473,.T.);
#6145=EDGE_CURVE('',#3048,#3049,#2567,.T.);
#6151=ADVANCED_FACE('',(#6150),#6140,.T.);
#6186=EDGE_CURVE('',#3080,#3081,#2444,.T.);
#6192=ADVANCED_FACE('',(#6191),#6184,.F.);
#6240=EDGE_CURVE('',#3079,#3081,#2465,.T.);
#6245=ADVANCED_FACE('',(#6244),#6237,.F.);
#6252=EDGE_CURVE('',#3049,#3079,#2499,.T.);
#6257=ADVANCED_FACE('',(#6256),#6250,.T.);
#6264=EDGE_CURVE('',#3075,#3065,#2491,.T.);
#6266=EDGE_CURVE('',#3049,#3065,#2574,.T.);
#6272=ADVANCED_FACE('',(#6271),#6262,.T.);
#6278=EDGE_CURVE('',#3073,#3075,#2526,.T.);
#6280=EDGE_CURVE('',#3073,#3065,#2552,.T.);
#6285=ADVANCED_FACE('',(#6284),#6277,.T.);
#6353=ADVANCED_FACE('',(#6352),#6346,.F.);
#6361=EDGE_CURVE('',#3058,#3062,#2560,.T.);
#6363=EDGE_CURVE('',#3065,#3062,#2581,.T.);
#6368=ADVANCED_FACE('',(#6367),#6358,.T.);
#6380=ADVANCED_FACE('',(#6379),#6373,.T.);
#6392=ADVANCED_FACE('',(#6391),#6385,.T.);
#6398=EDGE_CURVE('',#2924,#2925,#2603,.T.);
#6400=EDGE_CURVE('',#2925,#2929,#2618,.T.);
#6403=EDGE_CURVE('',#2924,#2928,#2595,.T.);
#6407=ADVANCED_FACE('',(#6406),#6397,.T.);
#6414=EDGE_CURVE('',#2925,#2924,#2611,.T.);
#6422=ADVANCED_FACE('',(#6417,#6421),#6412,.F.);
#6434=ADVANCED_FACE('',(#6433),#6427,.T.);
#6440=EDGE_CURVE('',#3043,#3045,#2626,.T.);
#6445=EDGE_CURVE('',#3037,#3043,#2876,.T.);
#6449=ADVANCED_FACE('',(#6448),#6439,.T.);
#6458=EDGE_CURVE('',#3136,#3068,#2647,.T.);
#6460=EDGE_CURVE('',#3068,#3069,#2654,.T.);
#6465=ADVANCED_FACE('',(#6464),#6454,.T.);
#6471=EDGE_CURVE('',#3131,#3128,#2668,.T.);
#6473=EDGE_CURVE('',#3128,#3068,#2762,.T.);
#6476=EDGE_CURVE('',#3136,#3134,#2685,.T.);
#6478=EDGE_CURVE('',#3134,#3131,#2695,.T.);
#6482=ADVANCED_FACE('',(#6481),#6470,.T.);
#6489=EDGE_CURVE('',#3131,#3133,#2703,.T.);
#6492=EDGE_CURVE('',#3128,#3129,#2737,.T.);
#6496=ADVANCED_FACE('',(#6495),#6487,.F.);
#6531=EDGE_CURVE('',#3134,#3135,#2711,.T.);
#6533=EDGE_CURVE('',#3135,#3133,#2721,.T.);
#6538=ADVANCED_FACE('',(#6537),#6529,.F.);
#6605=ADVANCED_FACE('',(#6604),#6599,.F.);
#6633=ADVANCED_FACE('',(#6632),#6626,.F.);
#6695=EDGE_CURVE('',#3128,#3126,#2754,.T.);
#6699=EDGE_CURVE('',#3126,#3127,#2814,.T.);
#6703=ADVANCED_FACE('',(#6702),#6694,.F.);
#6710=EDGE_CURVE('',#3068,#3126,#2788,.T.);
#6715=ADVANCED_FACE('',(#6714),#6708,.T.);
#6721=EDGE_CURVE('',#3124,#3122,#2772,.T.);
#6723=EDGE_CURVE('',#3122,#3069,#2780,.T.);
#6727=EDGE_CURVE('',#3126,#3124,#2798,.T.);
#6731=ADVANCED_FACE('',(#6730),#6720,.T.);
#6766=EDGE_CURVE('',#3124,#3125,#2806,.T.);
#6769=EDGE_CURVE('',#3122,#3123,#2822,.T.);
#6773=ADVANCED_FACE('',(#6772),#6764,.F.);
#6813=ADVANCED_FACE('',(#6812),#6806,.F.);
#6895=EDGE_CURVE('',#3122,#3119,#2844,.T.);
#6899=EDGE_CURVE('',#3119,#3121,#2852,.T.);
#6903=ADVANCED_FACE('',(#6902),#6894,.F.);
#6914=ADVANCED_FACE('',(#6913),#6908,.T.);
#6926=ADVANCED_FACE('',(#6925),#6919,.F.);
#6932=EDGE_CURVE('',#3039,#3037,#2860,.T.);
#6938=ADVANCED_FACE('',(#6937),#6931,.T.);
#7008=EDGE_CURVE('',#3085,#3088,#2886,.T.);
#7016=ADVANCED_FACE('',(#7015),#7007,.T.);
#7056=ADVANCED_FACE('',(#7055),#7049,.F.);
#7068=ADVANCED_FACE('',(#7067),#7061,.T.);
#7078=(LENGTH_UNIT()NAMED_UNIT(*)SI_UNIT(.MILLI.,.METRE.));
#7079=(NAMED_UNIT(*)PLANE_ANGLE_UNIT()SI_UNIT($,.RADIAN.));
#7082=(NAMED_UNIT(*)SI_UNIT($,.STERADIAN.)SOLID_ANGLE_UNIT());
#7084=(GEOMETRIC_REPRESENTATION_CONTEXT(3)GLOBAL_UNCERTAINTY_ASSIGNED_CONTEXT((
#7083))GLOBAL_UNIT_ASSIGNED_CONTEXT((#7078,#7081,#7082))REPRESENTATION_CONTEXT(
'ID1','3'));
#7085=ADVANCED_BREP_SHAPE_REPRESENTATION('',(#7070),#7084);
#7093=PRODUCT_DEFINITION('part definition','',#7092,#7089);
#7094=PRODUCT_DEFINITION_SHAPE('','SHAPE FOR BB_GOT_STUTZEN.',#7093);
#7095=SHAPE_ASPECT('','solid data associated with BB_GOT_STUTZEN',#7094,.F.);
#7096=PROPERTY_DEFINITION('',
'shape for solid data with which properties are associated',#7095);
#7097=SHAPE_REPRESENTATION('',(#7070),#7084);
#7098=SHAPE_DEFINITION_REPRESENTATION(#7096,#7097);
#7099=(LENGTH_UNIT()NAMED_UNIT(*)SI_UNIT(.MILLI.,.METRE.));
#7103=PROPERTY_DEFINITION('geometric validation property',
'area of BB_GOT_STUTZEN',#7095);
#7104=REPRESENTATION('surface area',(#7102),#7084);
#7105=PROPERTY_DEFINITION_REPRESENTATION(#7103,#7104);
#7106=(LENGTH_UNIT()NAMED_UNIT(*)SI_UNIT(.MILLI.,.METRE.));
#7110=PROPERTY_DEFINITION('geometric validation property',
'volume of BB_GOT_STUTZEN',#7095);
#7111=REPRESENTATION('volume',(#7109),#7084);
#7112=PROPERTY_DEFINITION_REPRESENTATION(#7110,#7111);
#7114=PROPERTY_DEFINITION('geometric validation property',
'centroid of BB_GOT_STUTZEN',#7095);
#7115=REPRESENTATION('centroid',(#7113),#7084);
#7116=PROPERTY_DEFINITION_REPRESENTATION(#7114,#7115);
#7117=(LENGTH_UNIT()NAMED_UNIT(*)SI_UNIT(.MILLI.,.METRE.));
#7121=PROPERTY_DEFINITION('geometric validation property',
'area of BB_GOT_STUTZEN',#7094);
#7122=REPRESENTATION('surface area',(#7120),#7084);
#7123=PROPERTY_DEFINITION_REPRESENTATION(#7121,#7122);
#7124=(LENGTH_UNIT()NAMED_UNIT(*)SI_UNIT(.MILLI.,.METRE.));
#7128=PROPERTY_DEFINITION('geometric validation property',
'volume of BB_GOT_STUTZEN',#7094);
#7129=REPRESENTATION('volume',(#7127),#7084);
#7130=PROPERTY_DEFINITION_REPRESENTATION(#7128,#7129);
#7132=PROPERTY_DEFINITION('geometric validation property',
'centroid of BB_GOT_STUTZEN',#7094);
#7133=REPRESENTATION('centroid',(#7131),#7084);
#7134=PROPERTY_DEFINITION_REPRESENTATION(#7132,#7133);
#7135=SHAPE_DEFINITION_REPRESENTATION(#7094,#7085);
#7137=PROPERTY_DEFINITION('ART_NO','user defined attribute',#7093);
#7141=REPRESENTATION('',(#7140),#7084);
#7142=PROPERTY_DEFINITION_REPRESENTATION(#7137,#7141);
#7143=PROPERTY_DEFINITION('ART_NAME_ENG','user defined attribute',#7093);
#7147=REPRESENTATION('',(#7146),#7084);
#7148=PROPERTY_DEFINITION_REPRESENTATION(#7143,#7147);
#7149=PROPERTY_DEFINITION('PROJECT1','user defined attribute',#7093);
#7153=REPRESENTATION('',(#7152),#7084);
#7154=PROPERTY_DEFINITION_REPRESENTATION(#7149,#7153);
#7155=PROPERTY_DEFINITION('LONG_DESC','user defined attribute',#7093);
#7159=REPRESENTATION('',(#7158),#7084);
#7160=PROPERTY_DEFINITION_REPRESENTATION(#7155,#7159);
#7161=PROPERTY_DEFINITION('D_NAME','user defined attribute',#7093);
#7165=REPRESENTATION('',(#7164),#7084);
#7166=PROPERTY_DEFINITION_REPRESENTATION(#7161,#7165);
#7167=PROPERTY_DEFINITION('D_DATE','user defined attribute',#7093);
#7171=REPRESENTATION('',(#7170),#7084);
#7172=PROPERTY_DEFINITION_REPRESENTATION(#7167,#7171);
#7173=PROPERTY_DEFINITION('MAT_1','user defined attribute',#7093);
#7177=REPRESENTATION('',(#7176),#7084);
#7178=PROPERTY_DEFINITION_REPRESENTATION(#7173,#7177);
#7179=PROPERTY_DEFINITION('TOL_1','user defined attribute',#7093);
#7183=REPRESENTATION('',(#7182),#7084);
#7184=PROPERTY_DEFINITION_REPRESENTATION(#7179,#7183);
#7185=PROPERTY_DEFINITION('TOL_2','user defined attribute',#7093);
#7189=REPRESENTATION('',(#7188),#7084);
#7190=PROPERTY_DEFINITION_REPRESENTATION(#7185,#7189);
#7191=PROPERTY_DEFINITION('SHEET','user defined attribute',#7093);
#7195=REPRESENTATION('',(#7194),#7084);
#7196=PROPERTY_DEFINITION_REPRESENTATION(#7191,#7195);
#7198=REPRESENTATION('',(#7197),#7084);
#7199=PROPERTY_DEFINITION('attribute type designation','Integer',#7192);
#7200=PROPERTY_DEFINITION_REPRESENTATION(#7199,#7198);
#7201=PROPERTY_DEFINITION('REMARK','user defined attribute',#7093);
#7205=REPRESENTATION('',(#7204),#7084);
#7206=PROPERTY_DEFINITION_REPRESENTATION(#7201,#7205);
#7207=PROPERTY_DEFINITION('BUW_MDL_SIZE','user defined attribute',#7093);
#7211=REPRESENTATION('',(#7210),#7084);
#7212=PROPERTY_DEFINITION_REPRESENTATION(#7207,#7211);
#7213=PROPERTY_DEFINITION('TCAT_CLASS','user defined attribute',#7093);
#7217=REPRESENTATION('',(#7216),#7084);
#7218=PROPERTY_DEFINITION_REPRESENTATION(#7213,#7217);
#7219=PROPERTY_DEFINITION('WIDTH','user defined attribute',#7093);
#7223=REPRESENTATION('',(#7222),#7084);
#7224=PROPERTY_DEFINITION_REPRESENTATION(#7219,#7223);
#7225=PROPERTY_DEFINITION('THICKNESS','user defined attribute',#7093);
#7229=REPRESENTATION('',(#7228),#7084);
#7230=PROPERTY_DEFINITION_REPRESENTATION(#7225,#7229);
#7231=PROPERTY_DEFINITION('DIAMETER','user defined attribute',#7093);
#7235=REPRESENTATION('',(#7234),#7084);
#7236=PROPERTY_DEFINITION_REPRESENTATION(#7231,#7235);
#7237=PROPERTY_DEFINITION('LENGTH','user defined attribute',#7093);
#7241=REPRESENTATION('',(#7240),#7084);
#7242=PROPERTY_DEFINITION_REPRESENTATION(#7237,#7241);
ENDSEC;
END-ISO-10303-21;
