ISO-10303-21;
HEADER;
FILE_DESCRIPTION((''),'2;1');
FILE_NAME('BB_DACH','2018-01-23T',('wilden.bw'),(''),
'CREO PARAMETRIC BY PTC INC, 2015480','CREO PARAMETRIC BY PTC INC, 2015480','');
FILE_SCHEMA(('AUTOMOTIVE_DESIGN { 1 0 10303 214 1 1 1 1 }'));
ENDSEC;
DATA;
#244=CARTESIAN_POINT('',(1.880673630064E1,1.695991114174E2,-1.634789714695E1));
#245=CARTESIAN_POINT('',(1.858128313044E1,1.695707552853E2,-1.658226973911E1));
#246=CARTESIAN_POINT('',(1.811533343465E1,1.694255299597E2,-1.697077766090E1));
#247=CARTESIAN_POINT('',(1.735932001589E1,1.689805403545E2,-1.736941346381E1));
#248=CARTESIAN_POINT('',(1.665107069550E1,1.683451405719E2,-1.750099219108E1));
#249=CARTESIAN_POINT('',(1.607327963574E1,1.675957182584E2,-1.735258516878E1));
#250=CARTESIAN_POINT('',(1.567353198518E1,1.668162492386E2,-1.696104823303E1));
#251=CARTESIAN_POINT('',(1.552235816226E1,1.660963683986E2,-1.634245361763E1));
#252=CARTESIAN_POINT('',(1.561568170423E1,1.655144861817E2,-1.558839452872E1));
#253=CARTESIAN_POINT('',(1.594906493395E1,1.651317439492E2,-1.477177581592E1));
#254=CARTESIAN_POINT('',(1.649459215515E1,1.650091275982E2,-1.399300553474E1));
#255=CARTESIAN_POINT('',(1.717402106980E1,1.651317439492E2,-1.332782928001E1));
#256=CARTESIAN_POINT('',(1.792537329529E1,1.655144861817E2,-1.286578996002E1));
#257=CARTESIAN_POINT('',(1.865413422888E1,1.660963683986E2,-1.265079718172E1));
#258=CARTESIAN_POINT('',(1.928909751412E1,1.668162492386E2,-1.269911332119E1));
#259=CARTESIAN_POINT('',(1.974055951795E1,1.675957182584E2,-1.302969071801E1));
#260=CARTESIAN_POINT('',(1.998116597283E1,1.683451405719E2,-1.357556221101E1));
#261=CARTESIAN_POINT('',(1.996679725020E1,1.689805403545E2,-1.429578689895E1));
#262=CARTESIAN_POINT('',(1.969672931288E1,1.694255299597E2,-1.510666919739E1));
#263=CARTESIAN_POINT('',(1.938937116600E1,1.695707552853E2,-1.562971651251E1));
#264=CARTESIAN_POINT('',(1.919488396474E1,1.695991114174E2,-1.589035874326E1));
#266=DRAUGHTING_PRE_DEFINED_CURVE_FONT('continuous');
#267=CURVE_STYLE('',#266,POSITIVE_LENGTH_MEASURE(2.E-2),#173);
#268=PRESENTATION_STYLE_ASSIGNMENT((#267));
#269=STYLED_ITEM('',(#268),#265);
#270=DIRECTION('',(4.439472560079E-1,8.130620480358E-1,-3.766177636900E-1));
#271=VECTOR('',#270,2.5E-1);
#272=CARTESIAN_POINT('',(1.869574948664E1,1.693958459054E2,-1.625374270603E1));
#273=LINE('',#272,#271);
#274=CURVE_STYLE('',#266,POSITIVE_LENGTH_MEASURE(2.E-2),#173);
#275=PRESENTATION_STYLE_ASSIGNMENT((#274));
#276=STYLED_ITEM('',(#275),#273);
#277=DIRECTION('',(-6.469127734956E-1,-4.736951571734E-14,-7.625640061584E-1));
#278=VECTOR('',#277,6.E-1);
#279=CARTESIAN_POINT('',(1.908389715073E1,1.693958459054E2,-1.579620430234E1));
#280=LINE('',#279,#278);
#281=CURVE_STYLE('',#266,POSITIVE_LENGTH_MEASURE(2.E-2),#173);
#282=PRESENTATION_STYLE_ASSIGNMENT((#281));
#283=STYLED_ITEM('',(#282),#280);
#284=DIRECTION('',(-4.439472560079E-1,-8.130620480358E-1,3.766177636900E-1));
#285=VECTOR('',#284,2.5E-1);
#286=CARTESIAN_POINT('',(1.919488396474E1,1.695991114174E2,-1.589035874326E1));
#287=LINE('',#286,#285);
#288=CURVE_STYLE('',#266,POSITIVE_LENGTH_MEASURE(2.E-2),#173);
#289=PRESENTATION_STYLE_ASSIGNMENT((#288));
#290=STYLED_ITEM('',(#289),#287);
#291=CARTESIAN_POINT('',(1.607075824303E1,1.642329019004E2,-1.363345070475E1));
#292=CARTESIAN_POINT('',(1.580499481191E1,1.642329019004E2,-1.394672574743E1));
#293=CARTESIAN_POINT('',(1.536066763746E1,1.643408878696E2,-1.459001051508E1));
#294=CARTESIAN_POINT('',(1.489874187171E1,1.647828847280E2,-1.562373734975E1));
#295=CARTESIAN_POINT('',(1.472603524973E1,1.654798856279E2,-1.659878935659E1));
#296=CARTESIAN_POINT('',(1.485333700905E1,1.663577465309E2,-1.742038272152E1));
#297=CARTESIAN_POINT('',(1.525493812609E1,1.673290712172E2,-1.802208876202E1));
#298=CARTESIAN_POINT('',(1.591406030862E1,1.683003959035E2,-1.832023564677E1));
#299=CARTESIAN_POINT('',(1.674541586215E1,1.691782568066E2,-1.831190865172E1));
#300=CARTESIAN_POINT('',(1.767927383208E1,1.698752577064E2,-1.798257100534E1));
#301=CARTESIAN_POINT('',(1.862387688660E1,1.703172545649E2,-1.735831813098E1));
#302=CARTESIAN_POINT('',(1.918612882419E1,1.704252405341E2,-1.681507353697E1));
#303=CARTESIAN_POINT('',(1.945189225531E1,1.704252405341E2,-1.650179849428E1));
#305=CURVE_STYLE('',#266,POSITIVE_LENGTH_MEASURE(2.E-2),#173);
#306=PRESENTATION_STYLE_ASSIGNMENT((#305));
#307=STYLED_ITEM('',(#306),#304);
#308=CARTESIAN_POINT('',(1.945189225531E1,1.704252405341E2,-1.650179849428E1));
#309=CARTESIAN_POINT('',(1.971765568643E1,1.704252405341E2,-1.618852345160E1));
#310=CARTESIAN_POINT('',(2.016198286088E1,1.703172545649E2,-1.554523868395E1));
#311=CARTESIAN_POINT('',(2.062390862663E1,1.698752577064E2,-1.451151184929E1));
#312=CARTESIAN_POINT('',(2.079661524862E1,1.691782568066E2,-1.353645984245E1));
#313=CARTESIAN_POINT('',(2.066931348929E1,1.683003959035E2,-1.271486647752E1));
#314=CARTESIAN_POINT('',(2.026771237225E1,1.673290712172E2,-1.211316043701E1));
#315=CARTESIAN_POINT('',(1.960859018972E1,1.663577465309E2,-1.181501355226E1));
#316=CARTESIAN_POINT('',(1.877723463620E1,1.654798856279E2,-1.182334054731E1));
#317=CARTESIAN_POINT('',(1.784337666627E1,1.647828847280E2,-1.215267819369E1));
#318=CARTESIAN_POINT('',(1.689877361174E1,1.643408878696E2,-1.277693106806E1));
#319=CARTESIAN_POINT('',(1.633652167416E1,1.642329019004E2,-1.332017566207E1));
#320=CARTESIAN_POINT('',(1.607075824303E1,1.642329019004E2,-1.363345070475E1));
#322=CURVE_STYLE('',#266,POSITIVE_LENGTH_MEASURE(2.E-2),#173);
#323=PRESENTATION_STYLE_ASSIGNMENT((#322));
#324=STYLED_ITEM('',(#323),#321);
#325=CARTESIAN_POINT('',(6.710252280034E0,1.767382988949E2,-5.299158996094E0));
#326=CARTESIAN_POINT('',(6.875156128679E0,1.767119517679E2,-5.071449341091E0));
#327=CARTESIAN_POINT('',(7.155345769251E0,1.765855515603E2,-4.583593781517E0));
#328=CARTESIAN_POINT('',(7.408382621450E0,1.761186927077E2,-3.716700174880E0));
#329=CARTESIAN_POINT('',(7.408351123896E0,1.754268699129E2,-2.950365321507E0));
#330=CARTESIAN_POINT('',(7.202952942507E0,1.745821708057E2,-2.404675907115E0));
#331=CARTESIAN_POINT('',(6.871188000440E0,1.736993261887E2,-2.148859348182E0));
#332=CARTESIAN_POINT('',(6.471806617825E0,1.728931333024E2,-2.225763975683E0));
#333=CARTESIAN_POINT('',(6.039651383879E0,1.722319087433E2,-2.548498178638E0));
#334=CARTESIAN_POINT('',(5.554172682403E0,1.717274231385E2,-3.055136031656E0));
#335=CARTESIAN_POINT('',(4.998930987343E0,1.714628940513E2,-3.713884642264E0));
#336=CARTESIAN_POINT('',(4.415458689255E0,1.714792869382E2,-4.400537163456E0));
#337=CARTESIAN_POINT('',(3.874625479089E0,1.717657409652E2,-5.037198320469E0));
#338=CARTESIAN_POINT('',(3.466459181104E0,1.722893729961E2,-5.593317228412E0));
#339=CARTESIAN_POINT('',(3.239229589466E0,1.729637784671E2,-6.063766064887E0));
#340=CARTESIAN_POINT('',(3.254455077631E0,1.737590648227E2,-6.451557947092E0));
#341=CARTESIAN_POINT('',(3.565689604424E0,1.746148767713E2,-6.721007863070E0));
#342=CARTESIAN_POINT('',(4.139013979927E0,1.754514675843E2,-6.829167722073E0));
#343=CARTESIAN_POINT('',(4.907288620083E0,1.761414333992E2,-6.691978936428E0));
#344=CARTESIAN_POINT('',(5.698391881411E0,1.765879187133E2,-6.304139035709E0));
#345=CARTESIAN_POINT('',(6.127676998690E0,1.767123987972E2,-5.953123787899E0));
#346=CARTESIAN_POINT('',(6.322104615937E0,1.767382988949E2,-5.756697399789E0));
#348=CURVE_STYLE('',#266,POSITIVE_LENGTH_MEASURE(2.E-2),#173);
#349=PRESENTATION_STYLE_ASSIGNMENT((#348));
#350=STYLED_ITEM('',(#349),#347);
#351=CARTESIAN_POINT('',(-1.940738320487E-1,1.348002982887E2,
-2.287692018475E-1));
#352=DIRECTION('',(-6.469127734956E-1,0.E0,-7.625640061584E-1));
#353=DIRECTION('',(1.522482210727E-1,9.798666562941E-1,-1.291581010361E-1));
#354=AXIS2_PLACEMENT_3D('',#351,#352,#353);
#356=CURVE_STYLE('',#266,POSITIVE_LENGTH_MEASURE(2.E-2),#173);
#357=PRESENTATION_STYLE_ASSIGNMENT((#356));
#358=STYLED_ITEM('',(#357),#355);
#359=CARTESIAN_POINT('',(0.E0,1.767418983640E2,0.E0));
#360=DIRECTION('',(0.E0,1.E0,0.E0));
#361=DIRECTION('',(-1.E0,0.E0,0.E0));
#362=AXIS2_PLACEMENT_3D('',#359,#360,#361);
#364=CURVE_STYLE('',#266,POSITIVE_LENGTH_MEASURE(2.E-2),#173);
#365=PRESENTATION_STYLE_ASSIGNMENT((#364));
#366=STYLED_ITEM('',(#365),#363);
#367=CARTESIAN_POINT('',(-4.175906996667E0,1.698212787640E2,3.542584699414E0));
#368=CARTESIAN_POINT('',(-4.259474162275E0,1.698212916433E2,3.444098942663E0));
#369=CARTESIAN_POINT('',(-4.433212212947E0,1.698366845115E2,3.235965865516E0));
#370=CARTESIAN_POINT('',(-4.718403680337E0,1.699236072747E2,2.880750209133E0));
#371=CARTESIAN_POINT('',(-5.017452348103E0,1.700895648361E2,2.493151393892E0));
#372=CARTESIAN_POINT('',(-5.330647007476E0,1.703529540527E2,2.074955719540E0));
#373=CARTESIAN_POINT('',(-5.658516290578E0,1.707366968537E2,1.637083337131E0));
#374=CARTESIAN_POINT('',(-6.007224099427E0,1.712689507033E2,1.200679866900E0));
#375=CARTESIAN_POINT('',(-6.397111244300E0,1.720018243819E2,8.138672073471E-1));
#376=CARTESIAN_POINT('',(-6.810818933289E0,1.728807211859E2,5.889235418024E-1));
#377=CARTESIAN_POINT('',(-7.201996263127E0,1.737569491332E2,5.792646898004E-1));
#378=CARTESIAN_POINT('',(-7.548400728051E0,1.745650986830E2,7.483432672165E-1));
#379=CARTESIAN_POINT('',(-7.830968530071E0,1.752700354367E2,1.038795820188E0));
#380=CARTESIAN_POINT('',(-8.042369664077E0,1.758557289999E2,1.381484412192E0));
#381=CARTESIAN_POINT('',(-8.194220701755E0,1.763426187721E2,1.738486445867E0));
#382=CARTESIAN_POINT('',(-8.263614409953E0,1.766167126681E2,1.977704997110E0));
#383=CARTESIAN_POINT('',(-8.291446761662E0,1.767419035401E2,2.094703925230E0));
#385=CURVE_STYLE('',#266,POSITIVE_LENGTH_MEASURE(2.E-2),#173);
#386=PRESENTATION_STYLE_ASSIGNMENT((#385));
#387=STYLED_ITEM('',(#386),#384);
#388=CARTESIAN_POINT('',(-3.418194157174E0,1.767419445085E2,7.839114889609E0));
#389=CARTESIAN_POINT('',(-3.207569300882E0,1.765222163666E2,7.824385077040E0));
#390=CARTESIAN_POINT('',(-2.830667205343E0,1.760810055400E2,7.761987708389E0));
#391=CARTESIAN_POINT('',(-2.374444562260E0,1.753996137291E2,7.594858591205E0));
#392=CARTESIAN_POINT('',(-2.059808186178E0,1.747730690235E2,7.396239479813E0));
#393=CARTESIAN_POINT('',(-1.835240199751E0,1.741274422777E2,7.158729054202E0));
#394=CARTESIAN_POINT('',(-1.704139724227E0,1.733881180616E2,6.852544817264E0));
#395=CARTESIAN_POINT('',(-1.726231447348E0,1.725497029175E2,6.463282540536E0));
#396=CARTESIAN_POINT('',(-1.944371180031E0,1.717206096027E2,6.018715117691E0));
#397=CARTESIAN_POINT('',(-2.301557701323E0,1.710465674158E2,5.571639972141E0));
#398=CARTESIAN_POINT('',(-2.695665215361E0,1.705586442361E2,5.149477182392E0));
#399=CARTESIAN_POINT('',(-3.092646291488E0,1.702106162224E2,4.738186594537E0));
#400=CARTESIAN_POINT('',(-3.471424384428E0,1.699823998578E2,4.337830543123E0));
#401=CARTESIAN_POINT('',(-3.816804063154E0,1.698543670177E2,3.958762338762E0));
#402=CARTESIAN_POINT('',(-4.056025576869E0,1.698212103246E2,3.683817736817E0));
#403=CARTESIAN_POINT('',(-4.175906996667E0,1.698212787640E2,3.542584699414E0));
#405=CURVE_STYLE('',#266,POSITIVE_LENGTH_MEASURE(2.E-2),#173);
#406=PRESENTATION_STYLE_ASSIGNMENT((#405));
#407=STYLED_ITEM('',(#406),#404);
#408=CARTESIAN_POINT('',(0.E0,1.767418983640E2,0.E0));
#409=DIRECTION('',(0.E0,1.E0,0.E0));
#410=DIRECTION('',(-3.996913477200E-1,0.E0,9.166497840276E-1));
#411=AXIS2_PLACEMENT_3D('',#408,#409,#410);
#413=CURVE_STYLE('',#266,POSITIVE_LENGTH_MEASURE(2.E-2),#173);
#414=PRESENTATION_STYLE_ASSIGNMENT((#413));
#415=STYLED_ITEM('',(#414),#412);
#416=CARTESIAN_POINT('',(4.175901015100E0,1.698212822503E2,3.542579620687E0));
#417=CARTESIAN_POINT('',(4.132794398354E0,1.698212824400E2,3.593392977890E0));
#418=CARTESIAN_POINT('',(4.042374828887E0,1.698254711047E2,3.699076795400E0));
#419=CARTESIAN_POINT('',(3.893996213152E0,1.698474941571E2,3.869221092951E0));
#420=CARTESIAN_POINT('',(3.730441955707E0,1.698893575686E2,4.052869665947E0));
#421=CARTESIAN_POINT('',(3.550522888465E0,1.699561067124E2,4.250526227898E0));
#422=CARTESIAN_POINT('',(3.353527442968E0,1.700536155557E2,4.462344140826E0));
#423=CARTESIAN_POINT('',(3.140093496225E0,1.701882732537E2,4.687573648843E0));
#424=CARTESIAN_POINT('',(2.911921686596E0,1.703671878167E2,4.925481569694E0));
#425=CARTESIAN_POINT('',(2.671477892959E0,1.705991470479E2,5.176366164632E0));
#426=CARTESIAN_POINT('',(2.423579470175E0,1.708957116996E2,5.441549881156E0));
#427=CARTESIAN_POINT('',(2.178129230914E0,1.712708242589E2,5.722760991297E0));
#428=CARTESIAN_POINT('',(1.955043549033E0,1.717401961923E2,6.021742820980E0));
#429=CARTESIAN_POINT('',(1.781738569169E0,1.723147350864E2,6.339907225323E0));
#430=CARTESIAN_POINT('',(1.697379910022E0,1.730024361875E2,6.677822820354E0));
#431=CARTESIAN_POINT('',(1.753421926139E0,1.738058663206E2,7.031688053272E0));
#432=CARTESIAN_POINT('',(2.005214017838E0,1.746767399475E2,7.367456698090E0));
#433=CARTESIAN_POINT('',(2.427228569303E0,1.754996493517E2,7.625980551382E0));
#434=CARTESIAN_POINT('',(2.919154340909E0,1.761908550726E2,7.781238248674E0));
#435=CARTESIAN_POINT('',(3.252989090808E0,1.765694335595E2,7.827527166811E0));
#436=CARTESIAN_POINT('',(3.418236831998E0,1.767418925449E2,7.839081705299E0));
#438=CURVE_STYLE('',#266,POSITIVE_LENGTH_MEASURE(2.E-2),#173);
#439=PRESENTATION_STYLE_ASSIGNMENT((#438));
#440=STYLED_ITEM('',(#439),#437);
#441=CARTESIAN_POINT('',(8.291449696712E0,1.767419091435E2,2.094694127130E0));
#442=CARTESIAN_POINT('',(8.253182619193E0,1.765697909361E2,1.933831979840E0));
#443=CARTESIAN_POINT('',(8.158261408349E0,1.762124239470E2,1.630937681431E0));
#444=CARTESIAN_POINT('',(7.959193505742E0,1.756152835192E2,1.227986143527E0));
#445=CARTESIAN_POINT('',(7.727373296752E0,1.750064174919E2,9.187077596995E-1));
#446=CARTESIAN_POINT('',(7.458096534465E0,1.743519862145E2,6.930805822150E-1));
#447=CARTESIAN_POINT('',(7.148499809507E0,1.736366278987E2,5.773406189589E-1));
#448=CARTESIAN_POINT('',(6.823888837257E0,1.729121341165E2,5.986896602531E-1));
#449=CARTESIAN_POINT('',(6.515946849628E0,1.722533612457E2,7.440593657759E-1));
#450=CARTESIAN_POINT('',(6.236458981847E0,1.716955120202E2,9.692730620112E-1));
#451=CARTESIAN_POINT('',(5.980942184089E0,1.712365462743E2,1.239717510701E0));
#452=CARTESIAN_POINT('',(5.742137526792E0,1.708638526613E2,1.531448171878E0));
#453=CARTESIAN_POINT('',(5.515812489458E0,1.705661627273E2,1.827493303769E0));
#454=CARTESIAN_POINT('',(5.299309388933E0,1.703318587660E2,2.116893549405E0));
#455=CARTESIAN_POINT('',(5.091031047364E0,1.701514558023E2,2.394764642200E0));
#456=CARTESIAN_POINT('',(4.890516138757E0,1.700171177904E2,2.658061563299E0));
#457=CARTESIAN_POINT('',(4.698332202199E0,1.699222667646E2,2.904779284592E0));
#458=CARTESIAN_POINT('',(4.514395779138E0,1.698609900980E2,3.134969067830E0));
#459=CARTESIAN_POINT('',(4.343181157789E0,1.698282171755E2,3.343903380040E0));
#460=CARTESIAN_POINT('',(4.231007419271E0,1.698212833935E2,3.477623498009E0));
#461=CARTESIAN_POINT('',(4.175901015100E0,1.698212822503E2,3.542579620687E0));
#463=CURVE_STYLE('',#266,POSITIVE_LENGTH_MEASURE(2.E-2),#173);
#464=PRESENTATION_STYLE_ASSIGNMENT((#463));
#465=STYLED_ITEM('',(#464),#462);
#466=CARTESIAN_POINT('',(0.E0,1.767418983640E2,0.E0));
#467=DIRECTION('',(0.E0,1.E0,0.E0));
#468=DIRECTION('',(9.695392430968E-1,0.E0,2.449360244949E-1));
#469=AXIS2_PLACEMENT_3D('',#466,#467,#468);
#471=CURVE_STYLE('',#266,POSITIVE_LENGTH_MEASURE(2.E-2),#173);
#472=PRESENTATION_STYLE_ASSIGNMENT((#471));
#473=STYLED_ITEM('',(#472),#470);
#474=DIRECTION('',(4.061384660534E-1,9.138115486203E-1,9.706514509968E-13));
#475=VECTOR('',#474,2.105674675822E1);
#476=CARTESIAN_POINT('',(0.E0,1.575E2,0.E0));
#477=LINE('',#476,#475);
#478=CURVE_STYLE('',#266,POSITIVE_LENGTH_MEASURE(2.E-2),#173);
#479=PRESENTATION_STYLE_ASSIGNMENT((#478));
#480=STYLED_ITEM('',(#479),#477);
#481=DIRECTION('',(-4.061384660534E-1,9.138115486203E-1,-3.025067669565E-12));
#482=VECTOR('',#481,2.105674675824E1);
#483=CARTESIAN_POINT('',(0.E0,1.575E2,0.E0));
#484=LINE('',#483,#482);
#485=CURVE_STYLE('',#266,POSITIVE_LENGTH_MEASURE(2.E-2),#173);
#486=PRESENTATION_STYLE_ASSIGNMENT((#485));
#487=STYLED_ITEM('',(#486),#484);
#488=CARTESIAN_POINT('',(-6.630905618051E0,1.765043267809E2,-5.231846129559E0));
#489=CARTESIAN_POINT('',(-6.568702045521E0,1.765036668446E2,-5.310210180445E0));
#490=CARTESIAN_POINT('',(-6.441805115243E0,1.765030068544E2,-5.464828938169E0));
#491=CARTESIAN_POINT('',(-6.309936999976E0,1.765036668171E2,-5.615235917234E0));
#492=CARTESIAN_POINT('',(-6.242757953953E0,1.765043267809E2,-5.689384533254E0));
#494=CURVE_STYLE('',#266,POSITIVE_LENGTH_MEASURE(2.E-2),#173);
#495=PRESENTATION_STYLE_ASSIGNMENT((#494));
#496=STYLED_ITEM('',(#495),#493);
#497=CARTESIAN_POINT('',(-1.940738320487E-1,1.348002982887E2,
2.287692018475E-1));
#498=DIRECTION('',(6.469127734956E-1,0.E0,-7.625640061584E-1));
#499=DIRECTION('',(-4.439472560079E-1,8.130620480358E-1,-3.766177636900E-1));
#500=AXIS2_PLACEMENT_3D('',#497,#498,#499);
#502=CURVE_STYLE('',#266,POSITIVE_LENGTH_MEASURE(2.E-2),#173);
#503=PRESENTATION_STYLE_ASSIGNMENT((#502));
#504=STYLED_ITEM('',(#503),#501);
#505=CARTESIAN_POINT('',(6.630905618051E0,1.765043267809E2,5.231846129559E0));
#506=CARTESIAN_POINT('',(6.568697226277E0,1.765036667935E2,5.310216251728E0));
#507=CARTESIAN_POINT('',(6.441795074854E0,1.765030068544E2,5.464840773508E0));
#508=CARTESIAN_POINT('',(6.309931795472E0,1.765036668683E2,5.615241661686E0));
#509=CARTESIAN_POINT('',(6.242757953953E0,1.765043267809E2,5.689384533254E0));
#511=CURVE_STYLE('',#266,POSITIVE_LENGTH_MEASURE(2.E-2),#173);
#512=PRESENTATION_STYLE_ASSIGNMENT((#511));
#513=STYLED_ITEM('',(#512),#510);
#514=CARTESIAN_POINT('',(1.940738320487E-1,1.348002982887E2,
-2.287692018475E-1));
#515=DIRECTION('',(6.469127734956E-1,0.E0,-7.625640061584E-1));
#516=DIRECTION('',(1.512779532434E-1,9.801250494117E-1,1.283349850125E-1));
#517=AXIS2_PLACEMENT_3D('',#514,#515,#516);
#519=CURVE_STYLE('',#266,POSITIVE_LENGTH_MEASURE(2.E-2),#173);
#520=PRESENTATION_STYLE_ASSIGNMENT((#519));
#521=STYLED_ITEM('',(#520),#518);
#522=CARTESIAN_POINT('',(-6.242757953953E0,1.765043267809E2,-5.689384533254E0));
#523=CARTESIAN_POINT('',(-6.255973766648E0,1.765432963835E2,-5.700596022355E0));
#524=CARTESIAN_POINT('',(-6.282414022077E0,1.766212613390E2,-5.723026321757E0));
#525=CARTESIAN_POINT('',(-6.308871540382E0,1.766992777934E2,-5.745471265930E0));
#526=CARTESIAN_POINT('',(-6.322104615937E0,1.767382988949E2,-5.756697399789E0));
#528=CURVE_STYLE('',#266,POSITIVE_LENGTH_MEASURE(2.E-2),#173);
#529=PRESENTATION_STYLE_ASSIGNMENT((#528));
#530=STYLED_ITEM('',(#529),#527);
#531=CARTESIAN_POINT('',(1.940738320487E-1,1.348002982887E2,
-2.287692018475E-1));
#532=DIRECTION('',(-6.469127734956E-1,0.E0,7.625640061584E-1));
#533=DIRECTION('',(-1.512779532434E-1,9.801250494117E-1,-1.283349850125E-1));
#534=AXIS2_PLACEMENT_3D('',#531,#532,#533);
#536=CURVE_STYLE('',#266,POSITIVE_LENGTH_MEASURE(2.E-2),#173);
#537=PRESENTATION_STYLE_ASSIGNMENT((#536));
#538=STYLED_ITEM('',(#537),#535);
#539=CARTESIAN_POINT('',(-6.322104615937E0,1.767382988949E2,-5.756697399789E0));
#540=CARTESIAN_POINT('',(-6.142293589665E0,1.767143459029E2,-5.938356934238E0));
#541=CARTESIAN_POINT('',(-5.743417048392E0,1.766031850039E2,-6.270712032858E0));
#542=CARTESIAN_POINT('',(-4.983639868827E0,1.761848397174E2,-6.658503846745E0));
#543=CARTESIAN_POINT('',(-4.248139510120E0,1.755641037339E2,-6.820905435982E0));
#544=CARTESIAN_POINT('',(-3.667087282501E0,1.747973068303E2,-6.759370569197E0));
#545=CARTESIAN_POINT('',(-3.305553311444E0,1.739321538723E2,-6.512046023628E0));
#546=CARTESIAN_POINT('',(-3.223013032965E0,1.731211528518E2,-6.150322135067E0));
#547=CARTESIAN_POINT('',(-3.381800447319E0,1.724641636764E2,-5.732432938295E0));
#548=CARTESIAN_POINT('',(-3.730653444071E0,1.719282153529E2,-5.230212388226E0));
#549=CARTESIAN_POINT('',(-4.220367961667E0,1.715600593590E2,-4.631257587367E0));
#550=CARTESIAN_POINT('',(-4.736023687239E0,1.714362966144E2,-4.018667384204E0));
#551=CARTESIAN_POINT('',(-5.258550475677E0,1.715604370773E2,-3.407478376026E0));
#552=CARTESIAN_POINT('',(-5.768931284140E0,1.719289691119E2,-2.827649674176E0));
#553=CARTESIAN_POINT('',(-6.206877670471E0,1.724639640304E2,-2.402273653578E0));
#554=CARTESIAN_POINT('',(-6.593486132400E0,1.731212395259E2,-2.177326717008E0));
#555=CARTESIAN_POINT('',(-6.963722750194E0,1.739320122306E2,-2.199801192332E0));
#556=CARTESIAN_POINT('',(-7.266681450490E0,1.747972616300E2,-2.516234913308E0));
#557=CARTESIAN_POINT('',(-7.422220580458E0,1.755638343084E2,-3.079064734220E0));
#558=CARTESIAN_POINT('',(-7.381584892240E0,1.761858385385E2,-3.833030721783E0));
#559=CARTESIAN_POINT('',(-7.122880213569E0,1.766031366464E2,-4.644593782115E0));
#560=CARTESIAN_POINT('',(-6.860109146904E0,1.767143558643E2,-5.092227164392E0));
#561=CARTESIAN_POINT('',(-6.710252280034E0,1.767382988949E2,-5.299158996094E0));
#563=CURVE_STYLE('',#266,POSITIVE_LENGTH_MEASURE(2.E-2),#173);
#564=PRESENTATION_STYLE_ASSIGNMENT((#563));
#565=STYLED_ITEM('',(#564),#562);
#566=CARTESIAN_POINT('',(1.940738320487E-1,1.348002982887E2,
-2.287692018475E-1));
#567=DIRECTION('',(-6.469127734956E-1,0.E0,7.625640061584E-1));
#568=DIRECTION('',(-1.522482210727E-1,9.798666562941E-1,-1.291581010361E-1));
#569=AXIS2_PLACEMENT_3D('',#566,#567,#568);
#571=CURVE_STYLE('',#266,POSITIVE_LENGTH_MEASURE(2.E-2),#173);
#572=PRESENTATION_STYLE_ASSIGNMENT((#571));
#573=STYLED_ITEM('',(#572),#570);
#574=CARTESIAN_POINT('',(-6.710252280034E0,1.767382988949E2,-5.299158996094E0));
#575=CARTESIAN_POINT('',(-6.697016564188E0,1.766992700078E2,-5.287930622374E0));
#576=CARTESIAN_POINT('',(-6.670556405559E0,1.766212457679E2,-5.265483438310E0));
#577=CARTESIAN_POINT('',(-6.644118790420E0,1.765432885980E2,-5.243055378770E0));
#578=CARTESIAN_POINT('',(-6.630905618051E0,1.765043267809E2,-5.231846129559E0));
#580=CURVE_STYLE('',#266,POSITIVE_LENGTH_MEASURE(2.E-2),#173);
#581=PRESENTATION_STYLE_ASSIGNMENT((#580));
#582=STYLED_ITEM('',(#581),#579);
#583=CARTESIAN_POINT('',(-1.940738320487E-1,1.348002982887E2,
2.287692018475E-1));
#584=DIRECTION('',(-6.469127734956E-1,0.E0,7.625640061584E-1));
#585=DIRECTION('',(-1.522482210727E-1,9.798666562941E-1,-1.291581010361E-1));
#586=AXIS2_PLACEMENT_3D('',#583,#584,#585);
#588=CURVE_STYLE('',#266,POSITIVE_LENGTH_MEASURE(2.E-2),#173);
#589=PRESENTATION_STYLE_ASSIGNMENT((#588));
#590=STYLED_ITEM('',(#589),#587);
#591=CARTESIAN_POINT('',(6.242757953953E0,1.765043267809E2,5.689384533254E0));
#592=CARTESIAN_POINT('',(6.255970380356E0,1.765432863983E2,5.700593149632E0));
#593=CARTESIAN_POINT('',(6.282407249537E0,1.766212413686E2,5.723020576348E0));
#594=CARTESIAN_POINT('',(6.308868154133E0,1.766992678082E2,5.745468393244E0));
#595=CARTESIAN_POINT('',(6.322104615937E0,1.767382988949E2,5.756697399789E0));
#597=CURVE_STYLE('',#266,POSITIVE_LENGTH_MEASURE(2.E-2),#173);
#598=PRESENTATION_STYLE_ASSIGNMENT((#597));
#599=STYLED_ITEM('',(#598),#596);
#600=CARTESIAN_POINT('',(-1.940738320487E-1,1.348002982887E2,
2.287692018475E-1));
#601=DIRECTION('',(6.469127734956E-1,0.E0,-7.625640061584E-1));
#602=DIRECTION('',(1.512779532434E-1,9.801250494117E-1,1.283349850125E-1));
#603=AXIS2_PLACEMENT_3D('',#600,#601,#602);
#605=CURVE_STYLE('',#266,POSITIVE_LENGTH_MEASURE(2.E-2),#173);
#606=PRESENTATION_STYLE_ASSIGNMENT((#605));
#607=STYLED_ITEM('',(#606),#604);
#608=CARTESIAN_POINT('',(-1.880673630064E1,1.695991114174E2,-1.634789714695E1));
#609=CARTESIAN_POINT('',(-1.856726108080E1,1.695689916769E2,-1.659684653180E1));
#610=CARTESIAN_POINT('',(-1.807167308573E1,1.694071733907E2,-1.700192552544E1));
#611=CARTESIAN_POINT('',(-1.727241150657E1,1.689153812370E2,-1.739973810901E1));
#612=CARTESIAN_POINT('',(-1.653226471716E1,1.682223479498E2,-1.750512555832E1));
#613=CARTESIAN_POINT('',(-1.596140427964E1,1.674111086382E2,-1.728012724419E1));
#614=CARTESIAN_POINT('',(-1.560295138974E1,1.665954977794E2,-1.679990980714E1));
#615=CARTESIAN_POINT('',(-1.551549104022E1,1.658636444253E2,-1.609295971890E1));
#616=CARTESIAN_POINT('',(-1.573015909528E1,1.653337440551E2,-1.525339855863E1));
#617=CARTESIAN_POINT('',(-1.617831184457E1,1.650350090721E2,-1.439447526934E1));
#618=CARTESIAN_POINT('',(-1.683913601419E1,1.650350090721E2,-1.361551287009E1));
#619=CARTESIAN_POINT('',(-1.761351866515E1,1.653337440551E2,-1.303334312383E1));
#620=CARTESIAN_POINT('',(-1.840685796889E1,1.658636444253E2,-1.268469134218E1));
#621=CARTESIAN_POINT('',(-1.911860916570E1,1.665954977794E2,-1.265574356440E1));
#622=CARTESIAN_POINT('',(-1.965083418564E1,1.674111086382E2,-1.293112291961E1));
#623=CARTESIAN_POINT('',(-1.996587776295E1,1.682223479498E2,-1.345767151649E1));
#624=CARTESIAN_POINT('',(-1.998254953842E1,1.689153812370E2,-1.420509765750E1));
#625=CARTESIAN_POINT('',(-1.972034359403E1,1.694071733907E2,-1.505851547211E1));
#626=CARTESIAN_POINT('',(-1.940146728862E1,1.695689916769E2,-1.561350588085E1));
#627=CARTESIAN_POINT('',(-1.919488396474E1,1.695991114174E2,-1.589035874326E1));
#629=CURVE_STYLE('',#266,POSITIVE_LENGTH_MEASURE(2.E-2),#173);
#630=PRESENTATION_STYLE_ASSIGNMENT((#629));
#631=STYLED_ITEM('',(#630),#628);
#632=DIRECTION('',(4.439472560080E-1,-8.130620480358E-1,3.766177636900E-1));
#633=VECTOR('',#632,2.5E-1);
#634=CARTESIAN_POINT('',(-1.919488396474E1,1.695991114174E2,-1.589035874326E1));
#635=LINE('',#634,#633);
#636=CURVE_STYLE('',#266,POSITIVE_LENGTH_MEASURE(2.E-2),#173);
#637=PRESENTATION_STYLE_ASSIGNMENT((#636));
#638=STYLED_ITEM('',(#637),#635);
#639=DIRECTION('',(6.469127734956E-1,0.E0,-7.625640061584E-1));
#640=VECTOR('',#639,6.E-1);
#641=CARTESIAN_POINT('',(-1.908389715073E1,1.693958459054E2,-1.579620430234E1));
#642=LINE('',#641,#640);
#643=CURVE_STYLE('',#266,POSITIVE_LENGTH_MEASURE(2.E-2),#173);
#644=PRESENTATION_STYLE_ASSIGNMENT((#643));
#645=STYLED_ITEM('',(#644),#642);
#646=DIRECTION('',(-4.439472560080E-1,8.130620480358E-1,-3.766177636900E-1));
#647=VECTOR('',#646,2.5E-1);
#648=CARTESIAN_POINT('',(-1.869574948664E1,1.693958459054E2,-1.625374270603E1));
#649=LINE('',#648,#647);
#650=CURVE_STYLE('',#266,POSITIVE_LENGTH_MEASURE(2.E-2),#173);
#651=PRESENTATION_STYLE_ASSIGNMENT((#650));
#652=STYLED_ITEM('',(#651),#649);
#653=CARTESIAN_POINT('',(-1.607075824303E1,1.642329019004E2,-1.363345070475E1));
#654=CARTESIAN_POINT('',(-1.580499481191E1,1.642329019004E2,-1.394672574743E1));
#655=CARTESIAN_POINT('',(-1.536066763746E1,1.643408878696E2,-1.459001051508E1));
#656=CARTESIAN_POINT('',(-1.489874187171E1,1.647828847280E2,-1.562373734975E1));
#657=CARTESIAN_POINT('',(-1.472603524973E1,1.654798856279E2,-1.659878935659E1));
#658=CARTESIAN_POINT('',(-1.485333700905E1,1.663577465309E2,-1.742038272152E1));
#659=CARTESIAN_POINT('',(-1.525493812609E1,1.673290712172E2,-1.802208876202E1));
#660=CARTESIAN_POINT('',(-1.591406030862E1,1.683003959035E2,-1.832023564677E1));
#661=CARTESIAN_POINT('',(-1.674541586215E1,1.691782568066E2,-1.831190865172E1));
#662=CARTESIAN_POINT('',(-1.767927383208E1,1.698752577064E2,-1.798257100534E1));
#663=CARTESIAN_POINT('',(-1.862387688660E1,1.703172545649E2,-1.735831813098E1));
#664=CARTESIAN_POINT('',(-1.918612882419E1,1.704252405341E2,-1.681507353697E1));
#665=CARTESIAN_POINT('',(-1.945189225531E1,1.704252405341E2,-1.650179849428E1));
#667=CURVE_STYLE('',#266,POSITIVE_LENGTH_MEASURE(2.E-2),#173);
#668=PRESENTATION_STYLE_ASSIGNMENT((#667));
#669=STYLED_ITEM('',(#668),#666);
#670=CARTESIAN_POINT('',(-1.945189225531E1,1.704252405341E2,-1.650179849428E1));
#671=CARTESIAN_POINT('',(-1.971765568643E1,1.704252405341E2,-1.618852345160E1));
#672=CARTESIAN_POINT('',(-2.016198286088E1,1.703172545649E2,-1.554523868395E1));
#673=CARTESIAN_POINT('',(-2.062390862663E1,1.698752577064E2,-1.451151184929E1));
#674=CARTESIAN_POINT('',(-2.079661524862E1,1.691782568066E2,-1.353645984245E1));
#675=CARTESIAN_POINT('',(-2.066931348929E1,1.683003959035E2,-1.271486647752E1));
#676=CARTESIAN_POINT('',(-2.026771237225E1,1.673290712172E2,-1.211316043701E1));
#677=CARTESIAN_POINT('',(-1.960859018972E1,1.663577465309E2,-1.181501355226E1));
#678=CARTESIAN_POINT('',(-1.877723463620E1,1.654798856279E2,-1.182334054731E1));
#679=CARTESIAN_POINT('',(-1.784337666627E1,1.647828847280E2,-1.215267819369E1));
#680=CARTESIAN_POINT('',(-1.689877361174E1,1.643408878696E2,-1.277693106806E1));
#681=CARTESIAN_POINT('',(-1.633652167416E1,1.642329019004E2,-1.332017566207E1));
#682=CARTESIAN_POINT('',(-1.607075824303E1,1.642329019004E2,-1.363345070475E1));
#684=CURVE_STYLE('',#266,POSITIVE_LENGTH_MEASURE(2.E-2),#173);
#685=PRESENTATION_STYLE_ASSIGNMENT((#684));
#686=STYLED_ITEM('',(#685),#683);
#687=CARTESIAN_POINT('',(1.983188502875E0,1.348002982887E2,-2.337731192951E0));
#688=DIRECTION('',(-6.469127734956E-1,0.E0,7.625640061584E-1));
#689=DIRECTION('',(-1.571346667666E-1,9.785391576957E-1,-1.333034634068E-1));
#690=AXIS2_PLACEMENT_3D('',#687,#688,#689);
#692=CURVE_STYLE('',#266,POSITIVE_LENGTH_MEASURE(2.E-2),#173);
#693=PRESENTATION_STYLE_ASSIGNMENT((#692));
#694=STYLED_ITEM('',(#693),#691);
#695=CARTESIAN_POINT('',(-5.011168158435E0,1.703985323388E2,-4.251169300992E0));
#696=CARTESIAN_POINT('',(-6.334932048196E0,1.700780763089E2,-5.374169813031E0));
#697=CARTESIAN_POINT('',(-8.946580453302E0,1.691827614972E2,-7.589732962805E0));
#698=CARTESIAN_POINT('',(-1.267269582094E1,1.671054536354E2,-1.075074188546E1));
#699=CARTESIAN_POINT('',(-1.497635045388E1,1.652605259445E2,-1.270502191386E1));
#700=CARTESIAN_POINT('',(-1.607075824303E1,1.642329019004E2,-1.363345070475E1));
#702=CURVE_STYLE('',#266,POSITIVE_LENGTH_MEASURE(2.E-2),#173);
#703=PRESENTATION_STYLE_ASSIGNMENT((#702));
#704=STYLED_ITEM('',(#703),#701);
#705=CARTESIAN_POINT('',(-5.011168158435E0,1.703985323388E2,-4.251169300992E0));
#706=CARTESIAN_POINT('',(-4.912030063892E0,1.703985310172E2,-4.368029467913E0));
#707=CARTESIAN_POINT('',(-4.696530935197E0,1.704190402230E2,-4.610795021642E0));
#708=CARTESIAN_POINT('',(-4.305817605856E0,1.705409191268E2,-5.004847133218E0));
#709=CARTESIAN_POINT('',(-3.903684253066E0,1.707552830026E2,-5.371306236823E0));
#710=CARTESIAN_POINT('',(-3.553438608342E0,1.710188160242E2,-5.672948685740E0));
#711=CARTESIAN_POINT('',(-3.279180871932E0,1.712872429148E2,-5.909500047089E0));
#712=CARTESIAN_POINT('',(-3.057694052977E0,1.715616726388E2,-6.111544954662E0));
#713=CARTESIAN_POINT('',(-2.871746322956E0,1.718631658034E2,-6.304668547609E0));
#714=CARTESIAN_POINT('',(-2.719263043673E0,1.722113220960E2,-6.505409242431E0));
#715=CARTESIAN_POINT('',(-2.613053707469E0,1.726256270078E2,-6.724523579093E0));
#716=CARTESIAN_POINT('',(-2.583992302742E0,1.731086661875E2,-6.963141247124E0));
#717=CARTESIAN_POINT('',(-2.665570049984E0,1.736528344942E2,-7.216704395630E0));
#718=CARTESIAN_POINT('',(-2.897870518793E0,1.742490637318E2,-7.477903523784E0));
#719=CARTESIAN_POINT('',(-3.278715508483E0,1.748400655595E2,-7.705361593488E0));
#720=CARTESIAN_POINT('',(-3.737339774372E0,1.753689943760E2,-7.864875697307E0));
#721=CARTESIAN_POINT('',(-4.205094123214E0,1.758066821602E2,-7.952036085911E0));
#722=CARTESIAN_POINT('',(-4.510272449916E0,1.760482889817E2,-7.970602016330E0));
#723=CARTESIAN_POINT('',(-4.657960170327E0,1.761572254684E2,-7.971659079499E0));
#725=CURVE_STYLE('',#266,POSITIVE_LENGTH_MEASURE(2.E-2),#173);
#726=PRESENTATION_STYLE_ASSIGNMENT((#725));
#727=STYLED_ITEM('',(#726),#724);
#728=CARTESIAN_POINT('',(-1.653803299426E1,1.693882876541E2,-1.805000558292E1));
#729=CARTESIAN_POINT('',(-1.655579236551E1,1.694017251340E2,-1.804787425420E1));
#730=CARTESIAN_POINT('',(-1.659278341061E1,1.694321306605E2,-1.804560846032E1));
#731=CARTESIAN_POINT('',(-1.664978369261E1,1.694889980204E2,-1.805127285667E1));
#732=CARTESIAN_POINT('',(-1.670573419625E1,1.695585827417E2,-1.806960590205E1));
#733=CARTESIAN_POINT('',(-1.675565151881E1,1.696406920541E2,-1.810474758020E1));
#734=CARTESIAN_POINT('',(-1.679198212188E1,1.697309199001E2,-1.815902516847E1));
#735=CARTESIAN_POINT('',(-1.680790225985E1,1.698209015916E2,-1.823025056816E1));
#736=CARTESIAN_POINT('',(-1.680057116860E1,1.699030917136E2,-1.831340197271E1));
#737=CARTESIAN_POINT('',(-1.677011738312E1,1.699722042452E2,-1.840293198507E1));
#738=CARTESIAN_POINT('',(-1.671853518742E1,1.700246543453E2,-1.849333254190E1));
#739=CARTESIAN_POINT('',(-1.664862424624E1,1.700582750912E2,-1.857986129690E1));
#740=CARTESIAN_POINT('',(-1.659311542382E1,1.700672438776E2,-1.863132809309E1));
#741=CARTESIAN_POINT('',(-1.656385767026E1,1.700684599101E2,-1.865501147073E1));
#743=CURVE_STYLE('',#266,POSITIVE_LENGTH_MEASURE(2.E-2),#173);
#744=PRESENTATION_STYLE_ASSIGNMENT((#743));
#745=STYLED_ITEM('',(#744),#742);
#746=CARTESIAN_POINT('',(-4.442874705754E0,1.764454562757E2,-8.319026715839E0));
#747=DIRECTION('',(-7.461986823996E-1,-2.060613146393E-1,-6.330294313807E-1));
#748=DIRECTION('',(-4.301675025652E-1,-5.764709590880E-1,6.947209173942E-1));
#749=AXIS2_PLACEMENT_3D('',#746,#747,#748);
#751=CURVE_STYLE('',#266,POSITIVE_LENGTH_MEASURE(2.E-2),#173);
#752=PRESENTATION_STYLE_ASSIGNMENT((#751));
#753=STYLED_ITEM('',(#752),#750);
#754=CARTESIAN_POINT('',(-1.707791446689E1,1.695448971239E2,-1.809057390761E1));
#755=CARTESIAN_POINT('',(-1.703352026850E1,1.695146891705E2,-1.810274259912E1));
#756=CARTESIAN_POINT('',(-1.692696951791E1,1.694628538322E2,-1.811433853279E1));
#757=CARTESIAN_POINT('',(-1.673984731262E1,1.694157169158E2,-1.809529451260E1));
#758=CARTESIAN_POINT('',(-1.660772486887E1,1.693975607766E2,-1.806672870660E1));
#759=CARTESIAN_POINT('',(-1.653803299426E1,1.693882876541E2,-1.805000558292E1));
#761=CURVE_STYLE('',#266,POSITIVE_LENGTH_MEASURE(2.E-2),#173);
#762=PRESENTATION_STYLE_ASSIGNMENT((#761));
#763=STYLED_ITEM('',(#762),#760);
#764=CARTESIAN_POINT('',(-1.665971678609E1,1.702725612314E2,-1.876296823892E1));
#765=DIRECTION('',(7.477748592596E-1,0.E0,-6.639523777044E-1));
#766=DIRECTION('',(3.834249929450E-1,-8.163986806404E-1,4.318315285313E-1));
#767=AXIS2_PLACEMENT_3D('',#764,#765,#766);
#769=CURVE_STYLE('',#266,POSITIVE_LENGTH_MEASURE(2.E-2),#173);
#770=PRESENTATION_STYLE_ASSIGNMENT((#769));
#771=STYLED_ITEM('',(#770),#768);
#772=CARTESIAN_POINT('',(0.E0,1.700684616545E2,0.E0));
#773=DIRECTION('',(0.E0,-1.E0,0.E0));
#774=DIRECTION('',(-6.639520238474E-1,0.E0,-7.477751734505E-1));
#775=AXIS2_PLACEMENT_3D('',#772,#773,#774);
#777=CURVE_STYLE('',#266,POSITIVE_LENGTH_MEASURE(2.E-2),#173);
#778=PRESENTATION_STYLE_ASSIGNMENT((#777));
#779=STYLED_ITEM('',(#778),#776);
#780=CARTESIAN_POINT('',(-4.494899595192E0,1.769331088286E2,-8.416435174735E0));
#781=CARTESIAN_POINT('',(-4.733642601948E0,1.768671804140E2,-8.618970240439E0));
#782=CARTESIAN_POINT('',(-5.244978257651E0,1.767186542741E2,-9.052763312547E0));
#783=CARTESIAN_POINT('',(-6.104813961473E0,1.764388207482E2,-9.782192604337E0));
#784=CARTESIAN_POINT('',(-7.079115332251E0,1.760824184437E2,-1.060873120621E1));
#785=CARTESIAN_POINT('',(-8.154677555427E0,1.756386886478E2,-1.152117236077E1));
#786=CARTESIAN_POINT('',(-9.314672166496E0,1.750993681971E2,-1.250524104912E1));
#787=CARTESIAN_POINT('',(-1.056240189810E1,1.744462710234E2,-1.356373884705E1));
#788=CARTESIAN_POINT('',(-1.190363242403E1,1.736556790746E2,-1.470155683819E1));
#789=CARTESIAN_POINT('',(-1.334300221733E1,1.726985264107E2,-1.592263096784E1));
#790=CARTESIAN_POINT('',(-1.488279572272E1,1.715412786551E2,-1.722889567060E1));
#791=CARTESIAN_POINT('',(-1.599404877778E1,1.705917607583E2,-1.817162048699E1));
#792=CARTESIAN_POINT('',(-1.656385767026E1,1.700684599101E2,-1.865501147073E1));
#794=CURVE_STYLE('',#266,POSITIVE_LENGTH_MEASURE(2.E-2),#173);
#795=PRESENTATION_STYLE_ASSIGNMENT((#794));
#796=STYLED_ITEM('',(#795),#793);
#797=CARTESIAN_POINT('',(-3.643058475720E0,1.770275758110E2,-8.354602703016E0));
#798=CARTESIAN_POINT('',(-3.688678470728E0,1.770275756588E2,-8.334710644885E0));
#799=CARTESIAN_POINT('',(-3.778210316710E0,1.770256740073E2,-8.304403031518E0));
#800=CARTESIAN_POINT('',(-3.905618413391E0,1.770189140259E2,-8.279732582094E0));
#801=CARTESIAN_POINT('',(-4.022993417974E0,1.770095030361E2,-8.271455782807E0));
#802=CARTESIAN_POINT('',(-4.129506131742E0,1.769983261150E2,-8.275949527356E0));
#803=CARTESIAN_POINT('',(-4.225601393780E0,1.769858962235E2,-8.290764249775E0));
#804=CARTESIAN_POINT('',(-4.310799159326E0,1.769726791992E2,-8.314078273872E0));
#805=CARTESIAN_POINT('',(-4.383354425743E0,1.769593744670E2,-8.343534856389E0));
#806=CARTESIAN_POINT('',(-4.444202804463E0,1.769463045371E2,-8.377289961766E0));
#807=CARTESIAN_POINT('',(-4.479004909597E0,1.769374982723E2,-8.402950293506E0));
#808=CARTESIAN_POINT('',(-4.494899595192E0,1.769331088286E2,-8.416435174735E0));
#810=CURVE_STYLE('',#266,POSITIVE_LENGTH_MEASURE(2.E-2),#173);
#811=PRESENTATION_STYLE_ASSIGNMENT((#810));
#812=STYLED_ITEM('',(#811),#809);
#813=CARTESIAN_POINT('',(0.E0,1.770275741242E2,0.E0));
#814=DIRECTION('',(0.E0,1.E0,0.E0));
#815=DIRECTION('',(3.997078648284E-1,0.E0,-9.166425818138E-1));
#816=AXIS2_PLACEMENT_3D('',#813,#814,#815);
#818=CURVE_STYLE('',#266,POSITIVE_LENGTH_MEASURE(2.E-2),#173);
#819=PRESENTATION_STYLE_ASSIGNMENT((#818));
#820=STYLED_ITEM('',(#819),#817);
#821=CARTESIAN_POINT('',(4.494865241736E0,1.769331098481E2,-8.416448470440E0));
#822=CARTESIAN_POINT('',(4.481691010638E0,1.769367481241E2,-8.405271027703E0));
#823=CARTESIAN_POINT('',(4.452667599109E0,1.769442047129E2,-8.383333355757E0));
#824=CARTESIAN_POINT('',(4.400233150728E0,1.769558735297E2,-8.352309279035E0));
#825=CARTESIAN_POINT('',(4.338555884752E0,1.769677578507E2,-8.324556603130E0));
#826=CARTESIAN_POINT('',(4.267568499293E0,1.769795838341E2,-8.301327913166E0));
#827=CARTESIAN_POINT('',(4.187244405887E0,1.769910612011E2,-8.283914890569E0));
#828=CARTESIAN_POINT('',(4.097436020222E0,1.770018869373E2,-8.273704689436E0));
#829=CARTESIAN_POINT('',(3.997701946795E0,1.770117061984E2,-8.272444108316E0));
#830=CARTESIAN_POINT('',(3.887903330442E0,1.770199864880E2,-8.282562427344E0));
#831=CARTESIAN_POINT('',(3.769150955261E0,1.770259099096E2,-8.307273281924E0));
#832=CARTESIAN_POINT('',(3.685642311119E0,1.770275729399E2,-8.336048176822E0));
#833=CARTESIAN_POINT('',(3.643079862469E0,1.770275731116E2,-8.354607013463E0));
#835=CURVE_STYLE('',#266,POSITIVE_LENGTH_MEASURE(2.E-2),#173);
#836=PRESENTATION_STYLE_ASSIGNMENT((#835));
#837=STYLED_ITEM('',(#836),#834);
#838=CARTESIAN_POINT('',(1.656386058732E1,1.700684615629E2,-1.865501017182E1));
#839=CARTESIAN_POINT('',(1.619182879501E1,1.704101284905E2,-1.833940112358E1));
#840=CARTESIAN_POINT('',(1.541942482786E1,1.710899049048E2,-1.768414073228E1));
#841=CARTESIAN_POINT('',(1.414399123001E1,1.721075214775E2,-1.660214067112E1));
#842=CARTESIAN_POINT('',(1.283618973650E1,1.730452150577E2,-1.549268168291E1));
#843=CARTESIAN_POINT('',(1.153394219227E1,1.738810308677E2,-1.438793432257E1));
#844=CARTESIAN_POINT('',(1.030537434904E1,1.745849891221E2,-1.334569232293E1));
#845=CARTESIAN_POINT('',(9.199776307688E0,1.751529627978E2,-1.240777043535E1));
#846=CARTESIAN_POINT('',(8.205655383131E0,1.756134446091E2,-1.156441878973E1));
#847=CARTESIAN_POINT('',(7.308312619053E0,1.759894620103E2,-1.080316836077E1));
#848=CARTESIAN_POINT('',(6.503599400628E0,1.762954102586E2,-1.012049720251E1));
#849=CARTESIAN_POINT('',(5.797050928959E0,1.765402170672E2,-9.521110431645E0));
#850=CARTESIAN_POINT('',(5.159026605770E0,1.767432634657E2,-8.979827717436E0));
#851=CARTESIAN_POINT('',(4.715479018582E0,1.768721880151E2,-8.603603277439E0));
#852=CARTESIAN_POINT('',(4.494865241736E0,1.769331098481E2,-8.416448470440E0));
#854=CURVE_STYLE('',#266,POSITIVE_LENGTH_MEASURE(2.E-2),#173);
#855=PRESENTATION_STYLE_ASSIGNMENT((#854));
#856=STYLED_ITEM('',(#855),#853);
#857=CARTESIAN_POINT('',(0.E0,1.700684616545E2,0.E0));
#858=DIRECTION('',(0.E0,-1.E0,0.E0));
#859=DIRECTION('',(-8.460025800402E-1,0.E0,5.331788016842E-1));
#860=AXIS2_PLACEMENT_3D('',#857,#858,#859);
#862=CURVE_STYLE('',#266,POSITIVE_LENGTH_MEASURE(2.E-2),#173);
#863=PRESENTATION_STYLE_ASSIGNMENT((#862));
#864=STYLED_ITEM('',(#863),#861);
#865=CARTESIAN_POINT('',(-9.036564605594E0,1.769331098799E2,3.062828052589E0));
#866=CARTESIAN_POINT('',(-9.237457139706E0,1.768776338556E2,3.233253025234E0));
#867=CARTESIAN_POINT('',(-9.659760030693E0,1.767557401185E2,3.591509665564E0));
#868=CARTESIAN_POINT('',(-1.033685694526E1,1.765414559406E2,4.165917120598E0));
#869=CARTESIAN_POINT('',(-1.110838931158E1,1.762730786862E2,4.820438170600E0));
#870=CARTESIAN_POINT('',(-1.196405594526E1,1.759441643520E2,5.546333517316E0));
#871=CARTESIAN_POINT('',(-1.290833891200E1,1.755425650151E2,6.347405574498E0));
#872=CARTESIAN_POINT('',(-1.395711871803E1,1.750473923927E2,7.237126365277E0));
#873=CARTESIAN_POINT('',(-1.509260016235E1,1.744498791323E2,8.200399520143E0));
#874=CARTESIAN_POINT('',(-1.625346307617E1,1.737695200113E2,9.185204768065E0));
#875=CARTESIAN_POINT('',(-1.738179932168E1,1.730376988622E2,1.014241639182E1));
#876=CARTESIAN_POINT('',(-1.844917980683E1,1.722782346962E2,1.104791686307E1));
#877=CARTESIAN_POINT('',(-1.943740399306E1,1.715126542446E2,1.188626599543E1));
#878=CARTESIAN_POINT('',(-2.030903058801E1,1.707853026498E2,1.262570075626E1));
#879=CARTESIAN_POINT('',(-2.084859429110E1,1.703044278353E2,1.308343387031E1));
#880=CARTESIAN_POINT('',(-2.110553220285E1,1.700684607251E2,1.330140431064E1));
#882=CURVE_STYLE('',#266,POSITIVE_LENGTH_MEASURE(2.E-2),#173);
#883=PRESENTATION_STYLE_ASSIGNMENT((#882));
#884=STYLED_ITEM('',(#883),#881);
#885=CARTESIAN_POINT('',(-8.836711548145E0,1.770275748471E2,2.232458692810E0));
#886=CARTESIAN_POINT('',(-8.824522743519E0,1.770275732451E2,2.280735617415E0));
#887=CARTESIAN_POINT('',(-8.809230735248E0,1.770256656125E2,2.374057696441E0));
#888=CARTESIAN_POINT('',(-8.805673789312E0,1.770188996918E2,2.503827443259E0));
#889=CARTESIAN_POINT('',(-8.816664956334E0,1.770094798277E2,2.621036719531E0));
#890=CARTESIAN_POINT('',(-8.838449551061E0,1.769983121697E2,2.725277416469E0));
#891=CARTESIAN_POINT('',(-8.868683308132E0,1.769858995154E2,2.817561834994E0));
#892=CARTESIAN_POINT('',(-8.905568030689E0,1.769726821501E2,2.897843851777E0));
#893=CARTESIAN_POINT('',(-8.946472194659E0,1.769593719250E2,2.964661934159E0));
#894=CARTESIAN_POINT('',(-8.989693730546E0,1.769463022842E2,3.019192186466E0));
#895=CARTESIAN_POINT('',(-9.020674460466E0,1.769374979508E2,3.049347216134E0));
#896=CARTESIAN_POINT('',(-9.036564605594E0,1.769331098799E2,3.062828052589E0));
#898=CURVE_STYLE('',#266,POSITIVE_LENGTH_MEASURE(2.E-2),#173);
#899=PRESENTATION_STYLE_ASSIGNMENT((#898));
#900=STYLED_ITEM('',(#899),#897);
#901=CARTESIAN_POINT('',(-9.036563788836E0,1.769331099301E2,-3.062829658938E0));
#902=CARTESIAN_POINT('',(-9.023372912827E0,1.769367525595E2,-3.051639354384E0));
#903=CARTESIAN_POINT('',(-8.996935826232E0,1.769442227428E2,-3.026575097108E0));
#904=CARTESIAN_POINT('',(-8.957738420171E0,1.769559079548E2,-2.979789877052E0));
#905=CARTESIAN_POINT('',(-8.920245761328E0,1.769678144277E2,-2.923313635739E0));
#906=CARTESIAN_POINT('',(-8.885719421255E0,1.769796613710E2,-2.856859527483E0));
#907=CARTESIAN_POINT('',(-8.855451290565E0,1.769911500356E2,-2.780244038168E0));
#908=CARTESIAN_POINT('',(-8.830802936463E0,1.770019678170E2,-2.693188733665E0));
#909=CARTESIAN_POINT('',(-8.813407110622E0,1.770117584670E2,-2.595068137375E0));
#910=CARTESIAN_POINT('',(-8.805571441493E0,1.770200026290E2,-2.485389115375E0));
#911=CARTESIAN_POINT('',(-8.810598386342E0,1.770259120164E2,-2.364413529558E0));
#912=CARTESIAN_POINT('',(-8.825357300641E0,1.770275727444E2,-2.277441303971E0));
#913=CARTESIAN_POINT('',(-8.836713749441E0,1.770275738751E2,-2.232468325551E0));
#915=CURVE_STYLE('',#266,POSITIVE_LENGTH_MEASURE(2.E-2),#173);
#916=PRESENTATION_STYLE_ASSIGNMENT((#915));
#917=STYLED_ITEM('',(#916),#914);
#918=CARTESIAN_POINT('',(-2.110553276393E1,1.700684616371E2,-1.330140467063E1));
#919=CARTESIAN_POINT('',(-2.089783134140E1,1.702592108242E2,-1.312520345926E1));
#920=CARTESIAN_POINT('',(-2.045897357278E1,1.706528391886E2,-1.275290329135E1));
#921=CARTESIAN_POINT('',(-1.972987909302E1,1.712718463538E2,-1.213438402497E1));
#922=CARTESIAN_POINT('',(-1.892140904559E1,1.719174282463E2,-1.144852735796E1));
#923=CARTESIAN_POINT('',(-1.802973885124E1,1.725822594273E2,-1.069208876966E1));
#924=CARTESIAN_POINT('',(-1.703916857622E1,1.732660142242E2,-9.851749385255E0));
#925=CARTESIAN_POINT('',(-1.593847319171E1,1.739610298884E2,-8.917986576837E0));
#926=CARTESIAN_POINT('',(-1.476581392065E1,1.746291916556E2,-7.923174028268E0));
#927=CARTESIAN_POINT('',(-1.360690752941E1,1.752196851465E2,-6.940028560013E0));
#928=CARTESIAN_POINT('',(-1.252384726675E1,1.757123591965E2,-6.021226337959E0));
#929=CARTESIAN_POINT('',(-1.152834512167E1,1.761170687694E2,-5.176702978308E0));
#930=CARTESIAN_POINT('',(-1.061871882384E1,1.764478247607E2,-4.405031820503E0));
#931=CARTESIAN_POINT('',(-9.784178588840E0,1.767192689289E2,-3.697057721118E0));
#932=CARTESIAN_POINT('',(-9.277282380556E0,1.768666360228E2,-3.267040598177E0));
#933=CARTESIAN_POINT('',(-9.036563788836E0,1.769331099301E2,-3.062829658938E0));
#935=CURVE_STYLE('',#266,POSITIVE_LENGTH_MEASURE(2.E-2),#173);
#936=PRESENTATION_STYLE_ASSIGNMENT((#935));
#937=STYLED_ITEM('',(#936),#934);
#938=CARTESIAN_POINT('',(-3.600893959920E0,1.765388329512E2,-8.257894059507E0));
#939=DIRECTION('',(-9.165981236701E-1,2.432724973302E-5,3.998098036474E-1));
#940=DIRECTION('',(3.653684628857E-1,4.060901104553E-1,8.376136988606E-1));
#941=AXIS2_PLACEMENT_3D('',#938,#939,#940);
#943=CURVE_STYLE('',#266,POSITIVE_LENGTH_MEASURE(2.E-2),#173);
#944=PRESENTATION_STYLE_ASSIGNMENT((#943));
#945=STYLED_ITEM('',(#944),#942);
#946=CARTESIAN_POINT('',(-3.418266437138E0,1.767418562774E2,-7.839061634911E0));
#947=CARTESIAN_POINT('',(-3.484026929908E0,1.767194625871E2,-7.799539090533E0));
#948=CARTESIAN_POINT('',(-3.615340739739E0,1.766708259308E2,-7.737975383415E0));
#949=CARTESIAN_POINT('',(-3.799355949937E0,1.765950559310E2,-7.689242287949E0));
#950=CARTESIAN_POINT('',(-3.968803756688E0,1.765194170318E2,-7.673552841238E0));
#951=CARTESIAN_POINT('',(-4.122266745456E0,1.764464428227E2,-7.683932245332E0));
#952=CARTESIAN_POINT('',(-4.261011773718E0,1.763769424420E2,-7.715175644630E0));
#953=CARTESIAN_POINT('',(-4.384656478904E0,1.763121254436E2,-7.763471701408E0));
#954=CARTESIAN_POINT('',(-4.490912547677E0,1.762540926434E2,-7.823895277239E0));
#955=CARTESIAN_POINT('',(-4.581111421079E0,1.762029325057E2,-7.892537698866E0));
#956=CARTESIAN_POINT('',(-4.633786394057E0,1.761718086805E2,-7.944589237306E0));
#957=CARTESIAN_POINT('',(-4.657960170327E0,1.761572254684E2,-7.971659079499E0));
#959=CURVE_STYLE('',#266,POSITIVE_LENGTH_MEASURE(2.E-2),#173);
#960=PRESENTATION_STYLE_ASSIGNMENT((#959));
#961=STYLED_ITEM('',(#960),#958);
#962=CARTESIAN_POINT('',(-4.872745151396E0,1.694151463877E2,-4.133722837969E0));
#963=DIRECTION('',(6.469069623614E-1,1.368725044453E-5,-7.625689358091E-1));
#964=DIRECTION('',(-1.384407365598E-1,9.833847074242E-1,-1.174252088137E-1));
#965=AXIS2_PLACEMENT_3D('',#962,#963,#964);
#967=CURVE_STYLE('',#266,POSITIVE_LENGTH_MEASURE(2.E-2),#173);
#968=PRESENTATION_STYLE_ASSIGNMENT((#967));
#969=STYLED_ITEM('',(#968),#966);
#970=CARTESIAN_POINT('',(-8.624323107172E0,1.761572119556E2,-3.296202301915E0));
#971=CARTESIAN_POINT('',(-8.598832112033E0,1.761693388707E2,-3.280032233330E0));
#972=CARTESIAN_POINT('',(-8.547718350303E0,1.761954250209E2,-3.243877272599E0));
#973=CARTESIAN_POINT('',(-8.472735199231E0,1.762401569136E2,-3.177014139602E0));
#974=CARTESIAN_POINT('',(-8.401826212144E0,1.762903796045E2,-3.096612911599E0));
#975=CARTESIAN_POINT('',(-8.337662911858E0,1.763456688030E2,-3.002138155946E0));
#976=CARTESIAN_POINT('',(-8.282912333211E0,1.764055000315E2,-2.893069331147E0));
#977=CARTESIAN_POINT('',(-8.240417509866E0,1.764693006586E2,-2.768649373840E0));
#978=CARTESIAN_POINT('',(-8.213553490045E0,1.765365098623E2,-2.627570759029E0));
#979=CARTESIAN_POINT('',(-8.207119228035E0,1.766061544258E2,-2.468376800660E0));
#980=CARTESIAN_POINT('',(-8.227450676923E0,1.766760031673E2,-2.291401971954E0));
#981=CARTESIAN_POINT('',(-8.265062263647E0,1.767210193015E2,-2.161308345726E0));
#982=CARTESIAN_POINT('',(-8.291448676436E0,1.767418996161E2,-2.094714718997E0));
#984=CURVE_STYLE('',#266,POSITIVE_LENGTH_MEASURE(2.E-2),#173);
#985=PRESENTATION_STYLE_ASSIGNMENT((#984));
#986=STYLED_ITEM('',(#985),#983);
#987=CARTESIAN_POINT('',(-8.931972352941E0,1.764454584147E2,-3.027380726352E0));
#988=DIRECTION('',(7.461970695380E-1,2.060609043412E-1,6.330314661334E-1));
#989=DIRECTION('',(6.153020826692E-1,-5.764940733406E-1,-5.376410795932E-1));
#990=AXIS2_PLACEMENT_3D('',#987,#988,#989);
#992=CURVE_STYLE('',#266,POSITIVE_LENGTH_MEASURE(2.E-2),#173);
#993=PRESENTATION_STYLE_ASSIGNMENT((#992));
#994=STYLED_ITEM('',(#993),#991);
#995=CARTESIAN_POINT('',(-2.110553276393E1,1.700684616371E2,-1.330140467063E1));
#996=CARTESIAN_POINT('',(-2.109564377029E1,1.700678163372E2,-1.331880616636E1));
#997=CARTESIAN_POINT('',(-2.107337761836E1,1.700645921956E2,-1.335507950119E1));
#998=CARTESIAN_POINT('',(-2.103187805043E1,1.700518888037E2,-1.341171699228E1));
#999=CARTESIAN_POINT('',(-2.098105920835E1,1.700287941498E2,-1.346881732698E1));
#1000=CARTESIAN_POINT('',(-2.092026369938E1,1.699924200753E2,
-1.352312388541E1));
#1001=CARTESIAN_POINT('',(-2.085040758305E1,1.699403118891E2,
-1.356940489786E1));
#1002=CARTESIAN_POINT('',(-2.077582772287E1,1.698727922295E2,
-1.360081849649E1));
#1003=CARTESIAN_POINT('',(-2.070270298201E1,1.697933994236E2,
-1.361230924610E1));
#1004=CARTESIAN_POINT('',(-2.063646284141E1,1.697069970116E2,
-1.360206849968E1));
#1005=CARTESIAN_POINT('',(-2.058096790997E1,1.696182675721E2,
-1.357051124884E1));
#1006=CARTESIAN_POINT('',(-2.053891558466E1,1.695316858988E2,
-1.351943315865E1));
#1007=CARTESIAN_POINT('',(-2.051236843001E1,1.694517882246E2,
-1.345147730443E1));
#1008=CARTESIAN_POINT('',(-2.050556935843E1,1.694079519746E2,
-1.340069424377E1));
#1009=CARTESIAN_POINT('',(-2.050441094803E1,1.693882886463E2,
-1.337454363432E1));
#1011=CURVE_STYLE('',#266,POSITIVE_LENGTH_MEASURE(2.E-2),#173);
#1012=PRESENTATION_STYLE_ASSIGNMENT((#1011));
#1013=STYLED_ITEM('',(#1012),#1010);
#1014=CARTESIAN_POINT('',(-2.122767205092E1,1.702725611260E2,
-1.337838089153E1));
#1015=DIRECTION('',(5.331788174688E-1,-3.356203664772E-8,-8.460025700922E-1));
#1016=DIRECTION('',(4.885573282009E-1,-8.163983281158E-1,3.079050290444E-1));
#1017=AXIS2_PLACEMENT_3D('',#1014,#1015,#1016);
#1019=CURVE_STYLE('',#266,POSITIVE_LENGTH_MEASURE(2.E-2),#173);
#1020=PRESENTATION_STYLE_ASSIGNMENT((#1019));
#1021=STYLED_ITEM('',(#1020),#1018);
#1022=CARTESIAN_POINT('',(-2.050441094803E1,1.693882886463E2,
-1.337454363432E1));
#1023=CARTESIAN_POINT('',(-2.053226843619E1,1.693975662767E2,
-1.344058462389E1));
#1024=CARTESIAN_POINT('',(-2.058199866013E1,1.694157255657E2,
-1.356630975166E1));
#1025=CARTESIAN_POINT('',(-2.063122702049E1,1.694627775293E2,
-1.374754286345E1));
#1026=CARTESIAN_POINT('',(-2.063722083746E1,1.695146199029E2,
-1.385469969800E1));
#1027=CARTESIAN_POINT('',(-2.063244134796E1,1.695448972814E2,
-1.390059109201E1));
#1029=CURVE_STYLE('',#266,POSITIVE_LENGTH_MEASURE(2.E-2),#173);
#1030=PRESENTATION_STYLE_ASSIGNMENT((#1029));
#1031=STYLED_ITEM('',(#1030),#1028);
#1032=CARTESIAN_POINT('',(1.679467548976E1,1.701270169216E2,-1.891496495868E1));
#1033=CARTESIAN_POINT('',(1.681861092151E1,1.701270169406E2,-1.889371262115E1));
#1034=CARTESIAN_POINT('',(1.686749088640E1,1.701238821618E2,-1.884714918081E1));
#1035=CARTESIAN_POINT('',(1.694249303069E1,1.701059688991E2,-1.876249756716E1));
#1036=CARTESIAN_POINT('',(1.701498825270E1,1.700702334862E2,-1.866218351933E1));
#1037=CARTESIAN_POINT('',(1.707913691321E1,1.700112835915E2,-1.854615528758E1));
#1038=CARTESIAN_POINT('',(1.712546449665E1,1.699250323656E2,-1.841911846601E1));
#1039=CARTESIAN_POINT('',(1.714408080317E1,1.698137618250E2,-1.829269892244E1));
#1040=CARTESIAN_POINT('',(1.712964662683E1,1.696837727634E2,-1.817849517902E1));
#1041=CARTESIAN_POINT('',(1.709896031377E1,1.695924242648E2,-1.811750248327E1));
#1042=CARTESIAN_POINT('',(1.707791432352E1,1.695448977716E2,-1.809057349422E1));
#1044=CURVE_STYLE('',#266,POSITIVE_LENGTH_MEASURE(2.E-2),#173);
#1045=PRESENTATION_STYLE_ASSIGNMENT((#1044));
#1046=STYLED_ITEM('',(#1045),#1043);
#1047=CARTESIAN_POINT('',(1.707791432352E1,1.695448977716E2,-1.809057349422E1));
#1048=CARTESIAN_POINT('',(1.728270609203E1,1.696842344999E2,-1.803444829693E1));
#1049=CARTESIAN_POINT('',(1.769624244429E1,1.699303972733E2,-1.788072995175E1));
#1050=CARTESIAN_POINT('',(1.833352884952E1,1.702132584996E2,-1.752228058817E1));
#1051=CARTESIAN_POINT('',(1.894191183300E1,1.703875126297E2,-1.705004026806E1));
#1052=CARTESIAN_POINT('',(1.929006149675E1,1.704252405341E2,-1.669256039701E1));
#1053=CARTESIAN_POINT('',(1.945189225531E1,1.704252405341E2,-1.650179849428E1));
#1055=CURVE_STYLE('',#266,POSITIVE_LENGTH_MEASURE(2.E-2),#173);
#1056=PRESENTATION_STYLE_ASSIGNMENT((#1055));
#1057=STYLED_ITEM('',(#1056),#1054);
#1058=DIRECTION('',(-4.439472560080E-1,-8.130620480358E-1,3.766177636899E-1));
#1059=VECTOR('',#1058,8.839285714286E-1);
#1060=CARTESIAN_POINT('',(1.984430991910E1,1.711439293087E2,-1.683470169612E1));
#1061=LINE('',#1060,#1059);
#1062=CURVE_STYLE('',#266,POSITIVE_LENGTH_MEASURE(2.E-2),#173);
#1063=PRESENTATION_STYLE_ASSIGNMENT((#1062));
#1064=STYLED_ITEM('',(#1063),#1061);
#1065=CARTESIAN_POINT('',(0.E0,1.711439293087E2,0.E0));
#1066=DIRECTION('',(0.E0,1.E0,0.E0));
#1067=DIRECTION('',(7.625640061584E-1,0.E0,-6.469127734956E-1));
#1068=AXIS2_PLACEMENT_3D('',#1065,#1066,#1067);
#1070=CURVE_STYLE('',#266,POSITIVE_LENGTH_MEASURE(2.E-2),#173);
#1071=PRESENTATION_STYLE_ASSIGNMENT((#1070));
#1072=STYLED_ITEM('',(#1071),#1069);
#1073=DIRECTION('',(4.439472560079E-1,-8.130620480358E-1,-3.766177636900E-1));
#1074=VECTOR('',#1073,8.839285714286E-1);
#1075=CARTESIAN_POINT('',(-1.984430991910E1,1.711439293087E2,1.683470169612E1));
#1076=LINE('',#1075,#1074);
#1077=CURVE_STYLE('',#266,POSITIVE_LENGTH_MEASURE(2.E-2),#173);
#1078=PRESENTATION_STYLE_ASSIGNMENT((#1077));
#1079=STYLED_ITEM('',(#1078),#1076);
#1080=CARTESIAN_POINT('',(-1.945189225531E1,1.704252405341E2,1.650179849428E1));
#1081=CARTESIAN_POINT('',(-1.961372184549E1,1.704252405341E2,1.631103796882E1));
#1082=CARTESIAN_POINT('',(-1.990966723616E1,1.703875133487E2,1.590927619600E1));
#1083=CARTESIAN_POINT('',(-2.027641895941E1,1.702132608757E2,1.523205578965E1));
#1084=CARTESIAN_POINT('',(-2.052618972186E1,1.699304068192E2,1.454487336655E1));
#1085=CARTESIAN_POINT('',(-2.061044904104E1,1.696842390212E2,1.411179982938E1));
#1086=CARTESIAN_POINT('',(-2.063244166391E1,1.695448976361E2,1.390059126268E1));
#1088=CURVE_STYLE('',#266,POSITIVE_LENGTH_MEASURE(2.E-2),#173);
#1089=PRESENTATION_STYLE_ASSIGNMENT((#1088));
#1090=STYLED_ITEM('',(#1089),#1087);
#1091=CARTESIAN_POINT('',(-2.063244166391E1,1.695448976361E2,1.390059126268E1));
#1092=CARTESIAN_POINT('',(-2.065987891660E1,1.695883664186E2,1.391557218160E1));
#1093=CARTESIAN_POINT('',(-2.071993222278E1,1.696736006940E2,1.393566874199E1));
#1094=CARTESIAN_POINT('',(-2.083017448573E1,1.698007812701E2,1.393484566204E1));
#1095=CARTESIAN_POINT('',(-2.095055856465E1,1.699136843547E2,1.390002744762E1));
#1096=CARTESIAN_POINT('',(-2.107455632559E1,1.700069314207E2,1.383342334054E1));
#1097=CARTESIAN_POINT('',(-2.119509408086E1,1.700758530731E2,1.373902773684E1));
#1098=CARTESIAN_POINT('',(-2.130678550488E1,1.701178598550E2,1.362112523325E1));
#1099=CARTESIAN_POINT('',(-2.137024988568E1,1.701270162474E2,1.353337684596E1));
#1100=CARTESIAN_POINT('',(-2.139963417253E1,1.701270178668E2,1.348675709922E1));
#1102=CURVE_STYLE('',#266,POSITIVE_LENGTH_MEASURE(2.E-2),#173);
#1103=PRESENTATION_STYLE_ASSIGNMENT((#1102));
#1104=STYLED_ITEM('',(#1103),#1101);
#1105=CARTESIAN_POINT('',(0.E0,1.701270169713E2,0.E0));
#1106=DIRECTION('',(0.E0,-1.E0,0.E0));
#1107=DIRECTION('',(-8.460025800881E-1,0.E0,5.331788016081E-1));
#1108=AXIS2_PLACEMENT_3D('',#1105,#1106,#1107);
#1110=CURVE_STYLE('',#266,POSITIVE_LENGTH_MEASURE(2.E-2),#173);
#1111=PRESENTATION_STYLE_ASSIGNMENT((#1110));
#1112=STYLED_ITEM('',(#1111),#1109);
#1113=CARTESIAN_POINT('',(-2.139963524996E1,1.701270169802E2,
-1.348675778531E1));
#1114=CARTESIAN_POINT('',(-2.138256968772E1,1.701270167298E2,
-1.351383520663E1));
#1115=CARTESIAN_POINT('',(-2.134460065903E1,1.701238819137E2,
-1.356964624031E1));
#1116=CARTESIAN_POINT('',(-2.127332400250E1,1.701059767549E2,
-1.365742855556E1));
#1117=CARTESIAN_POINT('',(-2.118617874356E1,1.700702437362E2,
-1.374529407434E1));
#1118=CARTESIAN_POINT('',(-2.108234338161E1,1.700114154281E2,
-1.382737647614E1));
#1119=CARTESIAN_POINT('',(-2.096459842322E1,1.699252517225E2,
-1.389384692146E1));
#1120=CARTESIAN_POINT('',(-2.084272150650E1,1.698138492661E2,
-1.393292709154E1));
#1121=CARTESIAN_POINT('',(-2.072762814560E1,1.696837944586E2,
-1.393731149033E1));
#1122=CARTESIAN_POINT('',(-2.066244151812E1,1.695924248871E2,
-1.391696624137E1));
#1123=CARTESIAN_POINT('',(-2.063244134796E1,1.695448972814E2,
-1.390059109201E1));
#1125=CURVE_STYLE('',#266,POSITIVE_LENGTH_MEASURE(2.E-2),#173);
#1126=PRESENTATION_STYLE_ASSIGNMENT((#1125));
#1127=STYLED_ITEM('',(#1126),#1124);
#1128=CARTESIAN_POINT('',(-2.063244134796E1,1.695448972814E2,
-1.390059109201E1));
#1129=CARTESIAN_POINT('',(-2.061044919274E1,1.696842357678E2,
-1.411179524660E1));
#1130=CARTESIAN_POINT('',(-2.052619320071E1,1.699304011172E2,
-1.454486145310E1));
#1131=CARTESIAN_POINT('',(-2.027642168681E1,1.702132594180E2,
-1.523205050436E1));
#1132=CARTESIAN_POINT('',(-1.990966878704E1,1.703875130443E2,
-1.590927394690E1));
#1133=CARTESIAN_POINT('',(-1.961372235317E1,1.704252405341E2,
-1.631103737038E1));
#1134=CARTESIAN_POINT('',(-1.945189225531E1,1.704252405341E2,
-1.650179849428E1));
#1136=CURVE_STYLE('',#266,POSITIVE_LENGTH_MEASURE(2.E-2),#173);
#1137=PRESENTATION_STYLE_ASSIGNMENT((#1136));
#1138=STYLED_ITEM('',(#1137),#1135);
#1139=CARTESIAN_POINT('',(-1.945189225531E1,1.704252405341E2,
-1.650179849428E1));
#1140=CARTESIAN_POINT('',(-1.929006130344E1,1.704252405341E2,
-1.669256062487E1));
#1141=CARTESIAN_POINT('',(-1.894191114218E1,1.703875125317E2,
-1.705004089292E1));
#1142=CARTESIAN_POINT('',(-1.833352759292E1,1.702132580369E2,
-1.752228160075E1));
#1143=CARTESIAN_POINT('',(-1.769623933738E1,1.699303959815E2,
-1.788073115708E1));
#1144=CARTESIAN_POINT('',(-1.728270520569E1,1.696842331658E2,
-1.803444900797E1));
#1145=CARTESIAN_POINT('',(-1.707791446689E1,1.695448971239E2,
-1.809057390761E1));
#1147=CURVE_STYLE('',#266,POSITIVE_LENGTH_MEASURE(2.E-2),#173);
#1148=PRESENTATION_STYLE_ASSIGNMENT((#1147));
#1149=STYLED_ITEM('',(#1148),#1146);
#1150=CARTESIAN_POINT('',(-1.707791446689E1,1.695448971239E2,
-1.809057390761E1));
#1151=CARTESIAN_POINT('',(-1.709714512168E1,1.695883300266E2,
-1.811518449358E1));
#1152=CARTESIAN_POINT('',(-1.712675807613E1,1.696735056403E2,
-1.817111140339E1));
#1153=CARTESIAN_POINT('',(-1.714394084831E1,1.698006595241E2,
-1.827996149086E1));
#1154=CARTESIAN_POINT('',(-1.712924617590E1,1.699135905706E2,
-1.840440765284E1));
#1155=CARTESIAN_POINT('',(-1.708375899871E1,1.700068739896E2,
-1.853762740909E1));
#1156=CARTESIAN_POINT('',(-1.701028519386E1,1.700758243556E2,
-1.867195909522E1));
#1157=CARTESIAN_POINT('',(-1.691210420169E1,1.701178663994E2,
-1.880146697557E1));
#1158=CARTESIAN_POINT('',(-1.683587258030E1,1.701270143827E2,
-1.887837771662E1));
#1159=CARTESIAN_POINT('',(-1.679467422514E1,1.701270171809E2,
-1.891496376150E1));
#1161=CURVE_STYLE('',#266,POSITIVE_LENGTH_MEASURE(2.E-2),#173);
#1162=PRESENTATION_STYLE_ASSIGNMENT((#1161));
#1163=STYLED_ITEM('',(#1162),#1160);
#1164=CARTESIAN_POINT('',(0.E0,1.701270169713E2,0.E0));
#1165=DIRECTION('',(0.E0,-1.E0,0.E0));
#1166=DIRECTION('',(-6.639523773798E-1,0.E0,-7.477748595478E-1));
#1167=AXIS2_PLACEMENT_3D('',#1164,#1165,#1166);
#1169=CURVE_STYLE('',#266,POSITIVE_LENGTH_MEASURE(2.E-2),#173);
#1170=PRESENTATION_STYLE_ASSIGNMENT((#1169));
#1171=STYLED_ITEM('',(#1170),#1168);
#1172=CARTESIAN_POINT('',(1.665971684305E1,1.702725611367E2,-1.876296809829E1));
#1173=DIRECTION('',(7.477748844675E-1,6.394341998642E-8,6.639523493140E-1));
#1174=DIRECTION('',(-3.834251805623E-1,-8.163984217012E-1,4.318318514822E-1));
#1175=AXIS2_PLACEMENT_3D('',#1172,#1173,#1174);
#1177=CURVE_STYLE('',#266,POSITIVE_LENGTH_MEASURE(2.E-2),#173);
#1178=PRESENTATION_STYLE_ASSIGNMENT((#1177));
#1179=STYLED_ITEM('',(#1178),#1176);
#1180=CARTESIAN_POINT('',(1.653803352284E1,1.693882889449E2,-1.805000671465E1));
#1181=CARTESIAN_POINT('',(1.660772468783E1,1.693975838773E2,-1.806671989760E1));
#1182=CARTESIAN_POINT('',(1.673984829852E1,1.694156975802E2,-1.809530436705E1));
#1183=CARTESIAN_POINT('',(1.692698223794E1,1.694628638748E2,-1.811433580515E1));
#1184=CARTESIAN_POINT('',(1.703351782037E1,1.695146886867E2,-1.810274251925E1));
#1185=CARTESIAN_POINT('',(1.707791432352E1,1.695448977716E2,-1.809057349422E1));
#1187=CURVE_STYLE('',#266,POSITIVE_LENGTH_MEASURE(2.E-2),#173);
#1188=PRESENTATION_STYLE_ASSIGNMENT((#1187));
#1189=STYLED_ITEM('',(#1188),#1186);
#1190=CARTESIAN_POINT('',(1.656386058732E1,1.700684615629E2,-1.865501017182E1));
#1191=CARTESIAN_POINT('',(1.657934657023E1,1.700678195074E2,-1.864247396424E1));
#1192=CARTESIAN_POINT('',(1.661135230426E1,1.700646183971E2,-1.861473474382E1));
#1193=CARTESIAN_POINT('',(1.666023764300E1,1.700520318306E2,-1.856484780942E1));
#1194=CARTESIAN_POINT('',(1.670808573048E1,1.700291845491E2,-1.850579798007E1));
#1195=CARTESIAN_POINT('',(1.675171264812E1,1.699931609676E2,-1.843733194670E1));
#1196=CARTESIAN_POINT('',(1.678608659101E1,1.699415446154E2,-1.836125368132E1));
#1197=CARTESIAN_POINT('',(1.680522977105E1,1.698747161998E2,-1.828295455396E1));
#1198=CARTESIAN_POINT('',(1.680524198099E1,1.697960561567E2,-1.820913324669E1));
#1199=CARTESIAN_POINT('',(1.678512259969E1,1.697102105706E2,-1.814531637214E1));
#1200=CARTESIAN_POINT('',(1.674584001494E1,1.696219101262E2,-1.809535196613E1));
#1201=CARTESIAN_POINT('',(1.668962481668E1,1.695356874559E2,-1.806165306483E1));
#1202=CARTESIAN_POINT('',(1.661902502604E1,1.694554021218E2,-1.804553439727E1));
#1203=CARTESIAN_POINT('',(1.656569165454E1,1.694092167166E2,-1.804668889357E1));
#1204=CARTESIAN_POINT('',(1.653803352284E1,1.693882889449E2,-1.805000671465E1));
#1206=CURVE_STYLE('',#266,POSITIVE_LENGTH_MEASURE(2.E-2),#173);
#1207=PRESENTATION_STYLE_ASSIGNMENT((#1206));
#1208=STYLED_ITEM('',(#1207),#1205);
#1209=CARTESIAN_POINT('',(4.442819576704E0,1.764454566204E2,-8.319054503769E0));
#1210=DIRECTION('',(-7.461725078404E-1,2.060639580137E-1,6.330594235543E-1));
#1211=DIRECTION('',(4.302099410718E-1,-5.764467153871E-1,6.947147550775E-1));
#1212=AXIS2_PLACEMENT_3D('',#1209,#1210,#1211);
#1214=CURVE_STYLE('',#266,POSITIVE_LENGTH_MEASURE(2.E-2),#173);
#1215=PRESENTATION_STYLE_ASSIGNMENT((#1214));
#1216=STYLED_ITEM('',(#1215),#1213);
#1217=CARTESIAN_POINT('',(3.600904785306E0,1.765388291310E2,-8.257908578282E0));
#1218=DIRECTION('',(-9.166429521337E-1,0.E0,-3.997070155797E-1));
#1219=DIRECTION('',(-3.652636775649E-1,4.061002384174E-1,8.376544885626E-1));
#1220=AXIS2_PLACEMENT_3D('',#1217,#1218,#1219);
#1222=CURVE_STYLE('',#266,POSITIVE_LENGTH_MEASURE(2.E-2),#173);
#1223=PRESENTATION_STYLE_ASSIGNMENT((#1222));
#1224=STYLED_ITEM('',(#1223),#1221);
#1225=CARTESIAN_POINT('',(0.E0,1.767418983640E2,0.E0));
#1226=DIRECTION('',(0.E0,1.E0,0.E0));
#1227=DIRECTION('',(-9.695383167545E-1,0.E0,-2.449396912404E-1));
#1228=AXIS2_PLACEMENT_3D('',#1225,#1226,#1227);
#1230=CURVE_STYLE('',#266,POSITIVE_LENGTH_MEASURE(2.E-2),#173);
#1231=PRESENTATION_STYLE_ASSIGNMENT((#1230));
#1232=STYLED_ITEM('',(#1231),#1229);
#1233=CARTESIAN_POINT('',(0.E0,1.767418983640E2,0.E0));
#1234=DIRECTION('',(0.E0,1.E0,0.E0));
#1235=DIRECTION('',(1.E0,0.E0,0.E0));
#1236=AXIS2_PLACEMENT_3D('',#1233,#1234,#1235);
#1238=CURVE_STYLE('',#266,POSITIVE_LENGTH_MEASURE(2.E-2),#173);
#1239=PRESENTATION_STYLE_ASSIGNMENT((#1238));
#1240=STYLED_ITEM('',(#1239),#1237);
#1241=CARTESIAN_POINT('',(4.175900693396E0,1.698212824227E2,-3.542579400879E0));
#1242=CARTESIAN_POINT('',(4.222932508026E0,1.698212855626E2,-3.487144918246E0));
#1243=CARTESIAN_POINT('',(4.319949994228E0,1.698262849255E2,-3.371704887397E0));
#1244=CARTESIAN_POINT('',(4.473338379392E0,1.698517541745E2,-3.185379098029E0));
#1245=CARTESIAN_POINT('',(4.637704277119E0,1.698997301566E2,-2.981150023706E0));
#1246=CARTESIAN_POINT('',(4.812560562254E0,1.699754905678E2,-2.758733330735E0));
#1247=CARTESIAN_POINT('',(4.997040400691E0,1.700845453355E2,-2.518742471104E0));
#1248=CARTESIAN_POINT('',(5.190236348189E0,1.702327470735E2,-2.262742995558E0));
#1249=CARTESIAN_POINT('',(5.392632255153E0,1.704274783432E2,-1.991897982970E0));
#1250=CARTESIAN_POINT('',(5.605775514844E0,1.706784872606E2,-1.708630570766E0));
#1251=CARTESIAN_POINT('',(5.831676728595E0,1.709969581128E2,-1.418804509127E0));
#1252=CARTESIAN_POINT('',(6.073169019224E0,1.713958002638E2,-1.136302103528E0));
#1253=CARTESIAN_POINT('',(6.333880604995E0,1.718844397418E2,
-8.817326978045E-1));
#1254=CARTESIAN_POINT('',(6.624458158450E0,1.724811394609E2,
-6.791719668321E-1));
#1255=CARTESIAN_POINT('',(6.951342788251E0,1.731931950573E2,
-5.712814295258E-1));
#1256=CARTESIAN_POINT('',(7.300413752234E0,1.739830754322E2,
-6.108426746750E-1));
#1257=CARTESIAN_POINT('',(7.637949104406E0,1.747810925773E2,
-8.195752050656E-1));
#1258=CARTESIAN_POINT('',(7.930733859024E0,1.755320118019E2,-1.173280993226E0));
#1259=CARTESIAN_POINT('',(8.156634248343E0,1.762036846537E2,-1.621848130672E0));
#1260=CARTESIAN_POINT('',(8.253642686682E0,1.765718775845E2,-1.935868544402E0));
#1261=CARTESIAN_POINT('',(8.291422738286E0,1.767418731469E2,-2.094707140727E0));
#1263=CURVE_STYLE('',#266,POSITIVE_LENGTH_MEASURE(2.E-2),#173);
#1264=PRESENTATION_STYLE_ASSIGNMENT((#1263));
#1265=STYLED_ITEM('',(#1264),#1262);
#1266=CARTESIAN_POINT('',(3.418293664143E0,1.767418617003E2,-7.839068426001E0));
#1267=CARTESIAN_POINT('',(3.200055235618E0,1.765140827121E2,-7.823824232753E0));
#1268=CARTESIAN_POINT('',(2.799585774062E0,1.760450464465E2,-7.756927483992E0));
#1269=CARTESIAN_POINT('',(2.297912129139E0,1.752776311858E2,-7.562242975151E0));
#1270=CARTESIAN_POINT('',(1.944184919942E0,1.745039164460E2,-7.303744786666E0));
#1271=CARTESIAN_POINT('',(1.732355125874E0,1.736754183643E2,-6.977151779739E0));
#1272=CARTESIAN_POINT('',(1.701021224450E0,1.728354077302E2,-6.600523794316E0));
#1273=CARTESIAN_POINT('',(1.830704241139E0,1.720977067153E2,-6.226270845166E0));
#1274=CARTESIAN_POINT('',(2.054077666355E0,1.715022564009E2,-5.878001881398E0));
#1275=CARTESIAN_POINT('',(2.331191300556E0,1.710184053831E2,-5.542220490580E0));
#1276=CARTESIAN_POINT('',(2.628598269802E0,1.706414417043E2,-5.221045910130E0));
#1277=CARTESIAN_POINT('',(2.925091479759E0,1.703518998316E2,-4.911775931981E0));
#1278=CARTESIAN_POINT('',(3.211141482126E0,1.701366513409E2,-4.613382109147E0));
#1279=CARTESIAN_POINT('',(3.480599945691E0,1.699844199385E2,-4.326814260030E0));
#1280=CARTESIAN_POINT('',(3.733063151609E0,1.698855073601E2,-4.050619544538E0));
#1281=CARTESIAN_POINT('',(3.958936191012E0,1.698328640699E2,-3.795837708454E0));
#1282=CARTESIAN_POINT('',(4.104870774271E0,1.698212938919E2,-3.626327418532E0));
#1283=CARTESIAN_POINT('',(4.175900693396E0,1.698212824227E2,-3.542579400879E0));
#1285=CURVE_STYLE('',#266,POSITIVE_LENGTH_MEASURE(2.E-2),#173);
#1286=PRESENTATION_STYLE_ASSIGNMENT((#1285));
#1287=STYLED_ITEM('',(#1286),#1284);
#1288=CARTESIAN_POINT('',(0.E0,1.767418983640E2,0.E0));
#1289=DIRECTION('',(0.E0,1.E0,0.E0));
#1290=DIRECTION('',(3.997146532855E-1,0.E0,-9.166396216337E-1));
#1291=AXIS2_PLACEMENT_3D('',#1288,#1289,#1290);
#1293=CURVE_STYLE('',#266,POSITIVE_LENGTH_MEASURE(2.E-2),#173);
#1294=PRESENTATION_STYLE_ASSIGNMENT((#1293));
#1295=STYLED_ITEM('',(#1294),#1292);
#1296=CARTESIAN_POINT('',(-4.175899884245E0,1.698212829084E2,
-3.542578664845E0));
#1297=CARTESIAN_POINT('',(-4.072246168627E0,1.698212774951E2,
-3.664752175268E0));
#1298=CARTESIAN_POINT('',(-3.855318184618E0,1.698442601033E2,
-3.915589074409E0));
#1299=CARTESIAN_POINT('',(-3.474946418276E0,1.699779238691E2,
-4.334582324932E0));
#1300=CARTESIAN_POINT('',(-3.089819803968E0,1.702144240908E2,
-4.740750359463E0));
#1301=CARTESIAN_POINT('',(-2.748517398411E0,1.705142634201E2,
-5.095184033216E0));
#1302=CARTESIAN_POINT('',(-2.474397561266E0,1.708292878712E2,
-5.386020633764E0));
#1303=CARTESIAN_POINT('',(-2.252049584579E0,1.711523575523E2,
-5.636569960069E0));
#1304=CARTESIAN_POINT('',(-2.064730591494E0,1.714989618750E2,
-5.870796740409E0));
#1305=CARTESIAN_POINT('',(-1.906922900573E0,1.718895023926E2,
-6.105592965058E0));
#1306=CARTESIAN_POINT('',(-1.782887116541E0,1.723447842475E2,
-6.352939030162E0));
#1307=CARTESIAN_POINT('',(-1.711928971024E0,1.728774930964E2,
-6.616798029766E0));
#1308=CARTESIAN_POINT('',(-1.722037717607E0,1.734882279877E2,
-6.894013823051E0));
#1309=CARTESIAN_POINT('',(-1.845308867213E0,1.741723205967E2,
-7.176720922865E0));
#1310=CARTESIAN_POINT('',(-2.110458570359E0,1.749022679175E2,
-7.442265174235E0));
#1311=CARTESIAN_POINT('',(-2.503009275637E0,1.756116737388E2,
-7.653389019366E0));
#1312=CARTESIAN_POINT('',(-2.957415435691E0,1.762354559174E2,
-7.787378335656E0));
#1313=CARTESIAN_POINT('',(-3.265012999469E0,1.765818918526E2,
-7.828357661525E0));
#1314=CARTESIAN_POINT('',(-3.418266437138E0,1.767418562774E2,
-7.839061634911E0));
#1316=CURVE_STYLE('',#266,POSITIVE_LENGTH_MEASURE(2.E-2),#173);
#1317=PRESENTATION_STYLE_ASSIGNMENT((#1316));
#1318=STYLED_ITEM('',(#1317),#1315);
#1319=CARTESIAN_POINT('',(-8.291448676436E0,1.767418996161E2,
-2.094714718997E0));
#1320=CARTESIAN_POINT('',(-8.263337083837E0,1.766154471390E2,
-1.976537032884E0));
#1321=CARTESIAN_POINT('',(-8.193245560338E0,1.763388583056E2,
-1.735213882853E0));
#1322=CARTESIAN_POINT('',(-8.039266142001E0,1.758465127158E2,
-1.375384067856E0));
#1323=CARTESIAN_POINT('',(-7.826564185940E0,1.752582631520E2,
-1.032531380924E0));
#1324=CARTESIAN_POINT('',(-7.535556535111E0,1.745337441929E2,
-7.365172797105E-1));
#1325=CARTESIAN_POINT('',(-7.176386461004E0,1.736986082211E2,
-5.740833676347E-1));
#1326=CARTESIAN_POINT('',(-6.811366201014E0,1.728837862027E2,
-5.981776693396E-1));
#1327=CARTESIAN_POINT('',(-6.481473926517E0,1.721809429388E2,
-7.649078988755E-1));
#1328=CARTESIAN_POINT('',(-6.184232215689E0,1.715955344870E2,
-1.018198825367E0));
#1329=CARTESIAN_POINT('',(-5.911143690455E0,1.711197957557E2,
-1.320872651358E0));
#1330=CARTESIAN_POINT('',(-5.656387357124E0,1.707429405509E2,
-1.641742015639E0));
#1331=CARTESIAN_POINT('',(-5.414789615686E0,1.704492476185E2,
-1.962194356066E0));
#1332=CARTESIAN_POINT('',(-5.183670347646E0,1.702250692205E2,
-2.271630065076E0));
#1333=CARTESIAN_POINT('',(-4.961960789758E0,1.700596102741E2,
-2.565039218552E0));
#1334=CARTESIAN_POINT('',(-4.749898782674E0,1.699435621292E2,
-2.839378644765E0));
#1335=CARTESIAN_POINT('',(-4.546578798852E0,1.698688933851E2,
-3.095303766982E0));
#1336=CARTESIAN_POINT('',(-4.358282970064E0,1.698294862547E2,
-3.325834869829E0));
#1337=CARTESIAN_POINT('',(-4.235837375591E0,1.698212835851E2,
-3.471926939455E0));
#1338=CARTESIAN_POINT('',(-4.175899884245E0,1.698212829084E2,
-3.542578664845E0));
#1340=CURVE_STYLE('',#266,POSITIVE_LENGTH_MEASURE(2.E-2),#173);
#1341=PRESENTATION_STYLE_ASSIGNMENT((#1340));
#1342=STYLED_ITEM('',(#1341),#1339);
#1343=CARTESIAN_POINT('',(0.E0,1.770275741242E2,0.E0));
#1344=DIRECTION('',(0.E0,1.E0,0.E0));
#1345=DIRECTION('',(-9.695382725414E-1,0.E0,-2.449398662478E-1));
#1346=AXIS2_PLACEMENT_3D('',#1343,#1344,#1345);
#1348=CURVE_STYLE('',#266,POSITIVE_LENGTH_MEASURE(2.E-2),#173);
#1349=PRESENTATION_STYLE_ASSIGNMENT((#1348));
#1350=STYLED_ITEM('',(#1349),#1347);
#1351=CARTESIAN_POINT('',(-8.734435072982E0,1.765388291310E2,
-2.206629401591E0));
#1352=DIRECTION('',(-2.449398984943E-1,0.E0,9.695382643948E-1));
#1353=DIRECTION('',(8.859744530950E-1,4.061403452014E-1,2.238287033933E-1));
#1354=AXIS2_PLACEMENT_3D('',#1351,#1352,#1353);
#1356=CURVE_STYLE('',#266,POSITIVE_LENGTH_MEASURE(2.E-2),#173);
#1357=PRESENTATION_STYLE_ASSIGNMENT((#1356));
#1358=STYLED_ITEM('',(#1357),#1355);
#1359=CARTESIAN_POINT('',(-8.734428981309E0,1.765388310593E2,2.206617303454E0));
#1360=DIRECTION('',(2.449259831007E-1,-2.827304086533E-6,9.695417798085E-1));
#1361=DIRECTION('',(8.859760482640E-1,4.061447509754E-1,-2.238143944378E-1));
#1362=AXIS2_PLACEMENT_3D('',#1359,#1360,#1361);
#1364=CURVE_STYLE('',#266,POSITIVE_LENGTH_MEASURE(2.E-2),#173);
#1365=PRESENTATION_STYLE_ASSIGNMENT((#1364));
#1366=STYLED_ITEM('',(#1365),#1363);
#1367=CARTESIAN_POINT('',(-8.291446761662E0,1.767419035401E2,2.094703925230E0));
#1368=CARTESIAN_POINT('',(-8.263148868470E0,1.767194910646E2,2.166100502752E0));
#1369=CARTESIAN_POINT('',(-8.223844712177E0,1.766708989022E2,2.305801143796E0));
#1370=CARTESIAN_POINT('',(-8.205758287575E0,1.765950437959E2,2.495299857008E0));
#1371=CARTESIAN_POINT('',(-8.217934964696E0,1.765193394571E2,2.665094008552E0));
#1372=CARTESIAN_POINT('',(-8.253176253892E0,1.764464147126E2,2.814633744173E0));
#1373=CARTESIAN_POINT('',(-8.306537959387E0,1.763769841568E2,2.946271571682E0));
#1374=CARTESIAN_POINT('',(-8.374339553491E0,1.763121395639E2,3.060426559029E0));
#1375=CARTESIAN_POINT('',(-8.451312035867E0,1.762540721954E2,3.155465542203E0));
#1376=CARTESIAN_POINT('',(-8.533743056666E0,1.762028999419E2,3.233257804050E0));
#1377=CARTESIAN_POINT('',(-8.593676207400E0,1.761717960589E2,3.276764051665E0));
#1378=CARTESIAN_POINT('',(-8.624321340162E0,1.761572131197E2,3.296199561338E0));
#1380=CURVE_STYLE('',#266,POSITIVE_LENGTH_MEASURE(2.E-2),#173);
#1381=PRESENTATION_STYLE_ASSIGNMENT((#1380));
#1382=STYLED_ITEM('',(#1381),#1379);
#1383=CARTESIAN_POINT('',(-4.872707991193E0,1.694151515933E2,4.133767992036E0));
#1384=DIRECTION('',(-6.468917548895E-1,-8.066131451150E-5,-7.625818322972E-1));
#1385=DIRECTION('',(-1.384857482957E-1,9.833846885237E-1,1.173722790784E-1));
#1386=AXIS2_PLACEMENT_3D('',#1383,#1384,#1385);
#1388=CURVE_STYLE('',#266,POSITIVE_LENGTH_MEASURE(2.E-2),#173);
#1389=PRESENTATION_STYLE_ASSIGNMENT((#1388));
#1390=STYLED_ITEM('',(#1389),#1387);
#1391=CARTESIAN_POINT('',(-1.983188494356E0,1.348002982887E2,
-2.337731182910E0));
#1392=DIRECTION('',(6.469127734956E-1,0.E0,7.625640061584E-1));
#1393=DIRECTION('',(-1.571347086848E-1,9.785391461201E-1,1.333034989677E-1));
#1394=AXIS2_PLACEMENT_3D('',#1391,#1392,#1393);
#1396=CURVE_STYLE('',#266,POSITIVE_LENGTH_MEASURE(2.E-2),#173);
#1397=PRESENTATION_STYLE_ASSIGNMENT((#1396));
#1398=STYLED_ITEM('',(#1397),#1395);
#1399=CARTESIAN_POINT('',(-5.011169504750E0,1.703985419127E2,4.251170446236E0));
#1400=CARTESIAN_POINT('',(-5.087712648573E0,1.703985449784E2,4.160940117741E0));
#1401=CARTESIAN_POINT('',(-5.247756330445E0,1.704111244369E2,3.965397409662E0));
#1402=CARTESIAN_POINT('',(-5.502959681643E0,1.704830838019E2,3.625135091035E0));
#1403=CARTESIAN_POINT('',(-5.762898757959E0,1.706213562260E2,3.245970091034E0));
#1404=CARTESIAN_POINT('',(-6.024671249009E0,1.708410910784E2,2.832066204771E0));
#1405=CARTESIAN_POINT('',(-6.287342187108E0,1.711607583065E2,2.397319836780E0));
#1406=CARTESIAN_POINT('',(-6.553717568962E0,1.715966857739E2,1.971403184826E0));
#1407=CARTESIAN_POINT('',(-6.855983808040E0,1.721954179226E2,1.603768572506E0));
#1408=CARTESIAN_POINT('',(-7.195282623097E0,1.729094192126E2,1.410645041845E0));
#1409=CARTESIAN_POINT('',(-7.531492663012E0,1.736061294228E2,1.437622848484E0));
#1410=CARTESIAN_POINT('',(-7.841114176083E0,1.742305534802E2,1.633733990642E0));
#1411=CARTESIAN_POINT('',(-8.103086905079E0,1.747703815784E2,1.937351511438E0));
#1412=CARTESIAN_POINT('',(-8.304279861880E0,1.752186862673E2,2.278690904355E0));
#1413=CARTESIAN_POINT('',(-8.453593496530E0,1.755920998190E2,2.628040264911E0));
#1414=CARTESIAN_POINT('',(-8.559598743002E0,1.759044709827E2,2.971458396479E0));
#1415=CARTESIAN_POINT('',(-8.606137824230E0,1.760783167158E2,3.190792537504E0));
#1416=CARTESIAN_POINT('',(-8.624321340162E0,1.761572131197E2,3.296199561338E0));
#1418=CURVE_STYLE('',#266,POSITIVE_LENGTH_MEASURE(2.E-2),#173);
#1419=PRESENTATION_STYLE_ASSIGNMENT((#1418));
#1420=STYLED_ITEM('',(#1419),#1417);
#1421=CARTESIAN_POINT('',(-2.050441080783E1,1.693882885229E2,1.337454368605E1));
#1422=CARTESIAN_POINT('',(-2.050513729632E1,1.694006140395E2,1.339093516339E1));
#1423=CARTESIAN_POINT('',(-2.050844895538E1,1.694282157867E2,1.342463852578E1));
#1424=CARTESIAN_POINT('',(-2.052093843666E1,1.694789760121E2,1.347539349660E1));
#1425=CARTESIAN_POINT('',(-2.054333392343E1,1.695403114992E2,1.352412962840E1));
#1426=CARTESIAN_POINT('',(-2.057825478624E1,1.696124820407E2,1.356693778708E1));
#1427=CARTESIAN_POINT('',(-2.062714656628E1,1.696930086755E2,1.359804274402E1));
#1428=CARTESIAN_POINT('',(-2.068873158844E1,1.697763380713E2,1.361179378177E1));
#1429=CARTESIAN_POINT('',(-2.075940438528E1,1.698561485603E2,1.360511615195E1));
#1430=CARTESIAN_POINT('',(-2.083485098088E1,1.699273880191E2,1.357768849553E1));
#1431=CARTESIAN_POINT('',(-2.091095276406E1,1.699865111770E2,1.353089338757E1));
#1432=CARTESIAN_POINT('',(-2.098393863088E1,1.700310991383E2,1.346717537591E1));
#1433=CARTESIAN_POINT('',(-2.105054814770E1,1.700596157821E2,1.338951467228E1));
#1434=CARTESIAN_POINT('',(-2.108847599413E1,1.700673457414E2,1.333142083024E1));
#1435=CARTESIAN_POINT('',(-2.110553220285E1,1.700684607251E2,1.330140431064E1));
#1437=CURVE_STYLE('',#266,POSITIVE_LENGTH_MEASURE(2.E-2),#173);
#1438=PRESENTATION_STYLE_ASSIGNMENT((#1437));
#1439=STYLED_ITEM('',(#1438),#1436);
#1440=CARTESIAN_POINT('',(-8.931973593827E0,1.764454583222E2,3.027378489087E0));
#1441=DIRECTION('',(-7.461987186361E-1,-2.060610889807E-1,6.330294621216E-1));
#1442=DIRECTION('',(6.153018741209E-1,-5.764905215134E-1,5.376451267412E-1));
#1443=AXIS2_PLACEMENT_3D('',#1440,#1441,#1442);
#1445=CURVE_STYLE('',#266,POSITIVE_LENGTH_MEASURE(2.E-2),#173);
#1446=PRESENTATION_STYLE_ASSIGNMENT((#1445));
#1447=STYLED_ITEM('',(#1446),#1444);
#1448=CARTESIAN_POINT('',(-2.063244166391E1,1.695448976361E2,1.390059126268E1));
#1449=CARTESIAN_POINT('',(-2.063721967258E1,1.695146237980E2,1.385470277853E1));
#1450=CARTESIAN_POINT('',(-2.063122931100E1,1.694627797779E2,1.374755187166E1));
#1451=CARTESIAN_POINT('',(-2.058199997300E1,1.694157269470E2,1.356631621881E1));
#1452=CARTESIAN_POINT('',(-2.053226955870E1,1.693975749637E2,1.344059455075E1));
#1453=CARTESIAN_POINT('',(-2.050441080783E1,1.693882885229E2,1.337454368605E1));
#1455=CURVE_STYLE('',#266,POSITIVE_LENGTH_MEASURE(2.E-2),#173);
#1456=PRESENTATION_STYLE_ASSIGNMENT((#1455));
#1457=STYLED_ITEM('',(#1456),#1454);
#1458=CARTESIAN_POINT('',(-2.122767213167E1,1.702725612314E2,1.337838093334E1));
#1459=DIRECTION('',(-5.331788015714E-1,0.E0,-8.460025801112E-1));
#1460=DIRECTION('',(4.885574257621E-1,-8.163982635954E-1,-3.079050453161E-1));
#1461=AXIS2_PLACEMENT_3D('',#1458,#1459,#1460);
#1463=CURVE_STYLE('',#266,POSITIVE_LENGTH_MEASURE(2.E-2),#173);
#1464=PRESENTATION_STYLE_ASSIGNMENT((#1463));
#1465=STYLED_ITEM('',(#1464),#1462);
#1466=CARTESIAN_POINT('',(-1.880673630064E1,1.695991114174E2,1.634789714695E1));
#1467=CARTESIAN_POINT('',(-1.856726108080E1,1.695689916769E2,1.659684653180E1));
#1468=CARTESIAN_POINT('',(-1.807167308573E1,1.694071733907E2,1.700192552544E1));
#1469=CARTESIAN_POINT('',(-1.727241150657E1,1.689153812370E2,1.739973810901E1));
#1470=CARTESIAN_POINT('',(-1.653226471716E1,1.682223479498E2,1.750512555832E1));
#1471=CARTESIAN_POINT('',(-1.596140427964E1,1.674111086382E2,1.728012724419E1));
#1472=CARTESIAN_POINT('',(-1.560295138974E1,1.665954977794E2,1.679990980714E1));
#1473=CARTESIAN_POINT('',(-1.551549104022E1,1.658636444253E2,1.609295971890E1));
#1474=CARTESIAN_POINT('',(-1.573015909528E1,1.653337440551E2,1.525339855863E1));
#1475=CARTESIAN_POINT('',(-1.617831184457E1,1.650350090721E2,1.439447526934E1));
#1476=CARTESIAN_POINT('',(-1.683913601419E1,1.650350090721E2,1.361551287009E1));
#1477=CARTESIAN_POINT('',(-1.761351866515E1,1.653337440551E2,1.303334312383E1));
#1478=CARTESIAN_POINT('',(-1.840685796889E1,1.658636444253E2,1.268469134218E1));
#1479=CARTESIAN_POINT('',(-1.911860916570E1,1.665954977794E2,1.265574356440E1));
#1480=CARTESIAN_POINT('',(-1.965083418564E1,1.674111086382E2,1.293112291961E1));
#1481=CARTESIAN_POINT('',(-1.996587776295E1,1.682223479498E2,1.345767151649E1));
#1482=CARTESIAN_POINT('',(-1.998254953842E1,1.689153812370E2,1.420509765750E1));
#1483=CARTESIAN_POINT('',(-1.972034359403E1,1.694071733907E2,1.505851547211E1));
#1484=CARTESIAN_POINT('',(-1.940146728862E1,1.695689916769E2,1.561350588085E1));
#1485=CARTESIAN_POINT('',(-1.919488396474E1,1.695991114174E2,1.589035874326E1));
#1487=CURVE_STYLE('',#266,POSITIVE_LENGTH_MEASURE(2.E-2),#173);
#1488=PRESENTATION_STYLE_ASSIGNMENT((#1487));
#1489=STYLED_ITEM('',(#1488),#1486);
#1490=DIRECTION('',(-4.439472560079E-1,8.130620480358E-1,3.766177636900E-1));
#1491=VECTOR('',#1490,2.5E-1);
#1492=CARTESIAN_POINT('',(-1.869574948664E1,1.693958459054E2,1.625374270603E1));
#1493=LINE('',#1492,#1491);
#1494=CURVE_STYLE('',#266,POSITIVE_LENGTH_MEASURE(2.E-2),#173);
#1495=PRESENTATION_STYLE_ASSIGNMENT((#1494));
#1496=STYLED_ITEM('',(#1495),#1493);
#1497=DIRECTION('',(6.469127734956E-1,-4.736951571734E-14,7.625640061584E-1));
#1498=VECTOR('',#1497,6.E-1);
#1499=CARTESIAN_POINT('',(-1.908389715073E1,1.693958459054E2,1.579620430234E1));
#1500=LINE('',#1499,#1498);
#1501=CURVE_STYLE('',#266,POSITIVE_LENGTH_MEASURE(2.E-2),#173);
#1502=PRESENTATION_STYLE_ASSIGNMENT((#1501));
#1503=STYLED_ITEM('',(#1502),#1500);
#1504=DIRECTION('',(4.439472560079E-1,-8.130620480358E-1,-3.766177636900E-1));
#1505=VECTOR('',#1504,2.5E-1);
#1506=CARTESIAN_POINT('',(-1.919488396474E1,1.695991114174E2,1.589035874326E1));
#1507=LINE('',#1506,#1505);
#1508=CURVE_STYLE('',#266,POSITIVE_LENGTH_MEASURE(2.E-2),#173);
#1509=PRESENTATION_STYLE_ASSIGNMENT((#1508));
#1510=STYLED_ITEM('',(#1509),#1507);
#1511=CARTESIAN_POINT('',(-1.607075824303E1,1.642329019004E2,1.363345070475E1));
#1512=CARTESIAN_POINT('',(-1.580499481191E1,1.642329019004E2,1.394672574743E1));
#1513=CARTESIAN_POINT('',(-1.536066763746E1,1.643408878696E2,1.459001051508E1));
#1514=CARTESIAN_POINT('',(-1.489874187171E1,1.647828847280E2,1.562373734975E1));
#1515=CARTESIAN_POINT('',(-1.472603524973E1,1.654798856279E2,1.659878935659E1));
#1516=CARTESIAN_POINT('',(-1.485333700905E1,1.663577465309E2,1.742038272152E1));
#1517=CARTESIAN_POINT('',(-1.525493812609E1,1.673290712172E2,1.802208876202E1));
#1518=CARTESIAN_POINT('',(-1.591406030862E1,1.683003959035E2,1.832023564677E1));
#1519=CARTESIAN_POINT('',(-1.674541586215E1,1.691782568066E2,1.831190865172E1));
#1520=CARTESIAN_POINT('',(-1.767927383208E1,1.698752577064E2,1.798257100534E1));
#1521=CARTESIAN_POINT('',(-1.862387688660E1,1.703172545649E2,1.735831813098E1));
#1522=CARTESIAN_POINT('',(-1.918612882419E1,1.704252405341E2,1.681507353697E1));
#1523=CARTESIAN_POINT('',(-1.945189225531E1,1.704252405341E2,1.650179849428E1));
#1525=CURVE_STYLE('',#266,POSITIVE_LENGTH_MEASURE(2.E-2),#173);
#1526=PRESENTATION_STYLE_ASSIGNMENT((#1525));
#1527=STYLED_ITEM('',(#1526),#1524);
#1528=CARTESIAN_POINT('',(-1.945189225531E1,1.704252405341E2,1.650179849428E1));
#1529=CARTESIAN_POINT('',(-1.971765568643E1,1.704252405341E2,1.618852345160E1));
#1530=CARTESIAN_POINT('',(-2.016198286088E1,1.703172545649E2,1.554523868395E1));
#1531=CARTESIAN_POINT('',(-2.062390862663E1,1.698752577064E2,1.451151184929E1));
#1532=CARTESIAN_POINT('',(-2.079661524862E1,1.691782568066E2,1.353645984245E1));
#1533=CARTESIAN_POINT('',(-2.066931348929E1,1.683003959035E2,1.271486647752E1));
#1534=CARTESIAN_POINT('',(-2.026771237225E1,1.673290712172E2,1.211316043701E1));
#1535=CARTESIAN_POINT('',(-1.960859018972E1,1.663577465309E2,1.181501355226E1));
#1536=CARTESIAN_POINT('',(-1.877723463620E1,1.654798856279E2,1.182334054731E1));
#1537=CARTESIAN_POINT('',(-1.784337666627E1,1.647828847280E2,1.215267819369E1));
#1538=CARTESIAN_POINT('',(-1.689877361174E1,1.643408878696E2,1.277693106806E1));
#1539=CARTESIAN_POINT('',(-1.633652167416E1,1.642329019004E2,1.332017566207E1));
#1540=CARTESIAN_POINT('',(-1.607075824303E1,1.642329019004E2,1.363345070475E1));
#1542=CURVE_STYLE('',#266,POSITIVE_LENGTH_MEASURE(2.E-2),#173);
#1543=PRESENTATION_STYLE_ASSIGNMENT((#1542));
#1544=STYLED_ITEM('',(#1543),#1541);
#1545=CARTESIAN_POINT('',(-6.710252280034E0,1.767382988949E2,5.299158996094E0));
#1546=CARTESIAN_POINT('',(-6.874862696218E0,1.767119986504E2,5.071854531176E0));
#1547=CARTESIAN_POINT('',(-7.152820593051E0,1.765839225204E2,4.585410452346E0));
#1548=CARTESIAN_POINT('',(-7.401302783851E0,1.761213014249E2,3.732789547344E0));
#1549=CARTESIAN_POINT('',(-7.412260510200E0,1.754510044405E2,2.969544434957E0));
#1550=CARTESIAN_POINT('',(-7.216604462956E0,1.746297548976E2,2.430451671929E0));
#1551=CARTESIAN_POINT('',(-6.893533066634E0,1.737625456107E2,2.171257039147E0));
#1552=CARTESIAN_POINT('',(-6.498663685029E0,1.729357029204E2,2.204434744492E0));
#1553=CARTESIAN_POINT('',(-6.054094943575E0,1.722466463373E2,2.532972658731E0));
#1554=CARTESIAN_POINT('',(-5.560280802057E0,1.717438789065E2,3.059359463968E0));
#1555=CARTESIAN_POINT('',(-5.009465017042E0,1.714633540899E2,3.697702472591E0));
#1556=CARTESIAN_POINT('',(-4.445758032361E0,1.714706928877E2,4.362417821505E0));
#1557=CARTESIAN_POINT('',(-3.924237359088E0,1.717466843514E2,4.988339229185E0));
#1558=CARTESIAN_POINT('',(-3.484678452995E0,1.722462717216E2,5.561230338332E0));
#1559=CARTESIAN_POINT('',(-3.229841476637E0,1.729518438952E2,6.062859284385E0));
#1560=CARTESIAN_POINT('',(-3.271827507198E0,1.737926193281E2,6.459372738228E0));
#1561=CARTESIAN_POINT('',(-3.589024245938E0,1.746580229904E2,6.730413571260E0));
#1562=CARTESIAN_POINT('',(-4.162133271090E0,1.754783664193E2,6.829124393336E0));
#1563=CARTESIAN_POINT('',(-4.920067265378E0,1.761423348924E2,6.682683833741E0));
#1564=CARTESIAN_POINT('',(-5.700406932360E0,1.765868923921E2,6.301249907150E0));
#1565=CARTESIAN_POINT('',(-6.128140025779E0,1.767124604779E2,5.952656000761E0));
#1566=CARTESIAN_POINT('',(-6.322104615937E0,1.767382988949E2,5.756697399789E0));
#1568=CURVE_STYLE('',#266,POSITIVE_LENGTH_MEASURE(2.E-2),#173);
#1569=PRESENTATION_STYLE_ASSIGNMENT((#1568));
#1570=STYLED_ITEM('',(#1569),#1567);
#1571=CARTESIAN_POINT('',(1.940738320487E-1,1.348002982887E2,
2.287692018475E-1));
#1572=DIRECTION('',(6.469127734956E-1,0.E0,7.625640061584E-1));
#1573=DIRECTION('',(-1.522482210727E-1,9.798666562941E-1,1.291581010361E-1));
#1574=AXIS2_PLACEMENT_3D('',#1571,#1572,#1573);
#1576=CURVE_STYLE('',#266,POSITIVE_LENGTH_MEASURE(2.E-2),#173);
#1577=PRESENTATION_STYLE_ASSIGNMENT((#1576));
#1578=STYLED_ITEM('',(#1577),#1575);
#1579=CARTESIAN_POINT('',(-6.322104615937E0,1.767382988949E2,5.756697399789E0));
#1580=CARTESIAN_POINT('',(-6.308871537134E0,1.766992777838E2,5.745471263175E0));
#1581=CARTESIAN_POINT('',(-6.282414015581E0,1.766212613198E2,5.723026316247E0));
#1582=CARTESIAN_POINT('',(-6.255973763400E0,1.765432963739E2,5.700596019600E0));
#1583=CARTESIAN_POINT('',(-6.242757953953E0,1.765043267809E2,5.689384533254E0));
#1585=CURVE_STYLE('',#266,POSITIVE_LENGTH_MEASURE(2.E-2),#173);
#1586=PRESENTATION_STYLE_ASSIGNMENT((#1585));
#1587=STYLED_ITEM('',(#1586),#1584);
#1588=CARTESIAN_POINT('',(1.940738320487E-1,1.348002982887E2,
2.287692018475E-1));
#1589=DIRECTION('',(6.469127734956E-1,0.E0,7.625640061584E-1));
#1590=DIRECTION('',(-1.512779532434E-1,9.801250494117E-1,1.283349850125E-1));
#1591=AXIS2_PLACEMENT_3D('',#1588,#1589,#1590);
#1593=CURVE_STYLE('',#266,POSITIVE_LENGTH_MEASURE(2.E-2),#173);
#1594=PRESENTATION_STYLE_ASSIGNMENT((#1593));
#1595=STYLED_ITEM('',(#1594),#1592);
#1596=CARTESIAN_POINT('',(-6.242757953953E0,1.765043267809E2,5.689384533254E0));
#1597=CARTESIAN_POINT('',(-6.309929657723E0,1.765036668893E2,5.615244021218E0));
#1598=CARTESIAN_POINT('',(-6.441790950760E0,1.765030068544E2,5.464845634866E0));
#1599=CARTESIAN_POINT('',(-6.568695246773E0,1.765036667725E2,5.310218745506E0));
#1600=CARTESIAN_POINT('',(-6.630905618051E0,1.765043267809E2,5.231846129559E0));
#1602=CURVE_STYLE('',#266,POSITIVE_LENGTH_MEASURE(2.E-2),#173);
#1603=PRESENTATION_STYLE_ASSIGNMENT((#1602));
#1604=STYLED_ITEM('',(#1603),#1601);
#1605=CARTESIAN_POINT('',(-1.940738320487E-1,1.348002982887E2,
-2.287692018475E-1));
#1606=DIRECTION('',(6.469127734956E-1,0.E0,7.625640061584E-1));
#1607=DIRECTION('',(-1.512779532434E-1,9.801250494117E-1,1.283349850125E-1));
#1608=AXIS2_PLACEMENT_3D('',#1605,#1606,#1607);
#1610=CURVE_STYLE('',#266,POSITIVE_LENGTH_MEASURE(2.E-2),#173);
#1611=PRESENTATION_STYLE_ASSIGNMENT((#1610));
#1612=STYLED_ITEM('',(#1611),#1609);
#1613=CARTESIAN_POINT('',(-6.630905618051E0,1.765043267809E2,5.231846129559E0));
#1614=CARTESIAN_POINT('',(-6.644121430745E0,1.765432963835E2,5.243057618660E0));
#1615=CARTESIAN_POINT('',(-6.670561686174E0,1.766212613390E2,5.265487918062E0));
#1616=CARTESIAN_POINT('',(-6.697019204479E0,1.766992777934E2,5.287932862235E0));
#1617=CARTESIAN_POINT('',(-6.710252280034E0,1.767382988949E2,5.299158996094E0));
#1619=CURVE_STYLE('',#266,POSITIVE_LENGTH_MEASURE(2.E-2),#173);
#1620=PRESENTATION_STYLE_ASSIGNMENT((#1619));
#1621=STYLED_ITEM('',(#1620),#1618);
#1622=CARTESIAN_POINT('',(-1.940738320487E-1,1.348002982887E2,
-2.287692018475E-1));
#1623=DIRECTION('',(6.469127734956E-1,0.E0,7.625640061584E-1));
#1624=DIRECTION('',(-1.522482210727E-1,9.798666562941E-1,1.291581010361E-1));
#1625=AXIS2_PLACEMENT_3D('',#1622,#1623,#1624);
#1627=CURVE_STYLE('',#266,POSITIVE_LENGTH_MEASURE(2.E-2),#173);
#1628=PRESENTATION_STYLE_ASSIGNMENT((#1627));
#1629=STYLED_ITEM('',(#1628),#1626);
#1630=CARTESIAN_POINT('',(1.983188471920E0,1.348002982887E2,2.337731156463E0));
#1631=DIRECTION('',(-6.469127734956E-1,0.E0,-7.625640061584E-1));
#1632=DIRECTION('',(-4.382275721324E-1,8.183807082158E-1,3.717655328876E-1));
#1633=AXIS2_PLACEMENT_3D('',#1630,#1631,#1632);
#1635=CURVE_STYLE('',#266,POSITIVE_LENGTH_MEASURE(2.E-2),#173);
#1636=PRESENTATION_STYLE_ASSIGNMENT((#1635));
#1637=STYLED_ITEM('',(#1636),#1634);
#1638=CARTESIAN_POINT('',(-4.657939739767E0,1.761572395228E2,7.971668549785E0));
#1639=CARTESIAN_POINT('',(-4.456362957843E0,1.760085280584E2,7.970234618183E0));
#1640=CARTESIAN_POINT('',(-4.073641836491E0,1.756970328919E2,7.938432941104E0));
#1641=CARTESIAN_POINT('',(-3.548267590463E0,1.751665604212E2,7.809788895911E0));
#1642=CARTESIAN_POINT('',(-3.164176872413E0,1.746724085456E2,7.642615549456E0));
#1643=CARTESIAN_POINT('',(-2.885150552479E0,1.742050277832E2,7.457599406954E0));
#1644=CARTESIAN_POINT('',(-2.682909515525E0,1.737046247636E2,7.239786420248E0));
#1645=CARTESIAN_POINT('',(-2.574947641282E0,1.731162892296E2,6.967890125595E0));
#1646=CARTESIAN_POINT('',(-2.627721118216E0,1.724572580480E2,6.641180585369E0));
#1647=CARTESIAN_POINT('',(-2.867567280884E0,1.718311722803E2,6.292987392715E0));
#1648=CARTESIAN_POINT('',(-3.224628006790E0,1.713321451845E2,5.954631427407E0));
#1649=CARTESIAN_POINT('',(-3.611800509721E0,1.709646573753E2,5.623591046853E0));
#1650=CARTESIAN_POINT('',(-3.998776001451E0,1.706976779088E2,5.287120134811E0));
#1651=CARTESIAN_POINT('',(-4.361526472896E0,1.705225912494E2,4.949296346518E0));
#1652=CARTESIAN_POINT('',(-4.685630270953E0,1.704238680099E2,4.620932461377E0));
#1653=CARTESIAN_POINT('',(-4.904892574372E0,1.703985184009E2,4.376488757812E0));
#1654=CARTESIAN_POINT('',(-5.011169504750E0,1.703985419127E2,4.251170446236E0));
#1656=CURVE_STYLE('',#266,POSITIVE_LENGTH_MEASURE(2.E-2),#173);
#1657=PRESENTATION_STYLE_ASSIGNMENT((#1656));
#1658=STYLED_ITEM('',(#1657),#1655);
#1659=CARTESIAN_POINT('',(-5.011169504750E0,1.703985419127E2,4.251170446236E0));
#1660=CARTESIAN_POINT('',(-6.335179763297E0,1.700780262420E2,5.374379962521E0));
#1661=CARTESIAN_POINT('',(-8.947129512247E0,1.691825067550E2,7.590198749459E0));
#1662=CARTESIAN_POINT('',(-1.267284135669E1,1.671053290061E2,1.075086534953E1));
#1663=CARTESIAN_POINT('',(-1.497640865311E1,1.652604712967E2,1.270507128653E1));
#1664=CARTESIAN_POINT('',(-1.607075824303E1,1.642329019004E2,1.363345070475E1));
#1666=CURVE_STYLE('',#266,POSITIVE_LENGTH_MEASURE(2.E-2),#173);
#1667=PRESENTATION_STYLE_ASSIGNMENT((#1666));
#1668=STYLED_ITEM('',(#1667),#1665);
#1669=CARTESIAN_POINT('',(-1.679467549663E1,1.701270169763E2,1.891496495381E1));
#1670=CARTESIAN_POINT('',(-1.681860956841E1,1.701270167271E2,1.889371325501E1));
#1671=CARTESIAN_POINT('',(-1.686748604015E1,1.701238817412E2,1.884715323358E1));
#1672=CARTESIAN_POINT('',(-1.694247708495E1,1.701059757195E2,1.876251853561E1));
#1673=CARTESIAN_POINT('',(-1.701496288246E1,1.700702411061E2,1.866221375092E1));
#1674=CARTESIAN_POINT('',(-1.707902113713E1,1.700114106504E2,1.854638528546E1));
#1675=CARTESIAN_POINT('',(-1.712540738395E1,1.699252454566E2,1.841938015738E1));
#1676=CARTESIAN_POINT('',(-1.714409585953E1,1.698138434842E2,1.829276541473E1));
#1677=CARTESIAN_POINT('',(-1.712965961677E1,1.696837911133E2,1.817849998782E1));
#1678=CARTESIAN_POINT('',(-1.709896100625E1,1.695924236434E2,1.811750333243E1));
#1679=CARTESIAN_POINT('',(-1.707791516861E1,1.695448972830E2,1.809057440315E1));
#1681=CURVE_STYLE('',#266,POSITIVE_LENGTH_MEASURE(2.E-2),#173);
#1682=PRESENTATION_STYLE_ASSIGNMENT((#1681));
#1683=STYLED_ITEM('',(#1682),#1680);
#1684=CARTESIAN_POINT('',(-1.707791516861E1,1.695448972830E2,1.809057440315E1));
#1685=CARTESIAN_POINT('',(-1.728270959703E1,1.696842358132E2,1.803444847058E1));
#1686=CARTESIAN_POINT('',(-1.769624912637E1,1.699304011778E2,1.788072624553E1));
#1687=CARTESIAN_POINT('',(-1.833353200445E1,1.702132593663E2,1.752227842090E1));
#1688=CARTESIAN_POINT('',(-1.894191340822E1,1.703875129250E2,1.705003873053E1));
#1689=CARTESIAN_POINT('',(-1.929006195128E1,1.704252405341E2,1.669255986122E1));
#1690=CARTESIAN_POINT('',(-1.945189225531E1,1.704252405341E2,1.650179849428E1));
#1692=CURVE_STYLE('',#266,POSITIVE_LENGTH_MEASURE(2.E-2),#173);
#1693=PRESENTATION_STYLE_ASSIGNMENT((#1692));
#1694=STYLED_ITEM('',(#1693),#1691);
#1695=CARTESIAN_POINT('',(0.E0,1.711439293087E2,0.E0));
#1696=DIRECTION('',(0.E0,-1.E0,0.E0));
#1697=DIRECTION('',(7.625640061584E-1,0.E0,-6.469127734956E-1));
#1698=AXIS2_PLACEMENT_3D('',#1695,#1696,#1697);
#1700=CURVE_STYLE('',#266,POSITIVE_LENGTH_MEASURE(2.E-2),#173);
#1701=PRESENTATION_STYLE_ASSIGNMENT((#1700));
#1702=STYLED_ITEM('',(#1701),#1699);
#1703=CARTESIAN_POINT('',(1.945189225531E1,1.704252405341E2,-1.650179849428E1));
#1704=CARTESIAN_POINT('',(1.961372319628E1,1.704252405341E2,-1.631103637654E1));
#1705=CARTESIAN_POINT('',(1.990967090508E1,1.703875125366E2,-1.590927078047E1));
#1706=CARTESIAN_POINT('',(2.027642405218E1,1.702132580705E2,-1.523204567149E1));
#1707=CARTESIAN_POINT('',(2.052619636142E1,1.699303960679E2,-1.454485130296E1));
#1708=CARTESIAN_POINT('',(2.061044896661E1,1.696842332839E2,-1.411179109372E1));
#1709=CARTESIAN_POINT('',(2.063244072350E1,1.695448972567E2,-1.390059068421E1));
#1711=CURVE_STYLE('',#266,POSITIVE_LENGTH_MEASURE(2.E-2),#173);
#1712=PRESENTATION_STYLE_ASSIGNMENT((#1711));
#1713=STYLED_ITEM('',(#1712),#1710);
#1714=CARTESIAN_POINT('',(2.063244072350E1,1.695448972567E2,-1.390059068421E1));
#1715=CARTESIAN_POINT('',(2.065985685538E1,1.695883301991E2,-1.391555250131E1));
#1716=CARTESIAN_POINT('',(2.071986283763E1,1.696735059095E2,-1.393565303259E1));
#1717=CARTESIAN_POINT('',(2.083005800320E1,1.698006600201E2,-1.393486280143E1));
#1718=CARTESIAN_POINT('',(2.095044443274E1,1.699135912946E2,-1.390007912732E1));
#1719=CARTESIAN_POINT('',(2.107446775660E1,1.700068749626E2,-1.383348457168E1));
#1720=CARTESIAN_POINT('',(2.119502604825E1,1.700758254105E2,-1.373909632455E1));
#1721=CARTESIAN_POINT('',(2.130679786995E1,1.701178679667E2,-1.362111780545E1));
#1722=CARTESIAN_POINT('',(2.137025308993E1,1.701270150331E2,-1.353336828709E1));
#1723=CARTESIAN_POINT('',(2.139963418364E1,1.701270178414E2,-1.348675710315E1));
#1725=CURVE_STYLE('',#266,POSITIVE_LENGTH_MEASURE(2.E-2),#173);
#1726=PRESENTATION_STYLE_ASSIGNMENT((#1725));
#1727=STYLED_ITEM('',(#1726),#1724);
#1728=CARTESIAN_POINT('',(0.E0,1.701270169713E2,0.E0));
#1729=DIRECTION('',(0.E0,-1.E0,0.E0));
#1730=DIRECTION('',(8.460025801429E-1,0.E0,-5.331788015212E-1));
#1731=AXIS2_PLACEMENT_3D('',#1728,#1729,#1730);
#1733=CURVE_STYLE('',#266,POSITIVE_LENGTH_MEASURE(2.E-2),#173);
#1734=PRESENTATION_STYLE_ASSIGNMENT((#1733));
#1735=STYLED_ITEM('',(#1734),#1732);
#1736=CARTESIAN_POINT('',(2.139963524604E1,1.701270169722E2,1.348675778064E1));
#1737=CARTESIAN_POINT('',(2.138256958480E1,1.701270167220E2,1.351383535924E1));
#1738=CARTESIAN_POINT('',(2.134460033128E1,1.701238818588E2,1.356964668412E1));
#1739=CARTESIAN_POINT('',(2.127332325809E1,1.701059765152E2,1.365742939884E1));
#1740=CARTESIAN_POINT('',(2.118617752118E1,1.700702431467E2,1.374529518413E1));
#1741=CARTESIAN_POINT('',(2.108234174813E1,1.700114143697E2,1.382737758469E1));
#1742=CARTESIAN_POINT('',(2.096459676229E1,1.699252503400E2,1.389384763420E1));
#1743=CARTESIAN_POINT('',(2.084272029389E1,1.698138479924E2,1.393292726296E1));
#1744=CARTESIAN_POINT('',(2.072762759986E1,1.696837937216E2,1.393731135569E1));
#1745=CARTESIAN_POINT('',(2.066244134598E1,1.695924246123E2,1.391696614489E1));
#1746=CARTESIAN_POINT('',(2.063244134814E1,1.695448972804E2,1.390059109042E1));
#1748=CURVE_STYLE('',#266,POSITIVE_LENGTH_MEASURE(2.E-2),#173);
#1749=PRESENTATION_STYLE_ASSIGNMENT((#1748));
#1750=STYLED_ITEM('',(#1749),#1747);
#1751=CARTESIAN_POINT('',(2.063244134814E1,1.695448972804E2,1.390059109042E1));
#1752=CARTESIAN_POINT('',(2.061044919299E1,1.696842357671E2,1.411179524527E1));
#1753=CARTESIAN_POINT('',(2.052619320096E1,1.699304011168E2,1.454486145225E1));
#1754=CARTESIAN_POINT('',(2.027642168716E1,1.702132594177E2,1.523205050360E1));
#1755=CARTESIAN_POINT('',(1.990966878723E1,1.703875130443E2,1.590927394665E1));
#1756=CARTESIAN_POINT('',(1.961372235324E1,1.704252405341E2,1.631103737030E1));
#1757=CARTESIAN_POINT('',(1.945189225531E1,1.704252405341E2,1.650179849428E1));
#1759=CURVE_STYLE('',#266,POSITIVE_LENGTH_MEASURE(2.E-2),#173);
#1760=PRESENTATION_STYLE_ASSIGNMENT((#1759));
#1761=STYLED_ITEM('',(#1760),#1758);
#1762=CARTESIAN_POINT('',(1.945189225531E1,1.704252405341E2,1.650179849428E1));
#1763=CARTESIAN_POINT('',(1.929006131758E1,1.704252405341E2,1.669256060820E1));
#1764=CARTESIAN_POINT('',(1.894191118803E1,1.703875125385E2,1.705004084838E1));
#1765=CARTESIAN_POINT('',(1.833352769137E1,1.702132580701E2,1.752228153142E1));
#1766=CARTESIAN_POINT('',(1.769623949837E1,1.699303960624E2,1.788073107868E1));
#1767=CARTESIAN_POINT('',(1.728270538610E1,1.696842332775E2,1.803444894624E1));
#1768=CARTESIAN_POINT('',(1.707791465383E1,1.695448972509E2,1.809057385650E1));
#1770=CURVE_STYLE('',#266,POSITIVE_LENGTH_MEASURE(2.E-2),#173);
#1771=PRESENTATION_STYLE_ASSIGNMENT((#1770));
#1772=STYLED_ITEM('',(#1771),#1769);
#1773=CARTESIAN_POINT('',(1.707791465383E1,1.695448972509E2,1.809057385650E1));
#1774=CARTESIAN_POINT('',(1.709714538457E1,1.695883301772E2,1.811518439384E1));
#1775=CARTESIAN_POINT('',(1.712675849461E1,1.696735058589E2,1.817111122385E1));
#1776=CARTESIAN_POINT('',(1.714394149466E1,1.698006599358E2,1.827996128857E1));
#1777=CARTESIAN_POINT('',(1.712924699396E1,1.699135911857E2,1.840440749311E1));
#1778=CARTESIAN_POINT('',(1.708375993585E1,1.700068748577E2,1.853762739087E1));
#1779=CARTESIAN_POINT('',(1.701028608836E1,1.700758253341E2,1.867195922865E1));
#1780=CARTESIAN_POINT('',(1.691210520644E1,1.701178678888E2,1.880146750660E1));
#1781=CARTESIAN_POINT('',(1.683587305201E1,1.701270150025E2,1.887837789128E1));
#1782=CARTESIAN_POINT('',(1.679467463454E1,1.701270178097E2,1.891496399976E1));
#1784=CURVE_STYLE('',#266,POSITIVE_LENGTH_MEASURE(2.E-2),#173);
#1785=PRESENTATION_STYLE_ASSIGNMENT((#1784));
#1786=STYLED_ITEM('',(#1785),#1783);
#1787=CARTESIAN_POINT('',(0.E0,1.701270169713E2,0.E0));
#1788=DIRECTION('',(0.E0,-1.E0,0.E0));
#1789=DIRECTION('',(6.639523817533E-1,0.E0,7.477748556645E-1));
#1790=AXIS2_PLACEMENT_3D('',#1787,#1788,#1789);
#1792=CURVE_STYLE('',#266,POSITIVE_LENGTH_MEASURE(2.E-2),#173);
#1793=PRESENTATION_STYLE_ASSIGNMENT((#1792));
#1794=STYLED_ITEM('',(#1793),#1791);
#1795=CARTESIAN_POINT('',(-1.665971683116E1,1.702725611155E2,1.876296806761E1));
#1796=DIRECTION('',(-7.477748669414E-1,1.660623598991E-8,-6.639523690527E-1));
#1797=DIRECTION('',(3.834252274992E-1,-8.163984146277E-1,-4.318318231796E-1));
#1798=AXIS2_PLACEMENT_3D('',#1795,#1796,#1797);
#1800=CURVE_STYLE('',#266,POSITIVE_LENGTH_MEASURE(2.E-2),#173);
#1801=PRESENTATION_STYLE_ASSIGNMENT((#1800));
#1802=STYLED_ITEM('',(#1801),#1799);
#1803=CARTESIAN_POINT('',(-1.653803374072E1,1.693882886739E2,1.805000622103E1));
#1804=CARTESIAN_POINT('',(-1.660772128634E1,1.693975648241E2,1.806672325546E1));
#1805=CARTESIAN_POINT('',(-1.673985260136E1,1.694157109123E2,1.809530076324E1));
#1806=CARTESIAN_POINT('',(-1.692697370680E1,1.694628573372E2,1.811433669313E1));
#1807=CARTESIAN_POINT('',(-1.703351786098E1,1.695146887528E2,1.810274288463E1));
#1808=CARTESIAN_POINT('',(-1.707791516861E1,1.695448972830E2,1.809057440315E1));
#1810=CURVE_STYLE('',#266,POSITIVE_LENGTH_MEASURE(2.E-2),#173);
#1811=PRESENTATION_STYLE_ASSIGNMENT((#1810));
#1812=STYLED_ITEM('',(#1811),#1809);
#1813=CARTESIAN_POINT('',(1.665971688904E1,1.702725612314E2,1.876296814751E1));
#1814=DIRECTION('',(-7.477748556166E-1,0.E0,6.639523818073E-1));
#1815=DIRECTION('',(-3.834253227218E-1,-8.163983318271E-1,-4.318318951694E-1));
#1816=AXIS2_PLACEMENT_3D('',#1813,#1814,#1815);
#1818=CURVE_STYLE('',#266,POSITIVE_LENGTH_MEASURE(2.E-2),#173);
#1819=PRESENTATION_STYLE_ASSIGNMENT((#1818));
#1820=STYLED_ITEM('',(#1819),#1817);
#1821=CARTESIAN_POINT('',(0.E0,1.700684616545E2,0.E0));
#1822=DIRECTION('',(0.E0,-1.E0,0.E0));
#1823=DIRECTION('',(6.639523822299E-1,0.E0,7.477748552413E-1));
#1824=AXIS2_PLACEMENT_3D('',#1821,#1822,#1823);
#1826=CURVE_STYLE('',#266,POSITIVE_LENGTH_MEASURE(2.E-2),#173);
#1827=PRESENTATION_STYLE_ASSIGNMENT((#1826));
#1828=STYLED_ITEM('',(#1827),#1825);
#1829=CARTESIAN_POINT('',(4.494893297477E0,1.769331078102E2,8.416443635749E0));
#1830=CARTESIAN_POINT('',(4.734863848710E0,1.768668404408E2,8.620019891524E0));
#1831=CARTESIAN_POINT('',(5.249004910492E0,1.767174700538E2,9.056172958091E0));
#1832=CARTESIAN_POINT('',(6.114051895847E0,1.764356968618E2,9.790031197736E0));
#1833=CARTESIAN_POINT('',(7.094501442612E0,1.760765387249E2,1.062178338829E1));
#1834=CARTESIAN_POINT('',(8.178105339160E0,1.756285248736E2,1.154104718044E1));
#1835=CARTESIAN_POINT('',(9.343526222651E0,1.750851610088E2,1.252971904544E1));
#1836=CARTESIAN_POINT('',(1.060404423045E1,1.744237462117E2,1.359906563325E1));
#1837=CARTESIAN_POINT('',(1.197785749599E1,1.736093049726E2,1.476452499697E1));
#1838=CARTESIAN_POINT('',(1.335697454125E1,1.726844228282E2,1.593448380560E1));
#1839=CARTESIAN_POINT('',(1.459865508034E1,1.717532913932E2,1.698784975658E1));
#1840=CARTESIAN_POINT('',(1.565334413699E1,1.708862296163E2,1.788258367029E1));
#1841=CARTESIAN_POINT('',(1.627537338899E1,1.703334015534E2,1.841027512828E1));
#1842=CARTESIAN_POINT('',(1.656386010435E1,1.700684606752E2,1.865500965320E1));
#1844=CURVE_STYLE('',#266,POSITIVE_LENGTH_MEASURE(2.E-2),#173);
#1845=PRESENTATION_STYLE_ASSIGNMENT((#1844));
#1846=STYLED_ITEM('',(#1845),#1843);
#1847=CARTESIAN_POINT('',(3.643033420933E0,1.770275777292E2,8.354603932387E0));
#1848=CARTESIAN_POINT('',(3.688629755380E0,1.770275765533E2,8.334727502976E0));
#1849=CARTESIAN_POINT('',(3.778120762462E0,1.770256776881E2,8.304424964813E0));
#1850=CARTESIAN_POINT('',(3.905543209147E0,1.770189160006E2,8.279758105910E0));
#1851=CARTESIAN_POINT('',(4.022935447321E0,1.770095044938E2,8.271476622919E0));
#1852=CARTESIAN_POINT('',(4.129470578700E0,1.769983263077E2,8.275966370326E0));
#1853=CARTESIAN_POINT('',(4.225580907653E0,1.769858955432E2,8.290778185026E0));
#1854=CARTESIAN_POINT('',(4.310783535746E0,1.769726783589E2,8.314090637087E0));
#1855=CARTESIAN_POINT('',(4.383337878223E0,1.769593743563E2,8.343544100659E0));
#1856=CARTESIAN_POINT('',(4.444182851613E0,1.769463036923E2,8.377304808877E0));
#1857=CARTESIAN_POINT('',(4.478997273019E0,1.769374978339E2,8.402956568152E0));
#1858=CARTESIAN_POINT('',(4.494893297477E0,1.769331078102E2,8.416443635749E0));
#1860=CURVE_STYLE('',#266,POSITIVE_LENGTH_MEASURE(2.E-2),#173);
#1861=PRESENTATION_STYLE_ASSIGNMENT((#1860));
#1862=STYLED_ITEM('',(#1861),#1859);
#1863=CARTESIAN_POINT('',(0.E0,1.770275741242E2,0.E0));
#1864=DIRECTION('',(0.E0,1.E0,0.E0));
#1865=DIRECTION('',(-3.997005276262E-1,0.E0,9.166457812129E-1));
#1866=AXIS2_PLACEMENT_3D('',#1863,#1864,#1865);
#1868=CURVE_STYLE('',#266,POSITIVE_LENGTH_MEASURE(2.E-2),#173);
#1869=PRESENTATION_STYLE_ASSIGNMENT((#1868));
#1870=STYLED_ITEM('',(#1869),#1867);
#1871=CARTESIAN_POINT('',(-4.494877294289E0,1.769331069069E2,8.416456756730E0));
#1872=CARTESIAN_POINT('',(-4.481704829692E0,1.769367450142E2,8.405279245724E0));
#1873=CARTESIAN_POINT('',(-4.452685877289E0,1.769442014906E2,8.383339839416E0));
#1874=CARTESIAN_POINT('',(-4.400253379295E0,1.769558698668E2,8.352317105360E0));
#1875=CARTESIAN_POINT('',(-4.338575326771E0,1.769677539907E2,8.324566027894E0));
#1876=CARTESIAN_POINT('',(-4.267583225606E0,1.769795797763E2,8.301340974522E0));
#1877=CARTESIAN_POINT('',(-4.187252823770E0,1.769910567555E2,8.283933293756E0));
#1878=CARTESIAN_POINT('',(-4.097437061557E0,1.770018822055E2,8.273728351757E0));
#1879=CARTESIAN_POINT('',(-3.997686200122E0,1.770117032565E2,8.272466819082E0));
#1880=CARTESIAN_POINT('',(-3.887861970828E0,1.770199864787E2,8.282582029584E0));
#1881=CARTESIAN_POINT('',(-3.769075600474E0,1.770259198698E2,8.307256926727E0));
#1882=CARTESIAN_POINT('',(-3.685569657245E0,1.770275775938E2,8.336056737686E0));
#1883=CARTESIAN_POINT('',(-3.643000456153E0,1.770275798786E2,8.354607433162E0));
#1885=CURVE_STYLE('',#266,POSITIVE_LENGTH_MEASURE(2.E-2),#173);
#1886=PRESENTATION_STYLE_ASSIGNMENT((#1885));
#1887=STYLED_ITEM('',(#1886),#1884);
#1888=CARTESIAN_POINT('',(-1.656386058395E1,1.700684615967E2,1.865501016684E1));
#1889=CARTESIAN_POINT('',(-1.619136042426E1,1.704105587403E2,1.833900377640E1));
#1890=CARTESIAN_POINT('',(-1.541821802965E1,1.710909376704E2,1.768311693702E1));
#1891=CARTESIAN_POINT('',(-1.414237014905E1,1.721087439499E2,1.660076544254E1));
#1892=CARTESIAN_POINT('',(-1.283479228306E1,1.730461689936E2,1.549149616515E1));
#1893=CARTESIAN_POINT('',(-1.153206135666E1,1.738821712694E2,1.438633874251E1));
#1894=CARTESIAN_POINT('',(-1.030423113172E1,1.745855954346E2,1.334472249204E1));
#1895=CARTESIAN_POINT('',(-9.198961780071E0,1.751533566354E2,1.240707944139E1));
#1896=CARTESIAN_POINT('',(-8.205150013477E0,1.756136663583E2,1.156399007128E1));
#1897=CARTESIAN_POINT('',(-7.307707967643E0,1.759897028038E2,1.080265539525E1));
#1898=CARTESIAN_POINT('',(-6.503339799656E0,1.762955009381E2,1.012027703711E1));
#1899=CARTESIAN_POINT('',(-5.796913707939E0,1.765402622862E2,9.520993783721E0));
#1900=CARTESIAN_POINT('',(-5.158979491486E0,1.767432767551E2,8.979788637200E0));
#1901=CARTESIAN_POINT('',(-4.715475071958E0,1.768721893827E2,8.603598014853E0));
#1902=CARTESIAN_POINT('',(-4.494877294289E0,1.769331069069E2,8.416456756730E0));
#1904=CURVE_STYLE('',#266,POSITIVE_LENGTH_MEASURE(2.E-2),#173);
#1905=PRESENTATION_STYLE_ASSIGNMENT((#1904));
#1906=STYLED_ITEM('',(#1905),#1903);
#1907=CARTESIAN_POINT('',(0.E0,1.700684616545E2,0.E0));
#1908=DIRECTION('',(0.E0,-1.E0,0.E0));
#1909=DIRECTION('',(8.460025800335E-1,0.E0,-5.331788016948E-1));
#1910=AXIS2_PLACEMENT_3D('',#1907,#1908,#1909);
#1912=CURVE_STYLE('',#266,POSITIVE_LENGTH_MEASURE(2.E-2),#173);
#1913=PRESENTATION_STYLE_ASSIGNMENT((#1912));
#1914=STYLED_ITEM('',(#1913),#1911);
#1915=CARTESIAN_POINT('',(9.036570912585E0,1.769331081836E2,-3.062832775475E0));
#1916=CARTESIAN_POINT('',(9.237509249528E0,1.768776194591E2,-3.233296611478E0));
#1917=CARTESIAN_POINT('',(9.659868166312E0,1.767557063140E2,-3.591601689239E0));
#1918=CARTESIAN_POINT('',(1.033676473155E1,1.765414853587E2,-4.165838814647E0));
#1919=CARTESIAN_POINT('',(1.110834104808E1,1.762730977188E2,-4.820397246199E0));
#1920=CARTESIAN_POINT('',(1.196400040773E1,1.759441839212E2,-5.546286395377E0));
#1921=CARTESIAN_POINT('',(1.290783896818E1,1.755427803789E2,-6.346981453007E0));
#1922=CARTESIAN_POINT('',(1.395648611572E1,1.750477206408E2,-7.236589706935E0));
#1923=CARTESIAN_POINT('',(1.509309594170E1,1.744496184407E2,-8.200820122829E0));
#1924=CARTESIAN_POINT('',(1.625381432157E1,1.737692875030E2,-9.185502758463E0));
#1925=CARTESIAN_POINT('',(1.738158598271E1,1.730378485194E2,-1.014223541842E1));
#1926=CARTESIAN_POINT('',(1.844985906023E1,1.722777482395E2,-1.104849310709E1));
#1927=CARTESIAN_POINT('',(1.943791973911E1,1.715122106729E2,-1.188670351925E1));
#1928=CARTESIAN_POINT('',(2.030779852560E1,1.707863506134E2,-1.262465554843E1));
#1929=CARTESIAN_POINT('',(2.084805160614E1,1.703049261979E2,-1.308297348202E1));
#1930=CARTESIAN_POINT('',(2.110553221628E1,1.700684607171E2,-1.330140431846E1));
#1932=CURVE_STYLE('',#266,POSITIVE_LENGTH_MEASURE(2.E-2),#173);
#1933=PRESENTATION_STYLE_ASSIGNMENT((#1932));
#1934=STYLED_ITEM('',(#1933),#1931);
#1935=CARTESIAN_POINT('',(8.836703165371E0,1.770275766282E2,-2.232458185813E0));
#1936=CARTESIAN_POINT('',(8.824498805994E0,1.770275759658E2,-2.280778872397E0));
#1937=CARTESIAN_POINT('',(8.809185180485E0,1.770256689085E2,-2.374169443046E0));
#1938=CARTESIAN_POINT('',(8.805649284302E0,1.770188956866E2,-2.503981435059E0));
#1939=CARTESIAN_POINT('',(8.816662163442E0,1.770094708647E2,-2.621190304203E0));
#1940=CARTESIAN_POINT('',(8.838465656098E0,1.769982999300E2,-2.725414620128E0));
#1941=CARTESIAN_POINT('',(8.868716186198E0,1.769858843895E2,-2.817684536425E0));
#1942=CARTESIAN_POINT('',(8.905599022028E0,1.769726702883E2,-2.897920794869E0));
#1943=CARTESIAN_POINT('',(8.946494592392E0,1.769593642074E2,-2.964703880289E0));
#1944=CARTESIAN_POINT('',(8.989709715005E0,1.769462974016E2,-3.019212609987E0));
#1945=CARTESIAN_POINT('',(9.020683883369E0,1.769374952482E2,-3.049356644497E0));
#1946=CARTESIAN_POINT('',(9.036570912585E0,1.769331081836E2,-3.062832775475E0));
#1948=CURVE_STYLE('',#266,POSITIVE_LENGTH_MEASURE(2.E-2),#173);
#1949=PRESENTATION_STYLE_ASSIGNMENT((#1948));
#1950=STYLED_ITEM('',(#1949),#1947);
#1951=CARTESIAN_POINT('',(9.036569386944E0,1.769331090973E2,3.062824599715E0));
#1952=CARTESIAN_POINT('',(9.023377623006E0,1.769367518962E2,3.051634588714E0));
#1953=CARTESIAN_POINT('',(8.996945938572E0,1.769442214605E2,3.026562892740E0));
#1954=CARTESIAN_POINT('',(8.957743999215E0,1.769559071526E2,2.979784430147E0));
#1955=CARTESIAN_POINT('',(8.920251037068E0,1.769678133582E2,2.923312922667E0));
#1956=CARTESIAN_POINT('',(8.885723497462E0,1.769796600685E2,2.856866031169E0));
#1957=CARTESIAN_POINT('',(8.855453628686E0,1.769911488338E2,2.780254813139E0));
#1958=CARTESIAN_POINT('',(8.830803749115E0,1.770019669335E2,2.693199922328E0));
#1959=CARTESIAN_POINT('',(8.813406105128E0,1.770117580157E2,2.595078898625E0));
#1960=CARTESIAN_POINT('',(8.805567931396E0,1.770200030347E2,2.485394885413E0));
#1961=CARTESIAN_POINT('',(8.810586788690E0,1.770259151967E2,2.364400197397E0));
#1962=CARTESIAN_POINT('',(8.825354456843E0,1.770275741781E2,2.277425773540E0));
#1963=CARTESIAN_POINT('',(8.836710259447E0,1.770275755287E2,2.232450860020E0));
#1965=CURVE_STYLE('',#266,POSITIVE_LENGTH_MEASURE(2.E-2),#173);
#1966=PRESENTATION_STYLE_ASSIGNMENT((#1965));
#1967=STYLED_ITEM('',(#1966),#1964);
#1968=CARTESIAN_POINT('',(2.110553276730E1,1.700684616219E2,1.330140467320E1));
#1969=CARTESIAN_POINT('',(2.089861245265E1,1.702584934347E2,1.312586610386E1));
#1970=CARTESIAN_POINT('',(2.046091491023E1,1.706511399289E2,1.275455020300E1));
#1971=CARTESIAN_POINT('',(1.973137243701E1,1.712706231471E2,1.213565088770E1));
#1972=CARTESIAN_POINT('',(1.892291132397E1,1.719162744443E2,1.144980180426E1));
#1973=CARTESIAN_POINT('',(1.803082309906E1,1.725814794097E2,1.069300858958E1));
#1974=CARTESIAN_POINT('',(1.704139497468E1,1.732645089488E2,9.853638138939E0));
#1975=CARTESIAN_POINT('',(1.594177440910E1,1.739590661409E2,8.920787153700E0));
#1976=CARTESIAN_POINT('',(1.476695658728E1,1.746286107332E2,7.924143398573E0));
#1977=CARTESIAN_POINT('',(1.360761435331E1,1.752193417690E2,6.940628205866E0));
#1978=CARTESIAN_POINT('',(1.252451783661E1,1.757120719999E2,6.021795117046E0));
#1979=CARTESIAN_POINT('',(1.152891900949E1,1.761168499002E2,5.177190148924E0));
#1980=CARTESIAN_POINT('',(1.061906821402E1,1.764477075242E2,4.405327017212E0));
#1981=CARTESIAN_POINT('',(9.784327016045E0,1.767192247496E2,3.697188128560E0));
#1982=CARTESIAN_POINT('',(9.277333602417E0,1.768666225745E2,3.267074374936E0));
#1983=CARTESIAN_POINT('',(9.036569386944E0,1.769331090973E2,3.062824599715E0));
#1985=CURVE_STYLE('',#266,POSITIVE_LENGTH_MEASURE(2.E-2),#173);
#1986=PRESENTATION_STYLE_ASSIGNMENT((#1985));
#1987=STYLED_ITEM('',(#1986),#1984);
#1988=CARTESIAN_POINT('',(1.653803374026E1,1.693882884665E2,1.805000601814E1));
#1989=CARTESIAN_POINT('',(1.655579309790E1,1.694017259480E2,1.804787467390E1));
#1990=CARTESIAN_POINT('',(1.659278406422E1,1.694321316144E2,1.804560923881E1));
#1991=CARTESIAN_POINT('',(1.664978433822E1,1.694889989543E2,1.805127341472E1));
#1992=CARTESIAN_POINT('',(1.670573479682E1,1.695585837342E2,1.806960643466E1));
#1993=CARTESIAN_POINT('',(1.675565206733E1,1.696406930834E2,1.810474801923E1));
#1994=CARTESIAN_POINT('',(1.679198262819E1,1.697309209825E2,1.815902551802E1));
#1995=CARTESIAN_POINT('',(1.680790273270E1,1.698209027520E2,1.823025084830E1));
#1996=CARTESIAN_POINT('',(1.680057165348E1,1.699030929397E2,1.831340216200E1));
#1997=CARTESIAN_POINT('',(1.677011778220E1,1.699722055929E2,1.840293223733E1));
#1998=CARTESIAN_POINT('',(1.671853590933E1,1.700246556681E2,1.849333247042E1));
#1999=CARTESIAN_POINT('',(1.664862372936E1,1.700582769316E2,1.857986255820E1));
#2000=CARTESIAN_POINT('',(1.659311795220E1,1.700672446379E2,1.863132619022E1));
#2001=CARTESIAN_POINT('',(1.656386010435E1,1.700684606752E2,1.865500965320E1));
#2003=CURVE_STYLE('',#266,POSITIVE_LENGTH_MEASURE(2.E-2),#173);
#2004=PRESENTATION_STYLE_ASSIGNMENT((#2003));
#2005=STYLED_ITEM('',(#2004),#2002);
#2006=CARTESIAN_POINT('',(4.442876712433E0,1.764454557214E2,8.319028418184E0));
#2007=DIRECTION('',(7.461986724703E-1,-2.060613764728E-1,6.330294229573E-1));
#2008=DIRECTION('',(4.301670914096E-1,-5.764715480573E-1,-6.947206832595E-1));
#2009=AXIS2_PLACEMENT_3D('',#2006,#2007,#2008);
#2011=CURVE_STYLE('',#266,POSITIVE_LENGTH_MEASURE(2.E-2),#173);
#2012=PRESENTATION_STYLE_ASSIGNMENT((#2011));
#2013=STYLED_ITEM('',(#2012),#2010);
#2014=CARTESIAN_POINT('',(1.707791465383E1,1.695448972509E2,1.809057385650E1));
#2015=CARTESIAN_POINT('',(1.703352052614E1,1.695146893480E2,1.810274253131E1));
#2016=CARTESIAN_POINT('',(1.692696995824E1,1.694628543176E2,1.811433841690E1));
#2017=CARTESIAN_POINT('',(1.673984829599E1,1.694157157949E2,1.809529516721E1));
#2018=CARTESIAN_POINT('',(1.660772559947E1,1.693975615583E2,1.806672911063E1));
#2019=CARTESIAN_POINT('',(1.653803374026E1,1.693882884665E2,1.805000601814E1));
#2021=CURVE_STYLE('',#266,POSITIVE_LENGTH_MEASURE(2.E-2),#173);
#2022=PRESENTATION_STYLE_ASSIGNMENT((#2021));
#2023=STYLED_ITEM('',(#2022),#2020);
#2024=CARTESIAN_POINT('',(-1.983188498542E0,1.348002982887E2,2.337731187844E0));
#2025=DIRECTION('',(6.469127734956E-1,0.E0,-7.625640061584E-1));
#2026=DIRECTION('',(1.571343457451E-1,9.785392463449E-1,1.333031910718E-1));
#2027=AXIS2_PLACEMENT_3D('',#2024,#2025,#2026);
#2029=CURVE_STYLE('',#266,POSITIVE_LENGTH_MEASURE(2.E-2),#173);
#2030=PRESENTATION_STYLE_ASSIGNMENT((#2029));
#2031=STYLED_ITEM('',(#2030),#2028);
#2032=CARTESIAN_POINT('',(5.011168248296E0,1.703985329718E2,4.251169375687E0));
#2033=CARTESIAN_POINT('',(6.335192210939E0,1.700780139836E2,5.374390517690E0));
#2034=CARTESIAN_POINT('',(8.947160674470E0,1.691824970057E2,7.590225187758E0));
#2035=CARTESIAN_POINT('',(1.267284927473E1,1.671053208104E2,1.075087206608E1));
#2036=CARTESIAN_POINT('',(1.497641189049E1,1.652604682569E2,1.270507403293E1));
#2037=CARTESIAN_POINT('',(1.607075824303E1,1.642329019004E2,1.363345070475E1));
#2039=CURVE_STYLE('',#266,POSITIVE_LENGTH_MEASURE(2.E-2),#173);
#2040=PRESENTATION_STYLE_ASSIGNMENT((#2039));
#2041=STYLED_ITEM('',(#2040),#2038);
#2042=CARTESIAN_POINT('',(5.011168248296E0,1.703985329718E2,4.251169375687E0));
#2043=CARTESIAN_POINT('',(4.972225408037E0,1.703985329979E2,4.297074235157E0));
#2044=CARTESIAN_POINT('',(4.889671541181E0,1.704018261037E2,4.392589248731E0));
#2045=CARTESIAN_POINT('',(4.752266058078E0,1.704192085567E2,4.545028328824E0));
#2046=CARTESIAN_POINT('',(4.598475894395E0,1.704523388859E2,4.708205146556E0));
#2047=CARTESIAN_POINT('',(4.426860066793E0,1.705052581434E2,4.881983057886E0));
#2048=CARTESIAN_POINT('',(4.236469327316E0,1.705826514661E2,5.065850844267E0));
#2049=CARTESIAN_POINT('',(4.027817070255E0,1.706895399395E2,5.258369880575E0));
#2050=CARTESIAN_POINT('',(3.802706312037E0,1.708313132896E2,5.457994334714E0));
#2051=CARTESIAN_POINT('',(3.564047173487E0,1.710143350953E2,5.663964424580E0));
#2052=CARTESIAN_POINT('',(3.317058584771E0,1.712467961380E2,5.876582210399E0));
#2053=CARTESIAN_POINT('',(3.072886670270E0,1.715366009353E2,6.095813368403E0));
#2054=CARTESIAN_POINT('',(2.848900917995E0,1.718976358615E2,6.327208761429E0));
#2055=CARTESIAN_POINT('',(2.671606285787E0,1.723416797568E2,6.577516569476E0));
#2056=CARTESIAN_POINT('',(2.578980643770E0,1.728739454459E2,6.850096940348E0));
#2057=CARTESIAN_POINT('',(2.621590267409E0,1.734952055112E2,7.145538015195E0));
#2058=CARTESIAN_POINT('',(2.849687496866E0,1.741637366352E2,7.443063096819E0));
#2059=CARTESIAN_POINT('',(3.247805163598E0,1.748019556238E2,7.692763568393E0));
#2060=CARTESIAN_POINT('',(3.718775729470E0,1.753503999026E2,7.860491245891E0));
#2061=CARTESIAN_POINT('',(4.195123865568E0,1.757985792220E2,7.951211747207E0));
#2062=CARTESIAN_POINT('',(4.507163146435E0,1.760459992682E2,7.970581935073E0));
#2063=CARTESIAN_POINT('',(4.657955095103E0,1.761572346417E2,7.971659704565E0));
#2065=CURVE_STYLE('',#266,POSITIVE_LENGTH_MEASURE(2.E-2),#173);
#2066=PRESENTATION_STYLE_ASSIGNMENT((#2065));
#2067=STYLED_ITEM('',(#2066),#2064);
#2068=CARTESIAN_POINT('',(1.880673630064E1,1.695991114174E2,1.634789714695E1));
#2069=CARTESIAN_POINT('',(1.856726108080E1,1.695689916769E2,1.659684653180E1));
#2070=CARTESIAN_POINT('',(1.807167308573E1,1.694071733907E2,1.700192552544E1));
#2071=CARTESIAN_POINT('',(1.727241150657E1,1.689153812370E2,1.739973810901E1));
#2072=CARTESIAN_POINT('',(1.653226471716E1,1.682223479498E2,1.750512555832E1));
#2073=CARTESIAN_POINT('',(1.596140427964E1,1.674111086382E2,1.728012724419E1));
#2074=CARTESIAN_POINT('',(1.560295138974E1,1.665954977794E2,1.679990980714E1));
#2075=CARTESIAN_POINT('',(1.551549104022E1,1.658636444253E2,1.609295971890E1));
#2076=CARTESIAN_POINT('',(1.573015909528E1,1.653337440551E2,1.525339855863E1));
#2077=CARTESIAN_POINT('',(1.617831184457E1,1.650350090721E2,1.439447526934E1));
#2078=CARTESIAN_POINT('',(1.683913601419E1,1.650350090721E2,1.361551287009E1));
#2079=CARTESIAN_POINT('',(1.761351866515E1,1.653337440551E2,1.303334312383E1));
#2080=CARTESIAN_POINT('',(1.840685796889E1,1.658636444253E2,1.268469134218E1));
#2081=CARTESIAN_POINT('',(1.911860916570E1,1.665954977794E2,1.265574356440E1));
#2082=CARTESIAN_POINT('',(1.965083418564E1,1.674111086382E2,1.293112291961E1));
#2083=CARTESIAN_POINT('',(1.996587776295E1,1.682223479498E2,1.345767151649E1));
#2084=CARTESIAN_POINT('',(1.998254953842E1,1.689153812370E2,1.420509765750E1));
#2085=CARTESIAN_POINT('',(1.972034359403E1,1.694071733907E2,1.505851547211E1));
#2086=CARTESIAN_POINT('',(1.940146728862E1,1.695689916769E2,1.561350588085E1));
#2087=CARTESIAN_POINT('',(1.919488396474E1,1.695991114174E2,1.589035874326E1));
#2089=CURVE_STYLE('',#266,POSITIVE_LENGTH_MEASURE(2.E-2),#173);
#2090=PRESENTATION_STYLE_ASSIGNMENT((#2089));
#2091=STYLED_ITEM('',(#2090),#2088);
#2092=DIRECTION('',(-4.439472560079E-1,-8.130620480358E-1,-3.766177636900E-1));
#2093=VECTOR('',#2092,2.5E-1);
#2094=CARTESIAN_POINT('',(1.919488396474E1,1.695991114174E2,1.589035874326E1));
#2095=LINE('',#2094,#2093);
#2096=CURVE_STYLE('',#266,POSITIVE_LENGTH_MEASURE(2.E-2),#173);
#2097=PRESENTATION_STYLE_ASSIGNMENT((#2096));
#2098=STYLED_ITEM('',(#2097),#2095);
#2099=DIRECTION('',(-6.469127734956E-1,0.E0,7.625640061584E-1));
#2100=VECTOR('',#2099,6.E-1);
#2101=CARTESIAN_POINT('',(1.908389715073E1,1.693958459054E2,1.579620430234E1));
#2102=LINE('',#2101,#2100);
#2103=CURVE_STYLE('',#266,POSITIVE_LENGTH_MEASURE(2.E-2),#173);
#2104=PRESENTATION_STYLE_ASSIGNMENT((#2103));
#2105=STYLED_ITEM('',(#2104),#2102);
#2106=DIRECTION('',(4.439472560079E-1,8.130620480358E-1,3.766177636900E-1));
#2107=VECTOR('',#2106,2.5E-1);
#2108=CARTESIAN_POINT('',(1.869574948664E1,1.693958459054E2,1.625374270603E1));
#2109=LINE('',#2108,#2107);
#2110=CURVE_STYLE('',#266,POSITIVE_LENGTH_MEASURE(2.E-2),#173);
#2111=PRESENTATION_STYLE_ASSIGNMENT((#2110));
#2112=STYLED_ITEM('',(#2111),#2109);
#2113=CARTESIAN_POINT('',(1.607075824303E1,1.642329019004E2,1.363345070475E1));
#2114=CARTESIAN_POINT('',(1.580499481191E1,1.642329019004E2,1.394672574743E1));
#2115=CARTESIAN_POINT('',(1.536066763746E1,1.643408878696E2,1.459001051508E1));
#2116=CARTESIAN_POINT('',(1.489874187171E1,1.647828847280E2,1.562373734975E1));
#2117=CARTESIAN_POINT('',(1.472603524973E1,1.654798856279E2,1.659878935659E1));
#2118=CARTESIAN_POINT('',(1.485333700905E1,1.663577465309E2,1.742038272152E1));
#2119=CARTESIAN_POINT('',(1.525493812609E1,1.673290712172E2,1.802208876202E1));
#2120=CARTESIAN_POINT('',(1.591406030862E1,1.683003959035E2,1.832023564677E1));
#2121=CARTESIAN_POINT('',(1.674541586215E1,1.691782568066E2,1.831190865172E1));
#2122=CARTESIAN_POINT('',(1.767927383208E1,1.698752577064E2,1.798257100534E1));
#2123=CARTESIAN_POINT('',(1.862387688660E1,1.703172545649E2,1.735831813098E1));
#2124=CARTESIAN_POINT('',(1.918612882419E1,1.704252405341E2,1.681507353697E1));
#2125=CARTESIAN_POINT('',(1.945189225531E1,1.704252405341E2,1.650179849428E1));
#2127=CURVE_STYLE('',#266,POSITIVE_LENGTH_MEASURE(2.E-2),#173);
#2128=PRESENTATION_STYLE_ASSIGNMENT((#2127));
#2129=STYLED_ITEM('',(#2128),#2126);
#2130=CARTESIAN_POINT('',(1.945189225531E1,1.704252405341E2,1.650179849428E1));
#2131=CARTESIAN_POINT('',(1.971765568643E1,1.704252405341E2,1.618852345160E1));
#2132=CARTESIAN_POINT('',(2.016198286088E1,1.703172545649E2,1.554523868395E1));
#2133=CARTESIAN_POINT('',(2.062390862663E1,1.698752577064E2,1.451151184929E1));
#2134=CARTESIAN_POINT('',(2.079661524862E1,1.691782568066E2,1.353645984245E1));
#2135=CARTESIAN_POINT('',(2.066931348929E1,1.683003959035E2,1.271486647752E1));
#2136=CARTESIAN_POINT('',(2.026771237225E1,1.673290712172E2,1.211316043701E1));
#2137=CARTESIAN_POINT('',(1.960859018972E1,1.663577465309E2,1.181501355226E1));
#2138=CARTESIAN_POINT('',(1.877723463620E1,1.654798856279E2,1.182334054731E1));
#2139=CARTESIAN_POINT('',(1.784337666627E1,1.647828847280E2,1.215267819369E1));
#2140=CARTESIAN_POINT('',(1.689877361174E1,1.643408878696E2,1.277693106806E1));
#2141=CARTESIAN_POINT('',(1.633652167416E1,1.642329019004E2,1.332017566207E1));
#2142=CARTESIAN_POINT('',(1.607075824303E1,1.642329019004E2,1.363345070475E1));
#2144=CURVE_STYLE('',#266,POSITIVE_LENGTH_MEASURE(2.E-2),#173);
#2145=PRESENTATION_STYLE_ASSIGNMENT((#2144));
#2146=STYLED_ITEM('',(#2145),#2143);
#2147=CARTESIAN_POINT('',(6.322104615937E0,1.767382988949E2,5.756697399789E0));
#2148=CARTESIAN_POINT('',(6.142293589665E0,1.767143459029E2,5.938356934238E0));
#2149=CARTESIAN_POINT('',(5.743417048392E0,1.766031850039E2,6.270712032858E0));
#2150=CARTESIAN_POINT('',(4.983639868828E0,1.761848397174E2,6.658503846745E0));
#2151=CARTESIAN_POINT('',(4.248139510120E0,1.755641037339E2,6.820905435982E0));
#2152=CARTESIAN_POINT('',(3.667087282501E0,1.747973068303E2,6.759370569197E0));
#2153=CARTESIAN_POINT('',(3.305553311444E0,1.739321538723E2,6.512046023628E0));
#2154=CARTESIAN_POINT('',(3.223013032965E0,1.731211528518E2,6.150322135067E0));
#2155=CARTESIAN_POINT('',(3.381800447319E0,1.724641636764E2,5.732432938295E0));
#2156=CARTESIAN_POINT('',(3.730653444071E0,1.719282153529E2,5.230212388226E0));
#2157=CARTESIAN_POINT('',(4.220367961667E0,1.715600593590E2,4.631257587367E0));
#2158=CARTESIAN_POINT('',(4.736023687239E0,1.714362966144E2,4.018667384204E0));
#2159=CARTESIAN_POINT('',(5.258550475677E0,1.715604370773E2,3.407478376026E0));
#2160=CARTESIAN_POINT('',(5.768931284140E0,1.719289691119E2,2.827649674176E0));
#2161=CARTESIAN_POINT('',(6.206877670471E0,1.724639640304E2,2.402273653578E0));
#2162=CARTESIAN_POINT('',(6.593486132400E0,1.731212395259E2,2.177326717008E0));
#2163=CARTESIAN_POINT('',(6.963722750195E0,1.739320122306E2,2.199801192332E0));
#2164=CARTESIAN_POINT('',(7.266681450490E0,1.747972616300E2,2.516234913308E0));
#2165=CARTESIAN_POINT('',(7.422220580458E0,1.755638343084E2,3.079064734220E0));
#2166=CARTESIAN_POINT('',(7.381584892240E0,1.761858385385E2,3.833030721783E0));
#2167=CARTESIAN_POINT('',(7.122880213569E0,1.766031366464E2,4.644593782115E0));
#2168=CARTESIAN_POINT('',(6.860109146904E0,1.767143558643E2,5.092227164392E0));
#2169=CARTESIAN_POINT('',(6.710252280034E0,1.767382988949E2,5.299158996094E0));
#2171=CURVE_STYLE('',#266,POSITIVE_LENGTH_MEASURE(2.E-2),#173);
#2172=PRESENTATION_STYLE_ASSIGNMENT((#2171));
#2173=STYLED_ITEM('',(#2172),#2170);
#2174=CARTESIAN_POINT('',(-1.940738320487E-1,1.348002982887E2,
2.287692018475E-1));
#2175=DIRECTION('',(6.469127734956E-1,0.E0,-7.625640061584E-1));
#2176=DIRECTION('',(1.522482210727E-1,9.798666562941E-1,1.291581010361E-1));
#2177=AXIS2_PLACEMENT_3D('',#2174,#2175,#2176);
#2179=CURVE_STYLE('',#266,POSITIVE_LENGTH_MEASURE(2.E-2),#173);
#2180=PRESENTATION_STYLE_ASSIGNMENT((#2179));
#2181=STYLED_ITEM('',(#2180),#2178);
#2182=CARTESIAN_POINT('',(6.710252280034E0,1.767382988949E2,5.299158996094E0));
#2183=CARTESIAN_POINT('',(6.697019201231E0,1.766992777838E2,5.287932859480E0));
#2184=CARTESIAN_POINT('',(6.670561679678E0,1.766212613198E2,5.265487912552E0));
#2185=CARTESIAN_POINT('',(6.644121427497E0,1.765432963739E2,5.243057615905E0));
#2186=CARTESIAN_POINT('',(6.630905618051E0,1.765043267809E2,5.231846129559E0));
#2188=CURVE_STYLE('',#266,POSITIVE_LENGTH_MEASURE(2.E-2),#173);
#2189=PRESENTATION_STYLE_ASSIGNMENT((#2188));
#2190=STYLED_ITEM('',(#2189),#2187);
#2191=CARTESIAN_POINT('',(1.940738320487E-1,1.348002982887E2,
-2.287692018475E-1));
#2192=DIRECTION('',(6.469127734956E-1,0.E0,-7.625640061584E-1));
#2193=DIRECTION('',(1.522482210727E-1,9.798666562941E-1,1.291581010361E-1));
#2194=AXIS2_PLACEMENT_3D('',#2191,#2192,#2193);
#2196=CURVE_STYLE('',#266,POSITIVE_LENGTH_MEASURE(2.E-2),#173);
#2197=PRESENTATION_STYLE_ASSIGNMENT((#2196));
#2198=STYLED_ITEM('',(#2197),#2195);
#2199=CARTESIAN_POINT('',(1.983188477407E0,1.348002982887E2,-2.337731162931E0));
#2200=DIRECTION('',(-6.469127734956E-1,0.E0,7.625640061584E-1));
#2201=DIRECTION('',(4.382275724785E-1,8.183807078971E-1,3.717655331812E-1));
#2202=AXIS2_PLACEMENT_3D('',#2199,#2200,#2201);
#2204=CURVE_STYLE('',#266,POSITIVE_LENGTH_MEASURE(2.E-2),#173);
#2205=PRESENTATION_STYLE_ASSIGNMENT((#2204));
#2206=STYLED_ITEM('',(#2205),#2203);
#2207=CARTESIAN_POINT('',(8.624322361041E0,1.761572229256E2,3.296202760619E0));
#2208=CARTESIAN_POINT('',(8.597739180136E0,1.760418825062E2,3.142115544352E0));
#2209=CARTESIAN_POINT('',(8.526578755082E0,1.757914500388E2,2.834251874736E0));
#2210=CARTESIAN_POINT('',(8.355422387803E0,1.753366091454E2,2.376364573554E0));
#2211=CARTESIAN_POINT('',(8.138150393147E0,1.748455917333E2,1.987655818257E0));
#2212=CARTESIAN_POINT('',(7.896581819686E0,1.743427140569E2,1.690875995886E0));
#2213=CARTESIAN_POINT('',(7.627317736787E0,1.738006465652E2,1.486267599198E0));
#2214=CARTESIAN_POINT('',(7.335448645396E0,1.732011558042E2,1.406146327608E0));
#2215=CARTESIAN_POINT('',(7.053787786933E0,1.726113547078E2,1.477439086609E0));
#2216=CARTESIAN_POINT('',(6.808793075128E0,1.721015732948E2,1.666208052816E0));
#2217=CARTESIAN_POINT('',(6.596606467534E0,1.716845333726E2,1.920207417243E0));
#2218=CARTESIAN_POINT('',(6.404188314461E0,1.713475375102E2,2.209033313684E0));
#2219=CARTESIAN_POINT('',(6.218519818711E0,1.710759056465E2,2.511610693682E0));
#2220=CARTESIAN_POINT('',(6.036275621846E0,1.708617143040E2,2.811466653249E0));
#2221=CARTESIAN_POINT('',(5.855974437562E0,1.706969857412E2,3.099561882379E0));
#2222=CARTESIAN_POINT('',(5.677606318200E0,1.705746991009E2,3.371056989765E0));
#2223=CARTESIAN_POINT('',(5.502709088323E0,1.704888602827E2,3.622521869639E0));
#2224=CARTESIAN_POINT('',(5.331740393081E0,1.704337326056E2,3.853989814948E0));
#2225=CARTESIAN_POINT('',(5.170704871828E0,1.704046310260E2,4.059779842857E0));
#2226=CARTESIAN_POINT('',(5.063713388756E0,1.703985332607E2,4.189230343783E0));
#2227=CARTESIAN_POINT('',(5.011168248296E0,1.703985329718E2,4.251169375687E0));
#2229=CURVE_STYLE('',#266,POSITIVE_LENGTH_MEASURE(2.E-2),#173);
#2230=PRESENTATION_STYLE_ASSIGNMENT((#2229));
#2231=STYLED_ITEM('',(#2230),#2228);
#2232=CARTESIAN_POINT('',(2.122767204243E1,1.702725611097E2,1.337838088316E1));
#2233=DIRECTION('',(-5.331788113685E-1,-2.363639946936E-8,8.460025739368E-1));
#2234=DIRECTION('',(-4.885573120649E-1,-8.163983470764E-1,-3.079050043745E-1));
#2235=AXIS2_PLACEMENT_3D('',#2232,#2233,#2234);
#2237=CURVE_STYLE('',#266,POSITIVE_LENGTH_MEASURE(2.E-2),#173);
#2238=PRESENTATION_STYLE_ASSIGNMENT((#2237));
#2239=STYLED_ITEM('',(#2238),#2236);
#2240=CARTESIAN_POINT('',(2.050441093663E1,1.693882886440E2,1.337454362275E1));
#2241=CARTESIAN_POINT('',(2.053226842687E1,1.693975662751E2,1.344058461376E1));
#2242=CARTESIAN_POINT('',(2.058199865429E1,1.694157255723E2,1.356630974286E1));
#2243=CARTESIAN_POINT('',(2.063122702051E1,1.694627775258E2,1.374754285947E1));
#2244=CARTESIAN_POINT('',(2.063722083764E1,1.695146199016E2,1.385469969597E1));
#2245=CARTESIAN_POINT('',(2.063244134814E1,1.695448972804E2,1.390059109042E1));
#2247=CURVE_STYLE('',#266,POSITIVE_LENGTH_MEASURE(2.E-2),#173);
#2248=PRESENTATION_STYLE_ASSIGNMENT((#2247));
#2249=STYLED_ITEM('',(#2248),#2246);
#2250=CARTESIAN_POINT('',(2.122767213269E1,1.702725612314E2,-1.337838093172E1));
#2251=DIRECTION('',(5.331788015071E-1,0.E0,8.460025801518E-1));
#2252=DIRECTION('',(-4.885573941584E-1,-8.163982900396E-1,3.079050253464E-1));
#2253=AXIS2_PLACEMENT_3D('',#2250,#2251,#2252);
#2255=CURVE_STYLE('',#266,POSITIVE_LENGTH_MEASURE(2.E-2),#173);
#2256=PRESENTATION_STYLE_ASSIGNMENT((#2255));
#2257=STYLED_ITEM('',(#2256),#2254);
#2258=CARTESIAN_POINT('',(2.063244072350E1,1.695448972567E2,-1.390059068421E1));
#2259=CARTESIAN_POINT('',(2.063722062318E1,1.695146224113E2,-1.385470528905E1));
#2260=CARTESIAN_POINT('',(2.063122912087E1,1.694627774502E2,-1.374754626684E1));
#2261=CARTESIAN_POINT('',(2.058199637040E1,1.694157322561E2,-1.356631730350E1));
#2262=CARTESIAN_POINT('',(2.053227680284E1,1.693975636958E2,-1.344059238708E1));
#2263=CARTESIAN_POINT('',(2.050441075862E1,1.693882884991E2,-1.337454368673E1));
#2265=CURVE_STYLE('',#266,POSITIVE_LENGTH_MEASURE(2.E-2),#173);
#2266=PRESENTATION_STYLE_ASSIGNMENT((#2265));
#2267=STYLED_ITEM('',(#2266),#2264);
#2268=CARTESIAN_POINT('',(2.050441075862E1,1.693882884991E2,-1.337454368673E1));
#2269=CARTESIAN_POINT('',(2.050520283315E1,1.694017259855E2,-1.339241294023E1));
#2270=CARTESIAN_POINT('',(2.050899753184E1,1.694321316644E2,-1.342927843252E1));
#2271=CARTESIAN_POINT('',(2.052387742330E1,1.694889990097E2,-1.348459300971E1));
#2272=CARTESIAN_POINT('',(2.055108559386E1,1.695585838011E2,-1.353680669399E1));
#2273=CARTESIAN_POINT('',(2.059389406420E1,1.696406931808E2,-1.358032796352E1));
#2274=CARTESIAN_POINT('',(2.065336777143E1,1.697309211096E2,-1.360732493145E1));
#2275=CARTESIAN_POINT('',(2.072623555787E1,1.698209028892E2,-1.361142179818E1));
#2276=CARTESIAN_POINT('',(2.080707969548E1,1.699030930843E2,-1.359063443770E1));
#2277=CARTESIAN_POINT('',(2.089044806671E1,1.699722057263E2,-1.354599377373E1));
#2278=CARTESIAN_POINT('',(2.097123090378E1,1.700246557681E2,-1.348036588359E1));
#2279=CARTESIAN_POINT('',(2.104520738428E1,1.700582770368E2,-1.339728374260E1));
#2280=CARTESIAN_POINT('',(2.108693478387E1,1.700672446802E2,-1.333413141356E1));
#2281=CARTESIAN_POINT('',(2.110553221628E1,1.700684607171E2,-1.330140431846E1));
#2283=CURVE_STYLE('',#266,POSITIVE_LENGTH_MEASURE(2.E-2),#173);
#2284=PRESENTATION_STYLE_ASSIGNMENT((#2283));
#2285=STYLED_ITEM('',(#2284),#2282);
#2286=CARTESIAN_POINT('',(8.931982864589E0,1.764454557612E2,-3.027386353836E0));
#2287=DIRECTION('',(7.461986727635E-1,-2.060613746468E-1,-6.330294232061E-1));
#2288=DIRECTION('',(-6.153088529882E-1,-5.764691720560E-1,-5.376600311566E-1));
#2289=AXIS2_PLACEMENT_3D('',#2286,#2287,#2288);
#2291=CURVE_STYLE('',#266,POSITIVE_LENGTH_MEASURE(2.E-2),#173);
#2292=PRESENTATION_STYLE_ASSIGNMENT((#2291));
#2293=STYLED_ITEM('',(#2292),#2290);
#2294=CARTESIAN_POINT('',(1.983188486533E0,1.348002982887E2,2.337731173688E0));
#2295=DIRECTION('',(-6.469127734956E-1,0.E0,-7.625640061584E-1));
#2296=DIRECTION('',(1.571345021980E-1,9.785392031409E-1,-1.333033237969E-1));
#2297=AXIS2_PLACEMENT_3D('',#2294,#2295,#2296);
#2299=CURVE_STYLE('',#266,POSITIVE_LENGTH_MEASURE(2.E-2),#173);
#2300=PRESENTATION_STYLE_ASSIGNMENT((#2299));
#2301=STYLED_ITEM('',(#2300),#2298);
#2302=CARTESIAN_POINT('',(5.011168199642E0,1.703985327858E2,-4.251169379946E0));
#2303=CARTESIAN_POINT('',(5.053689213538E0,1.703985334773E2,-4.201046400508E0));
#2304=CARTESIAN_POINT('',(5.141301919338E0,1.704024732315E2,-4.095622183553E0));
#2305=CARTESIAN_POINT('',(5.277980117516E0,1.704226415315E2,-3.923446608383E0));
#2306=CARTESIAN_POINT('',(5.422448514766E0,1.704607434316E2,-3.732355660519E0));
#2307=CARTESIAN_POINT('',(5.573587858119E0,1.705210400438E2,-3.521846800377E0));
#2308=CARTESIAN_POINT('',(5.729940174594E0,1.706079546729E2,-3.292432284082E0));
#2309=CARTESIAN_POINT('',(5.889933530085E0,1.707260363423E2,-3.045827776309E0));
#2310=CARTESIAN_POINT('',(6.053167828308E0,1.708808605391E2,-2.783675204186E0));
#2311=CARTESIAN_POINT('',(6.220138591435E0,1.710793566275E2,-2.509028497621E0));
#2312=CARTESIAN_POINT('',(6.392154321990E0,1.713295498927E2,-2.228629457342E0));
#2313=CARTESIAN_POINT('',(6.571212696888E0,1.716381241387E2,-1.956938817712E0));
#2314=CARTESIAN_POINT('',(6.766451356260E0,1.720163631400E2,-1.712194407712E0));
#2315=CARTESIAN_POINT('',(6.991275201898E0,1.724800289309E2,-1.516330496395E0));
#2316=CARTESIAN_POINT('',(7.255591915226E0,1.730347505518E2,-1.411710166578E0));
#2317=CARTESIAN_POINT('',(7.552698600738E0,1.736491239020E2,-1.448916193952E0));
#2318=CARTESIAN_POINT('',(7.857528976516E0,1.742635755616E2,-1.646949144138E0));
#2319=CARTESIAN_POINT('',(8.138750160283E0,1.748446550568E2,-1.982657845791E0));
#2320=CARTESIAN_POINT('',(8.369547270153E0,1.753705833286E2,-2.406740683090E0));
#2321=CARTESIAN_POINT('',(8.531642260879E0,1.758082300839E2,-2.854397686502E0));
#2322=CARTESIAN_POINT('',(8.599315166505E0,1.760487910424E2,-3.151342387873E0));
#2323=CARTESIAN_POINT('',(8.624319688490E0,1.761572311903E2,-3.296216380773E0));
#2325=CURVE_STYLE('',#266,POSITIVE_LENGTH_MEASURE(2.E-2),#173);
#2326=PRESENTATION_STYLE_ASSIGNMENT((#2325));
#2327=STYLED_ITEM('',(#2326),#2324);
#2328=CARTESIAN_POINT('',(-1.983188470822E0,1.348002982887E2,
-2.337731155169E0));
#2329=DIRECTION('',(6.469127734956E-1,0.E0,7.625640061584E-1));
#2330=DIRECTION('',(4.382275716844E-1,8.183807086283E-1,-3.717655325076E-1));
#2331=AXIS2_PLACEMENT_3D('',#2328,#2329,#2330);
#2333=CURVE_STYLE('',#266,POSITIVE_LENGTH_MEASURE(2.E-2),#173);
#2334=PRESENTATION_STYLE_ASSIGNMENT((#2333));
#2335=STYLED_ITEM('',(#2334),#2332);
#2336=CARTESIAN_POINT('',(4.657915715295E0,1.761572247110E2,-7.971667565860E0));
#2337=CARTESIAN_POINT('',(4.440024568798E0,1.759964862230E2,-7.970129421026E0));
#2338=CARTESIAN_POINT('',(4.018418933714E0,1.756515872901E2,-7.933190293837E0));
#2339=CARTESIAN_POINT('',(3.427020332835E0,1.750334561873E2,-7.771800115845E0));
#2340=CARTESIAN_POINT('',(2.994029893329E0,1.744222583890E2,-7.549294897475E0));
#2341=CARTESIAN_POINT('',(2.695204962990E0,1.737836143228E2,-7.276516350236E0));
#2342=CARTESIAN_POINT('',(2.567520103700E0,1.730813759870E2,-6.952097438508E0));
#2343=CARTESIAN_POINT('',(2.641390729801E0,1.724239916398E2,-6.622733616752E0));
#2344=CARTESIAN_POINT('',(2.844294323917E0,1.718953552618E2,-6.327915898297E0));
#2345=CARTESIAN_POINT('',(3.119622018819E0,1.714673230185E2,-6.050154867318E0));
#2346=CARTESIAN_POINT('',(3.427948620632E0,1.711313545213E2,-5.780438835162E0));
#2347=CARTESIAN_POINT('',(3.740218812528E0,1.708717976806E2,-5.512860191009E0));
#2348=CARTESIAN_POINT('',(4.040945492086E0,1.706787910071E2,-5.247561661901E0));
#2349=CARTESIAN_POINT('',(4.320806119912E0,1.705427802610E2,-4.986902753102E0));
#2350=CARTESIAN_POINT('',(4.578378973984E0,1.704548249262E2,-4.730473951587E0));
#2351=CARTESIAN_POINT('',(4.802713733651E0,1.704085857776E2,-4.491393792609E0));
#2352=CARTESIAN_POINT('',(4.943952958845E0,1.703985354458E2,-4.330399068451E0));
#2353=CARTESIAN_POINT('',(5.011168199642E0,1.703985327858E2,-4.251169379946E0));
#2355=CURVE_STYLE('',#266,POSITIVE_LENGTH_MEASURE(2.E-2),#173);
#2356=PRESENTATION_STYLE_ASSIGNMENT((#2355));
#2357=STYLED_ITEM('',(#2356),#2354);
#2358=CARTESIAN_POINT('',(5.011168199642E0,1.703985327858E2,-4.251169379946E0));
#2359=CARTESIAN_POINT('',(6.335081936227E0,1.700780404810E2,-5.374297012888E0));
#2360=CARTESIAN_POINT('',(8.946914766161E0,1.691826090681E2,-7.590016552904E0));
#2361=CARTESIAN_POINT('',(1.267278423520E1,1.671053771163E2,-1.075081689659E1));
#2362=CARTESIAN_POINT('',(1.497638585188E1,1.652604927066E2,-1.270505194336E1));
#2363=CARTESIAN_POINT('',(1.607075824303E1,1.642329019004E2,-1.363345070475E1));
#2365=CURVE_STYLE('',#266,POSITIVE_LENGTH_MEASURE(2.E-2),#173);
#2366=PRESENTATION_STYLE_ASSIGNMENT((#2365));
#2367=STYLED_ITEM('',(#2366),#2364);
#2368=CARTESIAN_POINT('',(4.657915715295E0,1.761572247110E2,-7.971667565860E0));
#2369=CARTESIAN_POINT('',(4.637847655117E0,1.761693282495E2,-7.949198356819E0));
#2370=CARTESIAN_POINT('',(4.593901430453E0,1.761953819039E2,-7.904754732997E0));
#2371=CARTESIAN_POINT('',(4.515884986431E0,1.762400199414E2,-7.841755992435E0));
#2372=CARTESIAN_POINT('',(4.425241083596E0,1.762901156936E2,-7.784981694776E0));
#2373=CARTESIAN_POINT('',(4.321871209122E0,1.763452493130E2,-7.737100988731E0));
#2374=CARTESIAN_POINT('',(4.205613087036E0,1.764049382548E2,-7.700793652300E0));
#2375=CARTESIAN_POINT('',(4.076045296579E0,1.764686793300E2,-7.678983789174E0));
#2376=CARTESIAN_POINT('',(3.932300451037E0,1.765359634836E2,-7.675280884390E0));
#2377=CARTESIAN_POINT('',(3.773698113381E0,1.766058279409E2,-7.694810338770E0));
#2378=CARTESIAN_POINT('',(3.602047751263E0,1.766757997799E2,-7.743757524067E0));
#2379=CARTESIAN_POINT('',(3.479718483821E0,1.767209557062E2,-7.802155874327E0));
#2380=CARTESIAN_POINT('',(3.418293664143E0,1.767418617003E2,-7.839068426001E0));
#2382=CURVE_STYLE('',#266,POSITIVE_LENGTH_MEASURE(2.E-2),#173);
#2383=PRESENTATION_STYLE_ASSIGNMENT((#2382));
#2384=STYLED_ITEM('',(#2383),#2381);
#2385=CARTESIAN_POINT('',(8.291422738286E0,1.767418731469E2,-2.094707140727E0));
#2386=CARTESIAN_POINT('',(8.263105611710E0,1.767194478073E2,-2.166147085147E0));
#2387=CARTESIAN_POINT('',(8.223757658025E0,1.766707768282E2,-2.305933741964E0));
#2388=CARTESIAN_POINT('',(8.205723430176E0,1.765949299330E2,-2.495532829046E0));
#2389=CARTESIAN_POINT('',(8.217946592743E0,1.765192333022E2,-2.665335430550E0));
#2390=CARTESIAN_POINT('',(8.253223559193E0,1.764463270499E2,-2.814851864451E0));
#2391=CARTESIAN_POINT('',(8.306613249378E0,1.763769089652E2,-2.946465937871E0));
#2392=CARTESIAN_POINT('',(8.374407234040E0,1.763121024513E2,-3.060556715971E0));
#2393=CARTESIAN_POINT('',(8.451358784638E0,1.762540635687E2,-3.155546576409E0));
#2394=CARTESIAN_POINT('',(8.533775075491E0,1.762029215079E2,-3.233327256879E0));
#2395=CARTESIAN_POINT('',(8.593691499734E0,1.761718048175E2,-3.276791377044E0));
#2396=CARTESIAN_POINT('',(8.624319688490E0,1.761572311903E2,-3.296216380773E0));
#2398=CURVE_STYLE('',#266,POSITIVE_LENGTH_MEASURE(2.E-2),#173);
#2399=PRESENTATION_STYLE_ASSIGNMENT((#2398));
#2400=STYLED_ITEM('',(#2399),#2397);
#2401=CARTESIAN_POINT('',(4.872731902398E0,1.694151486273E2,-4.133739034209E0));
#2402=DIRECTION('',(6.469030916E-1,-3.172240025841E-5,7.625722189223E-1));
#2403=DIRECTION('',(1.384528346655E-1,9.833847000106E-1,-1.174110061200E-1));
#2404=AXIS2_PLACEMENT_3D('',#2401,#2402,#2403);
#2406=CURVE_STYLE('',#266,POSITIVE_LENGTH_MEASURE(2.E-2),#173);
#2407=PRESENTATION_STYLE_ASSIGNMENT((#2406));
#2408=STYLED_ITEM('',(#2407),#2405);
#2409=CARTESIAN_POINT('',(8.734411691586E0,1.765388345965E2,-2.206618842567E0));
#2410=DIRECTION('',(-2.450076367298E-1,1.521359920556E-5,-9.695211486670E-1));
#2411=DIRECTION('',(-8.859703026735E-1,4.061101657066E-1,2.238998796123E-1));
#2412=AXIS2_PLACEMENT_3D('',#2409,#2410,#2411);
#2414=CURVE_STYLE('',#266,POSITIVE_LENGTH_MEASURE(2.E-2),#173);
#2415=PRESENTATION_STYLE_ASSIGNMENT((#2414));
#2416=STYLED_ITEM('',(#2415),#2413);
#2417=CARTESIAN_POINT('',(0.E0,1.770275741242E2,0.E0));
#2418=DIRECTION('',(0.E0,1.E0,0.E0));
#2419=DIRECTION('',(9.695387046402E-1,0.E0,2.449381558775E-1));
#2420=AXIS2_PLACEMENT_3D('',#2417,#2418,#2419);
#2422=CURVE_STYLE('',#266,POSITIVE_LENGTH_MEASURE(2.E-2),#173);
#2423=PRESENTATION_STYLE_ASSIGNMENT((#2422));
#2424=STYLED_ITEM('',(#2423),#2421);
#2425=CARTESIAN_POINT('',(8.734438529868E0,1.765388291310E2,2.206615718257E0));
#2426=DIRECTION('',(2.449383796191E-1,0.E0,-9.695386481155E-1));
#2427=DIRECTION('',(-8.859723607387E-1,4.061460145820E-1,-2.238266982430E-1));
#2428=AXIS2_PLACEMENT_3D('',#2425,#2426,#2427);
#2430=CURVE_STYLE('',#266,POSITIVE_LENGTH_MEASURE(2.E-2),#173);
#2431=PRESENTATION_STYLE_ASSIGNMENT((#2430));
#2432=STYLED_ITEM('',(#2431),#2429);
#2433=CARTESIAN_POINT('',(8.931981064562E0,1.764454574184E2,3.027368728194E0));
#2434=DIRECTION('',(-7.462227412913E-1,2.060641131934E-1,-6.330001592682E-1));
#2435=DIRECTION('',(-6.152905233118E-1,-5.764649210002E-1,5.376855649717E-1));
#2436=AXIS2_PLACEMENT_3D('',#2433,#2434,#2435);
#2438=CURVE_STYLE('',#266,POSITIVE_LENGTH_MEASURE(2.E-2),#173);
#2439=PRESENTATION_STYLE_ASSIGNMENT((#2438));
#2440=STYLED_ITEM('',(#2439),#2437);
#2441=CARTESIAN_POINT('',(2.110553276730E1,1.700684616219E2,1.330140467320E1));
#2442=CARTESIAN_POINT('',(2.109564369818E1,1.700678163169E2,1.331880630314E1));
#2443=CARTESIAN_POINT('',(2.107337737214E1,1.700645921148E2,1.335507991350E1));
#2444=CARTESIAN_POINT('',(2.103187744497E1,1.700518885571E2,1.341171778575E1));
#2445=CARTESIAN_POINT('',(2.098105816165E1,1.700287935807E2,1.346881842405E1));
#2446=CARTESIAN_POINT('',(2.092026218608E1,1.699924190397E2,1.352312509810E1));
#2447=CARTESIAN_POINT('',(2.085040577316E1,1.699403103716E2,1.356940589925E1));
#2448=CARTESIAN_POINT('',(2.077582591908E1,1.698727904076E2,1.360081902385E1));
#2449=CARTESIAN_POINT('',(2.070270144138E1,1.697933975576E2,1.361230924322E1));
#2450=CARTESIAN_POINT('',(2.063646169695E1,1.697069953333E2,1.360206807830E1));
#2451=CARTESIAN_POINT('',(2.058096715225E1,1.696182661859E2,1.357051057329E1));
#2452=CARTESIAN_POINT('',(2.053891516644E1,1.695316848608E2,1.351943238767E1));
#2453=CARTESIAN_POINT('',(2.051236829663E1,1.694517876465E2,1.345147667430E1));
#2454=CARTESIAN_POINT('',(2.050556933717E1,1.694079517853E2,1.340069398490E1));
#2455=CARTESIAN_POINT('',(2.050441093663E1,1.693882886440E2,1.337454362275E1));
#2457=CURVE_STYLE('',#266,POSITIVE_LENGTH_MEASURE(2.E-2),#173);
#2458=PRESENTATION_STYLE_ASSIGNMENT((#2457));
#2459=STYLED_ITEM('',(#2458),#2456);
#2460=CARTESIAN_POINT('',(8.624322361041E0,1.761572229256E2,3.296202760619E0));
#2461=CARTESIAN_POINT('',(8.598840509859E0,1.761693458211E2,3.280039212337E0));
#2462=CARTESIAN_POINT('',(8.547730800834E0,1.761954461285E2,3.243892192171E0));
#2463=CARTESIAN_POINT('',(8.472745894562E0,1.762401695436E2,3.177029927653E0));
#2464=CARTESIAN_POINT('',(8.401837200576E0,1.762903887658E2,3.096633008559E0));
#2465=CARTESIAN_POINT('',(8.337671915299E0,1.763456713639E2,3.002160080633E0));
#2466=CARTESIAN_POINT('',(8.282916655974E0,1.764054976761E2,2.893086409465E0));
#2467=CARTESIAN_POINT('',(8.240418236885E0,1.764692999943E2,2.768661007821E0));
#2468=CARTESIAN_POINT('',(8.213553405282E0,1.765365146584E2,2.627586721332E0));
#2469=CARTESIAN_POINT('',(8.207117453177E0,1.766061663733E2,2.468395550574E0));
#2470=CARTESIAN_POINT('',(8.227444845043E0,1.766760314661E2,2.291408474749E0));
#2471=CARTESIAN_POINT('',(8.265061475046E0,1.767210315997E2,2.161301149369E0));
#2472=CARTESIAN_POINT('',(8.291449696712E0,1.767419091435E2,2.094694127130E0));
#2474=CURVE_STYLE('',#266,POSITIVE_LENGTH_MEASURE(2.E-2),#173);
#2475=PRESENTATION_STYLE_ASSIGNMENT((#2474));
#2476=STYLED_ITEM('',(#2475),#2473);
#2477=CARTESIAN_POINT('',(3.418236831998E0,1.767418925449E2,7.839081705299E0));
#2478=CARTESIAN_POINT('',(3.483996456081E0,1.767195127087E2,7.799568578412E0));
#2479=CARTESIAN_POINT('',(3.615286918003E0,1.766709607509E2,7.738029515351E0));
#2480=CARTESIAN_POINT('',(3.799280284557E0,1.765951621332E2,7.689280200959E0));
#2481=CARTESIAN_POINT('',(3.968728788632E0,1.765195063025E2,7.673573169708E0));
#2482=CARTESIAN_POINT('',(4.122205424898E0,1.764465019660E2,7.683938157791E0));
#2483=CARTESIAN_POINT('',(4.260968797232E0,1.763769794333E2,7.715175152799E0));
#2484=CARTESIAN_POINT('',(4.384630472265E0,1.763121519044E2,7.763470064337E0));
#2485=CARTESIAN_POINT('',(4.490897778401E0,1.762541167841E2,7.823892273769E0));
#2486=CARTESIAN_POINT('',(4.581107133023E0,1.762029560755E2,7.892542882839E0));
#2487=CARTESIAN_POINT('',(4.633785394113E0,1.761718172960E2,7.944592773305E0));
#2488=CARTESIAN_POINT('',(4.657955095103E0,1.761572346417E2,7.971659704565E0));
#2490=CURVE_STYLE('',#266,POSITIVE_LENGTH_MEASURE(2.E-2),#173);
#2491=PRESENTATION_STYLE_ASSIGNMENT((#2490));
#2492=STYLED_ITEM('',(#2491),#2489);
#2493=CARTESIAN_POINT('',(4.872740653759E0,1.694151517262E2,4.133729917502E0));
#2494=DIRECTION('',(-6.469133991389E-1,-3.396455090616E-6,7.625634753927E-1));
#2495=DIRECTION('',(1.384287559807E-1,9.833847368876E-1,1.174390853771E-1));
#2496=AXIS2_PLACEMENT_3D('',#2493,#2494,#2495);
#2498=CURVE_STYLE('',#266,POSITIVE_LENGTH_MEASURE(2.E-2),#173);
#2499=PRESENTATION_STYLE_ASSIGNMENT((#2498));
#2500=STYLED_ITEM('',(#2499),#2497);
#2501=CARTESIAN_POINT('',(3.600861248176E0,1.765388367297E2,8.257889225631E0));
#2502=DIRECTION('',(9.166353931354E-1,4.876870294083E-6,-3.997243500561E-1));
#2503=DIRECTION('',(-3.652755103529E-1,4.061330202824E-1,-8.376334349659E-1));
#2504=AXIS2_PLACEMENT_3D('',#2501,#2502,#2503);
#2506=CURVE_STYLE('',#266,POSITIVE_LENGTH_MEASURE(2.E-2),#173);
#2507=PRESENTATION_STYLE_ASSIGNMENT((#2506));
#2508=STYLED_ITEM('',(#2507),#2505);
#2509=CARTESIAN_POINT('',(-3.600854704313E0,1.765388291310E2,8.257930416184E0));
#2510=DIRECTION('',(9.166453761807E-1,0.E0,3.997014564979E-1));
#2511=DIRECTION('',(3.652458473311E-1,4.061720122789E-1,-8.376274634041E-1));
#2512=AXIS2_PLACEMENT_3D('',#2509,#2510,#2511);
#2514=CURVE_STYLE('',#266,POSITIVE_LENGTH_MEASURE(2.E-2),#173);
#2515=PRESENTATION_STYLE_ASSIGNMENT((#2514));
#2516=STYLED_ITEM('',(#2515),#2513);
#2517=CARTESIAN_POINT('',(-4.442830624237E0,1.764454543368E2,8.319060035364E0));
#2518=DIRECTION('',(7.461312453323E-1,2.060692218555E-1,-6.331063422070E-1));
#2519=DIRECTION('',(-4.302744565387E-1,-5.764110014032E-1,-6.947044332029E-1));
#2520=AXIS2_PLACEMENT_3D('',#2517,#2518,#2519);
#2522=CURVE_STYLE('',#266,POSITIVE_LENGTH_MEASURE(2.E-2),#173);
#2523=PRESENTATION_STYLE_ASSIGNMENT((#2522));
#2524=STYLED_ITEM('',(#2523),#2521);
#2525=CARTESIAN_POINT('',(-1.656386058395E1,1.700684615967E2,1.865501016684E1));
#2526=CARTESIAN_POINT('',(-1.657941789163E1,1.700678162756E2,1.864241642321E1));
#2527=CARTESIAN_POINT('',(-1.661157764168E1,1.700645919032E2,1.861453429123E1));
#2528=CARTESIAN_POINT('',(-1.666069427314E1,1.700518877457E2,1.856435552227E1));
#2529=CARTESIAN_POINT('',(-1.670874804858E1,1.700287916318E2,1.850490638372E1));
#2530=CARTESIAN_POINT('',(-1.675241827370E1,1.699924154345E2,1.843606944831E1));
#2531=CARTESIAN_POINT('',(-1.678669200645E1,1.699403050541E2,1.835960233091E1));
#2532=CARTESIAN_POINT('',(-1.680552622098E1,1.698727840065E2,1.828089971319E1));
#2533=CARTESIAN_POINT('',(-1.680494119729E1,1.697933909948E2,1.820688153111E1));
#2534=CARTESIAN_POINT('',(-1.678403818893E1,1.697069894318E2,1.814319878566E1));
#2535=CARTESIAN_POINT('',(-1.674385607425E1,1.696182613153E2,1.809359212150E1));
#2536=CARTESIAN_POINT('',(-1.668660614181E1,1.695316812199E2,1.806042997941E1));
#2537=CARTESIAN_POINT('',(-1.661523266777E1,1.694517856342E2,1.804531641824E1));
#2538=CARTESIAN_POINT('',(-1.656402229185E1,1.694079511503E2,1.804688652453E1));
#2539=CARTESIAN_POINT('',(-1.653803374072E1,1.693882886739E2,1.805000622103E1));
#2541=CURVE_STYLE('',#266,POSITIVE_LENGTH_MEASURE(2.E-2),#173);
#2542=PRESENTATION_STYLE_ASSIGNMENT((#2541));
#2543=STYLED_ITEM('',(#2542),#2540);
#2544=CARTESIAN_POINT('',(-4.657939739767E0,1.761572395228E2,7.971668549785E0));
#2545=CARTESIAN_POINT('',(-4.637878145251E0,1.761693409631E2,7.949204275870E0));
#2546=CARTESIAN_POINT('',(-4.593953313549E0,1.761954258768E2,7.904744595094E0));
#2547=CARTESIAN_POINT('',(-4.515912733118E0,1.762400651810E2,7.841739120277E0));
#2548=CARTESIAN_POINT('',(-4.425252593263E0,1.762901791286E2,7.784958752298E0));
#2549=CARTESIAN_POINT('',(-4.321861431607E0,1.763453310918E2,7.737080794983E0));
#2550=CARTESIAN_POINT('',(-4.205591449282E0,1.764050414476E2,7.700785638675E0));
#2551=CARTESIAN_POINT('',(-4.076027791794E0,1.764688027436E2,7.678994427773E0));
#2552=CARTESIAN_POINT('',(-3.932306525677E0,1.765361192292E2,7.675307549002E0));
#2553=CARTESIAN_POINT('',(-3.773725182604E0,1.766059976112E2,7.694845562356E0));
#2554=CARTESIAN_POINT('',(-3.602125377967E0,1.766760258796E2,7.743771648891E0));
#2555=CARTESIAN_POINT('',(-3.479698695559E0,1.767210327504E2,7.802168414261E0));
#2556=CARTESIAN_POINT('',(-3.418194157174E0,1.767419445085E2,7.839114889609E0));
#2558=CURVE_STYLE('',#266,POSITIVE_LENGTH_MEASURE(2.E-2),#173);
#2559=PRESENTATION_STYLE_ASSIGNMENT((#2558));
#2560=STYLED_ITEM('',(#2559),#2557);
#2561=CARTESIAN_POINT('',(0.E0,1.784908846799E2,0.E0));
#2562=DIRECTION('',(0.E0,-1.E0,0.E0));
#2563=DIRECTION('',(7.625640061584E-1,0.E0,-6.469127734956E-1));
#2564=AXIS2_PLACEMENT_3D('',#2561,#2562,#2563);
#2566=CURVE_STYLE('',#266,POSITIVE_LENGTH_MEASURE(2.E-2),#173);
#2567=PRESENTATION_STYLE_ASSIGNMENT((#2566));
#2568=STYLED_ITEM('',(#2567),#2565);
#2569=CARTESIAN_POINT('',(7.040813233585E0,1.775134601174E2,-5.972996338942E0));
#2570=DIRECTION('',(6.469127735278E-1,0.E0,7.625640061310E-1));
#2571=DIRECTION('',(1.611181071491E-1,9.774245626189E-1,-1.366827711817E-1));
#2572=AXIS2_PLACEMENT_3D('',#2569,#2570,#2571);
#2574=CURVE_STYLE('',#266,POSITIVE_LENGTH_MEASURE(2.E-2),#173);
#2575=PRESENTATION_STYLE_ASSIGNMENT((#2574));
#2576=STYLED_ITEM('',(#2575),#2573);
#2577=CARTESIAN_POINT('',(-7.040813233585E0,1.775134601174E2,5.972996338942E0));
#2578=DIRECTION('',(-6.469127735278E-1,0.E0,-7.625640061310E-1));
#2579=DIRECTION('',(-1.611181071491E-1,9.774245626189E-1,1.366827711817E-1));
#2580=AXIS2_PLACEMENT_3D('',#2577,#2578,#2579);
#2582=CURVE_STYLE('',#266,POSITIVE_LENGTH_MEASURE(2.E-2),#173);
#2583=PRESENTATION_STYLE_ASSIGNMENT((#2582));
#2584=STYLED_ITEM('',(#2583),#2581);
#2585=CARTESIAN_POINT('',(0.E0,1.784908846799E2,0.E0));
#2586=DIRECTION('',(0.E0,-1.E0,0.E0));
#2587=DIRECTION('',(-7.625640061584E-1,0.E0,6.469127734956E-1));
#2588=AXIS2_PLACEMENT_3D('',#2585,#2586,#2587);
#2590=CURVE_STYLE('',#266,POSITIVE_LENGTH_MEASURE(2.E-2),#173);
#2591=PRESENTATION_STYLE_ASSIGNMENT((#2590));
#2592=STYLED_ITEM('',(#2591),#2589);
#2593=CARTESIAN_POINT('',(0.E0,1.348002982887E2,0.E0));
#2594=DIRECTION('',(6.469127734956E-1,0.E0,7.625640061584E-1));
#2595=DIRECTION('',(-1.611181074039E-1,9.774245625483E-1,1.366827713861E-1));
#2596=AXIS2_PLACEMENT_3D('',#2593,#2594,#2595);
#2598=CURVE_STYLE('',#266,POSITIVE_LENGTH_MEASURE(2.E-2),#173);
#2599=PRESENTATION_STYLE_ASSIGNMENT((#2598));
#2600=STYLED_ITEM('',(#2599),#2597);
#2601=CARTESIAN_POINT('',(0.E0,1.348002982887E2,0.E0));
#2602=DIRECTION('',(-6.469127734956E-1,0.E0,-7.625640061584E-1));
#2603=DIRECTION('',(1.611181074039E-1,9.774245625483E-1,-1.366827713861E-1));
#2604=AXIS2_PLACEMENT_3D('',#2601,#2602,#2603);
#2606=CURVE_STYLE('',#266,POSITIVE_LENGTH_MEASURE(2.E-2),#173);
#2607=PRESENTATION_STYLE_ASSIGNMENT((#2606));
#2608=STYLED_ITEM('',(#2607),#2605);
#2609=CARTESIAN_POINT('',(0.E0,1.785134601174E2,0.E0));
#2610=DIRECTION('',(0.E0,-1.E0,0.E0));
#2611=DIRECTION('',(-7.625640061584E-1,0.E0,6.469127734956E-1));
#2612=AXIS2_PLACEMENT_3D('',#2609,#2610,#2611);
#2614=CURVE_STYLE('',#266,POSITIVE_LENGTH_MEASURE(2.E-2),#173);
#2615=PRESENTATION_STYLE_ASSIGNMENT((#2614));
#2616=STYLED_ITEM('',(#2615),#2613);
#2617=CARTESIAN_POINT('',(0.E0,1.785134601174E2,0.E0));
#2618=DIRECTION('',(0.E0,-1.E0,0.E0));
#2619=DIRECTION('',(7.625640061584E-1,0.E0,-6.469127734956E-1));
#2620=AXIS2_PLACEMENT_3D('',#2617,#2618,#2619);
#2622=CURVE_STYLE('',#266,POSITIVE_LENGTH_MEASURE(2.E-2),#173);
#2623=PRESENTATION_STYLE_ASSIGNMENT((#2622));
#2624=STYLED_ITEM('',(#2623),#2621);
#2625=CARTESIAN_POINT('',(0.E0,1.785134601174E2,0.E0));
#2626=DIRECTION('',(0.E0,1.E0,0.E0));
#2627=DIRECTION('',(1.E0,0.E0,0.E0));
#2628=AXIS2_PLACEMENT_3D('',#2625,#2626,#2627);
#2630=CURVE_STYLE('',#266,POSITIVE_LENGTH_MEASURE(2.E-2),#173);
#2631=PRESENTATION_STYLE_ASSIGNMENT((#2630));
#2632=STYLED_ITEM('',(#2631),#2629);
#2633=CARTESIAN_POINT('',(0.E0,1.785134601174E2,0.E0));
#2634=DIRECTION('',(0.E0,1.E0,0.E0));
#2635=DIRECTION('',(-1.E0,0.E0,0.E0));
#2636=AXIS2_PLACEMENT_3D('',#2633,#2634,#2635);
#2638=CURVE_STYLE('',#266,POSITIVE_LENGTH_MEASURE(2.E-2),#173);
#2639=PRESENTATION_STYLE_ASSIGNMENT((#2638));
#2640=STYLED_ITEM('',(#2639),#2637);
#2641=CARTESIAN_POINT('',(8.489188696804E0,1.775134601174E2,2.635924034600E-9));
#2642=DIRECTION('',(3.105036366913E-10,0.E0,-1.E0));
#2643=DIRECTION('',(-9.138115450350E-1,4.061384741203E-1,-2.837418137478E-10));
#2644=AXIS2_PLACEMENT_3D('',#2641,#2642,#2643);
#2646=CURVE_STYLE('',#266,POSITIVE_LENGTH_MEASURE(2.E-2),#173);
#2647=PRESENTATION_STYLE_ASSIGNMENT((#2646));
#2648=STYLED_ITEM('',(#2647),#2645);
#2649=CARTESIAN_POINT('',(0.E0,1.779195985834E2,0.E0));
#2650=DIRECTION('',(0.E0,1.E0,0.E0));
#2651=DIRECTION('',(1.E0,0.E0,0.E0));
#2652=AXIS2_PLACEMENT_3D('',#2649,#2650,#2651);
#2654=CURVE_STYLE('',#266,POSITIVE_LENGTH_MEASURE(2.E-2),#173);
#2655=PRESENTATION_STYLE_ASSIGNMENT((#2654));
#2656=STYLED_ITEM('',(#2655),#2653);
#2657=CARTESIAN_POINT('',(0.E0,1.779195985834E2,0.E0));
#2658=DIRECTION('',(0.E0,1.E0,0.E0));
#2659=DIRECTION('',(-1.E0,0.E0,0.E0));
#2660=AXIS2_PLACEMENT_3D('',#2657,#2658,#2659);
#2662=CURVE_STYLE('',#266,POSITIVE_LENGTH_MEASURE(2.E-2),#173);
#2663=PRESENTATION_STYLE_ASSIGNMENT((#2662));
#2664=STYLED_ITEM('',(#2663),#2661);
#2665=DIRECTION('',(4.061384660534E-1,-9.138115486203E-1,-7.706454336256E-11));
#2666=VECTOR('',#2665,1.865220308629E1);
#2667=CARTESIAN_POINT('',(-7.575377149982E0,1.779195985875E2,
1.437423513551E-9));
#2668=LINE('',#2667,#2666);
#2669=CURVE_STYLE('',#266,POSITIVE_LENGTH_MEASURE(2.E-2),#173);
#2670=PRESENTATION_STYLE_ASSIGNMENT((#2669));
#2671=STYLED_ITEM('',(#2670),#2668);
#2672=DIRECTION('',(-4.061384660534E-1,-9.138115486203E-1,7.706454336256E-11));
#2673=VECTOR('',#2672,1.865220308629E1);
#2674=CARTESIAN_POINT('',(7.575377149982E0,1.779195985875E2,
-1.437423513551E-9));
#2675=LINE('',#2674,#2673);
#2676=CURVE_STYLE('',#266,POSITIVE_LENGTH_MEASURE(2.E-2),#173);
#2677=PRESENTATION_STYLE_ASSIGNMENT((#2676));
#2678=STYLED_ITEM('',(#2677),#2675);
#2679=CARTESIAN_POINT('',(-8.489188696804E0,1.775134601174E2,
-2.635926588113E-9));
#2680=DIRECTION('',(-3.105039420026E-10,0.E0,1.E0));
#2681=DIRECTION('',(9.138115450350E-1,4.061384741203E-1,2.837420812169E-10));
#2682=AXIS2_PLACEMENT_3D('',#2679,#2680,#2681);
#2684=CURVE_STYLE('',#266,POSITIVE_LENGTH_MEASURE(2.E-2),#173);
#2685=PRESENTATION_STYLE_ASSIGNMENT((#2684));
#2686=STYLED_ITEM('',(#2685),#2683);
#2687=CARTESIAN_POINT('',(-1.983188485732E0,1.348002982887E2,2.337731172744E0));
#2688=DIRECTION('',(6.469127734956E-1,0.E0,-7.625640061584E-1));
#2689=DIRECTION('',(-4.382275726548E-1,8.183807077347E-1,-3.717655333308E-1));
#2690=AXIS2_PLACEMENT_3D('',#2687,#2688,#2689);
#2692=CURVE_STYLE('',#266,POSITIVE_LENGTH_MEASURE(2.E-2),#173);
#2693=PRESENTATION_STYLE_ASSIGNMENT((#2692));
#2694=STYLED_ITEM('',(#2693),#2691);
#2695=CARTESIAN_POINT('',(-8.624323107172E0,1.761572119556E2,
-3.296202301915E0));
#2696=CARTESIAN_POINT('',(-8.606733427551E0,1.760808963756E2,
-3.194241858199E0));
#2697=CARTESIAN_POINT('',(-8.562232237510E0,1.759141199364E2,
-2.983556073951E0));
#2698=CARTESIAN_POINT('',(-8.463410684771E0,1.756196740714E2,
-2.657234623645E0));
#2699=CARTESIAN_POINT('',(-8.326061106927E0,1.752709489033E2,
-2.324970573534E0));
#2700=CARTESIAN_POINT('',(-8.142836084574E0,1.748566193168E2,
-1.998100263080E0));
#2701=CARTESIAN_POINT('',(-7.904420589918E0,1.743582142724E2,
-1.696339239342E0));
#2702=CARTESIAN_POINT('',(-7.612865142307E0,1.737715861506E2,
-1.475247286932E0));
#2703=CARTESIAN_POINT('',(-7.306797228536E0,1.731416763215E2,
-1.405623279556E0));
#2704=CARTESIAN_POINT('',(-7.029780990255E0,1.725609079383E2,
-1.491564637255E0));
#2705=CARTESIAN_POINT('',(-6.792617654085E0,1.720688059905E2,
-1.683246086287E0));
#2706=CARTESIAN_POINT('',(-6.584185889900E0,1.716614718909E2,
-1.937528997682E0));
#2707=CARTESIAN_POINT('',(-6.394001849332E0,1.713313635541E2,
-2.225360891970E0));
#2708=CARTESIAN_POINT('',(-6.210083191681E0,1.710649980779E2,
-2.525541559215E0));
#2709=CARTESIAN_POINT('',(-6.029251430602E0,1.708545644459E2,
-2.822877692272E0));
#2710=CARTESIAN_POINT('',(-5.850342783176E0,1.706926425594E2,
-3.108318537264E0));
#2711=CARTESIAN_POINT('',(-5.673500788310E0,1.705724059124E2,
-3.377090086956E0));
#2712=CARTESIAN_POINT('',(-5.499934573988E0,1.704878109068E2,
-3.626358557132E0));
#2713=CARTESIAN_POINT('',(-5.330018157075E0,1.704333405964E2,
-3.856234809455E0));
#2714=CARTESIAN_POINT('',(-5.169595606971E0,1.704045324762E2,
-4.061141581457E0));
#2715=CARTESIAN_POINT('',(-5.063324478606E0,1.703985325101E2,
-4.189688652820E0));
#2716=CARTESIAN_POINT('',(-5.011168158435E0,1.703985323388E2,
-4.251169300992E0));
#2718=CURVE_STYLE('',#266,POSITIVE_LENGTH_MEASURE(2.E-2),#173);
#2719=PRESENTATION_STYLE_ASSIGNMENT((#2718));
#2720=STYLED_ITEM('',(#2719),#2717);
#2721=CARTESIAN_POINT('',(6.630905618051E0,1.765043267809E2,-5.231846129559E0));
#2722=CARTESIAN_POINT('',(6.644121430745E0,1.765432963835E2,-5.243057618660E0));
#2723=CARTESIAN_POINT('',(6.670561686174E0,1.766212613390E2,-5.265487918062E0));
#2724=CARTESIAN_POINT('',(6.697019204479E0,1.766992777934E2,-5.287932862235E0));
#2725=CARTESIAN_POINT('',(6.710252280034E0,1.767382988949E2,-5.299158996094E0));
#2727=CURVE_STYLE('',#266,POSITIVE_LENGTH_MEASURE(2.E-2),#173);
#2728=PRESENTATION_STYLE_ASSIGNMENT((#2727));
#2729=STYLED_ITEM('',(#2728),#2726);
#2730=CARTESIAN_POINT('',(1.940738320487E-1,1.348002982887E2,
2.287692018475E-1));
#2731=DIRECTION('',(-6.469127734956E-1,0.E0,-7.625640061584E-1));
#2732=DIRECTION('',(1.522482210727E-1,9.798666562941E-1,-1.291581010361E-1));
#2733=AXIS2_PLACEMENT_3D('',#2730,#2731,#2732);
#2735=CURVE_STYLE('',#266,POSITIVE_LENGTH_MEASURE(2.E-2),#173);
#2736=PRESENTATION_STYLE_ASSIGNMENT((#2735));
#2737=STYLED_ITEM('',(#2736),#2734);
#2738=CARTESIAN_POINT('',(6.242757953953E0,1.765043267809E2,-5.689384533254E0));
#2739=CARTESIAN_POINT('',(6.309929657723E0,1.765036668893E2,-5.615244021218E0));
#2740=CARTESIAN_POINT('',(6.441790950760E0,1.765030068544E2,-5.464845634866E0));
#2741=CARTESIAN_POINT('',(6.568695246773E0,1.765036667725E2,-5.310218745506E0));
#2742=CARTESIAN_POINT('',(6.630905618051E0,1.765043267809E2,-5.231846129559E0));
#2744=CURVE_STYLE('',#266,POSITIVE_LENGTH_MEASURE(2.E-2),#173);
#2745=PRESENTATION_STYLE_ASSIGNMENT((#2744));
#2746=STYLED_ITEM('',(#2745),#2743);
#2747=CARTESIAN_POINT('',(1.940738320487E-1,1.348002982887E2,
2.287692018475E-1));
#2748=DIRECTION('',(-6.469127734956E-1,0.E0,-7.625640061584E-1));
#2749=DIRECTION('',(1.512779532434E-1,9.801250494117E-1,-1.283349850125E-1));
#2750=AXIS2_PLACEMENT_3D('',#2747,#2748,#2749);
#2752=CURVE_STYLE('',#266,POSITIVE_LENGTH_MEASURE(2.E-2),#173);
#2753=PRESENTATION_STYLE_ASSIGNMENT((#2752));
#2754=STYLED_ITEM('',(#2753),#2751);
#2755=CARTESIAN_POINT('',(6.322104615937E0,1.767382988949E2,-5.756697399789E0));
#2756=CARTESIAN_POINT('',(6.308871537134E0,1.766992777838E2,-5.745471263175E0));
#2757=CARTESIAN_POINT('',(6.282414015581E0,1.766212613198E2,-5.723026316247E0));
#2758=CARTESIAN_POINT('',(6.255973763400E0,1.765432963739E2,-5.700596019600E0));
#2759=CARTESIAN_POINT('',(6.242757953953E0,1.765043267809E2,-5.689384533254E0));
#2761=CURVE_STYLE('',#266,POSITIVE_LENGTH_MEASURE(2.E-2),#173);
#2762=PRESENTATION_STYLE_ASSIGNMENT((#2761));
#2763=STYLED_ITEM('',(#2762),#2760);
#2764=CARTESIAN_POINT('',(-1.940738320487E-1,1.348002982887E2,
-2.287692018475E-1));
#2765=DIRECTION('',(-6.469127734956E-1,0.E0,-7.625640061584E-1));
#2766=DIRECTION('',(1.512779532434E-1,9.801250494117E-1,-1.283349850125E-1));
#2767=AXIS2_PLACEMENT_3D('',#2764,#2765,#2766);
#2769=CURVE_STYLE('',#266,POSITIVE_LENGTH_MEASURE(2.E-2),#173);
#2770=PRESENTATION_STYLE_ASSIGNMENT((#2769));
#2771=STYLED_ITEM('',(#2770),#2768);
#2772=VERTEX_POINT('',#244);
#2773=VERTEX_POINT('',#264);
#2774=CARTESIAN_POINT('',(1.908389715073E1,1.693958459054E2,-1.579620430234E1));
#2775=VERTEX_POINT('',#2774);
#2776=CARTESIAN_POINT('',(1.869574948664E1,1.693958459054E2,-1.625374270603E1));
#2777=VERTEX_POINT('',#2776);
#2778=VERTEX_POINT('',#2068);
#2779=VERTEX_POINT('',#2087);
#2780=CARTESIAN_POINT('',(1.908389715073E1,1.693958459054E2,1.579620430234E1));
#2781=VERTEX_POINT('',#2780);
#2782=CARTESIAN_POINT('',(1.869574948664E1,1.693958459054E2,1.625374270603E1));
#2783=VERTEX_POINT('',#2782);
#2784=VERTEX_POINT('',#608);
#2785=VERTEX_POINT('',#627);
#2786=CARTESIAN_POINT('',(-1.908389715073E1,1.693958459054E2,
-1.579620430234E1));
#2787=VERTEX_POINT('',#2786);
#2788=CARTESIAN_POINT('',(-1.869574948664E1,1.693958459054E2,
-1.625374270603E1));
#2789=VERTEX_POINT('',#2788);
#2790=VERTEX_POINT('',#1466);
#2791=VERTEX_POINT('',#1485);
#2792=CARTESIAN_POINT('',(-1.908389715073E1,1.693958459054E2,1.579620430234E1));
#2793=VERTEX_POINT('',#2792);
#2794=CARTESIAN_POINT('',(-1.869574948664E1,1.693958459054E2,1.625374270603E1));
#2795=VERTEX_POINT('',#2794);
#2796=CARTESIAN_POINT('',(1.984430991910E1,1.711439293087E2,-1.683470169612E1));
#2797=CARTESIAN_POINT('',(-1.984430991910E1,1.711439293087E2,1.683470169612E1));
#2798=VERTEX_POINT('',#2796);
#2799=VERTEX_POINT('',#2797);
#2800=VERTEX_POINT('',#291);
#2801=VERTEX_POINT('',#303);
#2802=VERTEX_POINT('',#2113);
#2803=VERTEX_POINT('',#2125);
#2804=VERTEX_POINT('',#653);
#2805=VERTEX_POINT('',#665);
#2806=VERTEX_POINT('',#1511);
#2807=VERTEX_POINT('',#1523);
#2808=CARTESIAN_POINT('',(-8.624321311618E0,1.761572113780E2,
-3.296201266138E0));
#2809=CARTESIAN_POINT('',(-9.036563640132E0,1.769331099755E2,
-3.062829532338E0));
#2810=VERTEX_POINT('',#2808);
#2811=VERTEX_POINT('',#2809);
#2812=CARTESIAN_POINT('',(4.657924547232E0,1.761572332627E2,-7.971697126243E0));
#2813=CARTESIAN_POINT('',(4.494862660380E0,1.769331105545E2,-8.416446279702E0));
#2814=VERTEX_POINT('',#2812);
#2815=VERTEX_POINT('',#2813);
#2816=CARTESIAN_POINT('',(8.624335802918E0,1.761572249580E2,3.296211510669E0));
#2817=CARTESIAN_POINT('',(9.036567711633E0,1.769331095642E2,3.062823178155E0));
#2818=VERTEX_POINT('',#2816);
#2819=VERTEX_POINT('',#2817);
#2820=CARTESIAN_POINT('',(-4.657967852498E0,1.761572488362E2,7.971707818776E0));
#2821=CARTESIAN_POINT('',(-4.494872859303E0,1.769331081255E2,8.416452992897E0));
#2822=VERTEX_POINT('',#2820);
#2823=VERTEX_POINT('',#2821);
#2824=VERTEX_POINT('',#325);
#2825=VERTEX_POINT('',#346);
#2826=VERTEX_POINT('',#2721);
#2827=VERTEX_POINT('',#2738);
#2828=VERTEX_POINT('',#2182);
#2829=VERTEX_POINT('',#2186);
#2830=VERTEX_POINT('',#488);
#2831=VERTEX_POINT('',#492);
#2832=VERTEX_POINT('',#509);
#2833=VERTEX_POINT('',#574);
#2834=VERTEX_POINT('',#595);
#2835=VERTEX_POINT('',#526);
#2836=VERTEX_POINT('',#1545);
#2837=VERTEX_POINT('',#1566);
#2838=VERTEX_POINT('',#1613);
#2839=VERTEX_POINT('',#1596);
#2840=CARTESIAN_POINT('',(-7.201931341241E0,1.784908846799E2,6.109679110031E0));
#2841=CARTESIAN_POINT('',(7.201931341241E0,1.784908846799E2,-6.109679110031E0));
#2842=VERTEX_POINT('',#2840);
#2843=VERTEX_POINT('',#2841);
#2844=CARTESIAN_POINT('',(-7.040813233838E0,1.785134601174E2,5.972996338645E0));
#2845=CARTESIAN_POINT('',(7.040813233838E0,1.785134601174E2,-5.972996338645E0));
#2846=VERTEX_POINT('',#2844);
#2847=VERTEX_POINT('',#2845);
#2848=CARTESIAN_POINT('',(7.575377148184E0,1.779195985834E2,0.E0));
#2849=CARTESIAN_POINT('',(-7.575377148184E0,1.779195985834E2,0.E0));
#2850=VERTEX_POINT('',#2848);
#2851=VERTEX_POINT('',#2849);
#2852=CARTESIAN_POINT('',(8.489188696804E0,1.785134601174E2,
3.686828293643E-14));
#2853=CARTESIAN_POINT('',(-8.489188696804E0,1.785134601174E2,
-3.413795161229E-14));
#2854=VERTEX_POINT('',#2852);
#2855=VERTEX_POINT('',#2853);
#2856=CARTESIAN_POINT('',(0.E0,1.60875E2,0.E0));
#2857=VERTEX_POINT('',#2856);
#2858=VERTEX_POINT('',#2358);
#2859=VERTEX_POINT('',#2032);
#2860=VERTEX_POINT('',#695);
#2861=VERTEX_POINT('',#1659);
#2862=CARTESIAN_POINT('',(-4.175873613110E0,1.698212838725E2,3.542606291381E0));
#2863=VERTEX_POINT('',#2862);
#2864=CARTESIAN_POINT('',(-4.175904453851E0,1.698212845548E2,
-3.542567551352E0));
#2865=VERTEX_POINT('',#2864);
#2866=CARTESIAN_POINT('',(4.175900908682E0,1.698212837809E2,3.542574422542E0));
#2867=VERTEX_POINT('',#2866);
#2868=CARTESIAN_POINT('',(4.175893128411E0,1.698212842800E2,-3.542581856369E0));
#2869=VERTEX_POINT('',#2868);
#2870=VERTEX_POINT('',#1367);
#2871=VERTEX_POINT('',#1378);
#2872=VERTEX_POINT('',#885);
#2873=VERTEX_POINT('',#896);
#2874=CARTESIAN_POINT('',(-8.551954828458E0,1.767418983640E2,0.E0));
#2875=VERTEX_POINT('',#2874);
#2876=CARTESIAN_POINT('',(-8.291447889343E0,1.767418983640E2,
-2.094713175184E0));
#2877=VERTEX_POINT('',#2876);
#2878=VERTEX_POINT('',#913);
#2879=VERTEX_POINT('',#946);
#2880=VERTEX_POINT('',#957);
#2881=VERTEX_POINT('',#797);
#2882=VERTEX_POINT('',#808);
#2883=CARTESIAN_POINT('',(3.418341659170E0,1.767418983640E2,-7.839060638186E0));
#2884=VERTEX_POINT('',#2883);
#2885=CARTESIAN_POINT('',(3.643077981632E0,1.770275741242E2,-8.354602700314E0));
#2886=VERTEX_POINT('',#2885);
#2887=VERTEX_POINT('',#2385);
#2888=VERTEX_POINT('',#2396);
#2889=VERTEX_POINT('',#1935);
#2890=VERTEX_POINT('',#1946);
#2891=CARTESIAN_POINT('',(8.551954828458E0,1.767418983640E2,0.E0));
#2892=VERTEX_POINT('',#2891);
#2893=CARTESIAN_POINT('',(8.291455811381E0,1.767418983640E2,2.094681817342E0));
#2894=VERTEX_POINT('',#2893);
#2895=VERTEX_POINT('',#1963);
#2896=VERTEX_POINT('',#2477);
#2897=VERTEX_POINT('',#2488);
#2898=VERTEX_POINT('',#1847);
#2899=VERTEX_POINT('',#1858);
#2900=CARTESIAN_POINT('',(-3.418142351026E0,1.767418983640E2,7.839147546519E0));
#2901=VERTEX_POINT('',#2900);
#2902=CARTESIAN_POINT('',(-3.643011107792E0,1.770275741242E2,8.354631860762E0));
#2903=VERTEX_POINT('',#2902);
#2904=CARTESIAN_POINT('',(0.E0,1.575E2,0.E0));
#2905=VERTEX_POINT('',#2904);
#2906=VERTEX_POINT('',#1669);
#2907=VERTEX_POINT('',#1679);
#2908=VERTEX_POINT('',#2525);
#2909=VERTEX_POINT('',#2539);
#2910=CARTESIAN_POINT('',(1.656386056321E1,1.700684616545E2,1.865501015795E1));
#2911=VERTEX_POINT('',#2910);
#2912=CARTESIAN_POINT('',(1.679467550851E1,1.701270169713E2,1.891496498762E1));
#2913=VERTEX_POINT('',#2912);
#2914=VERTEX_POINT('',#1988);
#2915=VERTEX_POINT('',#1773);
#2916=VERTEX_POINT('',#1736);
#2917=VERTEX_POINT('',#1746);
#2918=VERTEX_POINT('',#2441);
#2919=VERTEX_POINT('',#2455);
#2920=CARTESIAN_POINT('',(2.110553278645E1,1.700684616545E2,-1.330140468338E1));
#2921=VERTEX_POINT('',#2920);
#2922=CARTESIAN_POINT('',(2.139963528008E1,1.701270169713E2,-1.348675779416E1));
#2923=VERTEX_POINT('',#2922);
#2924=VERTEX_POINT('',#2268);
#2925=VERTEX_POINT('',#1714);
#2926=VERTEX_POINT('',#1032);
#2927=VERTEX_POINT('',#1042);
#2928=VERTEX_POINT('',#1190);
#2929=VERTEX_POINT('',#1204);
#2930=CARTESIAN_POINT('',(-1.656385162252E1,1.700684616545E2,
-1.865501809643E1));
#2931=VERTEX_POINT('',#2930);
#2932=CARTESIAN_POINT('',(-1.679467539788E1,1.701270169713E2,
-1.891496508584E1));
#2933=VERTEX_POINT('',#2932);
#2934=VERTEX_POINT('',#728);
#2935=VERTEX_POINT('',#1150);
#2936=VERTEX_POINT('',#1113);
#2937=VERTEX_POINT('',#1123);
#2938=VERTEX_POINT('',#995);
#2939=VERTEX_POINT('',#1009);
#2940=CARTESIAN_POINT('',(-2.110553278662E1,1.700684616545E2,1.330140468311E1));
#2941=VERTEX_POINT('',#2940);
#2942=CARTESIAN_POINT('',(-2.139963527869E1,1.701270169713E2,1.348675779636E1));
#2943=VERTEX_POINT('',#2942);
#2944=VERTEX_POINT('',#1421);
#2945=VERTEX_POINT('',#1091);
#2946=CARTESIAN_POINT('',(1.784654726707E1,1.674851500925E2,-1.513992175951E1));
#2947=DIRECTION('',(6.200118526055E-1,-5.821770401208E-1,-5.259802245188E-1));
#2948=DIRECTION('',(-4.439472560079E-1,-8.130620480358E-1,3.766177636900E-1));
#2949=AXIS2_PLACEMENT_3D('',#2946,#2947,#2948);
#2950=PLANE('',#2949);
#2952=ORIENTED_EDGE('',*,*,#2951,.F.);
#2954=ORIENTED_EDGE('',*,*,#2953,.F.);
#2955=EDGE_LOOP('',(#2952,#2954));
#2956=FACE_OUTER_BOUND('',#2955,.F.);
#2958=ORIENTED_EDGE('',*,*,#2957,.F.);
#2960=ORIENTED_EDGE('',*,*,#2959,.F.);
#2962=ORIENTED_EDGE('',*,*,#2961,.F.);
#2964=ORIENTED_EDGE('',*,*,#2963,.F.);
#2965=EDGE_LOOP('',(#2958,#2960,#2962,#2964));
#2966=FACE_BOUND('',#2965,.F.);
#2968=CARTESIAN_POINT('',(5.008404835193E0,1.770886622172E2,-4.419082080468E0));
#2969=CARTESIAN_POINT('',(6.664637332373E0,1.767456813657E2,-5.824128672822E0));
#2970=CARTESIAN_POINT('',(9.950201873449E0,1.757201967093E2,-8.611401154346E0));
#2971=CARTESIAN_POINT('',(1.473767474319E1,1.731514744855E2,-1.267280102005E1));
#2972=CARTESIAN_POINT('',(1.771793562606E1,1.707645703204E2,-1.520107250664E1));
#2973=CARTESIAN_POINT('',(1.916357020526E1,1.693808454492E2,-1.642746067543E1));
#2974=CARTESIAN_POINT('',(4.442089734454E0,1.770529084202E2,-5.077911909170E0));
#2975=CARTESIAN_POINT('',(6.096921926800E0,1.767102175508E2,-6.481770568345E0));
#2976=CARTESIAN_POINT('',(9.379708601895E0,1.756855999170E2,-9.266686477867E0));
#2977=CARTESIAN_POINT('',(1.416313377820E1,1.731190494863E2,-1.332465252744E1));
#2978=CARTESIAN_POINT('',(1.714087492201E1,1.707341633913E2,-1.585078642116E1));
#2979=CARTESIAN_POINT('',(1.858528725186E1,1.693516084263E2,-1.707613770818E1));
#2980=CARTESIAN_POINT('',(3.283354913316E0,1.761457783719E2,-6.222362234747E0));
#2981=CARTESIAN_POINT('',(4.902659170184E0,1.758104448039E2,-7.596081161269E0));
#2982=CARTESIAN_POINT('',(8.114967017443E0,1.748078248985E2,-1.032120713366E1));
#2983=CARTESIAN_POINT('',(1.279569584677E1,1.722963762712E2,-1.429205186866E1));
#2984=CARTESIAN_POINT('',(1.570950724850E1,1.699626917903E2,-1.676395167001E1));
#2985=CARTESIAN_POINT('',(1.712290919053E1,1.686098191845E2,-1.796299563616E1));
#2986=CARTESIAN_POINT('',(2.673502383917E0,1.734790150644E2,-6.290266621991E0));
#2987=CARTESIAN_POINT('',(4.188362305702E0,1.731653103480E2,-7.575381347502E0));
#2988=CARTESIAN_POINT('',(7.193477862959E0,1.722273589377E2,-1.012473802330E1));
#2989=CARTESIAN_POINT('',(1.157230196486E1,1.698778975224E2,-1.383946520886E1));
#2990=CARTESIAN_POINT('',(1.429817395179E1,1.676947345528E2,-1.615192867818E1));
#2991=CARTESIAN_POINT('',(1.562041215767E1,1.664291215704E2,-1.727363489311E1));
#2992=CARTESIAN_POINT('',(3.550566522729E0,1.714656822234E2,-4.764938741436E0));
#2993=CARTESIAN_POINT('',(4.986573848456E0,1.711683066943E2,-5.983159735797E0));
#2994=CARTESIAN_POINT('',(7.835264933896E0,1.702791782165E2,-8.399815434246E0));
#2995=CARTESIAN_POINT('',(1.198615928259E1,1.680520126843E2,-1.192118092477E1));
#2996=CARTESIAN_POINT('',(1.457014218817E1,1.659824893095E2,-1.411327435511E1));
#2997=CARTESIAN_POINT('',(1.582355428435E1,1.647827549393E2,-1.517659269813E1));
#2998=CARTESIAN_POINT('',(5.279976474839E0,1.714656822234E2,-2.726355124907E0));
#2999=CARTESIAN_POINT('',(6.715983800566E0,1.711683066943E2,-3.944576119269E0));
#3000=CARTESIAN_POINT('',(9.564674886006E0,1.702791782165E2,-6.361231817717E0));
#3001=CARTESIAN_POINT('',(1.371556923470E1,1.680520126843E2,-9.882597308241E0));
#3002=CARTESIAN_POINT('',(1.629955214027E1,1.659824893095E2,-1.207469073858E1));
#3003=CARTESIAN_POINT('',(1.755296423646E1,1.647827549393E2,-1.313800908160E1));
#3004=CARTESIAN_POINT('',(6.641934546628E0,1.734790150644E2,-1.612381670342E0));
#3005=CARTESIAN_POINT('',(8.156794468413E0,1.731653103480E2,-2.897496395853E0));
#3006=CARTESIAN_POINT('',(1.116191002567E1,1.722273589377E2,-5.446853071648E0));
#3007=CARTESIAN_POINT('',(1.554073412757E1,1.698778975224E2,-9.161580257212E0));
#3008=CARTESIAN_POINT('',(1.826660611451E1,1.676947345527E2,-1.147404372654E1));
#3009=CARTESIAN_POINT('',(1.958884432038E1,1.664291215704E2,-1.259574994146E1));
#3010=CARTESIAN_POINT('',(6.674349686158E0,1.761458291237E2,-2.225157897030E0));
#3011=CARTESIAN_POINT('',(8.293655930732E0,1.758104951441E2,-3.598878509799E0));
#3012=CARTESIAN_POINT('',(1.150596772112E1,1.748078740080E2,-6.324007827297E0));
#3013=CARTESIAN_POINT('',(1.618670229606E1,1.722964222979E2,-1.029485743654E1));
#3014=CARTESIAN_POINT('',(1.910051727451E1,1.699627349524E2,-1.276676027215E1));
#3015=CARTESIAN_POINT('',(2.051392095151E1,1.686098606859E2,-1.396580571014E1));
#3016=CARTESIAN_POINT('',(5.734035655686E0,1.770529596266E2,-3.555012050782E0));
#3017=CARTESIAN_POINT('',(7.388869853542E0,1.767102683419E2,-4.958872411309E0));
#3018=CARTESIAN_POINT('',(1.067166050708E1,1.756856494664E2,-7.743791695902E0));
#3019=CARTESIAN_POINT('',(1.545509148048E1,1.731190959253E2,-1.180176266337E1));
#3020=CARTESIAN_POINT('',(1.843283623304E1,1.707342069400E2,-1.432789961854E1));
#3021=CARTESIAN_POINT('',(1.987725031339E1,1.693516502995E2,-1.555325239057E1));
#3022=CARTESIAN_POINT('',(5.176293272940E0,1.770886680699E2,-4.221180971263E0));
#3023=CARTESIAN_POINT('',(6.832525999345E0,1.767456871710E2,-5.626227758077E0));
#3024=CARTESIAN_POINT('',(1.011809099515E1,1.757202023726E2,-8.413500625364E0));
#3025=CARTESIAN_POINT('',(1.490556452748E1,1.731514797934E2,-1.247490105317E1));
#3026=CARTESIAN_POINT('',(1.788582582282E1,1.707645752979E2,-1.500317288968E1));
#3027=CARTESIAN_POINT('',(1.933146060210E1,1.693808502352E2,-1.622956122820E1));
#3028=B_SPLINE_SURFACE_WITH_KNOTS('',3,3,((#2968,#2969,#2970,#2971,#2972,#2973),
(#2974,#2975,#2976,#2977,#2978,#2979),(#2980,#2981,#2982,#2983,#2984,#2985),(
#2986,#2987,#2988,#2989,#2990,#2991),(#2992,#2993,#2994,#2995,#2996,#2997),(
#2998,#2999,#3000,#3001,#3002,#3003),(#3004,#3005,#3006,#3007,#3008,#3009),(
#3010,#3011,#3012,#3013,#3014,#3015),(#3016,#3017,#3018,#3019,#3020,#3021),(
#3022,#3023,#3024,#3025,#3026,#3027)),.UNSPECIFIED.,.F.,.F.,.F.,(4,1,1,1,1,1,1,
4),(4,1,1,4),(-1.000896613795E-2,1.428571428571E-1,2.857142857143E-1,
4.285714285714E-1,5.714285714286E-1,7.142857142857E-1,8.571428571429E-1,
1.010017312867E0),(2.520457672097E-1,5.E-1,7.5E-1,1.014665769270E0),
.UNSPECIFIED.);
#3030=ORIENTED_EDGE('',*,*,#3029,.T.);
#3032=ORIENTED_EDGE('',*,*,#3031,.T.);
#3033=ORIENTED_EDGE('',*,*,#2957,.T.);
#3035=ORIENTED_EDGE('',*,*,#3034,.F.);
#3036=EDGE_LOOP('',(#3030,#3032,#3033,#3035));
#3037=FACE_OUTER_BOUND('',#3036,.F.);
#3039=CARTESIAN_POINT('',(0.E0,1.673133767195E2,0.E0));
#3040=DIRECTION('',(0.E0,1.E0,0.E0));
#3041=DIRECTION('',(1.E0,0.E0,0.E0));
#3042=AXIS2_PLACEMENT_3D('',#3039,#3040,#3041);
#3043=CONICAL_SURFACE('',#3042,4.361500764207E0,2.396248897458E1);
#3045=ORIENTED_EDGE('',*,*,#3044,.F.);
#3047=ORIENTED_EDGE('',*,*,#3046,.F.);
#3049=ORIENTED_EDGE('',*,*,#3048,.F.);
#3051=ORIENTED_EDGE('',*,*,#3050,.F.);
#3052=EDGE_LOOP('',(#3045,#3047,#3049,#3051));
#3053=FACE_OUTER_BOUND('',#3052,.F.);
#3055=CARTESIAN_POINT('',(0.E0,1.673133767195E2,0.E0));
#3056=DIRECTION('',(0.E0,1.E0,0.E0));
#3057=DIRECTION('',(1.E0,0.E0,0.E0));
#3058=AXIS2_PLACEMENT_3D('',#3055,#3056,#3057);
#3059=CONICAL_SURFACE('',#3058,4.361500764207E0,2.396248897458E1);
#3060=ORIENTED_EDGE('',*,*,#3029,.F.);
#3062=ORIENTED_EDGE('',*,*,#3061,.F.);
#3064=ORIENTED_EDGE('',*,*,#3063,.F.);
#3066=ORIENTED_EDGE('',*,*,#3065,.F.);
#3067=EDGE_LOOP('',(#3060,#3062,#3064,#3066));
#3068=FACE_OUTER_BOUND('',#3067,.F.);
#3070=CARTESIAN_POINT('',(0.E0,1.673133767195E2,0.E0));
#3071=DIRECTION('',(0.E0,1.E0,0.E0));
#3072=DIRECTION('',(1.E0,0.E0,0.E0));
#3073=AXIS2_PLACEMENT_3D('',#3070,#3071,#3072);
#3074=CONICAL_SURFACE('',#3073,4.361500764207E0,2.396248897458E1);
#3076=ORIENTED_EDGE('',*,*,#3075,.F.);
#3078=ORIENTED_EDGE('',*,*,#3077,.F.);
#3080=ORIENTED_EDGE('',*,*,#3079,.F.);
#3082=ORIENTED_EDGE('',*,*,#3081,.F.);
#3083=EDGE_LOOP('',(#3076,#3078,#3080,#3082));
#3084=FACE_OUTER_BOUND('',#3083,.F.);
#3086=CARTESIAN_POINT('',(0.E0,1.673133767195E2,0.E0));
#3087=DIRECTION('',(0.E0,1.E0,0.E0));
#3088=DIRECTION('',(1.E0,0.E0,0.E0));
#3089=AXIS2_PLACEMENT_3D('',#3086,#3087,#3088);
#3090=CONICAL_SURFACE('',#3089,4.361500764207E0,2.396248897458E1);
#3092=ORIENTED_EDGE('',*,*,#3091,.F.);
#3094=ORIENTED_EDGE('',*,*,#3093,.F.);
#3096=ORIENTED_EDGE('',*,*,#3095,.F.);
#3098=ORIENTED_EDGE('',*,*,#3097,.F.);
#3099=EDGE_LOOP('',(#3092,#3094,#3096,#3098));
#3100=FACE_OUTER_BOUND('',#3099,.F.);
#3102=CARTESIAN_POINT('',(0.E0,1.673133767195E2,0.E0));
#3103=DIRECTION('',(0.E0,1.E0,0.E0));
#3104=DIRECTION('',(1.E0,0.E0,0.E0));
#3105=AXIS2_PLACEMENT_3D('',#3102,#3103,#3104);
#3106=CONICAL_SURFACE('',#3105,4.361500764207E0,2.396248897458E1);
#3108=ORIENTED_EDGE('',*,*,#3107,.T.);
#3110=ORIENTED_EDGE('',*,*,#3109,.F.);
#3112=ORIENTED_EDGE('',*,*,#3111,.F.);
#3114=ORIENTED_EDGE('',*,*,#3113,.T.);
#3116=ORIENTED_EDGE('',*,*,#3115,.F.);
#3118=ORIENTED_EDGE('',*,*,#3117,.F.);
#3120=ORIENTED_EDGE('',*,*,#3119,.T.);
#3122=ORIENTED_EDGE('',*,*,#3121,.F.);
#3124=ORIENTED_EDGE('',*,*,#3123,.T.);
#3125=EDGE_LOOP('',(#3108,#3110,#3112,#3114,#3116,#3118,#3120,#3122,#3124));
#3126=FACE_OUTER_BOUND('',#3125,.F.);
#3128=CARTESIAN_POINT('',(0.E0,1.348002982887E2,0.E0));
#3129=DIRECTION('',(6.469127734956E-1,0.E0,-7.625640061584E-1));
#3130=DIRECTION('',(0.E0,1.E0,0.E0));
#3131=AXIS2_PLACEMENT_3D('',#3128,#3129,#3130);
#3132=CYLINDRICAL_SURFACE('',#3131,4.254970171130E1);
#3133=ORIENTED_EDGE('',*,*,#3044,.T.);
#3135=ORIENTED_EDGE('',*,*,#3134,.T.);
#3137=ORIENTED_EDGE('',*,*,#3136,.F.);
#3139=ORIENTED_EDGE('',*,*,#3138,.T.);
#3140=EDGE_LOOP('',(#3133,#3135,#3137,#3139));
#3141=FACE_OUTER_BOUND('',#3140,.F.);
#3143=CARTESIAN_POINT('',(0.E0,1.348002982887E2,0.E0));
#3144=DIRECTION('',(6.469127734956E-1,0.E0,-7.625640061584E-1));
#3145=DIRECTION('',(0.E0,1.E0,0.E0));
#3146=AXIS2_PLACEMENT_3D('',#3143,#3144,#3145);
#3147=CYLINDRICAL_SURFACE('',#3146,4.254970171130E1);
#3148=ORIENTED_EDGE('',*,*,#3081,.T.);
#3150=ORIENTED_EDGE('',*,*,#3149,.T.);
#3152=ORIENTED_EDGE('',*,*,#3151,.F.);
#3154=ORIENTED_EDGE('',*,*,#3153,.F.);
#3155=EDGE_LOOP('',(#3148,#3150,#3152,#3154));
#3156=FACE_OUTER_BOUND('',#3155,.F.);
#3158=CARTESIAN_POINT('',(1.940738320487E-1,1.348002982887E2,
-2.287692018475E-1));
#3159=DIRECTION('',(-6.469127734956E-1,0.E0,7.625640061584E-1));
#3160=DIRECTION('',(0.E0,1.E0,0.E0));
#3161=AXIS2_PLACEMENT_3D('',#3158,#3159,#3160);
#3162=PLANE('',#3161);
#3163=ORIENTED_EDGE('',*,*,#3050,.T.);
#3165=ORIENTED_EDGE('',*,*,#3164,.T.);
#3167=ORIENTED_EDGE('',*,*,#3166,.F.);
#3168=ORIENTED_EDGE('',*,*,#3134,.F.);
#3169=EDGE_LOOP('',(#3163,#3165,#3167,#3168));
#3170=FACE_OUTER_BOUND('',#3169,.F.);
#3172=CARTESIAN_POINT('',(-5.006694097631E0,1.770888908251E2,
-4.417608444901E0));
#3173=CARTESIAN_POINT('',(-4.351871829707E0,1.770490391658E2,
-5.179771255016E0));
#3174=CARTESIAN_POINT('',(-3.000490181072E0,1.758195301912E2,
-6.472717008225E0));
#3175=CARTESIAN_POINT('',(-2.721292623730E0,1.725739329275E2,
-6.009828971367E0));
#3176=CARTESIAN_POINT('',(-4.361367429289E0,1.710304963904E2,
-3.699918009674E0));
#3177=CARTESIAN_POINT('',(-6.373037986168E0,1.725739329275E2,
-1.705246209763E0));
#3178=CARTESIAN_POINT('',(-6.875259622674E0,1.758196172046E2,
-1.905260477252E0));
#3179=CARTESIAN_POINT('',(-5.819795414371E0,1.770491370919E2,
-3.449444885556E0));
#3180=CARTESIAN_POINT('',(-5.174502030719E0,1.770889000671E2,
-4.219803059052E0));
#3181=CARTESIAN_POINT('',(-6.663504463386E0,1.767459081639E2,
-5.823145265694E0));
#3182=CARTESIAN_POINT('',(-6.007120860874E0,1.767063797224E2,
-6.583983534811E0));
#3183=CARTESIAN_POINT('',(-4.607568698828E0,1.754868427103E2,
-7.836064363661E0));
#3184=CARTESIAN_POINT('',(-4.201212991570E0,1.722675689424E2,
-7.265303111216E0));
#3185=CARTESIAN_POINT('',(-5.780818022653E0,1.707366504850E2,
-4.904093282539E0));
#3186=CARTESIAN_POINT('',(-7.852958354007E0,1.722675689424E2,
-2.960720349612E0));
#3187=CARTESIAN_POINT('',(-8.482341549500E0,1.754869290181E2,
-3.268610724735E0));
#3188=CARTESIAN_POINT('',(-7.475048282149E0,1.767064768542E2,
-4.853660420100E0));
#3189=CARTESIAN_POINT('',(-6.831312758563E0,1.767459173309E2,
-5.625340187019E0));
#3190=CARTESIAN_POINT('',(-9.949648631348E0,1.757203629635E2,
-8.610909467301E0));
#3191=CARTESIAN_POINT('',(-9.290168252850E0,1.756818009689E2,
-9.369120620628E0));
#3192=CARTESIAN_POINT('',(-7.795073924371E0,1.744920809111E2,
-1.054014930517E1));
#3193=CARTESIAN_POINT('',(-7.136510709607E0,1.713515164711E2,
-9.755430592287E0));
#3194=CARTESIAN_POINT('',(-8.596179023226E0,1.698580280589E2,
-7.292473770687E0));
#3195=CARTESIAN_POINT('',(-1.078825607204E1,1.713515164711E2,
-5.450847830682E0));
#3196=CARTESIAN_POINT('',(-1.166985353665E1,1.744921651086E2,
-5.972701402375E0));
#3197=CARTESIAN_POINT('',(-1.075810328372E1,1.756818957260E2,
-7.638803961435E0));
#3198=CARTESIAN_POINT('',(-1.011745764470E1,1.757203719064E2,
-8.413104997879E0));
#3199=CARTESIAN_POINT('',(-1.473765251774E1,1.731513556755E2,
-1.267275981513E1));
#3200=CARTESIAN_POINT('',(-1.407366005009E1,1.731152146459E2,
-1.342714318733E1));
#3201=CARTESIAN_POINT('',(-1.243935811513E1,1.720001865399E2,
-1.448007663255E1));
#3202=CARTESIAN_POINT('',(-1.141332151381E1,1.690567902373E2,
-1.338361592062E1));
#3203=CARTESIAN_POINT('',(-1.269823867836E1,1.676570646930E2,
-1.077241088694E1));
#3204=CARTESIAN_POINT('',(-1.506506687625E1,1.690567902373E2,
-9.079033159020E0));
#3205=CARTESIAN_POINT('',(-1.631414757925E1,1.720002654514E2,
-9.912637087462E0));
#3206=CARTESIAN_POINT('',(-1.554160616836E1,1.731153034540E2,
-1.169683593401E1));
#3207=CARTESIAN_POINT('',(-1.490546257749E1,1.731513640569E2,
-1.247495623340E1));
#3208=CARTESIAN_POINT('',(-1.771791346618E1,1.707644487132E2,
-1.520103135735E1));
#3209=CARTESIAN_POINT('',(-1.705111247885E1,1.707305570421E2,
-1.595303215283E1));
#3210=CARTESIAN_POINT('',(-1.533016170166E1,1.696849264581E2,
-1.693245800735E1));
#3211=CARTESIAN_POINT('',(-1.407539375226E1,1.669247223177E2,
-1.564195557620E1));
#3212=CARTESIAN_POINT('',(-1.525153823459E1,1.656121133974E2,
-1.293847443589E1));
#3213=CARTESIAN_POINT('',(-1.772713911469E1,1.669247223178E2,
-1.133737281459E1));
#3214=CARTESIAN_POINT('',(-1.920495729800E1,1.696850004583E2,
-1.236502366446E1));
#3215=CARTESIAN_POINT('',(-1.851906549840E1,1.707306403229E2,
-1.422273075413E1));
#3216=CARTESIAN_POINT('',(-1.788572417724E1,1.707644565730E2,
-1.500322832817E1));
#3217=CARTESIAN_POINT('',(-1.916355180691E1,1.693807172261E2,
-1.642742271719E1));
#3218=CARTESIAN_POINT('',(-1.849538848797E1,1.693481295472E2,
-1.717826779365E1));
#3219=CARTESIAN_POINT('',(-1.673240686493E1,1.683427299139E2,
-1.812203724315E1));
#3220=CARTESIAN_POINT('',(-1.536668795780E1,1.656887254567E2,
-1.673741078935E1));
#3221=CARTESIAN_POINT('',(-1.649006995974E1,1.644266195588E2,
-1.398916918008E1));
#3222=CARTESIAN_POINT('',(-1.901843332024E1,1.656887254567E2,
-1.243282802775E1));
#3223=CARTESIAN_POINT('',(-2.060720543583E1,1.683428010669E2,
-1.355460542369E1));
#3224=CARTESIAN_POINT('',(-1.996334485513E1,1.693482096237E2,
-1.544796923486E1));
#3225=CARTESIAN_POINT('',(-1.933136283391E1,1.693807247835E2,
-1.622961995603E1));
#3226=B_SPLINE_SURFACE_WITH_KNOTS('',3,3,((#3172,#3173,#3174,#3175,#3176,#3177,
#3178,#3179,#3180),(#3181,#3182,#3183,#3184,#3185,#3186,#3187,#3188,#3189),(
#3190,#3191,#3192,#3193,#3194,#3195,#3196,#3197,#3198),(#3199,#3200,#3201,#3202,
#3203,#3204,#3205,#3206,#3207),(#3208,#3209,#3210,#3211,#3212,#3213,#3214,#3215,
#3216),(#3217,#3218,#3219,#3220,#3221,#3222,#3223,#3224,#3225)),.UNSPECIFIED.,
.F.,.F.,.F.,(4,1,1,4),(4,1,1,1,1,1,4),(2.519605955057E-1,5.E-1,7.5E-1,
1.014667439304E0),(-1.000630880420E-2,1.666666666667E-1,3.333333333333E-1,5.E-1,
6.666666666667E-1,8.333333333333E-1,1.010019981914E0),.UNSPECIFIED.);
#3227=ORIENTED_EDGE('',*,*,#3048,.T.);
#3229=ORIENTED_EDGE('',*,*,#3228,.T.);
#3231=ORIENTED_EDGE('',*,*,#3230,.F.);
#3232=ORIENTED_EDGE('',*,*,#3164,.F.);
#3233=EDGE_LOOP('',(#3227,#3229,#3231,#3232));
#3234=FACE_OUTER_BOUND('',#3233,.F.);
#3236=CARTESIAN_POINT('',(-1.940738320487E-1,1.348002982887E2,
2.287692018475E-1));
#3237=DIRECTION('',(6.469127734956E-1,0.E0,-7.625640061584E-1));
#3238=DIRECTION('',(0.E0,1.E0,0.E0));
#3239=AXIS2_PLACEMENT_3D('',#3236,#3237,#3238);
#3240=PLANE('',#3239);
#3241=ORIENTED_EDGE('',*,*,#3046,.T.);
#3242=ORIENTED_EDGE('',*,*,#3138,.F.);
#3244=ORIENTED_EDGE('',*,*,#3243,.F.);
#3245=ORIENTED_EDGE('',*,*,#3228,.F.);
#3246=EDGE_LOOP('',(#3241,#3242,#3244,#3245));
#3247=FACE_OUTER_BOUND('',#3246,.F.);
#3249=CARTESIAN_POINT('',(-1.940738320487E-1,1.348002982887E2,
2.287692018475E-1));
#3250=DIRECTION('',(6.469127734956E-1,0.E0,-7.625640061584E-1));
#3251=DIRECTION('',(0.E0,1.E0,0.E0));
#3252=AXIS2_PLACEMENT_3D('',#3249,#3250,#3251);
#3253=PLANE('',#3252);
#3254=ORIENTED_EDGE('',*,*,#3079,.T.);
#3256=ORIENTED_EDGE('',*,*,#3255,.T.);
#3258=ORIENTED_EDGE('',*,*,#3257,.F.);
#3259=ORIENTED_EDGE('',*,*,#3149,.F.);
#3260=EDGE_LOOP('',(#3254,#3256,#3258,#3259));
#3261=FACE_OUTER_BOUND('',#3260,.F.);
#3263=CARTESIAN_POINT('',(-1.784654726707E1,1.674851500925E2,
-1.513992175951E1));
#3264=DIRECTION('',(6.200118526055E-1,5.821770401208E-1,5.259802245188E-1));
#3265=DIRECTION('',(4.439472560079E-1,-8.130620480358E-1,3.766177636900E-1));
#3266=AXIS2_PLACEMENT_3D('',#3263,#3264,#3265);
#3267=PLANE('',#3266);
#3269=ORIENTED_EDGE('',*,*,#3268,.T.);
#3271=ORIENTED_EDGE('',*,*,#3270,.T.);
#3272=EDGE_LOOP('',(#3269,#3271));
#3273=FACE_OUTER_BOUND('',#3272,.F.);
#3274=ORIENTED_EDGE('',*,*,#3230,.T.);
#3275=ORIENTED_EDGE('',*,*,#3243,.T.);
#3276=ORIENTED_EDGE('',*,*,#3136,.T.);
#3277=ORIENTED_EDGE('',*,*,#3166,.T.);
#3278=EDGE_LOOP('',(#3274,#3275,#3276,#3277));
#3279=FACE_BOUND('',#3278,.F.);
#3281=CARTESIAN_POINT('',(-4.533884786984E0,1.705715317702E2,
-3.399283046102E0));
#3282=CARTESIAN_POINT('',(-4.459308846041E0,1.705610632060E2,
-3.484632357938E0));
#3283=CARTESIAN_POINT('',(-3.735991792142E0,1.705091953463E2,
-4.324581475977E0));
#3284=CARTESIAN_POINT('',(-2.479216634566E0,1.713696417125E2,
-6.016357873998E0));
#3285=CARTESIAN_POINT('',(-2.035022651696E0,1.743170414170E2,
-7.260407188896E0));
#3286=CARTESIAN_POINT('',(-3.190025497238E0,1.772644411216E2,
-6.619364741701E0));
#3287=CARTESIAN_POINT('',(-4.654309972938E0,1.781248874878E2,
-5.103626587591E0));
#3288=CARTESIAN_POINT('',(-5.365118328296E0,1.780730196281E2,
-4.253065852952E0));
#3289=CARTESIAN_POINT('',(-5.437169620746E0,1.780625510639E2,
-4.165574783381E0));
#3290=CARTESIAN_POINT('',(-5.932991913805E0,1.702814087652E2,
-4.586200163249E0));
#3291=CARTESIAN_POINT('',(-5.858006519752E0,1.702710251064E2,
-4.671202120049E0));
#3292=CARTESIAN_POINT('',(-5.132660777291E0,1.702195779215E2,
-5.509430222496E0));
#3293=CARTESIAN_POINT('',(-3.909539942644E0,1.710730456275E2,
-7.229756894607E0));
#3294=CARTESIAN_POINT('',(-3.580626522699E0,1.739965404125E2,
-8.571603205023E0));
#3295=CARTESIAN_POINT('',(-4.850909931167E0,1.769200351975E2,
-8.028357753345E0));
#3296=CARTESIAN_POINT('',(-6.348848729796E0,1.777735029034E2,
-6.541169873324E0));
#3297=CARTESIAN_POINT('',(-7.057628396593E0,1.777220557186E2,
-5.688888123094E0));
#3298=CARTESIAN_POINT('',(-7.129270235932E0,1.777116720598E2,
-5.601049698488E0));
#3299=CARTESIAN_POINT('',(-8.710355303203E0,1.694141452213E2,
-6.942345796573E0));
#3300=CARTESIAN_POINT('',(-8.634557105001E0,1.694040153699E2,
-7.026658219928E0));
#3301=CARTESIAN_POINT('',(-7.905184218919E0,1.693538257068E2,
-7.861469939452E0));
#3302=CARTESIAN_POINT('',(-6.748870480461E0,1.701864321314E2,
-9.638471675604E0));
#3303=CARTESIAN_POINT('',(-6.648800162548E0,1.730384680355E2,
-1.117445451048E1));
#3304=CARTESIAN_POINT('',(-8.147926673049E0,1.758905039396E2,
-1.082534558326E1));
#3305=CARTESIAN_POINT('',(-9.712672567866E0,1.767231103642E2,
-9.394832767274E0));
#3306=CARTESIAN_POINT('',(-1.041742509104E1,1.766729207011E2,
-8.539134634121E0));
#3307=CARTESIAN_POINT('',(-1.048825412623E1,1.766627908497E2,
-8.450606676070E0));
#3308=CARTESIAN_POINT('',(-1.276107731647E1,1.672407285913E2,
-1.037873118993E1));
#3309=CARTESIAN_POINT('',(-1.268409366171E1,1.672312347971E2,
-1.046203794427E1));
#3310=CARTESIAN_POINT('',(-1.194884727726E1,1.671841965620E2,
-1.129186694617E1));
#3311=CARTESIAN_POINT('',(-1.088997018545E1,1.679645233122E2,
-1.315152798805E1));
#3312=CARTESIAN_POINT('',(-1.112366238293E1,1.706374787958E2,
-1.497065457580E1));
#3313=CARTESIAN_POINT('',(-1.295655140881E1,1.733104342794E2,
-1.490468940146E1));
#3314=CARTESIAN_POINT('',(-1.461873395027E1,1.740907610296E2,
-1.355683589121E1));
#3315=CARTESIAN_POINT('',(-1.531761297509E1,1.740437227945E2,
-1.269615504043E1));
#3316=CARTESIAN_POINT('',(-1.538725655372E1,1.740342290004E2,
-1.260662141337E1));
#3317=CARTESIAN_POINT('',(-1.528439857969E1,1.652190751910E2,
-1.251936298428E1));
#3318=CARTESIAN_POINT('',(-1.520667646700E1,1.652101730401E2,
-1.260204327598E1));
#3319=CARTESIAN_POINT('',(-1.446777129698E1,1.651660661782E2,
-1.342876838743E1));
#3320=CARTESIAN_POINT('',(-1.346959053571E1,1.658977637883E2,
-1.533992049264E1));
#3321=CARTESIAN_POINT('',(-1.391119382883E1,1.684041435055E2,
-1.733542616784E1));
#3322=CARTESIAN_POINT('',(-1.595199395037E1,1.709105232226E2,
-1.744584008096E1));
#3323=CARTESIAN_POINT('',(-1.767487282238E1,1.716422208327E2,
-1.614947763403E1));
#3324=CARTESIAN_POINT('',(-1.837009306161E1,1.715981139709E2,
-1.528569289281E1));
#3325=CARTESIAN_POINT('',(-1.843899818232E1,1.715892118200E2,
-1.519553280310E1));
#3326=CARTESIAN_POINT('',(-1.650934241901E1,1.640458149070E2,
-1.355853059522E1));
#3327=CARTESIAN_POINT('',(-1.643126182265E1,1.640372561143E2,
-1.364090677124E1));
#3328=CARTESIAN_POINT('',(-1.569058049874E1,1.639948504658E2,
-1.446612510212E1));
#3329=CARTESIAN_POINT('',(-1.472186471178E1,1.646983263053E2,
-1.640227349367E1));
#3330=CARTESIAN_POINT('',(-1.526439824294E1,1.671080342927E2,
-1.848340222437E1));
#3331=CARTESIAN_POINT('',(-1.740612860251E1,1.695177422802E2,
-1.867943919297E1));
#3332=CARTESIAN_POINT('',(-1.915847244882E1,1.702212181196E2,
-1.740807303239E1));
#3333=CARTESIAN_POINT('',(-1.985191653418E1,1.701788124711E2,
-1.654278151059E1));
#3334=CARTESIAN_POINT('',(-1.992046317121E1,1.701702536785E2,
-1.645231730521E1));
#3335=B_SPLINE_SURFACE_WITH_KNOTS('',3,3,((#3281,#3282,#3283,#3284,#3285,#3286,
#3287,#3288,#3289),(#3290,#3291,#3292,#3293,#3294,#3295,#3296,#3297,#3298),(
#3299,#3300,#3301,#3302,#3303,#3304,#3305,#3306,#3307),(#3308,#3309,#3310,#3311,
#3312,#3313,#3314,#3315,#3316),(#3317,#3318,#3319,#3320,#3321,#3322,#3323,#3324,
#3325),(#3326,#3327,#3328,#3329,#3330,#3331,#3332,#3333,#3334)),.UNSPECIFIED.,
.F.,.F.,.F.,(4,1,1,4),(4,1,1,1,1,1,4),(2.523786078761E-1,5.E-1,7.5E-1,
1.015172197892E0),(-1.429668883732E-2,0.E0,1.25E-1,2.5E-1,3.75E-1,5.E-1,
5.142966888373E-1),.UNSPECIFIED.);
#3337=ORIENTED_EDGE('',*,*,#3336,.T.);
#3339=ORIENTED_EDGE('',*,*,#3338,.F.);
#3341=ORIENTED_EDGE('',*,*,#3340,.F.);
#3342=ORIENTED_EDGE('',*,*,#3268,.F.);
#3344=ORIENTED_EDGE('',*,*,#3343,.F.);
#3346=ORIENTED_EDGE('',*,*,#3345,.T.);
#3347=EDGE_LOOP('',(#3337,#3339,#3341,#3342,#3344,#3346));
#3348=FACE_OUTER_BOUND('',#3347,.F.);
#3350=CARTESIAN_POINT('',(-4.322241938847E0,1.760072006219E2,
-8.049251689067E0));
#3351=CARTESIAN_POINT('',(-4.558517696554E0,1.760960839285E2,
-7.799087993199E0));
#3352=CARTESIAN_POINT('',(-4.698638917234E0,1.764165721963E2,
-7.736146239763E0));
#3353=CARTESIAN_POINT('',(-4.633956589643E0,1.767201610713E2,
-7.909231022693E0));
#3354=CARTESIAN_POINT('',(-4.569274262052E0,1.770237499463E2,
-8.082315805622E0));
#3355=CARTESIAN_POINT('',(-4.349942609110E0,1.770750387453E2,
-8.357218398820E0));
#3356=CARTESIAN_POINT('',(-4.146029855393E0,1.768342584934E2,
-8.520781260592E0));
#3357=CARTESIAN_POINT('',(-4.525132988791E0,1.759522975556E2,
-8.221372075822E0));
#3358=CARTESIAN_POINT('',(-4.761846382484E0,1.760410624363E2,
-7.971579643818E0));
#3359=CARTESIAN_POINT('',(-4.903545595984E0,1.763611236934E2,
-7.909976563453E0));
#3360=CARTESIAN_POINT('',(-4.840358053487E0,1.766643080740E2,
-8.084329430955E0));
#3361=CARTESIAN_POINT('',(-4.777170510991E0,1.769674924547E2,
-8.258682298457E0));
#3362=CARTESIAN_POINT('',(-4.558091389545E0,1.770187129177E2,
-8.533799123850E0));
#3363=CARTESIAN_POINT('',(-4.352993102576E0,1.767782534755E2,
-8.696356251299E0));
#3364=CARTESIAN_POINT('',(-5.021236523535E0,1.758114676987E2,
-8.642236044480E0));
#3365=CARTESIAN_POINT('',(-5.259020012999E0,1.758999288094E2,
-8.393351415992E0));
#3366=CARTESIAN_POINT('',(-5.404577691106E0,1.762188947569E2,
-8.335021621013E0));
#3367=CARTESIAN_POINT('',(-5.345045155672E0,1.765210415838E2,
-8.512475173253E0));
#3368=CARTESIAN_POINT('',(-5.285512620239E0,1.768231884107E2,
-8.689928725493E0));
#3369=CARTESIAN_POINT('',(-5.067050981483E0,1.768742335877E2,
-8.965569385788E0));
#3370=CARTESIAN_POINT('',(-4.859053861088E0,1.766345970427E2,
-9.125667320396E0));
#3371=CARTESIAN_POINT('',(-5.850020820253E0,1.755490559982E2,
-9.345326071648E0));
#3372=CARTESIAN_POINT('',(-6.089591997689E0,1.756369510867E2,
-9.097958008800E0));
#3373=CARTESIAN_POINT('',(-6.241595577384E0,1.759538761171E2,
-9.045096523724E0));
#3374=CARTESIAN_POINT('',(-6.188169050295E0,1.762540896447E2,
-9.227730041005E0));
#3375=CARTESIAN_POINT('',(-6.134742523207E0,1.765543031723E2,
-9.410363558285E0));
#3376=CARTESIAN_POINT('',(-5.917312443530E0,1.766050217346E2,
-9.686879330214E0));
#3377=CARTESIAN_POINT('',(-5.704472569276E0,1.763669185142E2,
-9.842868967630E0));
#3378=CARTESIAN_POINT('',(-6.848756566965E0,1.751906957790E2,
-1.019259253945E1));
#3379=CARTESIAN_POINT('',(-7.090482017896E0,1.752778178843E2,
-9.947052030700E0));
#3380=CARTESIAN_POINT('',(-7.250253303330E0,1.755919557543E2,
-9.900780193102E0));
#3381=CARTESIAN_POINT('',(-7.204184889705E0,1.758895290889E2,
-1.008965588483E1));
#3382=CARTESIAN_POINT('',(-7.158116476079E0,1.761871024235E2,
-1.027853157655E1));
#3383=CARTESIAN_POINT('',(-6.941929488043E0,1.762373749473E2,
-1.055610191163E1));
#3384=CARTESIAN_POINT('',(-6.723253799073E0,1.760013656980E2,
-1.070714080004E1));
#3385=CARTESIAN_POINT('',(-7.961230234120E0,1.747371166109E2,
-1.113634731887E1));
#3386=CARTESIAN_POINT('',(-8.205355291224E0,1.748232603457E2,
-1.089284248962E1));
#3387=CARTESIAN_POINT('',(-8.373778883367E0,1.751338704863E2,
-1.085391074115E1));
#3388=CARTESIAN_POINT('',(-8.335906539077E0,1.754281021092E2,
-1.104973947802E1));
#3389=CARTESIAN_POINT('',(-8.298034194788E0,1.757223337320E2,
-1.124556821490E1));
#3390=CARTESIAN_POINT('',(-8.083231864068E0,1.757720417016E2,
-1.152431320873E1));
#3391=CARTESIAN_POINT('',(-7.858055766826E0,1.755386828070E2,
-1.166983754734E1));
#3392=CARTESIAN_POINT('',(-9.180460253109E0,1.741719589620E2,
-1.217066767336E1));
#3393=CARTESIAN_POINT('',(-9.427215189942E0,1.742568836516E2,
-1.192939387354E1));
#3394=CARTESIAN_POINT('',(-9.605121390496E0,1.745630982568E2,
-1.189850659135E1));
#3395=CARTESIAN_POINT('',(-9.576231635281E0,1.748531661215E2,
-1.210195560867E1));
#3396=CARTESIAN_POINT('',(-9.547341880066E0,1.751432339863E2,
-1.230540462599E1));
#3397=CARTESIAN_POINT('',(-9.334057082548E0,1.751922385237E2,
-1.258543700244E1));
#3398=CARTESIAN_POINT('',(-9.101756778041E0,1.749621819594E2,
-1.272491759839E1));
#3399=CARTESIAN_POINT('',(-1.050236682689E1,1.734755904527E2,
-1.329209255154E1));
#3400=CARTESIAN_POINT('',(-1.075197311666E1,1.735590130751E2,
-1.305323766584E1));
#3401=CARTESIAN_POINT('',(-1.094016049626E1,1.738598116474E2,
-1.303107230898E1));
#3402=CARTESIAN_POINT('',(-1.092100979213E1,1.741447490675E2,
-1.324278334313E1));
#3403=CARTESIAN_POINT('',(-1.090185908799E1,1.744296864876E2,
-1.345449437728E1));
#3404=CARTESIAN_POINT('',(-1.069021962172E1,1.744778242794E2,
-1.373592255220E1));
#3405=CARTESIAN_POINT('',(-1.045019515032E1,1.742518367369E2,
-1.386885043592E1));
#3406=CARTESIAN_POINT('',(-1.193231490989E1,1.726190686262E2,
-1.450517325543E1));
#3407=CARTESIAN_POINT('',(-1.218500559888E1,1.727006437306E2,
-1.426893498466E1));
#3408=CARTESIAN_POINT('',(-1.238431445543E1,1.729947806715E2,
-1.425620440876E1));
#3409=CARTESIAN_POINT('',(-1.237569879078E1,1.732734077289E2,
-1.447685272696E1));
#3410=CARTESIAN_POINT('',(-1.236708312612E1,1.735520347864E2,
-1.469750104516E1));
#3411=CARTESIAN_POINT('',(-1.215722346617E1,1.735991064952E2,
-1.498043909987E1));
#3412=CARTESIAN_POINT('',(-1.190884351861E1,1.733781237827E2,
-1.510627870893E1));
#3413=CARTESIAN_POINT('',(-1.347583360792E1,1.715657405867E2,
-1.581460033220E1));
#3414=CARTESIAN_POINT('',(-1.373185366491E1,1.716450436621E2,
-1.558118649919E1));
#3415=CARTESIAN_POINT('',(-1.394316729432E1,1.719309883036E2,
-1.557864004651E1));
#3416=CARTESIAN_POINT('',(-1.394592339075E1,1.722018550428E2,
-1.580893547569E1));
#3417=CARTESIAN_POINT('',(-1.394867948718E1,1.724727217821E2,
-1.603923090486E1));
#3418=CARTESIAN_POINT('',(-1.374074099280E1,1.725184824501E2,
-1.632379875617E1));
#3419=CARTESIAN_POINT('',(-1.348334195700E1,1.723036545461E2,
-1.644198711460E1));
#3420=CARTESIAN_POINT('',(-1.498269331171E1,1.703898973770E2,
-1.709292818410E1));
#3421=CARTESIAN_POINT('',(-1.524196367578E1,1.704666641580E2,
-1.686227169302E1));
#3422=CARTESIAN_POINT('',(-1.546499697713E1,1.707434636338E2,
-1.686966746947E1));
#3423=CARTESIAN_POINT('',(-1.547885475899E1,1.710056674331E2,
-1.710938088029E1));
#3424=CARTESIAN_POINT('',(-1.549271254085E1,1.712678712325E2,
-1.734909429110E1));
#3425=CARTESIAN_POINT('',(-1.528664957641E1,1.713121683693E2,
-1.763525323968E1));
#3426=CARTESIAN_POINT('',(-1.502044564229E1,1.711042111547E2,
-1.774597208535E1));
#3427=CARTESIAN_POINT('',(-1.595858448131E1,1.695298283774E2,
-1.792081465527E1));
#3428=CARTESIAN_POINT('',(-1.621995982092E1,1.696047399893E2,
-1.769194394178E1));
#3429=CARTESIAN_POINT('',(-1.645058312546E1,1.698748502453E2,
-1.770577867001E1));
#3430=CARTESIAN_POINT('',(-1.647163070294E1,1.701307175484E2,
-1.795159148877E1));
#3431=CARTESIAN_POINT('',(-1.649267828042E1,1.703865848516E2,
-1.819740430754E1));
#3432=CARTESIAN_POINT('',(-1.628782998696E1,1.704298114904E2,
-1.848459368211E1));
#3433=CARTESIAN_POINT('',(-1.601592375182E1,1.702268798326E2,
-1.859047498673E1));
#3434=CARTESIAN_POINT('',(-1.639470512246E1,1.691243638172E2,
-1.829079281602E1));
#3435=CARTESIAN_POINT('',(-1.665702118294E1,1.691984008418E2,
-1.806272013562E1));
#3436=CARTESIAN_POINT('',(-1.689103644320E1,1.694653575816E2,
-1.807943237066E1));
#3437=CARTESIAN_POINT('',(-1.691529711258E1,1.697182376539E2,
-1.832797097137E1));
#3438=CARTESIAN_POINT('',(-1.693955778197E1,1.699711177262E2,
-1.857650957208E1));
#3439=CARTESIAN_POINT('',(-1.673525230768E1,1.700138396974E2,
-1.886415945153E1));
#3440=CARTESIAN_POINT('',(-1.646079772081E1,1.698132772509E2,
-1.896787891172E1));
#3441=(BOUNDED_SURFACE()B_SPLINE_SURFACE(3,3,((#3350,#3351,#3352,#3353,#3354,
#3355,#3356),(#3357,#3358,#3359,#3360,#3361,#3362,#3363),(#3364,#3365,#3366,
#3367,#3368,#3369,#3370),(#3371,#3372,#3373,#3374,#3375,#3376,#3377),(#3378,
#3379,#3380,#3381,#3382,#3383,#3384),(#3385,#3386,#3387,#3388,#3389,#3390,
#3391),(#3392,#3393,#3394,#3395,#3396,#3397,#3398),(#3399,#3400,#3401,#3402,
#3403,#3404,#3405),(#3406,#3407,#3408,#3409,#3410,#3411,#3412),(#3413,#3414,
#3415,#3416,#3417,#3418,#3419),(#3420,#3421,#3422,#3423,#3424,#3425,#3426),(
#3427,#3428,#3429,#3430,#3431,#3432,#3433),(#3434,#3435,#3436,#3437,#3438,#3439,
#3440)),.UNSPECIFIED.,.F.,.F.,.F.)B_SPLINE_SURFACE_WITH_KNOTS((4,1,1,1,1,1,1,1,
1,1,4),(4,3,4),(8.020412710843E-3,1.382072761203E-2,2.223159354124E-2,
3.188929612077E-2,4.280731728338E-2,5.484341541658E-2,6.808682401854E-2,
8.268127518703E-2,9.884219739689E-2,1.167818746421E-1,1.317473041017E-1),(0.E0,
1.E0,2.E0),.UNSPECIFIED.)GEOMETRIC_REPRESENTATION_ITEM()RATIONAL_B_SPLINE_SURFACE(((1.240461234052E0,9.198462553162E-1,9.198462553162E-1,1.240461234052E0,
9.198462553162E-1,9.198462553162E-1,1.240461234052E0),(1.240461234052E0,
9.198462553162E-1,9.198462553162E-1,1.240461234052E0,9.198462553162E-1,
9.198462553162E-1,1.240461234052E0),(1.240461234052E0,9.198462553162E-1,
9.198462553162E-1,1.240461234052E0,9.198462553162E-1,9.198462553162E-1,
1.240461234052E0),(1.240461234052E0,9.198462553162E-1,9.198462553162E-1,
1.240461234052E0,9.198462553162E-1,9.198462553162E-1,1.240461234052E0),(
1.240461234052E0,9.198462553162E-1,9.198462553162E-1,1.240461234052E0,
9.198462553162E-1,9.198462553162E-1,1.240461234052E0),(1.240461234052E0,
9.198462553162E-1,9.198462553162E-1,1.240461234052E0,9.198462553162E-1,
9.198462553162E-1,1.240461234052E0),(1.240461234052E0,9.198462553162E-1,
9.198462553162E-1,1.240461234052E0,9.198462553162E-1,9.198462553162E-1,
1.240461234052E0),(1.240461234052E0,9.198462553162E-1,9.198462553162E-1,
1.240461234052E0,9.198462553162E-1,9.198462553162E-1,1.240461234052E0),(
1.240461234052E0,9.198462553162E-1,9.198462553162E-1,1.240461234052E0,
9.198462553162E-1,9.198462553162E-1,1.240461234052E0),(1.240461234052E0,
9.198462553162E-1,9.198462553162E-1,1.240461234052E0,9.198462553162E-1,
9.198462553162E-1,1.240461234052E0),(1.240461234052E0,9.198462553162E-1,
9.198462553162E-1,1.240461234052E0,9.198462553162E-1,9.198462553162E-1,
1.240461234052E0),(1.240461234052E0,9.198462553162E-1,9.198462553162E-1,
1.240461234052E0,9.198462553162E-1,9.198462553162E-1,1.240461234052E0),(
1.240461234052E0,9.198462553162E-1,9.198462553162E-1,1.240461234052E0,
9.198462553162E-1,9.198462553162E-1,1.240461234052E0)))REPRESENTATION_ITEM('')SURFACE());
#3443=ORIENTED_EDGE('',*,*,#3442,.F.);
#3444=ORIENTED_EDGE('',*,*,#3336,.F.);
#3446=ORIENTED_EDGE('',*,*,#3445,.T.);
#3448=ORIENTED_EDGE('',*,*,#3447,.T.);
#3449=EDGE_LOOP('',(#3443,#3444,#3446,#3448));
#3450=FACE_OUTER_BOUND('',#3449,.F.);
#3452=CARTESIAN_POINT('',(-1.635772254289E1,1.693755183159E2,
-1.777016144861E1));
#3453=CARTESIAN_POINT('',(-1.636256321427E1,1.693786950511E2,
-1.776886336988E1));
#3454=CARTESIAN_POINT('',(-1.639132236214E1,1.693979056048E2,
-1.776146648669E1));
#3455=CARTESIAN_POINT('',(-1.644595304640E1,1.694383110781E2,
-1.775107921325E1));
#3456=CARTESIAN_POINT('',(-1.652145399419E1,1.695044565390E2,
-1.774647129740E1));
#3457=CARTESIAN_POINT('',(-1.659948946598E1,1.695866879944E2,
-1.775497163491E1));
#3458=CARTESIAN_POINT('',(-1.667570880841E1,1.696862550541E2,
-1.778187183362E1));
#3459=CARTESIAN_POINT('',(-1.674272701869E1,1.698014888383E2,
-1.783245966104E1));
#3460=CARTESIAN_POINT('',(-1.679091609515E1,1.699259524452E2,
-1.790940157022E1));
#3461=CARTESIAN_POINT('',(-1.681185598676E1,1.700494571706E2,
-1.801040250064E1));
#3462=CARTESIAN_POINT('',(-1.680129558818E1,1.701617210683E2,
-1.812899473243E1));
#3463=CARTESIAN_POINT('',(-1.675904210657E1,1.702549919813E2,
-1.825731727691E1));
#3464=CARTESIAN_POINT('',(-1.668745923495E1,1.703240650728E2,
-1.838768884503E1));
#3465=CARTESIAN_POINT('',(-1.659061968194E1,1.703655482113E2,
-1.851280942550E1));
#3466=CARTESIAN_POINT('',(-1.647190841958E1,1.703778484072E2,
-1.862796013869E1));
#3467=CARTESIAN_POINT('',(-1.637781715647E1,1.703647233544E2,
-1.869651020864E1));
#3468=CARTESIAN_POINT('',(-1.632594324099E1,1.703512596589E2,
-1.872820415934E1));
#3469=CARTESIAN_POINT('',(-1.632159487183E1,1.703500890902E2,
-1.873081987048E1));
#3470=CARTESIAN_POINT('',(-1.635350118114E1,1.694765073258E2,
-1.797117816050E1));
#3471=CARTESIAN_POINT('',(-1.635690090366E1,1.694785898113E2,
-1.797039958968E1));
#3472=CARTESIAN_POINT('',(-1.637709164718E1,1.694911948087E2,
-1.796598385792E1));
#3473=CARTESIAN_POINT('',(-1.641536053652E1,1.695178394406E2,
-1.796003459859E1));
#3474=CARTESIAN_POINT('',(-1.646805134986E1,1.695617701452E2,
-1.795829891401E1));
#3475=CARTESIAN_POINT('',(-1.652228381669E1,1.696167387008E2,
-1.796533432492E1));
#3476=CARTESIAN_POINT('',(-1.657499012678E1,1.696837096393E2,
-1.798459983133E1));
#3477=CARTESIAN_POINT('',(-1.662101306579E1,1.697617163741E2,
-1.801951370451E1));
#3478=CARTESIAN_POINT('',(-1.665367566014E1,1.698465797981E2,
-1.807172134536E1));
#3479=CARTESIAN_POINT('',(-1.666717406639E1,1.699315368108E2,
-1.813958300973E1));
#3480=CARTESIAN_POINT('',(-1.665859705185E1,1.700096813561E2,
-1.821874210813E1));
#3481=CARTESIAN_POINT('',(-1.662781597146E1,1.700757454645E2,
-1.830398057140E1));
#3482=CARTESIAN_POINT('',(-1.657644060484E1,1.701261127858E2,
-1.839024397031E1));
#3483=CARTESIAN_POINT('',(-1.650725462077E1,1.701583049438E2,
-1.847274952128E1));
#3484=CARTESIAN_POINT('',(-1.642254536564E1,1.701710457034E2,
-1.854840924545E1));
#3485=CARTESIAN_POINT('',(-1.635539291254E1,1.701652127672E2,
-1.859322533961E1));
#3486=CARTESIAN_POINT('',(-1.631836034024E1,1.701576278347E2,
-1.861385487519E1));
#3487=CARTESIAN_POINT('',(-1.631525599674E1,1.701569625621E2,
-1.861555668252E1));
#3488=CARTESIAN_POINT('',(-1.646556068734E1,1.693812466061E2,
-1.814144960625E1));
#3489=CARTESIAN_POINT('',(-1.646866305621E1,1.693829926092E2,
-1.814067853912E1));
#3490=CARTESIAN_POINT('',(-1.648709754409E1,1.693935894715E2,
-1.813628470687E1));
#3491=CARTESIAN_POINT('',(-1.652214338873E1,1.694163127523E2,
-1.813012212172E1));
#3492=CARTESIAN_POINT('',(-1.657057562648E1,1.694545040177E2,
-1.812749111953E1));
#3493=CARTESIAN_POINT('',(-1.662052832888E1,1.695030236433E2,
-1.813285793851E1));
#3494=CARTESIAN_POINT('',(-1.666904221956E1,1.695628223894E2,
-1.814950167235E1));
#3495=CARTESIAN_POINT('',(-1.671114807255E1,1.696330211601E2,
-1.818066703248E1));
#3496=CARTESIAN_POINT('',(-1.674042800949E1,1.697096733663E2,
-1.822790018416E1));
#3497=CARTESIAN_POINT('',(-1.675133730910E1,1.697863189437E2,
-1.828955804345E1));
#3498=CARTESIAN_POINT('',(-1.674119615540E1,1.698563070295E2,
-1.836129474478E1));
#3499=CARTESIAN_POINT('',(-1.671015082967E1,1.699145690627E2,
-1.843782996820E1));
#3500=CARTESIAN_POINT('',(-1.666021107418E1,1.699577640904E2,
-1.851402078891E1));
#3501=CARTESIAN_POINT('',(-1.659466645351E1,1.699838991529E2,
-1.858513751699E1));
#3502=CARTESIAN_POINT('',(-1.651637695850E1,1.699923453268E2,
-1.864822768324E1));
#3503=CARTESIAN_POINT('',(-1.645592752690E1,1.699854277349E2,
-1.868397155213E1));
#3504=CARTESIAN_POINT('',(-1.642309436882E1,1.699780550123E2,
-1.869992618601E1));
#3505=CARTESIAN_POINT('',(-1.642034539676E1,1.699774130916E2,
-1.870123847472E1));
#3506=CARTESIAN_POINT('',(-1.657662607766E1,1.691894305044E2,
-1.810277956024E1));
#3507=CARTESIAN_POINT('',(-1.658088588119E1,1.691919499353E2,
-1.810149613967E1));
#3508=CARTESIAN_POINT('',(-1.660621425748E1,1.692072376816E2,
-1.809414203625E1));
#3509=CARTESIAN_POINT('',(-1.665454885941E1,1.692399829603E2,
-1.808333803979E1));
#3510=CARTESIAN_POINT('',(-1.672173085879E1,1.692949166682E2,
-1.807698115861E1));
#3511=CARTESIAN_POINT('',(-1.679140599068E1,1.693645504097E2,
-1.808222197194E1));
#3512=CARTESIAN_POINT('',(-1.685943561801E1,1.694501068931E2,
-1.810400064812E1));
#3513=CARTESIAN_POINT('',(-1.691880196542E1,1.695500881477E2,
-1.814726591288E1));
#3514=CARTESIAN_POINT('',(-1.696038316283E1,1.696585114857E2,
-1.821449036661E1));
#3515=CARTESIAN_POINT('',(-1.697626534346E1,1.697657801717E2,
-1.830337242457E1));
#3516=CARTESIAN_POINT('',(-1.696264946479E1,1.698621107686E2,
-1.840746531569E1));
#3517=CARTESIAN_POINT('',(-1.691987979102E1,1.699401406558E2,
-1.851878644699E1));
#3518=CARTESIAN_POINT('',(-1.685110132537E1,1.699952029731E2,
-1.862948165701E1));
#3519=CARTESIAN_POINT('',(-1.676137502271E1,1.700248538303E2,
-1.873235465071E1));
#3520=CARTESIAN_POINT('',(-1.665520449187E1,1.700287647334E2,
-1.882295126089E1));
#3521=CARTESIAN_POINT('',(-1.657420729951E1,1.700135208513E2,
-1.887377912012E1));
#3522=CARTESIAN_POINT('',(-1.653053676315E1,1.700004716990E2,
-1.889634084689E1));
#3523=CARTESIAN_POINT('',(-1.652688259715E1,1.699993467472E2,
-1.889819564978E1));
#3524=CARTESIAN_POINT('',(-1.668769146799E1,1.689976144026E2,
-1.806410951423E1));
#3525=CARTESIAN_POINT('',(-1.669310870616E1,1.690009072613E2,
-1.806231374022E1));
#3526=CARTESIAN_POINT('',(-1.672533097086E1,1.690208858916E2,
-1.805199936563E1));
#3527=CARTESIAN_POINT('',(-1.678695433008E1,1.690636531683E2,
-1.803655395786E1));
#3528=CARTESIAN_POINT('',(-1.687288609111E1,1.691353293186E2,
-1.802647119770E1));
#3529=CARTESIAN_POINT('',(-1.696228365249E1,1.692260771762E2,
-1.803158600537E1));
#3530=CARTESIAN_POINT('',(-1.704982901647E1,1.693373913968E2,
-1.805849962390E1));
#3531=CARTESIAN_POINT('',(-1.712645585830E1,1.694671551352E2,
-1.811386479328E1));
#3532=CARTESIAN_POINT('',(-1.718033831617E1,1.696073496050E2,
-1.820108054905E1));
#3533=CARTESIAN_POINT('',(-1.720119337781E1,1.697452413997E2,
-1.831718680570E1));
#3534=CARTESIAN_POINT('',(-1.718410277417E1,1.698679145077E2,
-1.845363588660E1));
#3535=CARTESIAN_POINT('',(-1.712960875236E1,1.699657122489E2,
-1.859974292577E1));
#3536=CARTESIAN_POINT('',(-1.704199157657E1,1.700326418559E2,
-1.874494252511E1));
#3537=CARTESIAN_POINT('',(-1.692808359191E1,1.700658085077E2,
-1.887957178443E1));
#3538=CARTESIAN_POINT('',(-1.679403202524E1,1.700651841400E2,
-1.899767483854E1));
#3539=CARTESIAN_POINT('',(-1.669248707211E1,1.700416139677E2,
-1.906358668812E1));
#3540=CARTESIAN_POINT('',(-1.663797915749E1,1.700228883857E2,
-1.909275550777E1));
#3541=CARTESIAN_POINT('',(-1.663341979755E1,1.700212804028E2,
-1.909515282484E1));
#3542=CARTESIAN_POINT('',(-1.668152814264E1,1.689099865326E2,
-1.785696780517E1));
#3543=CARTESIAN_POINT('',(-1.668834629976E1,1.689143533047E2,
-1.785467601999E1));
#3544=CARTESIAN_POINT('',(-1.672889785290E1,1.689408126307E2,
-1.784151725178E1));
#3545=CARTESIAN_POINT('',(-1.680641452828E1,1.689970568122E2,
-1.782185977925E1));
#3546=CARTESIAN_POINT('',(-1.691448197445E1,1.690904356168E2,
-1.780911986772E1));
#3547=CARTESIAN_POINT('',(-1.702696380771E1,1.692077638265E2,
-1.781578312622E1));
#3548=CARTESIAN_POINT('',(-1.713730902564E1,1.693508091592E2,
-1.785021446900E1));
#3549=CARTESIAN_POINT('',(-1.723431010933E1,1.695167772081E2,
-1.792086490184E1));
#3550=CARTESIAN_POINT('',(-1.730330395937E1,1.696954753344E2,
-1.803211601290E1));
#3551=CARTESIAN_POINT('',(-1.733148956065E1,1.698708764111E2,
-1.818038320367E1));
#3552=CARTESIAN_POINT('',(-1.731265009197E1,1.700268224555E2,
-1.835510494847E1));
#3553=CARTESIAN_POINT('',(-1.724724164249E1,1.701512700897E2,
-1.854308212836E1));
#3554=CARTESIAN_POINT('',(-1.714022693736E1,1.702366869522E2,
-1.873125279065E1));
#3555=CARTESIAN_POINT('',(-1.699962137203E1,1.702792628618E2,
-1.890754913721E1));
#3556=CARTESIAN_POINT('',(-1.683256664961E1,1.702786088898E2,
-1.906444798725E1));
#3557=CARTESIAN_POINT('',(-1.670472724884E1,1.702481846055E2,
-1.915381401282E1));
#3558=CARTESIAN_POINT('',(-1.663568693539E1,1.702238345766E2,
-1.919395731948E1));
#3559=CARTESIAN_POINT('',(-1.662990913966E1,1.702217426919E2,
-1.919726141965E1));
#3560=CARTESIAN_POINT('',(-1.656458628069E1,1.690182531439E2,
-1.769813693913E1));
#3561=CARTESIAN_POINT('',(-1.657158272047E1,1.690228704194E2,
-1.769588458159E1));
#3562=CARTESIAN_POINT('',(-1.661318201160E1,1.690508179324E2,
-1.768297407479E1));
#3563=CARTESIAN_POINT('',(-1.669256353855E1,1.691098897782E2,
-1.766394198689E1));
#3564=CARTESIAN_POINT('',(-1.680298666835E1,1.692072187088E2,
-1.765239447221E1));
#3565=CARTESIAN_POINT('',(-1.691775595497E1,1.693287760509E2,
-1.766066011914E1));
#3566=CARTESIAN_POINT('',(-1.703032413856E1,1.694763179278E2,
-1.769712435362E1));
#3567=CARTESIAN_POINT('',(-1.712949071098E1,1.696470227810E2,
-1.777024873802E1));
#3568=CARTESIAN_POINT('',(-1.720059137776E1,1.698306613934E2,
-1.788442524794E1));
#3569=CARTESIAN_POINT('',(-1.723079345942E1,1.700112028852E2,
-1.803613233877E1));
#3570=CARTESIAN_POINT('',(-1.721376124642E1,1.701725307648E2,
-1.821498926994E1));
#3571=CARTESIAN_POINT('',(-1.714967069701E1,1.703026200976E2,
-1.840810196107E1));
#3572=CARTESIAN_POINT('',(-1.704299997321E1,1.703937964914E2,
-1.860273933623E1));
#3573=CARTESIAN_POINT('',(-1.690112106898E1,1.704418279382E2,
-1.878700723330E1));
#3574=CARTESIAN_POINT('',(-1.673048026072E1,1.704456810106E2,
-1.895338979999E1));
#3575=CARTESIAN_POINT('',(-1.659811797021E1,1.704170479088E2,
-1.905003440609E1));
#3576=CARTESIAN_POINT('',(-1.652605900365E1,1.703930116358E2,
-1.909403433190E1));
#3577=CARTESIAN_POINT('',(-1.652002467454E1,1.703909414022E2,
-1.909766049744E1));
#3578=(BOUNDED_SURFACE()B_SPLINE_SURFACE(3,3,((#3452,#3453,#3454,#3455,#3456,
#3457,#3458,#3459,#3460,#3461,#3462,#3463,#3464,#3465,#3466,#3467,#3468,#3469),(
#3470,#3471,#3472,#3473,#3474,#3475,#3476,#3477,#3478,#3479,#3480,#3481,#3482,
#3483,#3484,#3485,#3486,#3487),(#3488,#3489,#3490,#3491,#3492,#3493,#3494,#3495,
#3496,#3497,#3498,#3499,#3500,#3501,#3502,#3503,#3504,#3505),(#3506,#3507,#3508,
#3509,#3510,#3511,#3512,#3513,#3514,#3515,#3516,#3517,#3518,#3519,#3520,#3521,
#3522,#3523),(#3524,#3525,#3526,#3527,#3528,#3529,#3530,#3531,#3532,#3533,#3534,
#3535,#3536,#3537,#3538,#3539,#3540,#3541),(#3542,#3543,#3544,#3545,#3546,#3547,
#3548,#3549,#3550,#3551,#3552,#3553,#3554,#3555,#3556,#3557,#3558,#3559),(#3560,
#3561,#3562,#3563,#3564,#3565,#3566,#3567,#3568,#3569,#3570,#3571,#3572,#3573,
#3574,#3575,#3576,#3577)),.UNSPECIFIED.,.F.,.F.,.F.)B_SPLINE_SURFACE_WITH_KNOTS(
(4,3,4),(4,1,1,1,1,1,1,1,1,1,1,1,1,1,1,4),(0.E0,1.E0,2.E0),(3.273335608099E-1,
3.331197384461E-1,3.618239646717E-1,3.942954273955E-1,4.310411326968E-1,
4.725892407844E-1,5.191610827687E-1,5.697200955838E-1,6.223064838171E-1,
6.755098477531E-1,7.286931477925E-1,7.816136389074E-1,8.341800814588E-1,
8.861330969733E-1,9.400295782866E-1,9.449458987112E-1),.UNSPECIFIED.)GEOMETRIC_REPRESENTATION_ITEM()RATIONAL_B_SPLINE_SURFACE(((1.354344652799E0,
1.354344652799E0,1.354344652799E0,1.354344652799E0,1.354344652799E0,
1.354344652799E0,1.354344652799E0,1.354344652799E0,1.354344652799E0,
1.354344652799E0,1.354344652799E0,1.354344652799E0,1.354344652799E0,
1.354344652799E0,1.354344652799E0,1.354344652799E0,1.354344652799E0,
1.354344652799E0),(8.818851157335E-1,8.818851157335E-1,8.818851157335E-1,
8.818851157335E-1,8.818851157335E-1,8.818851157335E-1,8.818851157335E-1,
8.818851157335E-1,8.818851157335E-1,8.818851157335E-1,8.818851157335E-1,
8.818851157335E-1,8.818851157335E-1,8.818851157335E-1,8.818851157335E-1,
8.818851157335E-1,8.818851157335E-1,8.818851157335E-1),(8.818851157335E-1,
8.818851157335E-1,8.818851157335E-1,8.818851157335E-1,8.818851157335E-1,
8.818851157335E-1,8.818851157335E-1,8.818851157335E-1,8.818851157335E-1,
8.818851157335E-1,8.818851157335E-1,8.818851157335E-1,8.818851157335E-1,
8.818851157335E-1,8.818851157335E-1,8.818851157335E-1,8.818851157335E-1,
8.818851157335E-1),(1.354344652799E0,1.354344652799E0,1.354344652799E0,
1.354344652799E0,1.354344652799E0,1.354344652799E0,1.354344652799E0,
1.354344652799E0,1.354344652799E0,1.354344652799E0,1.354344652799E0,
1.354344652799E0,1.354344652799E0,1.354344652799E0,1.354344652799E0,
1.354344652799E0,1.354344652799E0,1.354344652799E0),(8.818851157335E-1,
8.818851157335E-1,8.818851157335E-1,8.818851157335E-1,8.818851157335E-1,
8.818851157335E-1,8.818851157335E-1,8.818851157335E-1,8.818851157335E-1,
8.818851157335E-1,8.818851157335E-1,8.818851157335E-1,8.818851157335E-1,
8.818851157335E-1,8.818851157335E-1,8.818851157335E-1,8.818851157335E-1,
8.818851157335E-1),(8.818851157335E-1,8.818851157335E-1,8.818851157335E-1,
8.818851157335E-1,8.818851157335E-1,8.818851157335E-1,8.818851157335E-1,
8.818851157335E-1,8.818851157335E-1,8.818851157335E-1,8.818851157335E-1,
8.818851157335E-1,8.818851157335E-1,8.818851157335E-1,8.818851157335E-1,
8.818851157335E-1,8.818851157335E-1,8.818851157335E-1),(1.354344652799E0,
1.354344652799E0,1.354344652799E0,1.354344652799E0,1.354344652799E0,
1.354344652799E0,1.354344652799E0,1.354344652799E0,1.354344652799E0,
1.354344652799E0,1.354344652799E0,1.354344652799E0,1.354344652799E0,
1.354344652799E0,1.354344652799E0,1.354344652799E0,1.354344652799E0,
1.354344652799E0)))REPRESENTATION_ITEM('')SURFACE());
#3579=ORIENTED_EDGE('',*,*,#3442,.T.);
#3581=ORIENTED_EDGE('',*,*,#3580,.T.);
#3583=ORIENTED_EDGE('',*,*,#3582,.F.);
#3584=ORIENTED_EDGE('',*,*,#3338,.T.);
#3585=EDGE_LOOP('',(#3579,#3581,#3583,#3584));
#3586=FACE_OUTER_BOUND('',#3585,.F.);
#3588=CARTESIAN_POINT('',(0.E0,1.702725612314E2,0.E0));
#3589=DIRECTION('',(0.E0,-1.E0,0.E0));
#3590=DIRECTION('',(-8.311086932646E-1,0.E0,5.561100070849E-1));
#3591=AXIS2_PLACEMENT_3D('',#3588,#3589,#3590);
#3592=TOROIDAL_SURFACE('',#3591,2.509173450615E1,2.5E-1);
#3594=ORIENTED_EDGE('',*,*,#3593,.T.);
#3596=ORIENTED_EDGE('',*,*,#3595,.T.);
#3598=ORIENTED_EDGE('',*,*,#3597,.F.);
#3599=ORIENTED_EDGE('',*,*,#3580,.F.);
#3600=EDGE_LOOP('',(#3594,#3596,#3598,#3599));
#3601=FACE_OUTER_BOUND('',#3600,.F.);
#3603=CARTESIAN_POINT('',(0.E0,1.348002982887E2,0.E0));
#3604=DIRECTION('',(0.E0,-1.E0,0.E0));
#3605=DIRECTION('',(7.625640061584E-1,0.E0,-6.469127734956E-1));
#3606=AXIS2_PLACEMENT_3D('',#3603,#3604,#3605);
#3607=SPHERICAL_SURFACE('',#3606,4.319970171130E1);
#3608=ORIENTED_EDGE('',*,*,#3593,.F.);
#3609=ORIENTED_EDGE('',*,*,#3447,.F.);
#3611=ORIENTED_EDGE('',*,*,#3610,.F.);
#3613=ORIENTED_EDGE('',*,*,#3612,.F.);
#3615=ORIENTED_EDGE('',*,*,#3614,.F.);
#3617=ORIENTED_EDGE('',*,*,#3616,.F.);
#3618=EDGE_LOOP('',(#3608,#3609,#3611,#3613,#3615,#3617));
#3619=FACE_OUTER_BOUND('',#3618,.F.);
#3621=CARTESIAN_POINT('',(0.E0,1.348002982887E2,0.E0));
#3622=DIRECTION('',(0.E0,-1.E0,0.E0));
#3623=DIRECTION('',(7.625640061584E-1,0.E0,-6.469127734956E-1));
#3624=AXIS2_PLACEMENT_3D('',#3621,#3622,#3623);
#3625=SPHERICAL_SURFACE('',#3624,4.319970171130E1);
#3627=ORIENTED_EDGE('',*,*,#3626,.F.);
#3629=ORIENTED_EDGE('',*,*,#3628,.F.);
#3631=ORIENTED_EDGE('',*,*,#3630,.F.);
#3633=ORIENTED_EDGE('',*,*,#3632,.F.);
#3635=ORIENTED_EDGE('',*,*,#3634,.F.);
#3637=ORIENTED_EDGE('',*,*,#3636,.F.);
#3638=EDGE_LOOP('',(#3627,#3629,#3631,#3633,#3635,#3637));
#3639=FACE_OUTER_BOUND('',#3638,.F.);
#3641=CARTESIAN_POINT('',(-3.342321339057E0,1.760705277204E2,
-8.190137973372E0));
#3642=CARTESIAN_POINT('',(-3.136816483992E0,1.762030681685E2,
-7.932230078844E0));
#3643=CARTESIAN_POINT('',(-3.062994361728E0,1.765444670873E2,
-7.866614412775E0));
#3644=CARTESIAN_POINT('',(-3.178095473956E0,1.768300091748E2,
-8.044168320997E0));
#3645=CARTESIAN_POINT('',(-3.293196586184E0,1.771155512622E2,
-8.221722229220E0));
#3646=CARTESIAN_POINT('',(-3.507973357693E0,1.771238317166E2,
-8.504773229936E0));
#3647=CARTESIAN_POINT('',(-3.655891289400E0,1.768484300051E2,
-8.673848070578E0));
#3648=CARTESIAN_POINT('',(-3.358254306307E0,1.760716433901E2,
-8.178014404671E0));
#3649=CARTESIAN_POINT('',(-3.159915746733E0,1.762046841669E2,
-7.914660691358E0));
#3650=CARTESIAN_POINT('',(-3.089564221883E0,1.765463254143E2,
-7.846407538565E0));
#3651=CARTESIAN_POINT('',(-3.201749187308E0,1.768316639325E2,
-8.026177357459E0));
#3652=CARTESIAN_POINT('',(-3.313934152732E0,1.771170024507E2,
-8.205947176353E0));
#3653=CARTESIAN_POINT('',(-3.521669167158E0,1.771247912825E2,
-8.494349303180E0));
#3654=CARTESIAN_POINT('',(-3.663879798159E0,1.768489910912E2,
-8.667761307134E0));
#3655=CARTESIAN_POINT('',(-3.421557539639E0,1.760752979159E2,
-8.133484401157E0));
#3656=CARTESIAN_POINT('',(-3.250827820614E0,1.762099125004E2,
-7.850803382627E0));
#3657=CARTESIAN_POINT('',(-3.193860094051E0,1.765523169859E2,
-7.773179573886E0));
#3658=CARTESIAN_POINT('',(-3.294826230775E0,1.768370163698E2,
-7.960801243967E0));
#3659=CARTESIAN_POINT('',(-3.395792367499E0,1.771217157537E2,
-8.148422914047E0));
#3660=CARTESIAN_POINT('',(-3.576404827913E0,1.771279586534E2,
-8.455811198430E0));
#3661=CARTESIAN_POINT('',(-3.696619577406E0,1.768509044236E2,
-8.644622101144E0));
#3662=CARTESIAN_POINT('',(-3.536577405035E0,1.760773280626E2,
-8.074016767044E0));
#3663=CARTESIAN_POINT('',(-3.410436768691E0,1.762126487411E2,
-7.768656112857E0));
#3664=CARTESIAN_POINT('',(-3.375170749042E0,1.765553982979E2,
-7.679987499576E0));
#3665=CARTESIAN_POINT('',(-3.458124057883E0,1.768398141676E2,
-7.876763162340E0));
#3666=CARTESIAN_POINT('',(-3.541077366723E0,1.771242300374E2,
-8.073538825104E0));
#3667=CARTESIAN_POINT('',(-3.677929325248E0,1.771297806697E2,
-8.403182038786E0));
#3668=CARTESIAN_POINT('',(-3.762567097318E0,1.768521621925E2,
-8.610092688528E0));
#3669=CARTESIAN_POINT('',(-3.685484316071E0,1.760736680394E2,
-8.025883669046E0));
#3670=CARTESIAN_POINT('',(-3.610923397128E0,1.762076860705E2,
-7.704008893883E0));
#3671=CARTESIAN_POINT('',(-3.600868716473E0,1.765497995948E2,
-7.607265344341E0));
#3672=CARTESIAN_POINT('',(-3.663116513870E0,1.768347392166E2,
-7.810666432947E0));
#3673=CARTESIAN_POINT('',(-3.725364311267E0,1.771196788384E2,
-8.014067521553E0));
#3674=CARTESIAN_POINT('',(-3.811648632788E0,1.771265068983E2,
-8.359899273160E0));
#3675=CARTESIAN_POINT('',(-3.855065985274E0,1.768499290271E2,
-8.580009237593E0));
#3676=CARTESIAN_POINT('',(-3.824480585459E0,1.760657702204E2,
-8.001344389707E0));
#3677=CARTESIAN_POINT('',(-3.795774184081E0,1.761971764492E2,
-7.671402958335E0));
#3678=CARTESIAN_POINT('',(-3.808177226288E0,1.765380109463E2,
-7.570708090325E0));
#3679=CARTESIAN_POINT('',(-3.852072590049E0,1.768239960533E2,
-7.777336987818E0));
#3680=CARTESIAN_POINT('',(-3.895967953810E0,1.771099811603E2,
-7.983965885311E0));
#3681=CARTESIAN_POINT('',(-3.937319870896E0,1.771193685652E2,
-8.337701781390E0));
#3682=CARTESIAN_POINT('',(-3.944064721254E0,1.768448794233E2,
-8.564263477733E0));
#3683=CARTESIAN_POINT('',(-3.952130565373E0,1.760550121045E2,
-7.994720008389E0));
#3684=CARTESIAN_POINT('',(-3.965844522245E0,1.761828522649E2,
-7.662536082623E0));
#3685=CARTESIAN_POINT('',(-3.999017036627E0,1.765219405917E2,
-7.560744101385E0));
#3686=CARTESIAN_POINT('',(-4.025926667474E0,1.768093533792E2,
-7.768271950998E0));
#3687=CARTESIAN_POINT('',(-4.052836298321E0,1.770967661667E2,
-7.975799800610E0));
#3688=CARTESIAN_POINT('',(-4.052617745061E0,1.771096481021E2,
-8.331733680952E0));
#3689=CARTESIAN_POINT('',(-4.025440470422E0,1.768380107372E2,
-8.560088111598E0));
#3690=CARTESIAN_POINT('',(-4.068153351807E0,1.760422778492E2,
-8.002170658818E0));
#3691=CARTESIAN_POINT('',(-4.122572541155E0,1.761656693158E2,
-7.672513994706E0));
#3692=CARTESIAN_POINT('',(-4.175631038536E0,1.765025839285E2,
-7.571958344556E0));
#3693=CARTESIAN_POINT('',(-4.186188127375E0,1.767917834449E2,
-7.778472963191E0));
#3694=CARTESIAN_POINT('',(-4.196745216215E0,1.770809829614E2,
-7.984987581825E0));
#3695=CARTESIAN_POINT('',(-4.156615097418E0,1.770982266676E2,
-8.338444312339E0));
#3696=CARTESIAN_POINT('',(-4.096914028042E0,1.768301440675E2,
-8.564778416960E0));
#3697=CARTESIAN_POINT('',(-4.172493492200E0,1.760281749173E2,
-8.021054198958E0));
#3698=CARTESIAN_POINT('',(-4.267048489432E0,1.761461693592E2,
-7.698532723275E0));
#3699=CARTESIAN_POINT('',(-4.339646729374E0,1.764804559909E2,
-7.601453034849E0));
#3700=CARTESIAN_POINT('',(-4.333996689260E0,1.767718342651E2,
-7.805089182962E0));
#3701=CARTESIAN_POINT('',(-4.328346649146E0,1.770632125392E2,
-8.008725331075E0));
#3702=CARTESIAN_POINT('',(-4.248829280386E0,1.770857523675E2,
-8.355181079170E0));
#3703=CARTESIAN_POINT('',(-4.157101088393E0,1.768219767249E2,
-8.575820140101E0));
#3704=CARTESIAN_POINT('',(-4.264718593572E0,1.760132257097E2,
-8.049286132647E0));
#3705=CARTESIAN_POINT('',(-4.399255965834E0,1.761247753822E2,
-7.738835103154E0));
#3706=CARTESIAN_POINT('',(-4.491239988080E0,1.764559366503E2,
-7.647610506023E0));
#3707=CARTESIAN_POINT('',(-4.469347709690E0,1.767499323239E2,
-7.846346445695E0));
#3708=CARTESIAN_POINT('',(-4.447455431301E0,1.770439279975E2,
-8.045082385366E0));
#3709=CARTESIAN_POINT('',(-4.328661777403E0,1.770727984984E2,
-8.379682169119E0));
#3710=CARTESIAN_POINT('',(-4.205077461400E0,1.768141580985E2,
-8.590702436346E0));
#3711=CARTESIAN_POINT('',(-4.344823120066E0,1.759978507851E2,
-8.085042361215E0));
#3712=CARTESIAN_POINT('',(-4.519058329142E0,1.761018234669E2,
-7.792110739908E0));
#3713=CARTESIAN_POINT('',(-4.630212614378E0,1.764293251929E2,
-7.709349080468E0));
#3714=CARTESIAN_POINT('',(-4.592098707557E0,1.767264163238E2,
-7.900929459798E0));
#3715=CARTESIAN_POINT('',(-4.553984800737E0,1.770235074547E2,
-8.092509839128E0));
#3716=CARTESIAN_POINT('',(-4.396155620158E0,1.770598282438E2,
-8.409883872403E0));
#3717=CARTESIAN_POINT('',(-4.240989406928E0,1.768072161279E2,
-8.606964772480E0));
#3718=CARTESIAN_POINT('',(-4.413967604618E0,1.759821776721E2,
-8.127309115279E0));
#3719=CARTESIAN_POINT('',(-4.627416456772E0,1.760773106231E2,
-7.858114967515E0));
#3720=CARTESIAN_POINT('',(-4.757439648013E0,1.764005582448E2,
-7.786778137921E0));
#3721=CARTESIAN_POINT('',(-4.703219259950E0,1.767012794630E2,
-7.968612071705E0));
#3722=CARTESIAN_POINT('',(-4.648998871886E0,1.770020006811E2,
-8.150446005489E0));
#3723=CARTESIAN_POINT('',(-4.452576532682E0,1.770470210370E2,
-8.444459556977E0));
#3724=CARTESIAN_POINT('',(-4.266255005985E0,1.768014324613E2,
-8.622679285762E0));
#3725=CARTESIAN_POINT('',(-4.474062934040E0,1.759659186278E2,
-8.176665248830E0));
#3726=CARTESIAN_POINT('',(-4.726243356372E0,1.760506316150E2,
-7.938997794403E0));
#3727=CARTESIAN_POINT('',(-4.874848019490E0,1.763688796393E2,
-7.882788872075E0));
#3728=CARTESIAN_POINT('',(-4.804651226688E0,1.766738982348E2,
-8.051621987912E0));
#3729=CARTESIAN_POINT('',(-4.734454433886E0,1.769789168302E2,
-8.220455103750E0));
#3730=CARTESIAN_POINT('',(-4.499885663939E0,1.770341994201E2,
-8.483419739930E0));
#3731=CARTESIAN_POINT('',(-4.282825817325E0,1.767968807617E2,
-8.636617292079E0));
#3732=CARTESIAN_POINT('',(-4.526637045965E0,1.759484112913E2,
-8.235650877379E0));
#3733=CARTESIAN_POINT('',(-4.816808156990E0,1.760205490737E2,
-8.040241624414E0));
#3734=CARTESIAN_POINT('',(-4.983595748014E0,1.763327777018E2,
-8.004261549382E0));
#3735=CARTESIAN_POINT('',(-4.897675368681E0,1.766430000540E2,
-8.155609031284E0));
#3736=CARTESIAN_POINT('',(-4.811754989348E0,1.769532224061E2,
-8.306956513187E0));
#3737=CARTESIAN_POINT('',(-4.539747937823E0,1.770208969952E2,
-8.528279117173E0));
#3738=CARTESIAN_POINT('',(-4.292564163790E0,1.767935500191E2,
-8.647966809572E0));
#3739=CARTESIAN_POINT('',(-4.558616189473E0,1.759343305772E2,
-8.288115055083E0));
#3740=CARTESIAN_POINT('',(-4.874132379954E0,1.759953790651E2,
-8.133944996194E0));
#3741=CARTESIAN_POINT('',(-5.053029576584E0,1.763023087472E2,
-8.117671476712E0));
#3742=CARTESIAN_POINT('',(-4.956593733059E0,1.766171312203E2,
-8.251912725303E0));
#3743=CARTESIAN_POINT('',(-4.860157889534E0,1.769319536935E2,
-8.386153973895E0));
#3744=CARTESIAN_POINT('',(-4.563163828020E0,1.770105606099E2,
-8.566821457459E0));
#3745=CARTESIAN_POINT('',(-4.295896029084E0,1.767920014144E2,
-8.653828477307E0));
#3746=CARTESIAN_POINT('',(-4.573024508058E0,1.759261490148E2,
-8.320651938966E0));
#3747=CARTESIAN_POINT('',(-4.900236968116E0,1.759805504833E2,
-8.192921688162E0));
#3748=CARTESIAN_POINT('',(-5.084720152116E0,1.762843056802E2,
-8.189275252401E0));
#3749=CARTESIAN_POINT('',(-4.983428727823E0,1.766018876478E2,
-8.312540020086E0));
#3750=CARTESIAN_POINT('',(-4.882137303530E0,1.769194696155E2,
-8.435804787772E0));
#3751=CARTESIAN_POINT('',(-4.573611033357E0,1.770046303377E2,
-8.590403214847E0));
#3752=CARTESIAN_POINT('',(-4.297076289392E0,1.767913375425E2,
-8.656462135183E0));
#3753=CARTESIAN_POINT('',(-4.575970395296E0,1.759243631648E2,
-8.327851981144E0));
#3754=CARTESIAN_POINT('',(-4.905584844831E0,1.759773072356E2,
-8.205998730743E0));
#3755=CARTESIAN_POINT('',(-5.091215099654E0,1.762803664623E2,
-8.205158806094E0));
#3756=CARTESIAN_POINT('',(-4.988926407023E0,1.765985535314E2,
-8.325983471436E0));
#3757=CARTESIAN_POINT('',(-4.886637714392E0,1.769167406006E2,
-8.446808136779E0));
#3758=CARTESIAN_POINT('',(-4.575743102758E0,1.770033383100E2,
-8.595611864679E0));
#3759=CARTESIAN_POINT('',(-4.297305318583E0,1.767912001705E2,
-8.657014606756E0));
#3760=(BOUNDED_SURFACE()B_SPLINE_SURFACE(3,3,((#3641,#3642,#3643,#3644,#3645,
#3646,#3647),(#3648,#3649,#3650,#3651,#3652,#3653,#3654),(#3655,#3656,#3657,
#3658,#3659,#3660,#3661),(#3662,#3663,#3664,#3665,#3666,#3667,#3668),(#3669,
#3670,#3671,#3672,#3673,#3674,#3675),(#3676,#3677,#3678,#3679,#3680,#3681,
#3682),(#3683,#3684,#3685,#3686,#3687,#3688,#3689),(#3690,#3691,#3692,#3693,
#3694,#3695,#3696),(#3697,#3698,#3699,#3700,#3701,#3702,#3703),(#3704,#3705,
#3706,#3707,#3708,#3709,#3710),(#3711,#3712,#3713,#3714,#3715,#3716,#3717),(
#3718,#3719,#3720,#3721,#3722,#3723,#3724),(#3725,#3726,#3727,#3728,#3729,#3730,
#3731),(#3732,#3733,#3734,#3735,#3736,#3737,#3738),(#3739,#3740,#3741,#3742,
#3743,#3744,#3745),(#3746,#3747,#3748,#3749,#3750,#3751,#3752),(#3753,#3754,
#3755,#3756,#3757,#3758,#3759)),.UNSPECIFIED.,.F.,.F.,.F.)B_SPLINE_SURFACE_WITH_KNOTS((4,1,1,1,1,1,1,1,1,1,1,1,1,1,4),(4,3,4),(8.360158742582E-2,
1.211003764069E-1,2.282368924774E-1,3.242142358880E-1,4.108801082055E-1,
4.894530749975E-1,5.610888343089E-1,6.270015487292E-1,6.873970877187E-1,
7.419812989033E-1,7.922330122398E-1,8.404911371528E-1,8.890384510494E-1,
9.414629507206E-1,9.561307514174E-1),(0.E0,1.E0,2.E0),.UNSPECIFIED.)GEOMETRIC_REPRESENTATION_ITEM()RATIONAL_B_SPLINE_SURFACE(((1.240457826688E0,
9.198473911039E-1,9.198473911039E-1,1.240457826688E0,9.198473911039E-1,
9.198473911039E-1,1.240457826688E0),(1.240457826688E0,9.198473911039E-1,
9.198473911039E-1,1.240457826688E0,9.198473911039E-1,9.198473911039E-1,
1.240457826688E0),(1.240457826688E0,9.198473911039E-1,9.198473911039E-1,
1.240457826688E0,9.198473911039E-1,9.198473911039E-1,1.240457826688E0),(
1.240457826688E0,9.198473911039E-1,9.198473911039E-1,1.240457826688E0,
9.198473911039E-1,9.198473911039E-1,1.240457826688E0),(1.240457826688E0,
9.198473911039E-1,9.198473911039E-1,1.240457826688E0,9.198473911039E-1,
9.198473911039E-1,1.240457826688E0),(1.240457826688E0,9.198473911039E-1,
9.198473911039E-1,1.240457826688E0,9.198473911039E-1,9.198473911039E-1,
1.240457826688E0),(1.240457826688E0,9.198473911039E-1,9.198473911039E-1,
1.240457826688E0,9.198473911039E-1,9.198473911039E-1,1.240457826688E0),(
1.240457826688E0,9.198473911039E-1,9.198473911039E-1,1.240457826688E0,
9.198473911039E-1,9.198473911039E-1,1.240457826688E0),(1.240457826688E0,
9.198473911039E-1,9.198473911039E-1,1.240457826688E0,9.198473911039E-1,
9.198473911039E-1,1.240457826688E0),(1.240457826688E0,9.198473911039E-1,
9.198473911039E-1,1.240457826688E0,9.198473911039E-1,9.198473911039E-1,
1.240457826688E0),(1.240457826688E0,9.198473911039E-1,9.198473911039E-1,
1.240457826688E0,9.198473911039E-1,9.198473911039E-1,1.240457826688E0),(
1.240457826688E0,9.198473911039E-1,9.198473911039E-1,1.240457826688E0,
9.198473911039E-1,9.198473911039E-1,1.240457826688E0),(1.240457826688E0,
9.198473911039E-1,9.198473911039E-1,1.240457826688E0,9.198473911039E-1,
9.198473911039E-1,1.240457826688E0),(1.240457826688E0,9.198473911039E-1,
9.198473911039E-1,1.240457826688E0,9.198473911039E-1,9.198473911039E-1,
1.240457826688E0),(1.240457826688E0,9.198473911039E-1,9.198473911039E-1,
1.240457826688E0,9.198473911039E-1,9.198473911039E-1,1.240457826688E0),(
1.240457826688E0,9.198473911039E-1,9.198473911039E-1,1.240457826688E0,
9.198473911039E-1,9.198473911039E-1,1.240457826688E0),(1.240457826688E0,
9.198473911039E-1,9.198473911039E-1,1.240457826688E0,9.198473911039E-1,
9.198473911039E-1,1.240457826688E0)))REPRESENTATION_ITEM('')SURFACE());
#3762=ORIENTED_EDGE('',*,*,#3761,.F.);
#3764=ORIENTED_EDGE('',*,*,#3763,.T.);
#3765=ORIENTED_EDGE('',*,*,#3610,.T.);
#3766=ORIENTED_EDGE('',*,*,#3445,.F.);
#3767=EDGE_LOOP('',(#3762,#3764,#3765,#3766));
#3768=FACE_OUTER_BOUND('',#3767,.F.);
#3770=CARTESIAN_POINT('',(-5.366175521990E0,1.702854179420E2,
-4.323403159300E0));
#3771=CARTESIAN_POINT('',(-4.807083065138E0,1.706944719670E2,
-3.885680539012E0));
#3772=CARTESIAN_POINT('',(-4.260863106837E0,1.703123830257E2,
-3.409058153878E0));
#3773=CARTESIAN_POINT('',(-4.237990932248E0,1.694962361319E2,
-3.338968186056E0));
#3774=CARTESIAN_POINT('',(-5.327777850287E0,1.702823054656E2,
-4.370219620449E0));
#3775=CARTESIAN_POINT('',(-4.774943907429E0,1.706920789137E2,
-3.925167324354E0));
#3776=CARTESIAN_POINT('',(-4.226371810956E0,1.703100788965E2,
-3.451163434604E0));
#3777=CARTESIAN_POINT('',(-4.194735060109E0,1.694933073228E2,
-3.391192992497E0));
#3778=CARTESIAN_POINT('',(-5.169640524659E0,1.702761629906E2,
-4.559717430693E0));
#3779=CARTESIAN_POINT('',(-4.642406302990E0,1.706873796323E2,
-4.084533550561E0));
#3780=CARTESIAN_POINT('',(-4.084410969060E0,1.703055611840E2,
-3.621287445423E0));
#3781=CARTESIAN_POINT('',(-4.017134602234E0,1.694875398675E2,
-3.602910362161E0));
#3782=CARTESIAN_POINT('',(-4.864303822138E0,1.703150528942E2,
-4.900181856895E0));
#3783=CARTESIAN_POINT('',(-4.383939431739E0,1.707170904041E2,
-4.369137191641E0));
#3784=CARTESIAN_POINT('',(-3.810096232212E0,1.703340646176E2,
-3.926509658141E0));
#3785=CARTESIAN_POINT('',(-3.679065083061E0,1.695239360863E2,
-3.985961212443E0));
#3786=CARTESIAN_POINT('',(-4.444533561331E0,1.704672818248E2,
-5.319570992337E0));
#3787=CARTESIAN_POINT('',(-4.016425561798E0,1.708363734289E2,
-4.724199334429E0));
#3788=CARTESIAN_POINT('',(-3.421311814398E0,1.704498837610E2,
-4.313487250748E0));
#3789=CARTESIAN_POINT('',(-3.215361780335E0,1.696690105775E2,
-4.471269796840E0));
#3790=CARTESIAN_POINT('',(-4.030804475903E0,1.707132656241E2,
-5.695805689546E0));
#3791=CARTESIAN_POINT('',(-3.638154710111E0,1.710373049051E2,
-5.052593009703E0));
#3792=CARTESIAN_POINT('',(-3.014617707015E0,1.706520510850E2,
-4.684534426302E0));
#3793=CARTESIAN_POINT('',(-2.742926163627E0,1.699175469462E2,
-4.935602742721E0));
#3794=CARTESIAN_POINT('',(-3.674963701940E0,1.710083618015E2,
-6.004306446638E0));
#3795=CARTESIAN_POINT('',(-3.297498292085E0,1.712905556410E2,
-5.333511463714E0));
#3796=CARTESIAN_POINT('',(-2.638606719809E0,1.709191816285E2,
-5.015741904551E0));
#3797=CARTESIAN_POINT('',(-2.314062645769E0,1.702413110345E2,
-5.347972465631E0));
#3798=CARTESIAN_POINT('',(-3.391124969182E0,1.713173858956E2,
-6.254008883186E0));
#3799=CARTESIAN_POINT('',(-3.013811679522E0,1.715695205986E2,
-5.571529421605E0));
#3800=CARTESIAN_POINT('',(-2.316159235115E0,1.712275638743E2,
-5.307187023079E0));
#3801=CARTESIAN_POINT('',(-1.950165654506E0,1.706110947745E2,
-5.708025500668E0));
#3802=CARTESIAN_POINT('',(-3.167357460416E0,1.716359922827E2,
-6.468384874363E0));
#3803=CARTESIAN_POINT('',(-2.780782714231E0,1.718723952620E2,
-5.785542687218E0));
#3804=CARTESIAN_POINT('',(-2.042471427687E0,1.715791214880E2,
-5.578008192020E0));
#3805=CARTESIAN_POINT('',(-1.642419743926E0,1.710302528778E2,
-6.039734811756E0));
#3806=CARTESIAN_POINT('',(-2.988132496787E0,1.719880510042E2,
-6.677166283034E0));
#3807=CARTESIAN_POINT('',(-2.588976769875E0,1.722243902348E2,
-6.001552029842E0));
#3808=CARTESIAN_POINT('',(-1.813215681377E0,1.719994913351E2,
-5.850900343027E0));
#3809=CARTESIAN_POINT('',(-1.385844458671E0,1.715235358047E2,
-6.366004252241E0));
#3810=CARTESIAN_POINT('',(-2.857034423410E0,1.723941685472E2,
-6.896848854663E0));
#3811=CARTESIAN_POINT('',(-2.447201354369E0,1.726481203538E2,
-6.233977364949E0));
#3812=CARTESIAN_POINT('',(-1.640410173357E0,1.725171339133E2,
-6.140987424732E0));
#3813=CARTESIAN_POINT('',(-1.190655588793E0,1.721236239041E2,
-6.704783705891E0));
#3814=CARTESIAN_POINT('',(-2.797537808859E0,1.728664548403E2,
-7.136481364547E0));
#3815=CARTESIAN_POINT('',(-2.387569616792E0,1.731563390461E2,
-6.488318981661E0));
#3816=CARTESIAN_POINT('',(-1.564661517847E0,1.731491533813E2,
-6.450342856448E0));
#3817=CARTESIAN_POINT('',(-1.097870446110E0,1.728516132802E2,
-7.058043953771E0));
#3818=CARTESIAN_POINT('',(-2.845837195032E0,1.734065818009E2,
-7.398285118032E0));
#3819=CARTESIAN_POINT('',(-2.456376547839E0,1.737422728400E2,
-6.759399008894E0));
#3820=CARTESIAN_POINT('',(-1.643776320577E0,1.738841156978E2,
-6.765163459626E0));
#3821=CARTESIAN_POINT('',(-1.167460123511E0,1.736995497232E2,
-7.410191245563E0));
#3822=CARTESIAN_POINT('',(-3.038028897204E0,1.739948249004E2,
-7.671314064288E0));
#3823=CARTESIAN_POINT('',(-2.693340498959E0,1.743659983730E2,
-7.026276164402E0));
#3824=CARTESIAN_POINT('',(-1.925699529726E0,1.746673530806E2,
-7.052049341458E0));
#3825=CARTESIAN_POINT('',(-1.452512478804E0,1.746172549892E2,
-7.724547016951E0));
#3826=CARTESIAN_POINT('',(-3.384692093129E0,1.745918567218E2,
-7.922273129419E0));
#3827=CARTESIAN_POINT('',(-3.091692742077E0,1.749635945864E2,
-7.252537878020E0));
#3828=CARTESIAN_POINT('',(-2.393534594321E0,1.753997507361E2,
-7.264997252433E0));
#3829=CARTESIAN_POINT('',(-1.942688278490E0,1.754927111108E2,
-7.948007220597E0));
#3830=CARTESIAN_POINT('',(-3.838357141974E0,1.751562018966E2,
-8.111329636983E0));
#3831=CARTESIAN_POINT('',(-3.579705945477E0,1.754959973751E2,
-7.411137134435E0));
#3832=CARTESIAN_POINT('',(-2.949633247046E0,1.760229834917E2,
-7.388964524385E0));
#3833=CARTESIAN_POINT('',(-2.536979742657E0,1.762446601391E2,
-8.065533439697E0));
#3834=CARTESIAN_POINT('',(-4.331229255166E0,1.756450489749E2,
-8.222887676477E0));
#3835=CARTESIAN_POINT('',(-4.086676635423E0,1.759347042671E2,
-7.495566720728E0));
#3836=CARTESIAN_POINT('',(-3.516089174174E0,1.765211998149E2,
-7.429759625459E0));
#3837=CARTESIAN_POINT('',(-3.152715048391E0,1.768564203811E2,
-8.086967064917E0));
#3838=CARTESIAN_POINT('',(-4.704679282803E0,1.759551582603E2,
-8.253030179363E0));
#3839=CARTESIAN_POINT('',(-4.456826198989E0,1.762003034276E2,
-7.510937309114E0));
#3840=CARTESIAN_POINT('',(-3.923279229275E0,1.768147284667E2,
-7.410303464814E0));
#3841=CARTESIAN_POINT('',(-3.602669991513E0,1.772242163569E2,
-8.045177004794E0));
#3842=CARTESIAN_POINT('',(-4.904284407913E0,1.761054431663E2,
-8.253438438638E0));
#3843=CARTESIAN_POINT('',(-4.650543304629E0,1.763251284737E2,
-7.505849820456E0));
#3844=CARTESIAN_POINT('',(-4.135051590944E0,1.769508175341E2,
-7.386178500764E0));
#3845=CARTESIAN_POINT('',(-3.839567165928E0,1.773977664240E2,
-8.006264499534E0));
#3846=CARTESIAN_POINT('',(-4.934767593258E0,1.761280497944E2,
-8.253139695488E0));
#3847=CARTESIAN_POINT('',(-4.680029241751E0,1.763438178799E2,
-7.504767082063E0));
#3848=CARTESIAN_POINT('',(-4.167247852162E0,1.769711465848E2,
-7.382181620885E0));
#3849=CARTESIAN_POINT('',(-3.875648363267E0,1.774237596395E2,
-7.999946771785E0));
#3850=(BOUNDED_SURFACE()B_SPLINE_SURFACE(3,3,((#3770,#3771,#3772,#3773),(#3774,
#3775,#3776,#3777),(#3778,#3779,#3780,#3781),(#3782,#3783,#3784,#3785),(#3786,
#3787,#3788,#3789),(#3790,#3791,#3792,#3793),(#3794,#3795,#3796,#3797),(#3798,
#3799,#3800,#3801),(#3802,#3803,#3804,#3805),(#3806,#3807,#3808,#3809),(#3810,
#3811,#3812,#3813),(#3814,#3815,#3816,#3817),(#3818,#3819,#3820,#3821),(#3822,
#3823,#3824,#3825),(#3826,#3827,#3828,#3829),(#3830,#3831,#3832,#3833),(#3834,
#3835,#3836,#3837),(#3838,#3839,#3840,#3841),(#3842,#3843,#3844,#3845),(#3846,
#3847,#3848,#3849)),.UNSPECIFIED.,.F.,.F.,.F.)B_SPLINE_SURFACE_WITH_KNOTS((4,1,
1,1,1,1,1,1,1,1,1,1,1,1,1,1,1,4),(4,4),(1.448425570251E-2,2.299165149612E-2,
4.911911083344E-2,7.858441374298E-2,1.084762790946E-1,1.355608792845E-1,
1.591079889623E-1,1.812525851737E-1,2.041163169662E-1,2.292390630860E-1,
2.577113920745E-1,2.898487656058E-1,3.260004287101E-1,3.652153912105E-1,
4.031667131322E-1,4.374368366345E-1,4.681486054519E-1,4.736470456008E-1),(0.E0,
1.E0),.UNSPECIFIED.)GEOMETRIC_REPRESENTATION_ITEM()RATIONAL_B_SPLINE_SURFACE(((
1.304869743549E0,8.983767521504E-1,8.983767521504E-1,1.304869743549E0),(
1.304869743549E0,8.983767521504E-1,8.983767521504E-1,1.304869743549E0),(
1.304869743549E0,8.983767521504E-1,8.983767521504E-1,1.304869743549E0),(
1.304869743549E0,8.983767521504E-1,8.983767521504E-1,1.304869743549E0),(
1.304869743549E0,8.983767521504E-1,8.983767521504E-1,1.304869743549E0),(
1.304869743549E0,8.983767521504E-1,8.983767521504E-1,1.304869743549E0),(
1.304869743549E0,8.983767521504E-1,8.983767521504E-1,1.304869743549E0),(
1.304869743549E0,8.983767521504E-1,8.983767521504E-1,1.304869743549E0),(
1.304869743549E0,8.983767521504E-1,8.983767521504E-1,1.304869743549E0),(
1.304869743549E0,8.983767521504E-1,8.983767521504E-1,1.304869743549E0),(
1.304869743549E0,8.983767521504E-1,8.983767521504E-1,1.304869743549E0),(
1.304869743549E0,8.983767521504E-1,8.983767521504E-1,1.304869743549E0),(
1.304869743549E0,8.983767521504E-1,8.983767521504E-1,1.304869743549E0),(
1.304869743549E0,8.983767521504E-1,8.983767521504E-1,1.304869743549E0),(
1.304869743549E0,8.983767521504E-1,8.983767521504E-1,1.304869743549E0),(
1.304869743549E0,8.983767521504E-1,8.983767521504E-1,1.304869743549E0),(
1.304869743549E0,8.983767521504E-1,8.983767521504E-1,1.304869743549E0),(
1.304869743549E0,8.983767521504E-1,8.983767521504E-1,1.304869743549E0),(
1.304869743549E0,8.983767521504E-1,8.983767521504E-1,1.304869743549E0),(
1.304869743549E0,8.983767521504E-1,8.983767521504E-1,1.304869743549E0)))REPRESENTATION_ITEM('')SURFACE());
#3851=ORIENTED_EDGE('',*,*,#3761,.T.);
#3852=ORIENTED_EDGE('',*,*,#3345,.F.);
#3854=ORIENTED_EDGE('',*,*,#3853,.T.);
#3856=ORIENTED_EDGE('',*,*,#3855,.T.);
#3857=EDGE_LOOP('',(#3851,#3852,#3854,#3856));
#3858=FACE_OUTER_BOUND('',#3857,.F.);
#3860=CARTESIAN_POINT('',(-8.947130964397E0,1.761285215774E2,
-3.524031312843E0));
#3861=CARTESIAN_POINT('',(-8.167254318996E0,1.763443155917E2,
-3.394638248922E0));
#3862=CARTESIAN_POINT('',(-7.962748242113E0,1.769716363723E2,
-2.908673258041E0));
#3863=CARTESIAN_POINT('',(-8.524729647385E0,1.774242342915E2,
-2.520284845756E0));
#3864=CARTESIAN_POINT('',(-8.934215316677E0,1.760657362998E2,
-3.440359278366E0));
#3865=CARTESIAN_POINT('',(-8.156933719695E0,1.762923551172E2,
-3.313350747472E0));
#3866=CARTESIAN_POINT('',(-7.959149789879E0,1.769151507371E2,
-2.818709243553E0));
#3867=CARTESIAN_POINT('',(-8.525698397713E0,1.773521024268E2,
-2.418691727514E0));
#3868=CARTESIAN_POINT('',(-8.896320948676E0,1.759075941051E2,
-3.239311440188E0));
#3869=CARTESIAN_POINT('',(-8.126097556768E0,1.761597521807E2,
-3.116124803399E0));
#3870=CARTESIAN_POINT('',(-7.944313131545E0,1.767700895089E2,
-2.599754283112E0));
#3871=CARTESIAN_POINT('',(-8.520850538229E0,1.771682279952E2,
-2.172763241920E0));
#3872=CARTESIAN_POINT('',(-8.810228337976E0,1.756301701895E2,
-2.924741897236E0));
#3873=CARTESIAN_POINT('',(-8.053596495285E0,1.759202414542E2,
-2.800259740467E0));
#3874=CARTESIAN_POINT('',(-7.896070612555E0,1.765039856179E2,
-2.246022478339E0));
#3875=CARTESIAN_POINT('',(-8.484863237131E0,1.768358766767E2,
-1.779981051851E0));
#3876=CARTESIAN_POINT('',(-8.676522915091E0,1.752775284577E2,
-2.579529580321E0));
#3877=CARTESIAN_POINT('',(-7.937459331096E0,1.756051866891E2,
-2.443342652397E0));
#3878=CARTESIAN_POINT('',(-7.804789019366E0,1.761472240122E2,
-1.841692802931E0));
#3879=CARTESIAN_POINT('',(-8.402496268758E0,1.763970906862E2,
-1.336839423298E0));
#3880=CARTESIAN_POINT('',(-8.494082977070E0,1.748606958429E2,
-2.238713348817E0));
#3881=CARTESIAN_POINT('',(-7.774305118596E0,1.752188550495E2,
-2.078132038331E0));
#3882=CARTESIAN_POINT('',(-7.662834657122E0,1.756995094761E2,
-1.421624496505E0));
#3883=CARTESIAN_POINT('',(-8.263844001035E0,1.758534734949E2,
-8.827162336150E-1));
#3884=CARTESIAN_POINT('',(-8.255620545340E0,1.743677991495E2,
-1.923789590424E0));
#3885=CARTESIAN_POINT('',(-7.554131470590E0,1.747424470114E2,
-1.724131804139E0));
#3886=CARTESIAN_POINT('',(-7.455504360578E0,1.751321321044E2,
-1.006109414279E0));
#3887=CARTESIAN_POINT('',(-8.051909135894E0,1.751726823051E2,
-4.407353568167E-1));
#3888=CARTESIAN_POINT('',(-7.967032843089E0,1.738076251666E2,
-1.684270714946E0));
#3889=CARTESIAN_POINT('',(-7.275970421605E0,1.741705447823E2,
-1.432594484229E0));
#3890=CARTESIAN_POINT('',(-7.170589897830E0,1.744219665759E2,
-6.537251129237E-1));
#3891=CARTESIAN_POINT('',(-7.749372455152E0,1.743269295237E2,
-7.553882182548E-2));
#3892=CARTESIAN_POINT('',(-7.660037640468E0,1.732003977739E2,
-1.579786369781E0));
#3893=CARTESIAN_POINT('',(-6.962847441304E0,1.735195184016E2,
-1.288636860938E0));
#3894=CARTESIAN_POINT('',(-6.821857568985E0,1.736044522057E2,
-4.792933533657E-1));
#3895=CARTESIAN_POINT('',(-7.368827185206E0,1.733758260606E2,
9.188895998536E-2));
#3896=CARTESIAN_POINT('',(-7.373142813847E0,1.726099188131E2,
-1.630783732241E0));
#3897=CARTESIAN_POINT('',(-6.659069214456E0,1.728780510683E2,
-1.330089001081E0));
#3898=CARTESIAN_POINT('',(-6.461405655474E0,1.728012714264E2,
-5.329947392063E-1));
#3899=CARTESIAN_POINT('',(-6.964874517317E0,1.724513327096E2,
1.559113900713E-2));
#3900=CARTESIAN_POINT('',(-7.123289597628E0,1.720866711130E2,
-1.805697313644E0));
#3901=CARTESIAN_POINT('',(-6.393593377227E0,1.723242354794E2,
-1.517925654168E0));
#3902=CARTESIAN_POINT('',(-6.132230896947E0,1.721195300019E2,
-7.647313612763E-1));
#3903=CARTESIAN_POINT('',(-6.583453043280E0,1.716638579398E2,
-2.499965436157E-1));
#3904=CARTESIAN_POINT('',(-6.904585284871E0,1.716459814697E2,
-2.058308175842E0));
#3905=CARTESIAN_POINT('',(-6.167392574336E0,1.718808013122E2,
-1.788135961714E0));
#3906=CARTESIAN_POINT('',(-5.844081413024E0,1.715880920144E2,
-1.091565016272E0));
#3907=CARTESIAN_POINT('',(-6.236795542758E0,1.710413989812E2,
-6.195612729098E-1));
#3908=CARTESIAN_POINT('',(-6.704363141888E0,1.712842826720E2,
-2.355090241406E0));
#3909=CARTESIAN_POINT('',(-5.969978478187E0,1.715386000950E2,
-2.094790102966E0));
#3910=CARTESIAN_POINT('',(-5.590389322104E0,1.711922842804E2,
-1.454759860156E0));
#3911=CARTESIAN_POINT('',(-5.920332848529E0,1.705689774918E2,
-1.033126505119E0));
#3912=CARTESIAN_POINT('',(-6.507068140475E0,1.709893468381E2,
-2.673480216266E0));
#3913=CARTESIAN_POINT('',(-5.785387299325E0,1.712743900178E2,
-2.409062176886E0));
#3914=CARTESIAN_POINT('',(-5.361693593009E0,1.709023363922E2,
-1.813551413901E0));
#3915=CARTESIAN_POINT('',(-5.631941189311E0,1.702208809623E2,
-1.443470162713E0));
#3916=CARTESIAN_POINT('',(-6.309981072976E0,1.707561881050E2,
-2.993263015072E0));
#3917=CARTESIAN_POINT('',(-5.608286847661E0,1.710742855340E2,
-2.712883525714E0));
#3918=CARTESIAN_POINT('',(-5.149876155702E0,1.706912075124E2,
-2.151433315198E0));
#3919=CARTESIAN_POINT('',(-5.363147203945E0,1.699649516620E2,
-1.833604035874E0));
#3920=CARTESIAN_POINT('',(-6.112343009605E0,1.705777499014E2,
-3.303140785050E0));
#3921=CARTESIAN_POINT('',(-5.435930627253E0,1.709263459643E2,
-2.997799456810E0));
#3922=CARTESIAN_POINT('',(-4.950612366477E0,1.705401993600E2,
-2.461881305431E0));
#3923=CARTESIAN_POINT('',(-5.109932344623E0,1.697801753906E2,
-2.196217526813E0));
#3924=CARTESIAN_POINT('',(-5.915484203856E0,1.704473839629E2,
-3.596064568198E0));
#3925=CARTESIAN_POINT('',(-5.267798290013E0,1.708212062690E2,
-3.259778794942E0));
#3926=CARTESIAN_POINT('',(-4.761600275385E0,1.704355494843E2,
-2.743299765810E0));
#3927=CARTESIAN_POINT('',(-4.869947018329E0,1.696508211603E2,
-2.529292248085E0));
#3928=CARTESIAN_POINT('',(-5.721486413971E0,1.703585362230E2,
-3.868105494359E0));
#3929=CARTESIAN_POINT('',(-5.104301661548E0,1.707510787230E2,
-3.497555681590E0));
#3930=CARTESIAN_POINT('',(-4.581715358947E0,1.703670105496E2,
-2.996514649517E0));
#3931=CARTESIAN_POINT('',(-4.642099699235E0,1.695652546504E2,
-2.833219905384E0));
#3932=CARTESIAN_POINT('',(-5.533130875043E0,1.703050249923E2,
-4.116785531450E0));
#3933=CARTESIAN_POINT('',(-4.946653089601E0,1.707095026929E2,
-3.710966747339E0));
#3934=CARTESIAN_POINT('',(-4.410821651086E0,1.703268311189E2,
-3.223059133150E0));
#3935=CARTESIAN_POINT('',(-4.426386719689E0,1.695146280549E2,
-3.109026632770E0));
#3936=CARTESIAN_POINT('',(-5.348865684155E0,1.702801259001E2,
-4.346406512954E0));
#3937=CARTESIAN_POINT('',(-4.792615612160E0,1.706903599452E2,
-3.905381157232E0));
#3938=CARTESIAN_POINT('',(-4.245354786409E0,1.703084078829E2,
-3.429751868868E0));
#3939=CARTESIAN_POINT('',(-4.218514463942E0,1.694912150931E2,
-3.364008136947E0));
#3940=CARTESIAN_POINT('',(-5.218610441852E0,1.702799249147E2,
-4.500039518464E0));
#3941=CARTESIAN_POINT('',(-4.683401804506E0,1.706902054686E2,
-4.034232176534E0));
#3942=CARTESIAN_POINT('',(-4.128394055409E0,1.703082578736E2,
-3.567739457530E0));
#3943=CARTESIAN_POINT('',(-4.072258178178E0,1.694910233348E2,
-3.536512459090E0));
#3944=CARTESIAN_POINT('',(-5.148958202639E0,1.702847682847E2,
-4.579736787289E0));
#3945=CARTESIAN_POINT('',(-4.624612854944E0,1.706939292362E2,
-4.101024651744E0));
#3946=CARTESIAN_POINT('',(-4.065739121427E0,1.703118427773E2,
-3.639307719823E0));
#3947=CARTESIAN_POINT('',(-3.994620861284E0,1.694955798854E2,
-3.626073976372E0));
#3948=CARTESIAN_POINT('',(-5.141048971337E0,1.702853804600E2,
-4.588755335005E0));
#3949=CARTESIAN_POINT('',(-4.617932591799E0,1.706944000339E2,
-4.108582928651E0));
#3950=CARTESIAN_POINT('',(-4.058623472037E0,1.703122960777E2,
-3.647407647044E0));
#3951=CARTESIAN_POINT('',(-3.985812352433E0,1.694961559206E2,
-3.636211286963E0));
#3952=(BOUNDED_SURFACE()B_SPLINE_SURFACE(3,3,((#3860,#3861,#3862,#3863),(#3864,
#3865,#3866,#3867),(#3868,#3869,#3870,#3871),(#3872,#3873,#3874,#3875),(#3876,
#3877,#3878,#3879),(#3880,#3881,#3882,#3883),(#3884,#3885,#3886,#3887),(#3888,
#3889,#3890,#3891),(#3892,#3893,#3894,#3895),(#3896,#3897,#3898,#3899),(#3900,
#3901,#3902,#3903),(#3904,#3905,#3906,#3907),(#3908,#3909,#3910,#3911),(#3912,
#3913,#3914,#3915),(#3916,#3917,#3918,#3919),(#3920,#3921,#3922,#3923),(#3924,
#3925,#3926,#3927),(#3928,#3929,#3930,#3931),(#3932,#3933,#3934,#3935),(#3936,
#3937,#3938,#3939),(#3940,#3941,#3942,#3943),(#3944,#3945,#3946,#3947),(#3948,
#3949,#3950,#3951)),.UNSPECIFIED.,.F.,.F.,.F.)B_SPLINE_SURFACE_WITH_KNOTS((4,1,
1,1,1,1,1,1,1,1,1,1,1,1,1,1,1,1,1,1,4),(4,4),(5.282985625444E-1,
5.435598865626E-1,5.657505682846E-1,5.905309040346E-1,6.183946900350E-1,
6.499765314396E-1,6.858730401963E-1,7.237881439512E-1,7.596046821834E-1,
7.916872740730E-1,8.205003939154E-1,8.464536816395E-1,8.699174688720E-1,
8.911995968322E-1,9.105411288585E-1,9.281724110789E-1,9.442854890294E-1,
9.590326045763E-1,9.724675151963E-1,9.856537419681E-1,9.873392558526E-1),(0.E0,
1.E0),.UNSPECIFIED.)GEOMETRIC_REPRESENTATION_ITEM()RATIONAL_B_SPLINE_SURFACE(((
1.304856690956E0,8.983811030147E-1,8.983811030147E-1,1.304856690956E0),(
1.304856690956E0,8.983811030147E-1,8.983811030147E-1,1.304856690956E0),(
1.304856690956E0,8.983811030147E-1,8.983811030147E-1,1.304856690956E0),(
1.304856690956E0,8.983811030147E-1,8.983811030147E-1,1.304856690956E0),(
1.304856690956E0,8.983811030147E-1,8.983811030147E-1,1.304856690956E0),(
1.304856690956E0,8.983811030147E-1,8.983811030147E-1,1.304856690956E0),(
1.304856690956E0,8.983811030147E-1,8.983811030147E-1,1.304856690956E0),(
1.304856690956E0,8.983811030147E-1,8.983811030147E-1,1.304856690956E0),(
1.304856690956E0,8.983811030147E-1,8.983811030147E-1,1.304856690956E0),(
1.304856690956E0,8.983811030147E-1,8.983811030147E-1,1.304856690956E0),(
1.304856690956E0,8.983811030147E-1,8.983811030147E-1,1.304856690956E0),(
1.304856690956E0,8.983811030147E-1,8.983811030147E-1,1.304856690956E0),(
1.304856690956E0,8.983811030147E-1,8.983811030147E-1,1.304856690956E0),(
1.304856690956E0,8.983811030147E-1,8.983811030147E-1,1.304856690956E0),(
1.304856690956E0,8.983811030147E-1,8.983811030147E-1,1.304856690956E0),(
1.304856690956E0,8.983811030147E-1,8.983811030147E-1,1.304856690956E0),(
1.304856690956E0,8.983811030147E-1,8.983811030147E-1,1.304856690956E0),(
1.304856690956E0,8.983811030147E-1,8.983811030147E-1,1.304856690956E0),(
1.304856690956E0,8.983811030147E-1,8.983811030147E-1,1.304856690956E0),(
1.304856690956E0,8.983811030147E-1,8.983811030147E-1,1.304856690956E0),(
1.304856690956E0,8.983811030147E-1,8.983811030147E-1,1.304856690956E0),(
1.304856690956E0,8.983811030147E-1,8.983811030147E-1,1.304856690956E0),(
1.304856690956E0,8.983811030147E-1,8.983811030147E-1,1.304856690956E0)))REPRESENTATION_ITEM('')SURFACE());
#3954=ORIENTED_EDGE('',*,*,#3953,.T.);
#3956=ORIENTED_EDGE('',*,*,#3955,.T.);
#3957=ORIENTED_EDGE('',*,*,#3853,.F.);
#3959=ORIENTED_EDGE('',*,*,#3958,.F.);
#3960=EDGE_LOOP('',(#3954,#3956,#3957,#3959));
#3961=FACE_OUTER_BOUND('',#3960,.F.);
#3963=CARTESIAN_POINT('',(-8.962011288125E0,1.759244478532E2,
-3.157161313199E0));
#3964=CARTESIAN_POINT('',(-8.895200512483E0,1.759774492662E2,
-3.502176754667E0));
#3965=CARTESIAN_POINT('',(-8.924478069329E0,1.762805398520E2,
-3.685446411517E0));
#3966=CARTESIAN_POINT('',(-9.027142272745E0,1.765987045334E2,
-3.564863815994E0));
#3967=CARTESIAN_POINT('',(-9.129806476162E0,1.769168692148E2,
-3.444281220470E0));
#3968=CARTESIAN_POINT('',(-9.226251964501E0,1.770034045286E2,
-3.113345574881E0));
#3969=CARTESIAN_POINT('',(-9.241695339821E0,1.767912113817E2,
-2.828662890597E0));
#3970=CARTESIAN_POINT('',(-8.956909494741E0,1.759256496780E2,
-3.155988838128E0));
#3971=CARTESIAN_POINT('',(-8.885935139513E0,1.759796318914E2,
-3.500047556303E0));
#3972=CARTESIAN_POINT('',(-8.913224276951E0,1.762831908825E2,
-3.682860305394E0));
#3973=CARTESIAN_POINT('',(-9.017617032606E0,1.766009483748E2,
-3.562674901865E0));
#3974=CARTESIAN_POINT('',(-9.122009788261E0,1.769187058671E2,
-3.442489498337E0));
#3975=CARTESIAN_POINT('',(-9.222560488852E0,1.770042741300E2,
-3.112497163611E0));
#3976=CARTESIAN_POINT('',(-9.241302573318E0,1.767913039172E2,
-2.828572470057E0));
#3977=CARTESIAN_POINT('',(-8.936109307794E0,1.759305777410E2,
-3.150785403169E0));
#3978=CARTESIAN_POINT('',(-8.848210883731E0,1.759885696634E2,
-3.490610377313E0));
#3979=CARTESIAN_POINT('',(-8.867417094906E0,1.762940436895E2,
-3.671401092260E0));
#3980=CARTESIAN_POINT('',(-8.978835531544E0,1.766101366332E2,
-3.552973240656E0));
#3981=CARTESIAN_POINT('',(-9.090253968182E0,1.769262295769E2,
-3.434545389052E0));
#3982=CARTESIAN_POINT('',(-9.207491275563E0,1.770078443911E2,
-3.108727394460E0));
#3983=CARTESIAN_POINT('',(-9.239642172761E0,1.767916973159E2,
-2.828157064683E0));
#3984=CARTESIAN_POINT('',(-8.899017994893E0,1.759395758977E2,
-3.138345526999E0));
#3985=CARTESIAN_POINT('',(-8.781440993196E0,1.760047698256E2,
-3.468184627539E0));
#3986=CARTESIAN_POINT('',(-8.786468567763E0,1.763136845181E2,
-3.644204965177E0));
#3987=CARTESIAN_POINT('',(-8.910202359882E0,1.766267889117E2,
-3.529921161672E0));
#3988=CARTESIAN_POINT('',(-9.033936152002E0,1.769398933053E2,
-3.415637358167E0));
#3989=CARTESIAN_POINT('',(-9.180433535697E0,1.770144076613E2,
-3.099664560822E0));
#3990=CARTESIAN_POINT('',(-9.236101098449E0,1.767925538832E2,
-2.827006655769E0));
#3991=CARTESIAN_POINT('',(-8.851169906188E0,1.759516247315E2,
-3.115634434285E0));
#3992=CARTESIAN_POINT('',(-8.696965599937E0,1.760260468477E2,
-3.428013968514E0));
#3993=CARTESIAN_POINT('',(-8.684480833738E0,1.763393737018E2,
-3.595687151239E0));
#3994=CARTESIAN_POINT('',(-8.823396239158E0,1.766486530601E2,
-3.488640950602E0));
#3995=CARTESIAN_POINT('',(-8.962311644577E0,1.769579324185E2,
-3.381594749965E0));
#3996=CARTESIAN_POINT('',(-9.144912840956E0,1.770233504575E2,
-3.082832308553E0));
#3997=CARTESIAN_POINT('',(-9.229611681780E0,1.767941823239E2,
-2.824012679900E0));
#3998=CARTESIAN_POINT('',(-8.802297254994E0,1.759644457349E2,
-3.084605598716E0));
#3999=CARTESIAN_POINT('',(-8.613074495453E0,1.760480619269E2,
-3.374637239674E0));
#4000=CARTESIAN_POINT('',(-8.583825466272E0,1.763657901582E2,
-3.531612978320E0));
#4001=CARTESIAN_POINT('',(-8.737229733144E0,1.766712653870E2,
-3.433814532827E0));
#4002=CARTESIAN_POINT('',(-8.890634000017E0,1.769767406158E2,
-3.336016087335E0));
#4003=CARTESIAN_POINT('',(-9.107742584270E0,1.770330987235E2,
-3.059275932539E0));
#4004=CARTESIAN_POINT('',(-9.220210466012E0,1.767966398867E2,
-2.818177139968E0));
#4005=CARTESIAN_POINT('',(-8.753283501153E0,1.759779067275E2,
-3.044195380528E0));
#4006=CARTESIAN_POINT('',(-8.531902796599E0,1.760703652454E2,
-3.307549994346E0));
#4007=CARTESIAN_POINT('',(-8.487230942580E0,1.763923341127E2,
-3.451733224643E0));
#4008=CARTESIAN_POINT('',(-8.653906293812E0,1.766941601176E2,
-3.364946043040E0));
#4009=CARTESIAN_POINT('',(-8.820581645044E0,1.769959861225E2,
-3.278158861437E0));
#4010=CARTESIAN_POINT('',(-9.069364883722E0,1.770436347381E2,
-3.027695658267E0));
#4011=CARTESIAN_POINT('',(-9.207350605354E0,1.768001594421E2,
-2.807764474933E0));
#4012=CARTESIAN_POINT('',(-8.705142250645E0,1.759918405105E2,
-2.993358686572E0));
#4013=CARTESIAN_POINT('',(-8.455402586445E0,1.760925204020E2,
-3.226556918587E0));
#4014=CARTESIAN_POINT('',(-8.397096616028E0,1.764184417005E2,
-3.356244294258E0));
#4015=CARTESIAN_POINT('',(-8.575434526654E0,1.767168864968E2,
-3.281861805694E0));
#4016=CARTESIAN_POINT('',(-8.753772437279E0,1.770153312932E2,
-3.207479317130E0));
#4017=CARTESIAN_POINT('',(-9.030471815033E0,1.770548868344E2,
-2.986702811465E0));
#4018=CARTESIAN_POINT('',(-9.190981206724E0,1.768048819317E2,
-2.790721398359E0));
#4019=CARTESIAN_POINT('',(-8.659323942122E0,1.760059417699E2,
-2.931598271420E0));
#4020=CARTESIAN_POINT('',(-8.385667662735E0,1.761139976444E2,
-3.132312426304E0));
#4021=CARTESIAN_POINT('',(-8.315828015609E0,1.764434757783E2,
-3.246337693145E0));
#4022=CARTESIAN_POINT('',(-8.503958349058E0,1.767389003082E2,
-3.185259392805E0));
#4023=CARTESIAN_POINT('',(-8.692088682506E0,1.770343248382E2,
-3.124181092466E0));
#4024=CARTESIAN_POINT('',(-8.992313581996E0,1.770666249122E2,
-2.935359064360E0));
#4025=CARTESIAN_POINT('',(-9.171840010574E0,1.768107551981E2,
-2.765205059948E0));
#4026=CARTESIAN_POINT('',(-8.617234953447E0,1.760198972500E2,
-2.858593979033E0));
#4027=CARTESIAN_POINT('',(-8.324190238293E0,1.761343982410E2,
-3.025408344395E0));
#4028=CARTESIAN_POINT('',(-8.244967149771E0,1.764669953827E2,
-3.123031061877E0));
#4029=CARTESIAN_POINT('',(-8.440994914455E0,1.767597943470E2,
-3.075765915353E0));
#4030=CARTESIAN_POINT('',(-8.637022679139E0,1.770525933114E2,
-3.028500768829E0));
#4031=CARTESIAN_POINT('',(-8.956302249831E0,1.770785590981E2,
-2.872996940362E0));
#4032=CARTESIAN_POINT('',(-9.151265683216E0,1.768175579530E2,
-2.729831399245E0));
#4033=CARTESIAN_POINT('',(-8.580288891443E0,1.760333789181E2,
-2.774137450500E0));
#4034=CARTESIAN_POINT('',(-8.272130493185E0,1.761534120492E2,
-2.906116934849E0));
#4035=CARTESIAN_POINT('',(-8.185564832777E0,1.764886965473E2,
-2.986820800862E0));
#4036=CARTESIAN_POINT('',(-8.387714534013E0,1.767792543203E2,
-2.953671633758E0));
#4037=CARTESIAN_POINT('',(-8.589864235250E0,1.770698120933E2,
-2.920522466655E0));
#4038=CARTESIAN_POINT('',(-8.923983328860E0,1.770903459506E2,
-2.799223981534E0));
#4039=CARTESIAN_POINT('',(-9.130997372193E0,1.768249340317E2,
-2.683830478280E0));
#4040=CARTESIAN_POINT('',(-8.549951609859E0,1.760460536891E2,
-2.677823365220E0));
#4041=CARTESIAN_POINT('',(-8.230590447839E0,1.761707850054E2,
-2.773936908825E0));
#4042=CARTESIAN_POINT('',(-8.138562260610E0,1.765083600387E2,
-2.837157842712E0));
#4043=CARTESIAN_POINT('',(-8.345225290697E0,1.767970246262E2,
-2.818464939049E0));
#4044=CARTESIAN_POINT('',(-8.551888320784E0,1.770856892137E2,
-2.799772035386E0));
#4045=CARTESIAN_POINT('',(-8.896996984023E0,1.771016141324E2,
-2.713659687612E0));
#4046=CARTESIAN_POINT('',(-9.112955574893E0,1.768324512719E2,
-2.626899022943E0));
#4047=CARTESIAN_POINT('',(-8.528036498898E0,1.760575234123E2,
-2.568950372359E0));
#4048=CARTESIAN_POINT('',(-8.201179253740E0,1.761861963981E2,
-2.627509540615E0));
#4049=CARTESIAN_POINT('',(-8.105485006805E0,1.765256987928E2,
-2.672370220892E0));
#4050=CARTESIAN_POINT('',(-8.315154646829E0,1.768127819664E2,
-2.668747643441E0));
#4051=CARTESIAN_POINT('',(-8.524824286853E0,1.770998651399E2,
-2.665125065991E0));
#4052=CARTESIAN_POINT('',(-8.877280917846E0,1.771119260904E2,
-2.615828161078E0));
#4053=CARTESIAN_POINT('',(-9.099231253135E0,1.768396128112E2,
-2.559081527084E0));
#4054=CARTESIAN_POINT('',(-8.517144021557E0,1.760672105932E2,
-2.446781599499E0));
#4055=CARTESIAN_POINT('',(-8.186710382022E0,1.761990810970E2,
-2.464940211549E0));
#4056=CARTESIAN_POINT('',(-8.089264096908E0,1.765401495748E2,
-2.490015018965E0));
#4057=CARTESIAN_POINT('',(-8.300364577476E0,1.768259530627E2,
-2.502563128838E0));
#4058=CARTESIAN_POINT('',(-8.511465058044E0,1.771117565506E2,
-2.515111238710E0));
#4059=CARTESIAN_POINT('',(-8.867425940982E0,1.771206843094E2,
-2.505402903073E0));
#4060=CARTESIAN_POINT('',(-9.092236758416E0,1.768458137949E2,
-2.480965921720E0));
#4061=CARTESIAN_POINT('',(-8.521089911040E0,1.760742390004E2,
-2.310980125709E0));
#4062=CARTESIAN_POINT('',(-8.191927042892E0,1.762084441198E2,
-2.284188442315E0));
#4063=CARTESIAN_POINT('',(-8.095103806523E0,1.765506557464E2,
-2.287250024370E0));
#4064=CARTESIAN_POINT('',(-8.305696504001E0,1.768355245238E2,
-2.317790934917E0));
#4065=CARTESIAN_POINT('',(-8.516289201478E0,1.771203933012E2,
-2.348331845464E0));
#4066=CARTESIAN_POINT('',(-8.871005202214E0,1.771270332606E2,
-2.382670799807E0));
#4067=CARTESIAN_POINT('',(-9.094799314396E0,1.768502958072E2,
-2.394181527171E0));
#4068=CARTESIAN_POINT('',(-8.545545209699E0,1.760772759879E2,
-2.161975481449E0));
#4069=CARTESIAN_POINT('',(-8.224766396789E0,1.762125756335E2,
-2.083188173479E0));
#4070=CARTESIAN_POINT('',(-8.132043117012E0,1.765553214507E2,
-2.060840941447E0));
#4071=CARTESIAN_POINT('',(-8.339272584528E0,1.768397498741E2,
-2.112261728575E0));
#4072=CARTESIAN_POINT('',(-8.546502052045E0,1.771241782974E2,
-2.163682515704E0));
#4073=CARTESIAN_POINT('',(-8.892999469655E0,1.771297448066E2,
-2.248999874893E0));
#4074=CARTESIAN_POINT('',(-9.110092297943E0,1.768521331554E2,
-2.302059109500E0));
#4075=CARTESIAN_POINT('',(-8.583158977310E0,1.760751517274E2,
-2.049593139894E0));
#4076=CARTESIAN_POINT('',(-8.276752648204E0,1.762096932399E2,
-1.926933994873E0));
#4077=CARTESIAN_POINT('',(-8.191028624065E0,1.765520689055E2,
-1.883238079307E0));
#4078=CARTESIAN_POINT('',(-8.392456927710E0,1.768368021728E2,
-1.952387009626E0));
#4079=CARTESIAN_POINT('',(-8.593885231354E0,1.771215354400E2,
-2.021535939945E0));
#4080=CARTESIAN_POINT('',(-8.926279261960E0,1.771278454139E2,
-2.149911946543E0));
#4081=CARTESIAN_POINT('',(-9.131902182972E0,1.768508393691E2,
-2.237972851210E0));
#4082=CARTESIAN_POINT('',(-8.612473706705E0,1.760720157551E2,
-1.987908234619E0));
#4083=CARTESIAN_POINT('',(-8.318741632542E0,1.762052064285E2,
-1.838491997398E0));
#4084=CARTESIAN_POINT('',(-8.239163765625E0,1.765469269501E2,
-1.781822070213E0));
#4085=CARTESIAN_POINT('',(-8.435444426098E0,1.768322087642E2,
-1.861840059760E0));
#4086=CARTESIAN_POINT('',(-8.631725086571E0,1.771174905783E2,
-1.941858049307E0));
#4087=CARTESIAN_POINT('',(-8.951669132979E0,1.771251274493E2,
-2.096518366331E0));
#4088=CARTESIAN_POINT('',(-9.147193390526E0,1.768491977816E2,
-2.205898096521E0));
#4089=CARTESIAN_POINT('',(-8.618258211979E0,1.760713568133E2,
-1.976443194772E0));
#4090=CARTESIAN_POINT('',(-8.327081205765E0,1.762042569307E2,
-1.821953485123E0));
#4091=CARTESIAN_POINT('',(-8.248741527127E0,1.765458366410E2,
-1.762825090381E0));
#4092=CARTESIAN_POINT('',(-8.443983410585E0,1.768312365727E2,
-1.844905901929E0));
#4093=CARTESIAN_POINT('',(-8.639225294044E0,1.771166365045E2,
-1.926986713476E0));
#4094=CARTESIAN_POINT('',(-8.956659061170E0,1.771245588342E2,
-2.086631639156E0));
#4095=CARTESIAN_POINT('',(-9.150147996434E0,1.768488606230E2,
-2.200052721521E0));
#4096=(BOUNDED_SURFACE()B_SPLINE_SURFACE(3,3,((#3963,#3964,#3965,#3966,#3967,
#3968,#3969),(#3970,#3971,#3972,#3973,#3974,#3975,#3976),(#3977,#3978,#3979,
#3980,#3981,#3982,#3983),(#3984,#3985,#3986,#3987,#3988,#3989,#3990),(#3991,
#3992,#3993,#3994,#3995,#3996,#3997),(#3998,#3999,#4000,#4001,#4002,#4003,
#4004),(#4005,#4006,#4007,#4008,#4009,#4010,#4011),(#4012,#4013,#4014,#4015,
#4016,#4017,#4018),(#4019,#4020,#4021,#4022,#4023,#4024,#4025),(#4026,#4027,
#4028,#4029,#4030,#4031,#4032),(#4033,#4034,#4035,#4036,#4037,#4038,#4039),(
#4040,#4041,#4042,#4043,#4044,#4045,#4046),(#4047,#4048,#4049,#4050,#4051,#4052,
#4053),(#4054,#4055,#4056,#4057,#4058,#4059,#4060),(#4061,#4062,#4063,#4064,
#4065,#4066,#4067),(#4068,#4069,#4070,#4071,#4072,#4073,#4074),(#4075,#4076,
#4077,#4078,#4079,#4080,#4081),(#4082,#4083,#4084,#4085,#4086,#4087,#4088),(
#4089,#4090,#4091,#4092,#4093,#4094,#4095)),.UNSPECIFIED.,.F.,.F.,.F.)B_SPLINE_SURFACE_WITH_KNOTS((4,1,1,1,1,1,1,1,1,1,1,1,1,1,1,1,4),(4,3,4),(4.403744145691E-2,
5.392219694209E-2,8.452594158813E-2,1.178683940334E-1,1.540128279859E-1,
1.940534673035E-1,2.380958114779E-1,2.864171461526E-1,3.391593817915E-1,
3.965574826236E-1,4.590407550831E-1,5.274460021661E-1,6.028656545364E-1,
6.862957689651E-1,7.789287669075E-1,8.825979785266E-1,9.066355905268E-1),(0.E0,
1.E0,2.E0),.UNSPECIFIED.)GEOMETRIC_REPRESENTATION_ITEM()RATIONAL_B_SPLINE_SURFACE(((1.240462203572E0,9.198459321428E-1,9.198459321428E-1,1.240462203572E0,
9.198459321428E-1,9.198459321428E-1,1.240462203572E0),(1.240462203572E0,
9.198459321428E-1,9.198459321428E-1,1.240462203572E0,9.198459321428E-1,
9.198459321428E-1,1.240462203572E0),(1.240462203572E0,9.198459321428E-1,
9.198459321428E-1,1.240462203572E0,9.198459321428E-1,9.198459321428E-1,
1.240462203572E0),(1.240462203572E0,9.198459321428E-1,9.198459321428E-1,
1.240462203572E0,9.198459321428E-1,9.198459321428E-1,1.240462203572E0),(
1.240462203572E0,9.198459321428E-1,9.198459321428E-1,1.240462203572E0,
9.198459321428E-1,9.198459321428E-1,1.240462203572E0),(1.240462203572E0,
9.198459321428E-1,9.198459321428E-1,1.240462203572E0,9.198459321428E-1,
9.198459321428E-1,1.240462203572E0),(1.240462203572E0,9.198459321428E-1,
9.198459321428E-1,1.240462203572E0,9.198459321428E-1,9.198459321428E-1,
1.240462203572E0),(1.240462203572E0,9.198459321428E-1,9.198459321428E-1,
1.240462203572E0,9.198459321428E-1,9.198459321428E-1,1.240462203572E0),(
1.240462203572E0,9.198459321428E-1,9.198459321428E-1,1.240462203572E0,
9.198459321428E-1,9.198459321428E-1,1.240462203572E0),(1.240462203572E0,
9.198459321428E-1,9.198459321428E-1,1.240462203572E0,9.198459321428E-1,
9.198459321428E-1,1.240462203572E0),(1.240462203572E0,9.198459321428E-1,
9.198459321428E-1,1.240462203572E0,9.198459321428E-1,9.198459321428E-1,
1.240462203572E0),(1.240462203572E0,9.198459321428E-1,9.198459321428E-1,
1.240462203572E0,9.198459321428E-1,9.198459321428E-1,1.240462203572E0),(
1.240462203572E0,9.198459321428E-1,9.198459321428E-1,1.240462203572E0,
9.198459321428E-1,9.198459321428E-1,1.240462203572E0),(1.240462203572E0,
9.198459321428E-1,9.198459321428E-1,1.240462203572E0,9.198459321428E-1,
9.198459321428E-1,1.240462203572E0),(1.240462203572E0,9.198459321428E-1,
9.198459321428E-1,1.240462203572E0,9.198459321428E-1,9.198459321428E-1,
1.240462203572E0),(1.240462203572E0,9.198459321428E-1,9.198459321428E-1,
1.240462203572E0,9.198459321428E-1,9.198459321428E-1,1.240462203572E0),(
1.240462203572E0,9.198459321428E-1,9.198459321428E-1,1.240462203572E0,
9.198459321428E-1,9.198459321428E-1,1.240462203572E0),(1.240462203572E0,
9.198459321428E-1,9.198459321428E-1,1.240462203572E0,9.198459321428E-1,
9.198459321428E-1,1.240462203572E0),(1.240462203572E0,9.198459321428E-1,
9.198459321428E-1,1.240462203572E0,9.198459321428E-1,9.198459321428E-1,
1.240462203572E0)))REPRESENTATION_ITEM('')SURFACE());
#4098=ORIENTED_EDGE('',*,*,#4097,.T.);
#4099=ORIENTED_EDGE('',*,*,#3634,.T.);
#4101=ORIENTED_EDGE('',*,*,#4100,.F.);
#4102=ORIENTED_EDGE('',*,*,#3953,.F.);
#4103=EDGE_LOOP('',(#4098,#4099,#4101,#4102));
#4104=FACE_OUTER_BOUND('',#4103,.F.);
#4106=CARTESIAN_POINT('',(-2.082449269127E1,1.690255044377E2,
-1.328370450355E1));
#4107=CARTESIAN_POINT('',(-2.064245888461E1,1.690993285706E2,
-1.357988326936E1));
#4108=CARTESIAN_POINT('',(-2.069791758410E1,1.693655163448E2,
-1.380874255390E1));
#4109=CARTESIAN_POINT('',(-2.094786654533E1,1.696176678299E2,
-1.379282664736E1));
#4110=CARTESIAN_POINT('',(-2.119781550657E1,1.698698193150E2,
-1.377691074083E1));
#4111=CARTESIAN_POINT('',(-2.144844624842E1,1.699124182099E2,
-1.352856071339E1));
#4112=CARTESIAN_POINT('',(-2.150542164235E1,1.697124336628E2,
-1.324034524537E1));
#4113=CARTESIAN_POINT('',(-2.067852506669E1,1.691623808210E2,
-1.315987447758E1));
#4114=CARTESIAN_POINT('',(-2.049617640642E1,1.692365001977E2,
-1.345578614060E1));
#4115=CARTESIAN_POINT('',(-2.055049983756E1,1.695037525330E2,
-1.368368233251E1));
#4116=CARTESIAN_POINT('',(-2.079937339398E1,1.697569124439E2,
-1.366685411805E1));
#4117=CARTESIAN_POINT('',(-2.104824695040E1,1.700100723549E2,
-1.365002590358E1));
#4118=CARTESIAN_POINT('',(-2.129869601149E1,1.700528416150E2,
-1.340152174939E1));
#4119=CARTESIAN_POINT('',(-2.135652432256E1,1.698520572725E2,
-1.311402984447E1));
#4120=CARTESIAN_POINT('',(-2.029198086042E1,1.695184615091E2,
-1.283195395785E1));
#4121=CARTESIAN_POINT('',(-2.010879841981E1,1.695933489556E2,
-1.312715829327E1));
#4122=CARTESIAN_POINT('',(-2.016011548898E1,1.698633707213E2,
-1.335250407209E1));
#4123=CARTESIAN_POINT('',(-2.040614121148E1,1.701191540284E2,
-1.333325992951E1));
#4124=CARTESIAN_POINT('',(-2.065216693399E1,1.703749373355E2,
-1.331401578694E1));
#4125=CARTESIAN_POINT('',(-2.090213487750E1,1.704181497965E2,
-1.306510348149E1));
#4126=CARTESIAN_POINT('',(-2.096222184216E1,1.702152848052E2,
-1.277952767948E1));
#4127=CARTESIAN_POINT('',(-1.963276880344E1,1.700976409051E2,
-1.227271867233E1));
#4128=CARTESIAN_POINT('',(-1.944816443565E1,1.701737776478E2,
-1.256671673105E1));
#4129=CARTESIAN_POINT('',(-1.949435445957E1,1.704483040020E2,
-1.278771303695E1));
#4130=CARTESIAN_POINT('',(-1.973552348978E1,1.707083543673E2,
-1.276434877272E1));
#4131=CARTESIAN_POINT('',(-1.997669251999E1,1.709684047326E2,
-1.274098450850E1));
#4132=CARTESIAN_POINT('',(-2.022583996561E1,1.710123380776E2,
-1.249137614297E1));
#4133=CARTESIAN_POINT('',(-2.028977883446E1,1.708060888282E2,
-1.220906806201E1));
#4134=CARTESIAN_POINT('',(-1.881518773167E1,1.707722033221E2,
-1.157913277716E1));
#4135=CARTESIAN_POINT('',(-1.862881983275E1,1.708497951030E2,
-1.187163476383E1));
#4136=CARTESIAN_POINT('',(-1.866865109032E1,1.711295678908E2,
-1.208723668055E1));
#4137=CARTESIAN_POINT('',(-1.890379665695E1,1.713945880410E2,
-1.205876247744E1));
#4138=CARTESIAN_POINT('',(-1.913894222358E1,1.716596081913E2,
-1.203028827433E1));
#4139=CARTESIAN_POINT('',(-1.938707205520E1,1.717043811401E2,
-1.177981662708E1));
#4140=CARTESIAN_POINT('',(-1.945578820963E1,1.714941902911E2,
-1.150156130352E1));
#4141=CARTESIAN_POINT('',(-1.790259361905E1,1.714736096773E2,
-1.080494361578E1));
#4142=CARTESIAN_POINT('',(-1.771425724497E1,1.715527143992E2,
-1.109577566818E1));
#4143=CARTESIAN_POINT('',(-1.774699076897E1,1.718379424001E2,
-1.130535630076E1));
#4144=CARTESIAN_POINT('',(-1.797541287105E1,1.721081301059E2,
-1.127117832054E1));
#4145=CARTESIAN_POINT('',(-1.820383497312E1,1.723783178117E2,
-1.123700034033E1));
#4146=CARTESIAN_POINT('',(-1.845082893135E1,1.724239637760E2,
-1.098556508743E1));
#4147=CARTESIAN_POINT('',(-1.852487755094E1,1.722096744730E2,
-1.071183350200E1));
#4148=CARTESIAN_POINT('',(-1.688298540244E1,1.721966048490E2,
-9.939970218178E0));
#4149=CARTESIAN_POINT('',(-1.669244972262E1,1.722772690791E2,
-1.022893651379E1));
#4150=CARTESIAN_POINT('',(-1.671725320696E1,1.725681202011E2,
-1.043178978461E1));
#4151=CARTESIAN_POINT('',(-1.693816342656E1,1.728436345164E2,
-1.039123918166E1));
#4152=CARTESIAN_POINT('',(-1.715907364616E1,1.731191488316E2,
-1.035068857872E1));
#4153=CARTESIAN_POINT('',(-1.740479853437E1,1.731656946823E2,
-1.009817672424E1));
#4154=CARTESIAN_POINT('',(-1.748480492341E1,1.729471807776E2,
-9.829499346870E0));
#4155=CARTESIAN_POINT('',(-1.575549693482E1,1.729254066399E2,
-8.983477798160E0));
#4156=CARTESIAN_POINT('',(-1.556252925041E1,1.730076429032E2,
-9.270380929468E0));
#4157=CARTESIAN_POINT('',(-1.557856365256E1,1.733041623074E2,
-9.465795046018E0));
#4158=CARTESIAN_POINT('',(-1.579116719052E1,1.735850460119E2,
-9.418197561214E0));
#4159=CARTESIAN_POINT('',(-1.600377072849E1,1.738659297164E2,
-9.370600076411E0));
#4160=CARTESIAN_POINT('',(-1.624809227196E1,1.739133826806E2,
-9.116897709893E0));
#4161=CARTESIAN_POINT('',(-1.633468679577E1,1.736906102452E2,
-8.853809304077E0));
#4162=CARTESIAN_POINT('',(-1.455497272685E1,1.736231692848E2,
-7.965026312436E0));
#4163=CARTESIAN_POINT('',(-1.435941549897E1,1.737069106296E2,
-8.249732633081E0));
#4164=CARTESIAN_POINT('',(-1.436611278083E1,1.740088569079E2,
-8.437225706497E0));
#4165=CARTESIAN_POINT('',(-1.456987155215E1,1.742948813232E2,
-8.382124861349E0));
#4166=CARTESIAN_POINT('',(-1.477363032346E1,1.745809057385E2,
-8.327024016201E0));
#4167=CARTESIAN_POINT('',(-1.501645761721E1,1.746292271831E2,
-8.072054019397E0));
#4168=CARTESIAN_POINT('',(-1.511006703785E1,1.744023775845E2,
-7.814916624023E0));
#4169=CARTESIAN_POINT('',(-1.334775879045E1,1.742473487777E2,
-6.940899669304E0));
#4170=CARTESIAN_POINT('',(-1.314959758930E1,1.743324364842E2,
-7.223396937912E0));
#4171=CARTESIAN_POINT('',(-1.314690572126E1,1.746392373410E2,
-7.402924829455E0));
#4172=CARTESIAN_POINT('',(-1.334177043988E1,1.749298603491E2,
-7.340278812692E0));
#4173=CARTESIAN_POINT('',(-1.353663515850E1,1.752204833572E2,
-7.277632795928E0));
#4174=CARTESIAN_POINT('',(-1.377795987607E1,1.752695816958E2,
-7.021388105172E0));
#4175=CARTESIAN_POINT('',(-1.387862328293E1,1.750390848948E2,
-6.770234881289E0));
#4176=CARTESIAN_POINT('',(-1.219977243436E1,1.747729964880E2,
-5.967018091435E0));
#4177=CARTESIAN_POINT('',(-1.199913501446E1,1.748592180223E2,
-6.247414687140E0));
#4178=CARTESIAN_POINT('',(-1.198751464117E1,1.751701071231E2,
-6.419368179608E0));
#4179=CARTESIAN_POINT('',(-1.217392166159E1,1.754646027989E2,
-6.349547167749E0));
#4180=CARTESIAN_POINT('',(-1.236032868202E1,1.757590984747E2,
-6.279726155890E0));
#4181=CARTESIAN_POINT('',(-1.260022454186E1,1.758088510682E2,
-6.022269309429E0));
#4182=CARTESIAN_POINT('',(-1.270759585664E1,1.755752828053E2,
-5.776806665339E0));
#4183=CARTESIAN_POINT('',(-1.114312418655E1,1.752011814078E2,
-5.070622191419E0));
#4184=CARTESIAN_POINT('',(-1.094020756516E1,1.752883265414E2,
-5.349085251668E0));
#4185=CARTESIAN_POINT('',(-1.092036907203E1,1.756025458659E2,
-5.514066992737E0));
#4186=CARTESIAN_POINT('',(-1.109899132049E1,1.759001961600E2,
-5.437641855365E0));
#4187=CARTESIAN_POINT('',(-1.127761356895E1,1.761978464542E2,
-5.361216717992E0));
#4188=CARTESIAN_POINT('',(-1.151619425637E1,1.762481319942E2,
-5.102644159476E0));
#4189=CARTESIAN_POINT('',(-1.162973977272E1,1.760120617634E2,
-4.862419331244E0));
#4190=CARTESIAN_POINT('',(-1.018096428205E1,1.755463480783E2,
-4.254384436590E0));
#4191=CARTESIAN_POINT('',(-9.975972271565E0,1.756342377401E2,
-4.531086863292E0));
#4192=CARTESIAN_POINT('',(-9.948650545149E0,1.759511416108E2,
-4.689720285748E0));
#4193=CARTESIAN_POINT('',(-1.012018415703E1,1.762513348929E2,
-4.607281581589E0));
#4194=CARTESIAN_POINT('',(-1.029171776892E1,1.765515281751E2,
-4.524842877430E0));
#4195=CARTESIAN_POINT('',(-1.052910089016E1,1.766022433318E2,
-4.265254376885E0));
#4196=CARTESIAN_POINT('',(-1.064826849423E1,1.763641562249E2,
-4.029798984930E0));
#4197=CARTESIAN_POINT('',(-9.359696309187E0,1.758071747656E2,
-3.557670799409E0));
#4198=CARTESIAN_POINT('',(-9.152932814855E0,1.758956270334E2,
-3.832870407542E0));
#4199=CARTESIAN_POINT('',(-9.119223647042E0,1.762145594930E2,
-3.986085114755E0));
#4200=CARTESIAN_POINT('',(-9.284706632376E0,1.765166743951E2,
-3.898513428346E0));
#4201=CARTESIAN_POINT('',(-9.450189617709E0,1.768187892971E2,
-3.810941741937E0));
#4202=CARTESIAN_POINT('',(-9.686550536020E0,1.768698290955E2,
-3.550486066662E0));
#4203=CARTESIAN_POINT('',(-9.810516968999E0,1.766302179274E2,
-3.319101708041E0));
#4204=CARTESIAN_POINT('',(-8.857291553290E0,1.759500650285E2,
-3.131461260222E0));
#4205=CARTESIAN_POINT('',(-8.649444366780E0,1.760388255120E2,
-3.405741529588E0));
#4206=CARTESIAN_POINT('',(-8.611827728140E0,1.763588693058E2,
-3.555641376413E0));
#4207=CARTESIAN_POINT('',(-8.773609286496E0,1.766620369404E2,
-3.464929624965E0));
#4208=CARTESIAN_POINT('',(-8.935390844851E0,1.769652045751E2,
-3.374217873518E0));
#4209=CARTESIAN_POINT('',(-9.171126437733E0,1.770164222240E2,
-3.113231710571E0));
#4210=CARTESIAN_POINT('',(-9.298028519307E0,1.767759761203E2,
-2.884337777661E0));
#4211=CARTESIAN_POINT('',(-8.646150403880E0,1.760072006091E2,
-2.952341992008E0));
#4212=CARTESIAN_POINT('',(-8.437847783567E0,1.760960843347E2,
-3.226235899338E0));
#4213=CARTESIAN_POINT('',(-8.398588986899E0,1.764165725025E2,
-3.374742639758E0));
#4214=CARTESIAN_POINT('',(-8.558814979567E0,1.767201610790E2,
-3.282711241412E0));
#4215=CARTESIAN_POINT('',(-8.719040972236E0,1.770237496556E2,
-3.190679843067E0));
#4216=CARTESIAN_POINT('',(-8.954513765312E0,1.770750384190E2,
-2.929470736672E0));
#4217=CARTESIAN_POINT('',(-9.082649585886E0,1.768342584610E2,
-2.701623432381E0));
#4218=(BOUNDED_SURFACE()B_SPLINE_SURFACE(3,3,((#4106,#4107,#4108,#4109,#4110,
#4111,#4112),(#4113,#4114,#4115,#4116,#4117,#4118,#4119),(#4120,#4121,#4122,
#4123,#4124,#4125,#4126),(#4127,#4128,#4129,#4130,#4131,#4132,#4133),(#4134,
#4135,#4136,#4137,#4138,#4139,#4140),(#4141,#4142,#4143,#4144,#4145,#4146,
#4147),(#4148,#4149,#4150,#4151,#4152,#4153,#4154),(#4155,#4156,#4157,#4158,
#4159,#4160,#4161),(#4162,#4163,#4164,#4165,#4166,#4167,#4168),(#4169,#4170,
#4171,#4172,#4173,#4174,#4175),(#4176,#4177,#4178,#4179,#4180,#4181,#4182),(
#4183,#4184,#4185,#4186,#4187,#4188,#4189),(#4190,#4191,#4192,#4193,#4194,#4195,
#4196),(#4197,#4198,#4199,#4200,#4201,#4202,#4203),(#4204,#4205,#4206,#4207,
#4208,#4209,#4210),(#4211,#4212,#4213,#4214,#4215,#4216,#4217)),.UNSPECIFIED.,
.F.,.F.,.F.)B_SPLINE_SURFACE_WITH_KNOTS((4,1,1,1,1,1,1,1,1,1,1,1,1,4),(4,3,4),(
8.670091954037E-1,8.720343475693E-1,8.802371920013E-1,8.892275130401E-1,
8.990807998853E-1,9.098543896825E-1,9.216809379911E-1,9.342735714468E-1,
9.466174404552E-1,9.580106241392E-1,9.683173006498E-1,9.775826004161E-1,
9.859408230650E-1,9.919781045433E-1),(0.E0,1.E0,2.E0),.UNSPECIFIED.)GEOMETRIC_REPRESENTATION_ITEM()RATIONAL_B_SPLINE_SURFACE(((1.240460942503E0,
9.198463524989E-1,9.198463524989E-1,1.240460942503E0,9.198463524989E-1,
9.198463524989E-1,1.240460942503E0),(1.240460942503E0,9.198463524989E-1,
9.198463524989E-1,1.240460942503E0,9.198463524989E-1,9.198463524989E-1,
1.240460942503E0),(1.240460942503E0,9.198463524989E-1,9.198463524989E-1,
1.240460942503E0,9.198463524989E-1,9.198463524989E-1,1.240460942503E0),(
1.240460942503E0,9.198463524989E-1,9.198463524989E-1,1.240460942503E0,
9.198463524989E-1,9.198463524989E-1,1.240460942503E0),(1.240460942503E0,
9.198463524989E-1,9.198463524989E-1,1.240460942503E0,9.198463524989E-1,
9.198463524989E-1,1.240460942503E0),(1.240460942503E0,9.198463524989E-1,
9.198463524989E-1,1.240460942503E0,9.198463524989E-1,9.198463524989E-1,
1.240460942503E0),(1.240460942503E0,9.198463524989E-1,9.198463524989E-1,
1.240460942503E0,9.198463524989E-1,9.198463524989E-1,1.240460942503E0),(
1.240460942503E0,9.198463524989E-1,9.198463524989E-1,1.240460942503E0,
9.198463524989E-1,9.198463524989E-1,1.240460942503E0),(1.240460942503E0,
9.198463524989E-1,9.198463524989E-1,1.240460942503E0,9.198463524989E-1,
9.198463524989E-1,1.240460942503E0),(1.240460942503E0,9.198463524989E-1,
9.198463524989E-1,1.240460942503E0,9.198463524989E-1,9.198463524989E-1,
1.240460942503E0),(1.240460942503E0,9.198463524989E-1,9.198463524989E-1,
1.240460942503E0,9.198463524989E-1,9.198463524989E-1,1.240460942503E0),(
1.240460942503E0,9.198463524989E-1,9.198463524989E-1,1.240460942503E0,
9.198463524989E-1,9.198463524989E-1,1.240460942503E0),(1.240460942503E0,
9.198463524989E-1,9.198463524989E-1,1.240460942503E0,9.198463524989E-1,
9.198463524989E-1,1.240460942503E0),(1.240460942503E0,9.198463524989E-1,
9.198463524989E-1,1.240460942503E0,9.198463524989E-1,9.198463524989E-1,
1.240460942503E0),(1.240460942503E0,9.198463524989E-1,9.198463524989E-1,
1.240460942503E0,9.198463524989E-1,9.198463524989E-1,1.240460942503E0),(
1.240460942503E0,9.198463524989E-1,9.198463524989E-1,1.240460942503E0,
9.198463524989E-1,9.198463524989E-1,1.240460942503E0)))REPRESENTATION_ITEM('')SURFACE());
#4220=ORIENTED_EDGE('',*,*,#4219,.F.);
#4221=ORIENTED_EDGE('',*,*,#3636,.T.);
#4222=ORIENTED_EDGE('',*,*,#4097,.F.);
#4224=ORIENTED_EDGE('',*,*,#4223,.F.);
#4225=EDGE_LOOP('',(#4220,#4221,#4222,#4224));
#4226=FACE_OUTER_BOUND('',#4225,.F.);
#4228=CARTESIAN_POINT('',(-2.114185468116E1,1.703494490041E2,
-1.304744688754E1));
#4229=CARTESIAN_POINT('',(-2.114173556025E1,1.703495249094E2,
-1.304774920933E1));
#4230=CARTESIAN_POINT('',(-2.113358868561E1,1.703546973013E2,
-1.306839864299E1));
#4231=CARTESIAN_POINT('',(-2.111504750165E1,1.703637612095E2,
-1.311154346259E1));
#4232=CARTESIAN_POINT('',(-2.108133157583E1,1.703721075436E2,
-1.317839726040E1));
#4233=CARTESIAN_POINT('',(-2.103843390432E1,1.703739390634E2,
-1.325089164748E1));
#4234=CARTESIAN_POINT('',(-2.098448483671E1,1.703665337265E2,
-1.332815365806E1));
#4235=CARTESIAN_POINT('',(-2.091767349031E1,1.703464318022E2,
-1.340817699095E1));
#4236=CARTESIAN_POINT('',(-2.083662929558E1,1.703095110877E2,
-1.348735251748E1));
#4237=CARTESIAN_POINT('',(-2.074149193154E1,1.702515773001E2,
-1.355965099482E1));
#4238=CARTESIAN_POINT('',(-2.063569664314E1,1.701701687888E2,
-1.361639120479E1));
#4239=CARTESIAN_POINT('',(-2.052652959887E1,1.700667720699E2,
-1.364849045086E1));
#4240=CARTESIAN_POINT('',(-2.042307840634E1,1.699470745947E2,
-1.364992519964E1));
#4241=CARTESIAN_POINT('',(-2.033329400481E1,1.698187353030E2,
-1.361902985955E1));
#4242=CARTESIAN_POINT('',(-2.026294633720E1,1.696895731743E2,
-1.355745071266E1));
#4243=CARTESIAN_POINT('',(-2.021620979827E1,1.695682018218E2,
-1.346997556731E1));
#4244=CARTESIAN_POINT('',(-2.019459526901E1,1.694637515934E2,
-1.336587362868E1));
#4245=CARTESIAN_POINT('',(-2.019484032971E1,1.694041468997E2,
-1.328664733343E1));
#4246=CARTESIAN_POINT('',(-2.019854776769E1,1.693779941885E2,
-1.324612980123E1));
#4247=CARTESIAN_POINT('',(-2.019878800540E1,1.693764057289E2,
-1.324364487253E1));
#4248=CARTESIAN_POINT('',(-2.102672568531E1,1.701566005582E2,
-1.306073477013E1));
#4249=CARTESIAN_POINT('',(-2.102665108358E1,1.701566438079E2,
-1.306094888304E1));
#4250=CARTESIAN_POINT('',(-2.102154845807E1,1.701595894106E2,
-1.307557330908E1));
#4251=CARTESIAN_POINT('',(-2.100986519174E1,1.701645290677E2,
-1.310611630531E1));
#4252=CARTESIAN_POINT('',(-2.098841380695E1,1.701682232217E2,
-1.315339976266E1));
#4253=CARTESIAN_POINT('',(-2.096090435912E1,1.701672279109E2,
-1.320462063499E1));
#4254=CARTESIAN_POINT('',(-2.092607580763E1,1.701597050435E2,
-1.325915270138E1));
#4255=CARTESIAN_POINT('',(-2.088268854373E1,1.701433522464E2,
-1.331557933544E1));
#4256=CARTESIAN_POINT('',(-2.082976936402E1,1.701154679739E2,
-1.337137375766E1));
#4257=CARTESIAN_POINT('',(-2.076730920202E1,1.700733743860E2,
-1.342233741716E1));
#4258=CARTESIAN_POINT('',(-2.069744872216E1,1.700156449751E2,
-1.346244483194E1));
#4259=CARTESIAN_POINT('',(-2.062488790276E1,1.699435344432E2,
-1.348540695478E1));
#4260=CARTESIAN_POINT('',(-2.055558132908E1,1.698610512155E2,
-1.348705547031E1));
#4261=CARTESIAN_POINT('',(-2.049479889248E1,1.697734231623E2,
-1.346622238140E1));
#4262=CARTESIAN_POINT('',(-2.044640465075E1,1.696859175749E2,
-1.342400376284E1));
#4263=CARTESIAN_POINT('',(-2.041324674456E1,1.696043040711E2,
-1.336363918187E1));
#4264=CARTESIAN_POINT('',(-2.039648650229E1,1.695346421305E2,
-1.329146619896E1));
#4265=CARTESIAN_POINT('',(-2.039485122055E1,1.694952806844E2,
-1.323630789257E1));
#4266=CARTESIAN_POINT('',(-2.039639876180E1,1.694781253996E2,
-1.320803274548E1));
#4267=CARTESIAN_POINT('',(-2.039650223718E1,1.694770839042E2,
-1.320629840020E1));
#4268=CARTESIAN_POINT('',(-2.112821395602E1,1.699770671137E2,
-1.315067725018E1));
#4269=CARTESIAN_POINT('',(-2.112816017878E1,1.699771087849E2,
-1.315086471520E1));
#4270=CARTESIAN_POINT('',(-2.112448061348E1,1.699799481247E2,
-1.316367001183E1));
#4271=CARTESIAN_POINT('',(-2.111586968007E1,1.699848876576E2,
-1.319055608161E1));
#4272=CARTESIAN_POINT('',(-2.109945464695E1,1.699892479439E2,
-1.323263628025E1));
#4273=CARTESIAN_POINT('',(-2.107770046304E1,1.699897344951E2,
-1.327877148009E1));
#4274=CARTESIAN_POINT('',(-2.104933117596E1,1.699846589840E2,
-1.332853426051E1));
#4275=CARTESIAN_POINT('',(-2.101302758891E1,1.699718451509E2,
-1.338075043717E1));
#4276=CARTESIAN_POINT('',(-2.096766634962E1,1.699486693673E2,
-1.343315077818E1));
#4277=CARTESIAN_POINT('',(-2.091299654160E1,1.699124430917E2,
-1.348177859825E1));
#4278=CARTESIAN_POINT('',(-2.085082165342E1,1.698615895936E2,
-1.352077559673E1));
#4279=CARTESIAN_POINT('',(-2.078550764241E1,1.697971064217E2,
-1.354388130232E1));
#4280=CARTESIAN_POINT('',(-2.072278140979E1,1.697227511328E2,
-1.354685582848E1));
#4281=CARTESIAN_POINT('',(-2.066779643410E1,1.696435862716E2,
-1.352845736320E1));
#4282=CARTESIAN_POINT('',(-2.062434199670E1,1.695647773484E2,
-1.348975325918E1));
#4283=CARTESIAN_POINT('',(-2.059514181690E1,1.694919190828E2,
-1.343394991212E1));
#4284=CARTESIAN_POINT('',(-2.058119363958E1,1.694307223513E2,
-1.336723825413E1));
#4285=CARTESIAN_POINT('',(-2.058072034004E1,1.693970148775E2,
-1.331650011359E1));
#4286=CARTESIAN_POINT('',(-2.058262147714E1,1.693826045321E2,
-1.329060815082E1));
#4287=CARTESIAN_POINT('',(-2.058274573002E1,1.693817308744E2,
-1.328902040124E1));
#4288=CARTESIAN_POINT('',(-2.134011088005E1,1.699987324334E2,
-1.322314851382E1));
#4289=CARTESIAN_POINT('',(-2.134003243956E1,1.699988052551E2,
-1.322339877928E1));
#4290=CARTESIAN_POINT('',(-2.133466549705E1,1.700037700634E2,
-1.324049456402E1));
#4291=CARTESIAN_POINT('',(-2.132212608102E1,1.700128337291E2,
-1.327649561879E1));
#4292=CARTESIAN_POINT('',(-2.129824861171E1,1.700224813452E2,
-1.333318490907E1));
#4293=CARTESIAN_POINT('',(-2.126659378375E1,1.700272076657E2,
-1.339574449196E1));
#4294=CARTESIAN_POINT('',(-2.122526281673E1,1.700245832121E2,
-1.346368975587E1));
#4295=CARTESIAN_POINT('',(-2.117228935362E1,1.700113946142E2,
-1.353548800745E1));
#4296=CARTESIAN_POINT('',(-2.110600951077E1,1.699836718799E2,
-1.360803323438E1));
#4297=CARTESIAN_POINT('',(-2.102609051588E1,1.699371998212E2,
-1.367576867559E1));
#4298=CARTESIAN_POINT('',(-2.093530894467E1,1.698692233284E2,
-1.373033969979E1));
#4299=CARTESIAN_POINT('',(-2.084029845931E1,1.697807265717E2,
-1.376271943313E1));
#4300=CARTESIAN_POINT('',(-2.074970188926E1,1.696769069339E2,
-1.376674452880E1));
#4301=CARTESIAN_POINT('',(-2.067124276262E1,1.695651003928E2,
-1.374060519869E1));
#4302=CARTESIAN_POINT('',(-2.061054494738E1,1.694529271002E2,
-1.368589161652E1));
#4303=CARTESIAN_POINT('',(-2.057153978258E1,1.693486590072E2,
-1.360732679048E1));
#4304=CARTESIAN_POINT('',(-2.055541859067E1,1.692607454699E2,
-1.351389348886E1));
#4305=CARTESIAN_POINT('',(-2.055793357057E1,1.692121857477E2,
-1.344330193803E1));
#4306=CARTESIAN_POINT('',(-2.056233175406E1,1.691913952449E2,
-1.340743992969E1));
#4307=CARTESIAN_POINT('',(-2.056261258038E1,1.691901346541E2,
-1.340524137405E1));
#4308=CARTESIAN_POINT('',(-2.155200780408E1,1.700203977530E2,
-1.329561977747E1));
#4309=CARTESIAN_POINT('',(-2.155190470033E1,1.700205017253E2,
-1.329593284335E1));
#4310=CARTESIAN_POINT('',(-2.154485038063E1,1.700275920022E2,
-1.331731911621E1));
#4311=CARTESIAN_POINT('',(-2.152838248197E1,1.700407798006E2,
-1.336243515598E1));
#4312=CARTESIAN_POINT('',(-2.149704257647E1,1.700557147464E2,
-1.343373353789E1));
#4313=CARTESIAN_POINT('',(-2.145548710445E1,1.700646808362E2,
-1.351271750383E1));
#4314=CARTESIAN_POINT('',(-2.140119445750E1,1.700645074402E2,
-1.359884525124E1));
#4315=CARTESIAN_POINT('',(-2.133155111834E1,1.700509440775E2,
-1.369022557773E1));
#4316=CARTESIAN_POINT('',(-2.124435267191E1,1.700186743925E2,
-1.378291569057E1));
#4317=CARTESIAN_POINT('',(-2.113918449016E1,1.699619565507E2,
-1.386975875294E1));
#4318=CARTESIAN_POINT('',(-2.101979623591E1,1.698768570633E2,
-1.393990380284E1));
#4319=CARTESIAN_POINT('',(-2.089508927621E1,1.697643467217E2,
-1.398155756394E1));
#4320=CARTESIAN_POINT('',(-2.077662236874E1,1.696310627350E2,
-1.398663322913E1));
#4321=CARTESIAN_POINT('',(-2.067468909114E1,1.694866145140E2,
-1.395275303418E1));
#4322=CARTESIAN_POINT('',(-2.059674789805E1,1.693410768520E2,
-1.388202997387E1));
#4323=CARTESIAN_POINT('',(-2.054793774825E1,1.692053989316E2,
-1.378070366884E1));
#4324=CARTESIAN_POINT('',(-2.052964354175E1,1.690907685886E2,
-1.366054872359E1));
#4325=CARTESIAN_POINT('',(-2.053514680109E1,1.690273566180E2,
-1.357010376247E1));
#4326=CARTESIAN_POINT('',(-2.054204203099E1,1.690001859577E2,
-1.352427170856E1));
#4327=CARTESIAN_POINT('',(-2.054247943075E1,1.689985384339E2,
-1.352146234685E1));
#4328=CARTESIAN_POINT('',(-2.165256087452E1,1.702205888368E2,
-1.327477783471E1));
#4329=CARTESIAN_POINT('',(-2.165241343013E1,1.702207240893E2,
-1.327517742799E1));
#4330=CARTESIAN_POINT('',(-2.164232715500E1,1.702299472397E2,
-1.330247376258E1));
#4331=CARTESIAN_POINT('',(-2.161904115927E1,1.702470674765E2,
-1.335993776479E1));
#4332=CARTESIAN_POINT('',(-2.157554955288E1,1.702663776996E2,
-1.345036901047E1));
#4333=CARTESIAN_POINT('',(-2.151879866384E1,1.702779045001E2,
-1.355009911398E1));
#4334=CARTESIAN_POINT('',(-2.144568793600E1,1.702776208034E2,
-1.365833294149E1));
#4335=CARTESIAN_POINT('',(-2.135306638008E1,1.702601611428E2,
-1.377259501425E1));
#4336=CARTESIAN_POINT('',(-2.123836433928E1,1.702188475025E2,
-1.388788713116E1));
#4337=CARTESIAN_POINT('',(-2.110133098698E1,1.701464931090E2,
-1.399528493547E1));
#4338=CARTESIAN_POINT('',(-2.094698098952E1,1.700381911253E2,
-1.408139006055E1));
#4339=CARTESIAN_POINT('',(-2.078671196613E1,1.698951567399E2,
-1.413174292039E1));
#4340=CARTESIAN_POINT('',(-2.063509066336E1,1.697256508881E2,
-1.413649428120E1));
#4341=CARTESIAN_POINT('',(-2.050497758512E1,1.695416159994E2,
-1.409279863478E1));
#4342=CARTESIAN_POINT('',(-2.040565522028E1,1.693555691209E2,
-1.400329620206E1));
#4343=CARTESIAN_POINT('',(-2.034353840082E1,1.691811870441E2,
-1.387570584812E1));
#4344=CARTESIAN_POINT('',(-2.032036018433E1,1.690326173173E2,
-1.372461079035E1));
#4345=CARTESIAN_POINT('',(-2.032755075240E1,1.689493899220E2,
-1.361081565928E1));
#4346=CARTESIAN_POINT('',(-2.033647329220E1,1.689133909138E2,
-1.355309409439E1));
#4347=CARTESIAN_POINT('',(-2.033703920548E1,1.689112066161E2,
-1.354955574023E1));
#4348=CARTESIAN_POINT('',(-2.153654017570E1,1.703898034709E2,
-1.318243401235E1));
#4349=CARTESIAN_POINT('',(-2.153637511627E1,1.703899373982E2,
-1.318285330809E1));
#4350=CARTESIAN_POINT('',(-2.152508528282E1,1.703990687509E2,
-1.321149433215E1));
#4351=CARTESIAN_POINT('',(-2.149922679062E1,1.704158143910E2,
-1.327161699311E1));
#4352=CARTESIAN_POINT('',(-2.145161110986E1,1.704340090623E2,
-1.336568211823E1));
#4353=CARTESIAN_POINT('',(-2.139027220512E1,1.704437377022E2,
-1.346876904825E1));
#4354=CARTESIAN_POINT('',(-2.131218032809E1,1.704408977777E2,
-1.357989829178E1));
#4355=CARTESIAN_POINT('',(-2.121431917620E1,1.704200978054E2,
-1.369639577812E1));
#4356=CARTESIAN_POINT('',(-2.109431137012E1,1.703747078058E2,
-1.381309376656E1));
#4357=CARTESIAN_POINT('',(-2.095214412185E1,1.702976899186E2,
-1.392098266569E1));
#4358=CARTESIAN_POINT('',(-2.079306517729E1,1.701843876096E2,
-1.400673151780E1));
#4359=CARTESIAN_POINT('',(-2.062858459925E1,1.700362624755E2,
-1.405610484299E1));
#4360=CARTESIAN_POINT('',(-2.047322128974E1,1.698616838303E2,
-1.405949641370E1));
#4361=CARTESIAN_POINT('',(-2.033971323851E1,1.696725451777E2,
-1.401418270920E1));
#4362=CARTESIAN_POINT('',(-2.023724754398E1,1.694812375850E2,
-1.392278383357E1));
#4363=CARTESIAN_POINT('',(-2.017224794921E1,1.693013613565E2,
-1.379291248247E1));
#4364=CARTESIAN_POINT('',(-2.014658589854E1,1.691471476136E2,
-1.363903801797E1));
#4365=CARTESIAN_POINT('',(-2.015239701714E1,1.690598786814E2,
-1.352283217196E1));
#4366=CARTESIAN_POINT('',(-2.016075552780E1,1.690218420999E2,
-1.346374413723E1));
#4367=CARTESIAN_POINT('',(-2.016128740384E1,1.690195329273E2,
-1.346012150302E1));
#4368=(BOUNDED_SURFACE()B_SPLINE_SURFACE(3,3,((#4228,#4229,#4230,#4231,#4232,
#4233,#4234,#4235,#4236,#4237,#4238,#4239,#4240,#4241,#4242,#4243,#4244,#4245,
#4246,#4247),(#4248,#4249,#4250,#4251,#4252,#4253,#4254,#4255,#4256,#4257,#4258,
#4259,#4260,#4261,#4262,#4263,#4264,#4265,#4266,#4267),(#4268,#4269,#4270,#4271,
#4272,#4273,#4274,#4275,#4276,#4277,#4278,#4279,#4280,#4281,#4282,#4283,#4284,
#4285,#4286,#4287),(#4288,#4289,#4290,#4291,#4292,#4293,#4294,#4295,#4296,#4297,
#4298,#4299,#4300,#4301,#4302,#4303,#4304,#4305,#4306,#4307),(#4308,#4309,#4310,
#4311,#4312,#4313,#4314,#4315,#4316,#4317,#4318,#4319,#4320,#4321,#4322,#4323,
#4324,#4325,#4326,#4327),(#4328,#4329,#4330,#4331,#4332,#4333,#4334,#4335,#4336,
#4337,#4338,#4339,#4340,#4341,#4342,#4343,#4344,#4345,#4346,#4347),(#4348,#4349,
#4350,#4351,#4352,#4353,#4354,#4355,#4356,#4357,#4358,#4359,#4360,#4361,#4362,
#4363,#4364,#4365,#4366,#4367)),.UNSPECIFIED.,.F.,.F.,.F.)B_SPLINE_SURFACE_WITH_KNOTS((4,3,4),(4,1,1,1,1,1,1,1,1,1,1,1,1,1,1,1,1,4),(0.E0,1.E0,2.E0),(
5.429701676470E-2,5.461292742885E-2,7.587631238757E-2,9.963356811011E-2,
1.263448005974E-1,1.564639825795E-1,1.904506749878E-1,2.287798519183E-1,
2.718495781798E-1,3.193584170518E-1,3.697582455107E-1,4.213234216278E-1,
4.731318455352E-1,5.248438267304E-1,5.761422343781E-1,6.252638966608E-1,
6.695049042001E-1,6.723877300477E-1),.UNSPECIFIED.)GEOMETRIC_REPRESENTATION_ITEM()RATIONAL_B_SPLINE_SURFACE(((1.354330518211E0,1.354330518211E0,1.354330518211E0,
1.354330518211E0,1.354330518211E0,1.354330518211E0,1.354330518211E0,
1.354330518211E0,1.354330518211E0,1.354330518211E0,1.354330518211E0,
1.354330518211E0,1.354330518211E0,1.354330518211E0,1.354330518211E0,
1.354330518211E0,1.354330518211E0,1.354330518211E0,1.354330518211E0,
1.354330518211E0),(8.818898272629E-1,8.818898272629E-1,8.818898272629E-1,
8.818898272629E-1,8.818898272629E-1,8.818898272629E-1,8.818898272629E-1,
8.818898272629E-1,8.818898272629E-1,8.818898272629E-1,8.818898272629E-1,
8.818898272629E-1,8.818898272629E-1,8.818898272629E-1,8.818898272629E-1,
8.818898272629E-1,8.818898272629E-1,8.818898272629E-1,8.818898272629E-1,
8.818898272629E-1),(8.818898272629E-1,8.818898272629E-1,8.818898272629E-1,
8.818898272629E-1,8.818898272629E-1,8.818898272629E-1,8.818898272629E-1,
8.818898272629E-1,8.818898272629E-1,8.818898272629E-1,8.818898272629E-1,
8.818898272629E-1,8.818898272629E-1,8.818898272629E-1,8.818898272629E-1,
8.818898272629E-1,8.818898272629E-1,8.818898272629E-1,8.818898272629E-1,
8.818898272629E-1),(1.354330518211E0,1.354330518211E0,1.354330518211E0,
1.354330518211E0,1.354330518211E0,1.354330518211E0,1.354330518211E0,
1.354330518211E0,1.354330518211E0,1.354330518211E0,1.354330518211E0,
1.354330518211E0,1.354330518211E0,1.354330518211E0,1.354330518211E0,
1.354330518211E0,1.354330518211E0,1.354330518211E0,1.354330518211E0,
1.354330518211E0),(8.818898272629E-1,8.818898272629E-1,8.818898272629E-1,
8.818898272629E-1,8.818898272629E-1,8.818898272629E-1,8.818898272629E-1,
8.818898272629E-1,8.818898272629E-1,8.818898272629E-1,8.818898272629E-1,
8.818898272629E-1,8.818898272629E-1,8.818898272629E-1,8.818898272629E-1,
8.818898272629E-1,8.818898272629E-1,8.818898272629E-1,8.818898272629E-1,
8.818898272629E-1),(8.818898272629E-1,8.818898272629E-1,8.818898272629E-1,
8.818898272629E-1,8.818898272629E-1,8.818898272629E-1,8.818898272629E-1,
8.818898272629E-1,8.818898272629E-1,8.818898272629E-1,8.818898272629E-1,
8.818898272629E-1,8.818898272629E-1,8.818898272629E-1,8.818898272629E-1,
8.818898272629E-1,8.818898272629E-1,8.818898272629E-1,8.818898272629E-1,
8.818898272629E-1),(1.354330518211E0,1.354330518211E0,1.354330518211E0,
1.354330518211E0,1.354330518211E0,1.354330518211E0,1.354330518211E0,
1.354330518211E0,1.354330518211E0,1.354330518211E0,1.354330518211E0,
1.354330518211E0,1.354330518211E0,1.354330518211E0,1.354330518211E0,
1.354330518211E0,1.354330518211E0,1.354330518211E0,1.354330518211E0,
1.354330518211E0)))REPRESENTATION_ITEM('')SURFACE());
#4370=ORIENTED_EDGE('',*,*,#4369,.F.);
#4372=ORIENTED_EDGE('',*,*,#4371,.F.);
#4373=ORIENTED_EDGE('',*,*,#4219,.T.);
#4375=ORIENTED_EDGE('',*,*,#4374,.T.);
#4376=EDGE_LOOP('',(#4370,#4372,#4373,#4375));
#4377=FACE_OUTER_BOUND('',#4376,.F.);
#4379=CARTESIAN_POINT('',(0.E0,1.703444124241E2,0.E0));
#4380=DIRECTION('',(0.E0,1.E0,0.E0));
#4381=DIRECTION('',(-7.625640061584E-1,0.E0,6.469127734956E-1));
#4382=AXIS2_PLACEMENT_3D('',#4379,#4380,#4381);
#4383=CONICAL_SURFACE('',#4382,2.545066174351E1,3.560381017286E1);
#4385=ORIENTED_EDGE('',*,*,#4384,.T.);
#4387=ORIENTED_EDGE('',*,*,#4386,.T.);
#4389=ORIENTED_EDGE('',*,*,#4388,.F.);
#4391=ORIENTED_EDGE('',*,*,#4390,.T.);
#4393=ORIENTED_EDGE('',*,*,#4392,.T.);
#4395=ORIENTED_EDGE('',*,*,#4394,.T.);
#4397=ORIENTED_EDGE('',*,*,#4396,.T.);
#4399=ORIENTED_EDGE('',*,*,#4398,.T.);
#4400=ORIENTED_EDGE('',*,*,#4369,.T.);
#4402=ORIENTED_EDGE('',*,*,#4401,.T.);
#4403=ORIENTED_EDGE('',*,*,#3340,.T.);
#4404=ORIENTED_EDGE('',*,*,#3582,.T.);
#4405=ORIENTED_EDGE('',*,*,#3597,.T.);
#4406=EDGE_LOOP('',(#4385,#4387,#4389,#4391,#4393,#4395,#4397,#4399,#4400,#4402,
#4403,#4404,#4405));
#4407=FACE_OUTER_BOUND('',#4406,.F.);
#4409=CARTESIAN_POINT('',(1.631927203693E1,1.703494655603E2,-1.873221386232E1));
#4410=CARTESIAN_POINT('',(1.632087161780E1,1.703499008499E2,-1.873125690840E1));
#4411=CARTESIAN_POINT('',(1.634187269011E1,1.703555418632E2,-1.871862035080E1));
#4412=CARTESIAN_POINT('',(1.638406682067E1,1.703648977131E2,-1.869128752508E1));
#4413=CARTESIAN_POINT('',(1.644657836676E1,1.703728163714E2,-1.864492671132E1));
#4414=CARTESIAN_POINT('',(1.651326342501E1,1.703735652277E2,-1.858784534939E1));
#4415=CARTESIAN_POINT('',(1.658271740395E1,1.703641012574E2,-1.851822924061E1));
#4416=CARTESIAN_POINT('',(1.665225614881E1,1.703405682147E2,-1.843458535485E1));
#4417=CARTESIAN_POINT('',(1.671741512106E1,1.702984343579E2,-1.833635160391E1));
#4418=CARTESIAN_POINT('',(1.677124131562E1,1.702334011198E2,-1.822547932468E1));
#4419=CARTESIAN_POINT('',(1.680488660634E1,1.701436798914E2,-1.810824004215E1));
#4420=CARTESIAN_POINT('',(1.681069209253E1,1.700321425391E2,-1.799463077980E1));
#4421=CARTESIAN_POINT('',(1.678517327858E1,1.699057757035E2,-1.789502604429E1));
#4422=CARTESIAN_POINT('',(1.672908380831E1,1.697730223065E2,-1.781727964781E1));
#4423=CARTESIAN_POINT('',(1.664588061136E1,1.696420610917E2,-1.776626989937E1));
#4424=CARTESIAN_POINT('',(1.654106569563E1,1.695208614517E2,-1.774452004130E1));
#4425=CARTESIAN_POINT('',(1.644169337761E1,1.694338983505E2,-1.775070033605E1));
#4426=CARTESIAN_POINT('',(1.637925381222E1,1.693896945418E2,-1.776443657960E1));
#4427=CARTESIAN_POINT('',(1.635902122462E1,1.693763744057E2,-1.776982259932E1));
#4428=CARTESIAN_POINT('',(1.631359895478E1,1.701566107064E2,-1.861646666255E1));
#4429=CARTESIAN_POINT('',(1.631474094897E1,1.701568587110E2,-1.861584417970E1));
#4430=CARTESIAN_POINT('',(1.632973419713E1,1.701600628735E2,-1.860762293458E1));
#4431=CARTESIAN_POINT('',(1.635985443650E1,1.701651123823E2,-1.858980410448E1));
#4432=CARTESIAN_POINT('',(1.640446927184E1,1.701684350914E2,-1.855948521072E1));
#4433=CARTESIAN_POINT('',(1.645205657005E1,1.701666096709E2,-1.852205394463E1));
#4434=CARTESIAN_POINT('',(1.650162503878E1,1.701575856668E2,-1.847629167140E1));
#4435=CARTESIAN_POINT('',(1.655128817565E1,1.701388029739E2,-1.842117972675E1));
#4436=CARTESIAN_POINT('',(1.659791934423E1,1.701073026146E2,-1.835629575793E1));
#4437=CARTESIAN_POINT('',(1.663665688226E1,1.700603693709E2,-1.828285430879E1));
#4438=CARTESIAN_POINT('',(1.666131536617E1,1.699970623791E2,-1.820491309102E1));
#4439=CARTESIAN_POINT('',(1.666653268855E1,1.699195743769E2,-1.812901758565E1));
#4440=CARTESIAN_POINT('',(1.664984054926E1,1.698327673607E2,-1.806201844964E1));
#4441=CARTESIAN_POINT('',(1.661170078644E1,1.697423743091E2,-1.800914445352E1));
#4442=CARTESIAN_POINT('',(1.655443159546E1,1.696538903079E2,-1.797367434926E1));
#4443=CARTESIAN_POINT('',(1.648174967917E1,1.695726435799E2,-1.795734378200E1));
#4444=CARTESIAN_POINT('',(1.641240518404E1,1.695148887041E2,-1.795970569369E1));
#4445=CARTESIAN_POINT('',(1.636862418405E1,1.694857991609E2,-1.796774643032E1));
#4446=CARTESIAN_POINT('',(1.635441519028E1,1.694770657022E2,-1.797097433032E1));
#4447=CARTESIAN_POINT('',(1.641887799903E1,1.699770747371E2,-1.870194034059E1));
#4448=CARTESIAN_POINT('',(1.641988866164E1,1.699773136993E2,-1.870146064033E1));
#4449=CARTESIAN_POINT('',(1.643316368518E1,1.699804088981E2,-1.869511825547E1));
#4450=CARTESIAN_POINT('',(1.645999415446E1,1.699854982529E2,-1.868118666230E1));
#4451=CARTESIAN_POINT('',(1.650020501219E1,1.699895915048E2,-1.865691439704E1));
#4452=CARTESIAN_POINT('',(1.654365685436E1,1.699894147830E2,-1.862625273170E1));
#4453=CARTESIAN_POINT('',(1.658957364980E1,1.699830769026E2,-1.858792172652E1));
#4454=CARTESIAN_POINT('',(1.663631553162E1,1.699681468290E2,-1.854076264956E1));
#4455=CARTESIAN_POINT('',(1.668100021175E1,1.699417351348E2,-1.848413164253E1));
#4456=CARTESIAN_POINT('',(1.671896620991E1,1.699010834682E2,-1.841891813522E1));
#4457=CARTESIAN_POINT('',(1.674411091635E1,1.698450527151E2,-1.834878682457E1));
#4458=CARTESIAN_POINT('',(1.675101024682E1,1.697755514024E2,-1.827995686463E1));
#4459=CARTESIAN_POINT('',(1.673707718588E1,1.696971965668E2,-1.821909126793E1));
#4460=CARTESIAN_POINT('',(1.670269204143E1,1.696155695383E2,-1.817132630775E1));
#4461=CARTESIAN_POINT('',(1.665015075311E1,1.695360747854E2,-1.813986819454E1));
#4462=CARTESIAN_POINT('',(1.658317236979E1,1.694639270224E2,-1.812633597101E1));
#4463=CARTESIAN_POINT('',(1.651940683789E1,1.694137035632E2,-1.812988695692E1));
#4464=CARTESIAN_POINT('',(1.647935901535E1,1.693890436158E2,-1.813804376895E1));
#4465=CARTESIAN_POINT('',(1.646639158126E1,1.693817176590E2,-1.814124315756E1));
#4466=CARTESIAN_POINT('',(1.652493243211E1,1.699987458263E2,-1.889918489181E1));
#4467=CARTESIAN_POINT('',(1.652627545951E1,1.699991634518E2,-1.889850686069E1));
#4468=CARTESIAN_POINT('',(1.654392001621E1,1.700045916068E2,-1.888954061703E1));
#4469=CARTESIAN_POINT('',(1.657968765022E1,1.700140252949E2,-1.886980142675E1));
#4470=CARTESIAN_POINT('',(1.663359611881E1,1.700234491925E2,-1.883525257439E1));
#4471=CARTESIAN_POINT('',(1.669220265080E1,1.700274187468E2,-1.879139548494E1));
#4472=CARTESIAN_POINT('',(1.675452316288E1,1.700232020626E2,-1.873629620174E1));
#4473=CARTESIAN_POINT('',(1.681835529756E1,1.700071950306E2,-1.866818807549E1));
#4474=CARTESIAN_POINT('',(1.687971184562E1,1.699750017740E2,-1.858607631155E1));
#4475=CARTESIAN_POINT('',(1.693203085330E1,1.699222394643E2,-1.849127714335E1));
#4476=CARTESIAN_POINT('',(1.696662596949E1,1.698467322151E2,-1.838929434984E1));
#4477=CARTESIAN_POINT('',(1.697571722306E1,1.697507966924E2,-1.828948748168E1));
#4478=CARTESIAN_POINT('',(1.695558821053E1,1.696409410135E2,-1.820186448600E1));
#4479=CARTESIAN_POINT('',(1.690683330817E1,1.695253118580E2,-1.813409848360E1));
#4480=CARTESIAN_POINT('',(1.683286596946E1,1.694119109503E2,-1.809092607517E1));
#4481=CARTESIAN_POINT('',(1.673919278523E1,1.693084859467E2,-1.807464272261E1));
#4482=CARTESIAN_POINT('',(1.665071885434E1,1.692362353092E2,-1.808314584882E1));
#4483=CARTESIAN_POINT('',(1.659557197248E1,1.692006846227E2,-1.809710884321E1));
#4484=CARTESIAN_POINT('',(1.657776474554E1,1.691901140119E2,-1.810243916654E1));
#4485=CARTESIAN_POINT('',(1.663098686519E1,1.700204169154E2,-1.909642944304E1));
#4486=CARTESIAN_POINT('',(1.663266225738E1,1.700210132042E2,-1.909555308104E1));
#4487=CARTESIAN_POINT('',(1.665467634725E1,1.700287743154E2,-1.908396297860E1));
#4488=CARTESIAN_POINT('',(1.669938114598E1,1.700425523370E2,-1.905841619121E1));
#4489=CARTESIAN_POINT('',(1.676698722543E1,1.700573068802E2,-1.901359075175E1));
#4490=CARTESIAN_POINT('',(1.684074844725E1,1.700654227107E2,-1.895653823817E1));
#4491=CARTESIAN_POINT('',(1.691947267597E1,1.700633272226E2,-1.888467067696E1));
#4492=CARTESIAN_POINT('',(1.700039506350E1,1.700462432322E2,-1.879561350142E1));
#4493=CARTESIAN_POINT('',(1.707842347949E1,1.700082684131E2,-1.868802098057E1));
#4494=CARTESIAN_POINT('',(1.714509549670E1,1.699433954605E2,-1.856363615149E1));
#4495=CARTESIAN_POINT('',(1.718914102263E1,1.698484117150E2,-1.842980187512E1));
#4496=CARTESIAN_POINT('',(1.720042419929E1,1.697260419823E2,-1.829901809873E1));
#4497=CARTESIAN_POINT('',(1.717409923518E1,1.695846854602E2,-1.818463770408E1));
#4498=CARTESIAN_POINT('',(1.711097457491E1,1.694350541777E2,-1.809687065945E1));
#4499=CARTESIAN_POINT('',(1.701558118581E1,1.692877471151E2,-1.804198395581E1));
#4500=CARTESIAN_POINT('',(1.689521320067E1,1.691530448709E2,-1.802294947422E1));
#4501=CARTESIAN_POINT('',(1.678203087079E1,1.690587670552E2,-1.803640474071E1));
#4502=CARTESIAN_POINT('',(1.671178492961E1,1.690123256296E2,-1.805617391748E1));
#4503=CARTESIAN_POINT('',(1.668913790983E1,1.689985103647E2,-1.806363517552E1));
#4504=CARTESIAN_POINT('',(1.662682848879E1,1.702206158117E2,-1.919902428954E1));
#4505=CARTESIAN_POINT('',(1.662895211538E1,1.702213914945E2,-1.919781604063E1));
#4506=CARTESIAN_POINT('',(1.665685068770E1,1.702314859940E2,-1.918184528384E1));
#4507=CARTESIAN_POINT('',(1.671336665481E1,1.702493664E2,-1.914687383803E1));
#4508=CARTESIAN_POINT('',(1.679843709529E1,1.702684330587E2,-1.908620326075E1));
#4509=CARTESIAN_POINT('',(1.689078345066E1,1.702788535775E2,-1.900979958748E1));
#4510=CARTESIAN_POINT('',(1.698879995093E1,1.702760944816E2,-1.891451255838E1));
#4511=CARTESIAN_POINT('',(1.708893878958E1,1.702541310147E2,-1.879752803795E1));
#4512=CARTESIAN_POINT('',(1.718480996890E1,1.702055549325E2,-1.865738719036E1));
#4513=CARTESIAN_POINT('',(1.726593881820E1,1.701228531599E2,-1.849656511503E1));
#4514=CARTESIAN_POINT('',(1.731850888821E1,1.700020227467E2,-1.832455121361E1));
#4515=CARTESIAN_POINT('',(1.733020000928E1,1.698464618623E2,-1.815716606233E1));
#4516=CARTESIAN_POINT('',(1.729520825751E1,1.696666177692E2,-1.801113951211E1));
#4517=CARTESIAN_POINT('',(1.721462771740E1,1.694758001517E2,-1.789919285912E1));
#4518=CARTESIAN_POINT('',(1.709407713795E1,1.692871750365E2,-1.782912483069E1));
#4519=CARTESIAN_POINT('',(1.694255268952E1,1.691135516372E2,-1.780466886182E1));
#4520=CARTESIAN_POINT('',(1.680023245848E1,1.689907399544E2,-1.782165681553E1));
#4521=CARTESIAN_POINT('',(1.671185670485E1,1.689294848426E2,-1.784684598947E1));
#4522=CARTESIAN_POINT('',(1.668335348487E1,1.689111683665E2,-1.785636756026E1));
#4523=CARTESIAN_POINT('',(1.651680913141E1,1.703898301529E2,-1.909960176323E1));
#4524=CARTESIAN_POINT('',(1.651902777527E1,1.703905982209E2,-1.909827539803E1));
#4525=CARTESIAN_POINT('',(1.654816754448E1,1.704005846007E2,-1.908075163839E1));
#4526=CARTESIAN_POINT('',(1.660700804711E1,1.704180322105E2,-1.904260157641E1));
#4527=CARTESIAN_POINT('',(1.669503277707E1,1.704358797348E2,-1.897709958110E1));
#4528=CARTESIAN_POINT('',(1.678994497595E1,1.704443514492E2,-1.889544040884E1));
#4529=CARTESIAN_POINT('',(1.688995253410E1,1.704388384210E2,-1.879459168845E1));
#4530=CARTESIAN_POINT('',(1.699132360125E1,1.704132994345E2,-1.867192808226E1));
#4531=CARTESIAN_POINT('',(1.708753561159E1,1.703603968337E2,-1.852623384769E1));
#4532=CARTESIAN_POINT('',(1.716809573623E1,1.702728062997E2,-1.836025528653E1));
#4533=CARTESIAN_POINT('',(1.721934336971E1,1.701468081297E2,-1.818368939976E1));
#4534=CARTESIAN_POINT('',(1.722923153408E1,1.699860343911E2,-1.801238251676E1));
#4535=CARTESIAN_POINT('',(1.719217213443E1,1.698009940531E2,-1.786293942282E1));
#4536=CARTESIAN_POINT('',(1.710931753852E1,1.696049082598E2,-1.774793906484E1));
#4537=CARTESIAN_POINT('',(1.698620615841E1,1.694107934066E2,-1.767511025826E1));
#4538=CARTESIAN_POINT('',(1.683166947946E1,1.692313367466E2,-1.764823614448E1));
#4539=CARTESIAN_POINT('',(1.668627527246E1,1.691033458008E2,-1.766364030074E1));
#4540=CARTESIAN_POINT('',(1.659571218389E1,1.690388568904E2,-1.768819114546E1));
#4541=CARTESIAN_POINT('',(1.656646499324E1,1.690194932584E2,-1.769754624634E1));
#4542=(BOUNDED_SURFACE()B_SPLINE_SURFACE(3,3,((#4409,#4410,#4411,#4412,#4413,
#4414,#4415,#4416,#4417,#4418,#4419,#4420,#4421,#4422,#4423,#4424,#4425,#4426,
#4427),(#4428,#4429,#4430,#4431,#4432,#4433,#4434,#4435,#4436,#4437,#4438,#4439,
#4440,#4441,#4442,#4443,#4444,#4445,#4446),(#4447,#4448,#4449,#4450,#4451,#4452,
#4453,#4454,#4455,#4456,#4457,#4458,#4459,#4460,#4461,#4462,#4463,#4464,#4465),(
#4466,#4467,#4468,#4469,#4470,#4471,#4472,#4473,#4474,#4475,#4476,#4477,#4478,
#4479,#4480,#4481,#4482,#4483,#4484),(#4485,#4486,#4487,#4488,#4489,#4490,#4491,
#4492,#4493,#4494,#4495,#4496,#4497,#4498,#4499,#4500,#4501,#4502,#4503),(#4504,
#4505,#4506,#4507,#4508,#4509,#4510,#4511,#4512,#4513,#4514,#4515,#4516,#4517,
#4518,#4519,#4520,#4521,#4522),(#4523,#4524,#4525,#4526,#4527,#4528,#4529,#4530,
#4531,#4532,#4533,#4534,#4535,#4536,#4537,#4538,#4539,#4540,#4541)),
.UNSPECIFIED.,.F.,.F.,.F.)B_SPLINE_SURFACE_WITH_KNOTS((4,3,4),(4,1,1,1,1,1,1,1,
1,1,1,1,1,1,1,1,4),(0.E0,1.E0,2.E0),(5.433383254174E-2,5.614611208910E-2,
7.815060611162E-2,1.028272892385E-1,1.306679764956E-1,1.621623663290E-1,
1.978077288725E-1,2.381148996954E-1,2.834355054314E-1,3.331068722786E-1,
3.852602155732E-1,4.382638076459E-1,4.913683153018E-1,5.442470382692E-1,
5.967715635541E-1,6.482376529207E-1,6.724031938941E-1),.UNSPECIFIED.)GEOMETRIC_REPRESENTATION_ITEM()RATIONAL_B_SPLINE_SURFACE(((1.354335036326E0,
1.354335036326E0,1.354335036326E0,1.354335036326E0,1.354335036326E0,
1.354335036326E0,1.354335036326E0,1.354335036326E0,1.354335036326E0,
1.354335036326E0,1.354335036326E0,1.354335036326E0,1.354335036326E0,
1.354335036326E0,1.354335036326E0,1.354335036326E0,1.354335036326E0,
1.354335036326E0,1.354335036326E0),(8.818883212247E-1,8.818883212247E-1,
8.818883212247E-1,8.818883212247E-1,8.818883212247E-1,8.818883212247E-1,
8.818883212247E-1,8.818883212247E-1,8.818883212247E-1,8.818883212247E-1,
8.818883212247E-1,8.818883212247E-1,8.818883212247E-1,8.818883212247E-1,
8.818883212247E-1,8.818883212247E-1,8.818883212247E-1,8.818883212247E-1,
8.818883212247E-1),(8.818883212247E-1,8.818883212247E-1,8.818883212247E-1,
8.818883212247E-1,8.818883212247E-1,8.818883212247E-1,8.818883212247E-1,
8.818883212247E-1,8.818883212247E-1,8.818883212247E-1,8.818883212247E-1,
8.818883212247E-1,8.818883212247E-1,8.818883212247E-1,8.818883212247E-1,
8.818883212247E-1,8.818883212247E-1,8.818883212247E-1,8.818883212247E-1),(
1.354335036326E0,1.354335036326E0,1.354335036326E0,1.354335036326E0,
1.354335036326E0,1.354335036326E0,1.354335036326E0,1.354335036326E0,
1.354335036326E0,1.354335036326E0,1.354335036326E0,1.354335036326E0,
1.354335036326E0,1.354335036326E0,1.354335036326E0,1.354335036326E0,
1.354335036326E0,1.354335036326E0,1.354335036326E0),(8.818883212247E-1,
8.818883212247E-1,8.818883212247E-1,8.818883212247E-1,8.818883212247E-1,
8.818883212247E-1,8.818883212247E-1,8.818883212247E-1,8.818883212247E-1,
8.818883212247E-1,8.818883212247E-1,8.818883212247E-1,8.818883212247E-1,
8.818883212247E-1,8.818883212247E-1,8.818883212247E-1,8.818883212247E-1,
8.818883212247E-1,8.818883212247E-1),(8.818883212247E-1,8.818883212247E-1,
8.818883212247E-1,8.818883212247E-1,8.818883212247E-1,8.818883212247E-1,
8.818883212247E-1,8.818883212247E-1,8.818883212247E-1,8.818883212247E-1,
8.818883212247E-1,8.818883212247E-1,8.818883212247E-1,8.818883212247E-1,
8.818883212247E-1,8.818883212247E-1,8.818883212247E-1,8.818883212247E-1,
8.818883212247E-1),(1.354335036326E0,1.354335036326E0,1.354335036326E0,
1.354335036326E0,1.354335036326E0,1.354335036326E0,1.354335036326E0,
1.354335036326E0,1.354335036326E0,1.354335036326E0,1.354335036326E0,
1.354335036326E0,1.354335036326E0,1.354335036326E0,1.354335036326E0,
1.354335036326E0,1.354335036326E0,1.354335036326E0,1.354335036326E0)))REPRESENTATION_ITEM('')SURFACE());
#4543=ORIENTED_EDGE('',*,*,#4384,.F.);
#4544=ORIENTED_EDGE('',*,*,#3595,.F.);
#4546=ORIENTED_EDGE('',*,*,#4545,.T.);
#4548=ORIENTED_EDGE('',*,*,#4547,.T.);
#4549=EDGE_LOOP('',(#4543,#4544,#4546,#4548));
#4550=FACE_OUTER_BOUND('',#4549,.F.);
#4552=CARTESIAN_POINT('',(1.650059467887E1,1.690254851908E2,-1.838063704615E1));
#4553=CARTESIAN_POINT('',(1.676314477476E1,1.690993049337E2,-1.815274709953E1));
#4554=CARTESIAN_POINT('',(1.699799088613E1,1.693655001730E2,-1.817015783235E1));
#4555=CARTESIAN_POINT('',(1.702302767761E1,1.696176567038E2,-1.841936854273E1));
#4556=CARTESIAN_POINT('',(1.704806446908E1,1.698698132346E2,-1.866857925311E1));
#4557=CARTESIAN_POINT('',(1.684387780908E1,1.699124028051E2,-1.895634594937E1));
#4558=CARTESIAN_POINT('',(1.656879895537E1,1.697124004358E2,-1.905952739904E1));
#4559=CARTESIAN_POINT('',(1.647721195204E1,1.690474116296E2,-1.836080056758E1));
#4560=CARTESIAN_POINT('',(1.673971161417E1,1.691212786653E2,-1.813286783592E1));
#4561=CARTESIAN_POINT('',(1.697437586041E1,1.693876444431E2,-1.815012428532E1));
#4562=CARTESIAN_POINT('',(1.699924037799E1,1.696399625185E2,-1.839918884898E1));
#4563=CARTESIAN_POINT('',(1.702410489557E1,1.698922805939E2,-1.864825341264E1));
#4564=CARTESIAN_POINT('',(1.681988913824E1,1.699348974495E2,-1.893599542457E1));
#4565=CARTESIAN_POINT('',(1.654494692655E1,1.697347669483E2,-1.903929279313E1));
#4566=CARTESIAN_POINT('',(1.607158727289E1,1.694266943696E2,-1.801669334027E1));
#4567=CARTESIAN_POINT('',(1.633321205004E1,1.695013794741E2,-1.778801840913E1));
#4568=CARTESIAN_POINT('',(1.656472144574E1,1.697706952214E2,-1.780259847530E1));
#4569=CARTESIAN_POINT('',(1.658659749439E1,1.700258076898E2,-1.804912780402E1));
#4570=CARTESIAN_POINT('',(1.660847354303E1,1.702809201581E2,-1.829565713275E1));
#4571=CARTESIAN_POINT('',(1.640375302921E1,1.703240089904E2,-1.858297094033E1));
#4572=CARTESIAN_POINT('',(1.613118117382E1,1.701216620674E2,-1.868827917510E1));
#4573=CARTESIAN_POINT('',(1.524554886458E1,1.701616475943E2,-1.731593275635E1));
#4574=CARTESIAN_POINT('',(1.550539197278E1,1.702379179073E2,-1.708574636656E1));
#4575=CARTESIAN_POINT('',(1.573047664085E1,1.705129499433E2,-1.709487608654E1));
#4576=CARTESIAN_POINT('',(1.574626679184E1,1.707734772325E2,-1.733624251135E1));
#4577=CARTESIAN_POINT('',(1.576205694284E1,1.710340045217E2,-1.757760893616E1));
#4578=CARTESIAN_POINT('',(1.555630851307E1,1.710780079243E2,-1.786405072223E1));
#4579=CARTESIAN_POINT('',(1.528856379425E1,1.708713661414E2,-1.797345400439E1));
#4580=CARTESIAN_POINT('',(1.399132337193E1,1.711719125115E2,-1.625192437766E1));
#4581=CARTESIAN_POINT('',(1.424846126190E1,1.712503618482E2,-1.601944304556E1));
#4582=CARTESIAN_POINT('',(1.446379086710E1,1.715332514809E2,-1.602029716512E1));
#4583=CARTESIAN_POINT('',(1.447034042145E1,1.718012219696E2,-1.625382443146E1));
#4584=CARTESIAN_POINT('',(1.447688997581E1,1.720691924584E2,-1.648735169779E1));
#4585=CARTESIAN_POINT('',(1.426958079701E1,1.721144530272E2,-1.677246943975E1));
#4586=CARTESIAN_POINT('',(1.400916541917E1,1.719019075402E2,-1.688809048789E1));
#4587=CARTESIAN_POINT('',(1.268591895716E1,1.721159580718E2,-1.514449892389E1));
#4588=CARTESIAN_POINT('',(1.294024124178E1,1.721964436049E2,-1.490962900407E1));
#4589=CARTESIAN_POINT('',(1.314541772662E1,1.724866757960E2,-1.490186983592E1));
#4590=CARTESIAN_POINT('',(1.314234961986E1,1.727616016084E2,-1.512723806544E1));
#4591=CARTESIAN_POINT('',(1.313928151311E1,1.730365274209E2,-1.535260629496E1));
#4592=CARTESIAN_POINT('',(1.293034789869E1,1.730829627531E2,-1.563634596482E1));
#4593=CARTESIAN_POINT('',(1.267756093726E1,1.728649005292E2,-1.575843849590E1));
#4594=CARTESIAN_POINT('',(1.139226417263E1,1.729515362093E2,-1.404704113958E1));
#4595=CARTESIAN_POINT('',(1.164379619452E1,1.730338239872E2,-1.380980413110E1));
#4596=CARTESIAN_POINT('',(1.183891094483E1,1.733305551032E2,-1.379350920130E1));
#4597=CARTESIAN_POINT('',(1.182631174324E1,1.736116370978E2,-1.401079183150E1));
#4598=CARTESIAN_POINT('',(1.181371254164E1,1.738927190924E2,-1.422807446170E1));
#4599=CARTESIAN_POINT('',(1.160316911273E1,1.739401942118E2,-1.451044846319E1));
#4600=CARTESIAN_POINT('',(1.135794190612E1,1.737172491042E2,-1.463895422900E1));
#4601=CARTESIAN_POINT('',(1.016515194209E1,1.736581217736E2,-1.300603399783E1));
#4602=CARTESIAN_POINT('',(1.041403722578E1,1.737419335743E2,-1.276655165816E1));
#4603=CARTESIAN_POINT('',(1.059960779348E1,1.740441603422E2,-1.274216002619E1));
#4604=CARTESIAN_POINT('',(1.057796775410E1,1.743304481568E2,-1.295177296126E1));
#4605=CARTESIAN_POINT('',(1.055632771471E1,1.746167359715E2,-1.316138589633E1));
#4606=CARTESIAN_POINT('',(1.034425727638E1,1.746650903608E2,-1.344246447620E1));
#4607=CARTESIAN_POINT('',(1.010620096863E1,1.744380161659E2,-1.357705359505E1));
#4608=CARTESIAN_POINT('',(9.042058983122E0,1.742360327272E2,-1.205327045915E1));
#4609=CARTESIAN_POINT('',(9.288521886075E0,1.743210910145E2,-1.181173311947E1));
#4610=CARTESIAN_POINT('',(9.465357307939E0,1.746278126343E2,-1.177993112276E1));
#4611=CARTESIAN_POINT('',(9.435442800250E0,1.749183582495E2,-1.198252450380E1));
#4612=CARTESIAN_POINT('',(9.405528292561E0,1.752089038648E2,-1.218511788485E1));
#4613=CARTESIAN_POINT('',(9.192060285625E0,1.752579774023E2,-1.246501085278E1));
#4614=CARTESIAN_POINT('',(8.960567017344E0,1.750275260582E2,-1.260516765387E1));
#4615=CARTESIAN_POINT('',(8.032650510844E0,1.747022361979E2,-1.119694990229E1));
#4616=CARTESIAN_POINT('',(8.276936237257E0,1.747883000318E2,-1.095356557888E1));
#4617=CARTESIAN_POINT('',(8.445920723768E0,1.750986476696E2,-1.091510332766E1));
#4618=CARTESIAN_POINT('',(8.408569326420E0,1.753926280725E2,-1.111138770530E1));
#4619=CARTESIAN_POINT('',(8.371217929073E0,1.756866084754E2,-1.130767208293E1));
#4620=CARTESIAN_POINT('',(8.156493821669E0,1.757362621531E2,-1.158649945187E1));
#4621=CARTESIAN_POINT('',(7.930899252690E0,1.755030864470E2,-1.173166034952E1));
#4622=CARTESIAN_POINT('',(7.129469818084E0,1.750781463727E2,-1.043074651189E1));
#4623=CARTESIAN_POINT('',(7.371807488912E0,1.751650210011E2,-1.018570957698E1));
#4624=CARTESIAN_POINT('',(7.533767254093E0,1.754782923775E2,-1.014128798080E1));
#4625=CARTESIAN_POINT('',(7.489761607909E0,1.757750423257E2,-1.033192729974E1));
#4626=CARTESIAN_POINT('',(7.445755961725E0,1.760717922739E2,-1.052256661869E1));
#4627=CARTESIAN_POINT('',(7.229907942917E0,1.761219137314E2,-1.080044052977E1));
#4628=CARTESIAN_POINT('',(7.009591307960E0,1.758865413119E2,-1.095007890461E1));
#4629=CARTESIAN_POINT('',(6.325498313818E0,1.753808712772E2,-9.748706143542E0));
#4630=CARTESIAN_POINT('',(6.566101911717E0,1.754683988479E2,-9.502198126985E0));
#4631=CARTESIAN_POINT('',(6.721808580664E0,1.757840247455E2,-9.452471785527E0));
#4632=CARTESIAN_POINT('',(6.671879616483E0,1.760830050413E2,-9.638086122912E0));
#4633=CARTESIAN_POINT('',(6.621950652302E0,1.763819853370E2,-9.823700460297E0));
#4634=CARTESIAN_POINT('',(6.405102177282E0,1.764324835032E2,-1.010072564536E1));
#4635=CARTESIAN_POINT('',(6.189483725757E0,1.761953420445E2,-1.025434967234E1));
#4636=CARTESIAN_POINT('',(5.602259733800E0,1.756283391062E2,-9.135154662130E0));
#4637=CARTESIAN_POINT('',(5.841303390322E0,1.757164004362E2,-8.887323286437E0));
#4638=CARTESIAN_POINT('',(5.991384884270E0,1.760339510788E2,-8.832824889670E0));
#4639=CARTESIAN_POINT('',(5.936127407748E0,1.763347546116E2,-9.013918842285E0));
#4640=CARTESIAN_POINT('',(5.880869931226E0,1.766355581444E2,-9.195012794900E0));
#4641=CARTESIAN_POINT('',(5.663121463427E0,1.766863642577E2,-9.471274481042E0));
#4642=CARTESIAN_POINT('',(5.451729414781E0,1.764477766666E2,-9.628483930406E0));
#4643=CARTESIAN_POINT('',(4.945427975471E0,1.758330045669E2,-8.577938676027E0));
#4644=CARTESIAN_POINT('',(5.183054922287E0,1.759215073365E2,-8.328905450443E0));
#4645=CARTESIAN_POINT('',(5.328027737317E0,1.762406498177E2,-8.270073162426E0));
#4646=CARTESIAN_POINT('',(5.267931005437E0,1.765429612380E2,-8.447061786169E0));
#4647=CARTESIAN_POINT('',(5.207834273557E0,1.768452726584E2,-8.624050409912E0));
#4648=CARTESIAN_POINT('',(4.989268449207E0,1.768963334559E2,-8.899618700520E0));
#4649=CARTESIAN_POINT('',(4.781714740788E0,1.766565498573E2,-9.060084363299E0));
#4650=CARTESIAN_POINT('',(4.523603641313E0,1.759527067446E2,-8.220088649832E0));
#4651=CARTESIAN_POINT('',(4.760320762352E0,1.760414676978E2,-7.970283583162E0));
#4652=CARTESIAN_POINT('',(4.902012729817E0,1.763615411935E2,-7.908668023741E0));
#4653=CARTESIAN_POINT('',(4.838808176864E0,1.766647345283E2,-8.083020161495E0));
#4654=CARTESIAN_POINT('',(4.775603623911E0,1.769679278630E2,-8.257372299249E0));
#4655=CARTESIAN_POINT('',(4.556512884351E0,1.770191376170E2,-8.532495284067E0));
#4656=CARTESIAN_POINT('',(4.351424198490E0,1.767786545127E2,-8.695052122098E0));
#4657=CARTESIAN_POINT('',(4.322231422666E0,1.760071987450E2,-8.049256746473E0));
#4658=CARTESIAN_POINT('',(4.558514207205E0,1.760960772311E2,-7.799083215373E0));
#4659=CARTESIAN_POINT('',(4.698639950087E0,1.764165745525E2,-7.736138966777E0));
#4660=CARTESIAN_POINT('',(4.633951772762E0,1.767201693610E2,-7.909232488223E0));
#4661=CARTESIAN_POINT('',(4.569263595438E0,1.770237641695E2,-8.082326009669E0));
#4662=CARTESIAN_POINT('',(4.349922269815E0,1.770750417329E2,-8.357236412470E0));
#4663=CARTESIAN_POINT('',(4.146010346673E0,1.768342401926E2,-8.520791543993E0));
#4664=(BOUNDED_SURFACE()B_SPLINE_SURFACE(3,3,((#4552,#4553,#4554,#4555,#4556,
#4557,#4558),(#4559,#4560,#4561,#4562,#4563,#4564,#4565),(#4566,#4567,#4568,
#4569,#4570,#4571,#4572),(#4573,#4574,#4575,#4576,#4577,#4578,#4579),(#4580,
#4581,#4582,#4583,#4584,#4585,#4586),(#4587,#4588,#4589,#4590,#4591,#4592,
#4593),(#4594,#4595,#4596,#4597,#4598,#4599,#4600),(#4601,#4602,#4603,#4604,
#4605,#4606,#4607),(#4608,#4609,#4610,#4611,#4612,#4613,#4614),(#4615,#4616,
#4617,#4618,#4619,#4620,#4621),(#4622,#4623,#4624,#4625,#4626,#4627,#4628),(
#4629,#4630,#4631,#4632,#4633,#4634,#4635),(#4636,#4637,#4638,#4639,#4640,#4641,
#4642),(#4643,#4644,#4645,#4646,#4647,#4648,#4649),(#4650,#4651,#4652,#4653,
#4654,#4655,#4656),(#4657,#4658,#4659,#4660,#4661,#4662,#4663)),.UNSPECIFIED.,
.F.,.F.,.F.)B_SPLINE_SURFACE_WITH_KNOTS((4,1,1,1,1,1,1,1,1,1,1,1,1,4),(4,3,4),(
8.362736669895E-1,8.372646524588E-1,8.534479755779E-1,8.706780063125E-1,
8.879934309007E-1,9.048251634321E-1,9.203782194632E-1,9.341852803526E-1,
9.464102882739E-1,9.572678825202E-1,9.668499894537E-1,9.752453337242E-1,
9.830353917583E-1,9.901241431161E-1),(0.E0,1.E0,2.E0),.UNSPECIFIED.)GEOMETRIC_REPRESENTATION_ITEM()RATIONAL_B_SPLINE_SURFACE(((1.240473205897E0,
9.198422647011E-1,9.198422647011E-1,1.240473205897E0,9.198422647011E-1,
9.198422647011E-1,1.240473205897E0),(1.240473205897E0,9.198422647011E-1,
9.198422647011E-1,1.240473205897E0,9.198422647011E-1,9.198422647011E-1,
1.240473205897E0),(1.240473205897E0,9.198422647011E-1,9.198422647011E-1,
1.240473205897E0,9.198422647011E-1,9.198422647011E-1,1.240473205897E0),(
1.240473205897E0,9.198422647011E-1,9.198422647011E-1,1.240473205897E0,
9.198422647011E-1,9.198422647011E-1,1.240473205897E0),(1.240473205897E0,
9.198422647011E-1,9.198422647011E-1,1.240473205897E0,9.198422647011E-1,
9.198422647011E-1,1.240473205897E0),(1.240473205897E0,9.198422647011E-1,
9.198422647011E-1,1.240473205897E0,9.198422647011E-1,9.198422647011E-1,
1.240473205897E0),(1.240473205897E0,9.198422647011E-1,9.198422647011E-1,
1.240473205897E0,9.198422647011E-1,9.198422647011E-1,1.240473205897E0),(
1.240473205897E0,9.198422647011E-1,9.198422647011E-1,1.240473205897E0,
9.198422647011E-1,9.198422647011E-1,1.240473205897E0),(1.240473205897E0,
9.198422647011E-1,9.198422647011E-1,1.240473205897E0,9.198422647011E-1,
9.198422647011E-1,1.240473205897E0),(1.240473205897E0,9.198422647011E-1,
9.198422647011E-1,1.240473205897E0,9.198422647011E-1,9.198422647011E-1,
1.240473205897E0),(1.240473205897E0,9.198422647011E-1,9.198422647011E-1,
1.240473205897E0,9.198422647011E-1,9.198422647011E-1,1.240473205897E0),(
1.240473205897E0,9.198422647011E-1,9.198422647011E-1,1.240473205897E0,
9.198422647011E-1,9.198422647011E-1,1.240473205897E0),(1.240473205897E0,
9.198422647011E-1,9.198422647011E-1,1.240473205897E0,9.198422647011E-1,
9.198422647011E-1,1.240473205897E0),(1.240473205897E0,9.198422647011E-1,
9.198422647011E-1,1.240473205897E0,9.198422647011E-1,9.198422647011E-1,
1.240473205897E0),(1.240473205897E0,9.198422647011E-1,9.198422647011E-1,
1.240473205897E0,9.198422647011E-1,9.198422647011E-1,1.240473205897E0),(
1.240473205897E0,9.198422647011E-1,9.198422647011E-1,1.240473205897E0,
9.198422647011E-1,9.198422647011E-1,1.240473205897E0)))REPRESENTATION_ITEM('')SURFACE());
#4665=ORIENTED_EDGE('',*,*,#4545,.F.);
#4666=ORIENTED_EDGE('',*,*,#3616,.T.);
#4668=ORIENTED_EDGE('',*,*,#4667,.F.);
#4670=ORIENTED_EDGE('',*,*,#4669,.F.);
#4671=EDGE_LOOP('',(#4665,#4666,#4668,#4670));
#4672=FACE_OUTER_BOUND('',#4671,.F.);
#4674=CARTESIAN_POINT('',(4.575789166727E0,1.759244605189E2,-8.327480341203E0));
#4675=CARTESIAN_POINT('',(4.905256629603E0,1.759775042072E2,-8.205250673560E0));
#4676=CARTESIAN_POINT('',(5.090813084835E0,1.762806059172E2,-8.204231857425E0));
#4677=CARTESIAN_POINT('',(4.988583557432E0,1.765987495677E2,-8.325213852629E0));
#4678=CARTESIAN_POINT('',(4.886354030029E0,1.769168932182E2,-8.446195847833E0));
#4679=CARTESIAN_POINT('',(4.575604265180E0,1.770033996532E2,-8.595372801529E0));
#4680=CARTESIAN_POINT('',(4.297280419083E0,1.767911943474E2,-8.657077325830E0));
#4681=CARTESIAN_POINT('',(4.573855212670E0,1.759256287E2,-8.322774103135E0));
#4682=CARTESIAN_POINT('',(4.901745284570E0,1.759796252629E2,-8.196705536493E0));
#4683=CARTESIAN_POINT('',(5.086548475502E0,1.762831820063E2,-8.193853502701E0));
#4684=CARTESIAN_POINT('',(4.984973869284E0,1.766009300295E2,-8.316429384219E0));
#4685=CARTESIAN_POINT('',(4.883399263065E0,1.769186780527E2,-8.439005265737E0));
#4686=CARTESIAN_POINT('',(4.574204798412E0,1.770042449575E2,-8.591967357517E0));
#4687=CARTESIAN_POINT('',(4.297130697854E0,1.767912847024E2,-8.656713387803E0));
#4688=CARTESIAN_POINT('',(4.565407139507E0,1.759305157789E2,-8.303261452013E0));
#4689=CARTESIAN_POINT('',(4.886426364350E0,1.759884870477E2,-8.161323013204E0));
#4690=CARTESIAN_POINT('',(5.067948300958E0,1.762939419586E2,-8.150892135531E0));
#4691=CARTESIAN_POINT('',(4.969226220489E0,1.766100398283E2,-8.280056612341E0));
#4692=CARTESIAN_POINT('',(4.870504140019E0,1.769261376979E2,-8.409221089152E0));
#4693=CARTESIAN_POINT('',(4.568084217278E0,1.770077856081E2,-8.577830613912E0));
#4694=CARTESIAN_POINT('',(4.296453895812E0,1.767916761895E2,-8.655150359167E0));
#4695=CARTESIAN_POINT('',(4.547219128066E0,1.759394656925E2,-8.268863246475E0));
#4696=CARTESIAN_POINT('',(4.853656859922E0,1.760045989209E2,-8.099411716012E0));
#4697=CARTESIAN_POINT('',(5.028213477875E0,1.763134750839E2,-8.075837783809E0));
#4698=CARTESIAN_POINT('',(4.935542954696E0,1.766266007606E2,-8.216419978100E0));
#4699=CARTESIAN_POINT('',(4.842872431517E0,1.769397264374E2,-8.357002172391E0));
#4700=CARTESIAN_POINT('',(4.554828743873E0,1.770143132601E2,-8.552737226961E0));
#4701=CARTESIAN_POINT('',(4.294752428768E0,1.767925288173E2,-8.651857982614E0));
#4702=CARTESIAN_POINT('',(4.517123088222E0,1.759514930465E2,-8.225407141224E0));
#4703=CARTESIAN_POINT('',(4.800448914921E0,1.760258383297E2,-8.022701075621E0));
#4704=CARTESIAN_POINT('',(4.963956812265E0,1.763391185584E2,-7.983228674523E0));
#4705=CARTESIAN_POINT('',(4.880867603471E0,1.766484255298E2,-8.137595667673E0));
#4706=CARTESIAN_POINT('',(4.797778394678E0,1.769577325012E2,-8.291962660823E0));
#4707=CARTESIAN_POINT('',(4.532516989255E0,1.770232387584E2,-8.520477457588E0));
#4708=CARTESIAN_POINT('',(4.290759217902E0,1.767941526913E2,-8.645956458355E0));
#4709=CARTESIAN_POINT('',(4.478684638233E0,1.759642919810E2,-8.182283814234E0));
#4710=CARTESIAN_POINT('',(4.734346618344E0,1.760478185576E2,-7.948686980601E0));
#4711=CARTESIAN_POINT('',(4.884613387477E0,1.763654936374E2,-7.894427544768E0));
#4712=CARTESIAN_POINT('',(4.812972547160E0,1.766710013802E2,-8.061576664884E0));
#4713=CARTESIAN_POINT('',(4.741331706844E0,1.769765091229E2,-8.228725784999E0));
#4714=CARTESIAN_POINT('',(4.503331441030E0,1.770329678810E2,-8.487680988077E0));
#4715=CARTESIAN_POINT('',(4.283510100859E0,1.767966012070E2,-8.637656085786E0));
#4716=CARTESIAN_POINT('',(4.431006777947E0,1.759777298716E2,-8.140536649824E0));
#4717=CARTESIAN_POINT('',(4.655205174234E0,1.760700896754E2,-7.879556874878E0));
#4718=CARTESIAN_POINT('',(4.790385306300E0,1.763920006009E2,-7.812165739905E0));
#4719=CARTESIAN_POINT('',(4.731732506847E0,1.766938624588E2,-7.990616333308E0));
#4720=CARTESIAN_POINT('',(4.673079707394E0,1.769957243166E2,-8.169066926712E0));
#4721=CARTESIAN_POINT('',(4.466071618490E0,1.770434823703E2,-8.454993948125E0));
#4722=CARTESIAN_POINT('',(4.271216175990E0,1.768001064407E2,-8.626698060796E0));
#4723=CARTESIAN_POINT('',(4.373230633109E0,1.759916402819E2,-8.101329502121E0));
#4724=CARTESIAN_POINT('',(4.563151862959E0,1.760922166026E2,-7.817262092873E0));
#4725=CARTESIAN_POINT('',(4.681856785548E0,1.764180771830E2,-7.738771988189E0));
#4726=CARTESIAN_POINT('',(4.637305122635E0,1.767165593886E2,-7.926718088583E0));
#4727=CARTESIAN_POINT('',(4.592753459722E0,1.770150415942E2,-8.114664188977E0));
#4728=CARTESIAN_POINT('',(4.419489250098E0,1.770547111705E2,-8.423318659435E0));
#4729=CARTESIAN_POINT('',(4.251856425885E0,1.768048095040E2,-8.613359972918E0));
#4730=CARTESIAN_POINT('',(4.305106763661E0,1.760057193933E2,-8.066165793968E0));
#4731=CARTESIAN_POINT('',(4.459173528488E0,1.761136712018E2,-7.763755096542E0));
#4732=CARTESIAN_POINT('',(4.560593100197E0,1.764430879309E2,-7.676419631245E0));
#4733=CARTESIAN_POINT('',(4.530727749236E0,1.767385496137E2,-7.871876729009E0));
#4734=CARTESIAN_POINT('',(4.500862398275E0,1.770340112965E2,-8.067333826772E0));
#4735=CARTESIAN_POINT('',(4.362868832490E0,1.770664257025E2,-8.394031847869E0));
#4736=CARTESIAN_POINT('',(4.223743172286E0,1.768106596620E2,-8.598658830954E0));
#4737=CARTESIAN_POINT('',(4.226537646892E0,1.760196584924E2,-8.036469752641E0));
#4738=CARTESIAN_POINT('',(4.344077521791E0,1.761340600979E2,-7.720396719237E0));
#4739=CARTESIAN_POINT('',(4.427825547752E0,1.764665976539E2,-7.626449390341E0));
#4740=CARTESIAN_POINT('',(4.412845987964E0,1.767594313968E2,-7.827471739924E0));
#4741=CARTESIAN_POINT('',(4.397866428177E0,1.770522651397E2,-8.028494089508E0));
#4742=CARTESIAN_POINT('',(4.295773989265E0,1.770783404657E2,-8.368619346552E0));
#4743=CARTESIAN_POINT('',(4.185728122064E0,1.768174393399E2,-8.584124468978E0));
#4744=CARTESIAN_POINT('',(4.137503715917E0,1.760331378358E2,-8.013652499756E0));
#4745=CARTESIAN_POINT('',(4.218260661360E0,1.761530828759E2,-7.688270733314E0));
#4746=CARTESIAN_POINT('',(4.284146200554E0,1.764883128435E2,-7.589800977704E0));
#4747=CARTESIAN_POINT('',(4.284074639434E0,1.767789003590E2,-7.794593762514E0));
#4748=CARTESIAN_POINT('',(4.284003078315E0,1.770694878745E2,-7.999386547325E0));
#4749=CARTESIAN_POINT('',(4.218029903252E0,1.770901199921E2,-8.348651617828E0));
#4750=CARTESIAN_POINT('',(4.137308758567E0,1.768247991794E2,-8.571579191518E0));
#4751=CARTESIAN_POINT('',(4.037762791812E0,1.760458332191E2,-7.999222594997E0));
#4752=CARTESIAN_POINT('',(4.081308688672E0,1.761704948216E2,-7.668548472712E0));
#4753=CARTESIAN_POINT('',(4.129058414431E0,1.765080238928E2,-7.567497691849E0));
#4754=CARTESIAN_POINT('',(4.143988247167E0,1.767967103962E2,-7.774422032472E0));
#4755=CARTESIAN_POINT('',(4.158918079902E0,1.770853968995E2,-7.981346373094E0));
#4756=CARTESIAN_POINT('',(4.129451869872E0,1.771014018777E2,-8.335802835281E0));
#4757=CARTESIAN_POINT('',(4.078436842876E0,1.768323155451E2,-8.562956385302E0));
#4758=CARTESIAN_POINT('',(3.926834633532E0,1.760573491305E2,-7.995109109986E0));
#4759=CARTESIAN_POINT('',(3.932053472345E0,1.761859758492E2,-7.663076582276E0));
#4760=CARTESIAN_POINT('',(3.961068020877E0,1.765254434332E2,-7.561360549844E0));
#4761=CARTESIAN_POINT('',(3.991381258267E0,1.768125387806E2,-7.768828609100E0));
#4762=CARTESIAN_POINT('',(4.021694495658E0,1.770996341279E2,-7.976296668355E0));
#4763=CARTESIAN_POINT('',(4.029802436200E0,1.771117520166E2,-8.332084236066E0));
#4764=CARTESIAN_POINT('',(4.009418423139E0,1.768394965949E2,-8.560324178738E0));
#4765=CARTESIAN_POINT('',(3.804442953260E0,1.760670952819E2,-8.004044471545E0));
#4766=CARTESIAN_POINT('',(3.769144514202E0,1.761989425375E2,-7.674996706982E0));
#4767=CARTESIAN_POINT('',(3.778318586127E0,1.765399872723E2,-7.574741704999E0));
#4768=CARTESIAN_POINT('',(3.824851865609E0,1.768257935086E2,-7.781014222303E0));
#4769=CARTESIAN_POINT('',(3.871385145091E0,1.771115997448E2,-7.987286739607E0));
#4770=CARTESIAN_POINT('',(3.919197106592E0,1.771205617989E2,-8.340149180758E0));
#4771=CARTESIAN_POINT('',(3.931215772440E0,1.768457307598E2,-8.566002468685E0));
#4772=CARTESIAN_POINT('',(3.670974522998E0,1.760741833111E2,-8.029860152931E0));
#4773=CARTESIAN_POINT('',(3.591487017481E0,1.762083847799E2,-7.709325437923E0));
#4774=CARTESIAN_POINT('',(3.579022713157E0,1.765505821662E2,-7.613239778011E0));
#4775=CARTESIAN_POINT('',(3.643246062122E0,1.768354457602E2,-7.816105145650E0));
#4776=CARTESIAN_POINT('',(3.707469411087E0,1.771203093543E2,-8.018970513289E0));
#4777=CARTESIAN_POINT('',(3.798583532308E0,1.771269643694E2,-8.363491115891E0));
#4778=CARTESIAN_POINT('',(3.845941237060E0,1.768502507041E2,-8.582535890724E0));
#4779=CARTESIAN_POINT('',(3.527659034701E0,1.760772876201E2,-8.078098435936E0));
#4780=CARTESIAN_POINT('',(3.398202224440E0,1.762126051731E2,-7.774229261576E0));
#4781=CARTESIAN_POINT('',(3.361320586508E0,1.765553472759E2,-7.686290141303E0));
#4782=CARTESIAN_POINT('',(3.445611049686E0,1.768397618619E2,-7.882466462224E0));
#4783=CARTESIAN_POINT('',(3.529901512864E0,1.771241764479E2,-8.078642783146E0));
#4784=CARTESIAN_POINT('',(3.670007750602E0,1.771297368778E2,-8.406825241216E0));
#4785=CARTESIAN_POINT('',(3.757295539286E0,1.768521317592E2,-8.612550886664E0));
#4786=CARTESIAN_POINT('',(3.422248712236E0,1.760752007717E2,-8.133644886228E0));
#4787=CARTESIAN_POINT('',(3.251662143041E0,1.762097765592E2,-7.851113887168E0));
#4788=CARTESIAN_POINT('',(3.194767507113E0,1.765521564754E2,-7.773563351862E0));
#4789=CARTESIAN_POINT('',(3.295679218639E0,1.768368692824E2,-7.961123666579E0));
#4790=CARTESIAN_POINT('',(3.396590930165E0,1.771215820894E2,-8.148683981296E0));
#4791=CARTESIAN_POINT('',(3.577065039325E0,1.771278699162E2,-8.455926437800E0));
#4792=CARTESIAN_POINT('',(3.697167271618E0,1.768508573684E2,-8.644624342817E0));
#4793=CARTESIAN_POINT('',(3.365612020760E0,1.760720479996E2,-8.172942616889E0));
#4794=CARTESIAN_POINT('',(3.170471026069E0,1.762052673267E2,-7.907400435682E0));
#4795=CARTESIAN_POINT('',(3.101671224331E0,1.765469894034E2,-7.838087651601E0));
#4796=CARTESIAN_POINT('',(3.212557942401E0,1.768322530610E2,-8.018747342803E0));
#4797=CARTESIAN_POINT('',(3.323444660470E0,1.771175167186E2,-8.199407034005E0));
#4798=CARTESIAN_POINT('',(3.528039624139E0,1.771251369730E2,-8.489961031175E0));
#4799=CARTESIAN_POINT('',(3.667705963328E0,1.768492053048E2,-8.665122377715E0));
#4800=CARTESIAN_POINT('',(3.354876046630E0,1.760713655832E2,-8.180787695011E0));
#4801=CARTESIAN_POINT('',(3.154983991111E0,1.762042840559E2,-7.918711819433E0));
#4802=CARTESIAN_POINT('',(3.083882153415E0,1.765458603419E2,-7.851078650649E0));
#4803=CARTESIAN_POINT('',(3.196700790840E0,1.768312463143E2,-8.030328942902E0));
#4804=CARTESIAN_POINT('',(3.309519428266E0,1.771166322867E2,-8.209579235156E0));
#4805=CARTESIAN_POINT('',(3.518782313604E0,1.771245481221E2,-8.496727625299E0));
#4806=CARTESIAN_POINT('',(3.662233208682E0,1.768488561164E2,-8.669127763471E0));
#4807=(BOUNDED_SURFACE()B_SPLINE_SURFACE(3,3,((#4674,#4675,#4676,#4677,#4678,
#4679,#4680),(#4681,#4682,#4683,#4684,#4685,#4686,#4687),(#4688,#4689,#4690,
#4691,#4692,#4693,#4694),(#4695,#4696,#4697,#4698,#4699,#4700,#4701),(#4702,
#4703,#4704,#4705,#4706,#4707,#4708),(#4709,#4710,#4711,#4712,#4713,#4714,
#4715),(#4716,#4717,#4718,#4719,#4720,#4721,#4722),(#4723,#4724,#4725,#4726,
#4727,#4728,#4729),(#4730,#4731,#4732,#4733,#4734,#4735,#4736),(#4737,#4738,
#4739,#4740,#4741,#4742,#4743),(#4744,#4745,#4746,#4747,#4748,#4749,#4750),(
#4751,#4752,#4753,#4754,#4755,#4756,#4757),(#4758,#4759,#4760,#4761,#4762,#4763,
#4764),(#4765,#4766,#4767,#4768,#4769,#4770,#4771),(#4772,#4773,#4774,#4775,
#4776,#4777,#4778),(#4779,#4780,#4781,#4782,#4783,#4784,#4785),(#4786,#4787,
#4788,#4789,#4790,#4791,#4792),(#4793,#4794,#4795,#4796,#4797,#4798,#4799),(
#4800,#4801,#4802,#4803,#4804,#4805,#4806)),.UNSPECIFIED.,.F.,.F.,.F.)B_SPLINE_SURFACE_WITH_KNOTS((4,1,1,1,1,1,1,1,1,1,1,1,1,1,1,1,4),(4,3,4),(4.417821611759E-2,
5.378456654744E-2,8.432434930297E-2,1.175990125012E-1,1.536620865957E-1,
1.936027015410E-1,2.375212988983E-1,2.856908113330E-1,3.382512305973E-1,
3.954616943532E-1,4.578041113935E-1,5.261716963874E-1,6.016801670703E-1,
6.851805993597E-1,7.778030480780E-1,8.817944047952E-1,9.066810857652E-1),(0.E0,
1.E0,2.E0),.UNSPECIFIED.)GEOMETRIC_REPRESENTATION_ITEM()RATIONAL_B_SPLINE_SURFACE(((1.240452530430E0,9.198491565232E-1,9.198491565232E-1,1.240452530430E0,
9.198491565232E-1,9.198491565232E-1,1.240452530430E0),(1.240452530430E0,
9.198491565232E-1,9.198491565232E-1,1.240452530430E0,9.198491565232E-1,
9.198491565232E-1,1.240452530430E0),(1.240452530430E0,9.198491565232E-1,
9.198491565232E-1,1.240452530430E0,9.198491565232E-1,9.198491565232E-1,
1.240452530430E0),(1.240452530430E0,9.198491565232E-1,9.198491565232E-1,
1.240452530430E0,9.198491565232E-1,9.198491565232E-1,1.240452530430E0),(
1.240452530430E0,9.198491565232E-1,9.198491565232E-1,1.240452530430E0,
9.198491565232E-1,9.198491565232E-1,1.240452530430E0),(1.240452530430E0,
9.198491565232E-1,9.198491565232E-1,1.240452530430E0,9.198491565232E-1,
9.198491565232E-1,1.240452530430E0),(1.240452530430E0,9.198491565232E-1,
9.198491565232E-1,1.240452530430E0,9.198491565232E-1,9.198491565232E-1,
1.240452530430E0),(1.240452530430E0,9.198491565232E-1,9.198491565232E-1,
1.240452530430E0,9.198491565232E-1,9.198491565232E-1,1.240452530430E0),(
1.240452530430E0,9.198491565232E-1,9.198491565232E-1,1.240452530430E0,
9.198491565232E-1,9.198491565232E-1,1.240452530430E0),(1.240452530430E0,
9.198491565232E-1,9.198491565232E-1,1.240452530430E0,9.198491565232E-1,
9.198491565232E-1,1.240452530430E0),(1.240452530430E0,9.198491565232E-1,
9.198491565232E-1,1.240452530430E0,9.198491565232E-1,9.198491565232E-1,
1.240452530430E0),(1.240452530430E0,9.198491565232E-1,9.198491565232E-1,
1.240452530430E0,9.198491565232E-1,9.198491565232E-1,1.240452530430E0),(
1.240452530430E0,9.198491565232E-1,9.198491565232E-1,1.240452530430E0,
9.198491565232E-1,9.198491565232E-1,1.240452530430E0),(1.240452530430E0,
9.198491565232E-1,9.198491565232E-1,1.240452530430E0,9.198491565232E-1,
9.198491565232E-1,1.240452530430E0),(1.240452530430E0,9.198491565232E-1,
9.198491565232E-1,1.240452530430E0,9.198491565232E-1,9.198491565232E-1,
1.240452530430E0),(1.240452530430E0,9.198491565232E-1,9.198491565232E-1,
1.240452530430E0,9.198491565232E-1,9.198491565232E-1,1.240452530430E0),(
1.240452530430E0,9.198491565232E-1,9.198491565232E-1,1.240452530430E0,
9.198491565232E-1,9.198491565232E-1,1.240452530430E0),(1.240452530430E0,
9.198491565232E-1,9.198491565232E-1,1.240452530430E0,9.198491565232E-1,
9.198491565232E-1,1.240452530430E0),(1.240452530430E0,9.198491565232E-1,
9.198491565232E-1,1.240452530430E0,9.198491565232E-1,9.198491565232E-1,
1.240452530430E0)))REPRESENTATION_ITEM('')SURFACE());
#4808=ORIENTED_EDGE('',*,*,#4667,.T.);
#4809=ORIENTED_EDGE('',*,*,#3614,.T.);
#4811=ORIENTED_EDGE('',*,*,#4810,.F.);
#4813=ORIENTED_EDGE('',*,*,#4812,.F.);
#4814=EDGE_LOOP('',(#4808,#4809,#4811,#4813));
#4815=FACE_OUTER_BOUND('',#4814,.F.);
#4817=CARTESIAN_POINT('',(0.E0,1.765388291310E2,0.E0));
#4818=DIRECTION('',(0.E0,1.E0,0.E0));
#4819=DIRECTION('',(7.294001472562E-1,0.E0,-6.840872935398E-1));
#4820=AXIS2_PLACEMENT_3D('',#4817,#4818,#4819);
#4821=TOROIDAL_SURFACE('',#4820,9.008860602768E0,5.E-1);
#4823=ORIENTED_EDGE('',*,*,#4822,.F.);
#4824=ORIENTED_EDGE('',*,*,#4810,.T.);
#4825=ORIENTED_EDGE('',*,*,#3612,.T.);
#4826=ORIENTED_EDGE('',*,*,#3763,.F.);
#4827=EDGE_LOOP('',(#4823,#4824,#4825,#4826));
#4828=FACE_OUTER_BOUND('',#4827,.F.);
#4830=CARTESIAN_POINT('',(0.E0,1.673133695178E2,0.E0));
#4831=DIRECTION('',(0.E0,1.E0,0.E0));
#4832=DIRECTION('',(1.E0,0.E0,0.E0));
#4833=AXIS2_PLACEMENT_3D('',#4830,#4831,#4832);
#4834=CONICAL_SURFACE('',#4833,4.361497563474E0,2.396248897458E1);
#4836=ORIENTED_EDGE('',*,*,#4835,.T.);
#4837=ORIENTED_EDGE('',*,*,#3123,.F.);
#4838=ORIENTED_EDGE('',*,*,#3121,.T.);
#4840=ORIENTED_EDGE('',*,*,#4839,.T.);
#4842=ORIENTED_EDGE('',*,*,#4841,.F.);
#4844=ORIENTED_EDGE('',*,*,#4843,.F.);
#4845=ORIENTED_EDGE('',*,*,#4822,.T.);
#4846=ORIENTED_EDGE('',*,*,#3855,.F.);
#4847=ORIENTED_EDGE('',*,*,#3955,.F.);
#4848=EDGE_LOOP('',(#4836,#4837,#4838,#4840,#4842,#4844,#4845,#4846,#4847));
#4849=FACE_OUTER_BOUND('',#4848,.F.);
#4851=CARTESIAN_POINT('',(0.E0,1.765388291310E2,0.E0));
#4852=DIRECTION('',(0.E0,1.E0,0.E0));
#4853=DIRECTION('',(7.294001472562E-1,0.E0,-6.840872935398E-1));
#4854=AXIS2_PLACEMENT_3D('',#4851,#4852,#4853);
#4855=TOROIDAL_SURFACE('',#4854,9.008860602768E0,5.E-1);
#4856=ORIENTED_EDGE('',*,*,#3632,.T.);
#4858=ORIENTED_EDGE('',*,*,#4857,.F.);
#4859=ORIENTED_EDGE('',*,*,#3107,.F.);
#4860=ORIENTED_EDGE('',*,*,#4835,.F.);
#4861=ORIENTED_EDGE('',*,*,#4100,.T.);
#4862=EDGE_LOOP('',(#4856,#4858,#4859,#4860,#4861));
#4863=FACE_OUTER_BOUND('',#4862,.F.);
#4865=CARTESIAN_POINT('',(-8.625422271978E0,1.760705227142E2,1.962562539965E0));
#4866=CARTESIAN_POINT('',(-8.337443296652E0,1.762030520359E2,1.801867238444E0));
#4867=CARTESIAN_POINT('',(-8.260654120570E0,1.765444526020E2,1.739733375908E0));
#4868=CARTESIAN_POINT('',(-8.454596887059E0,1.768300032308E2,1.824339400639E0));
#4869=CARTESIAN_POINT('',(-8.648539653547E0,1.771155538595E2,1.908945425370E0));
#4870=CARTESIAN_POINT('',(-8.962831605707E0,1.771238392769E2,2.074688028311E0));
#4871=CARTESIAN_POINT('',(-9.153771516145E0,1.768484349901E2,2.193050791876E0));
#4872=CARTESIAN_POINT('',(-8.616032192089E0,1.760716413136E2,1.980310715651E0));
#4873=CARTESIAN_POINT('',(-8.323835376862E0,1.762046724461E2,1.827599632758E0));
#4874=CARTESIAN_POINT('',(-8.245003321268E0,1.765463160703E2,1.769332685340E0));
#4875=CARTESIAN_POINT('',(-8.440662212516E0,1.768316625376E2,1.850689924954E0));
#4876=CARTESIAN_POINT('',(-8.636321103764E0,1.771170090050E2,1.932047164567E0));
#4877=CARTESIAN_POINT('',(-8.954757505924E0,1.771248013478E2,2.089944382358E0));
#4878=CARTESIAN_POINT('',(-9.149056594995E0,1.768489974021E2,2.201948453606E0));
#4879=CARTESIAN_POINT('',(-8.582374504420E0,1.760752985949E2,2.050148206044E0));
#4880=CARTESIAN_POINT('',(-8.275587674534E0,1.762099050412E2,1.927888140993E0));
#4881=CARTESIAN_POINT('',(-8.189681095522E0,1.765523126730E2,1.884383754233E0));
#4882=CARTESIAN_POINT('',(-8.391266523118E0,1.768370194322E2,1.953368243123E0));
#4883=CARTESIAN_POINT('',(-8.592851950714E0,1.771217261914E2,2.022352732014E0));
#4884=CARTESIAN_POINT('',(-8.925620526890E0,1.771279711385E2,2.150335688995E0));
#4885=CARTESIAN_POINT('',(-9.131544294218E0,1.768509119563E2,2.238079435573E0));
#4886=CARTESIAN_POINT('',(-8.542474609906E0,1.760773171504E2,2.173439312513E0));
#4887=CARTESIAN_POINT('',(-8.220590065070E0,1.762126248491E2,2.098915094842E0));
#4888=CARTESIAN_POINT('',(-8.127328477857E0,1.765553752216E2,2.078646343947E0));
#4889=CARTESIAN_POINT('',(-8.335004659754E0,1.768398004495E2,2.128349400756E0));
#4890=CARTESIAN_POINT('',(-8.542680841651E0,1.771242256774E2,2.178052457564E0));
#4891=CARTESIAN_POINT('',(-8.890263178324E0,1.771297831199E2,2.259187690799E0));
#4892=CARTESIAN_POINT('',(-9.108237157916E0,1.768521635492E2,2.308843034822E0));
#4893=CARTESIAN_POINT('',(-8.519325341254E0,1.760736399168E2,2.328237533653E0));
#4894=CARTESIAN_POINT('',(-8.189582967615E0,1.762076394791E2,2.307282689036E0));
#4895=CARTESIAN_POINT('',(-8.092477237411E0,1.765497510902E2,2.313200293514E0));
#4896=CARTESIAN_POINT('',(-8.303303701402E0,1.768347022258E2,2.341401850739E0));
#4897=CARTESIAN_POINT('',(-8.514130165393E0,1.771196533614E2,2.369603407963E0));
#4898=CARTESIAN_POINT('',(-8.869414488050E0,1.771264935929E2,2.398221497969E0));
#4899=CARTESIAN_POINT('',(-9.093670056021E0,1.768499190213E2,2.405065722266E0));
#4900=CARTESIAN_POINT('',(-8.517817783706E0,1.760657355620E2,2.469306565952E0));
#4901=CARTESIAN_POINT('',(-8.187606489953E0,1.761971227532E2,2.494858158815E0));
#4902=CARTESIAN_POINT('',(-8.090270505275E0,1.765379549524E2,2.523554734057E0));
#4903=CARTESIAN_POINT('',(-8.301283919202E0,1.768239516881E2,2.533145035924E0));
#4904=CARTESIAN_POINT('',(-8.512297333129E0,1.771099484238E2,2.542735337791E0));
#4905=CARTESIAN_POINT('',(-8.868040849599E0,1.771193485119E2,2.525783069173E0));
#4906=CARTESIAN_POINT('',(-9.092671797475E0,1.768448631464E2,2.495432978577E0));
#4907=CARTESIAN_POINT('',(-8.532103993996E0,1.760549804059E2,2.596221531048E0));
#4908=CARTESIAN_POINT('',(-8.206597878426E0,1.761828037195E2,2.663942618333E0));
#4909=CARTESIAN_POINT('',(-8.111566595877E0,1.765218906961E2,2.713287161977E0));
#4910=CARTESIAN_POINT('',(-8.320697175363E0,1.768093141057E2,2.705993520954E0));
#4911=CARTESIAN_POINT('',(-8.529827754848E0,1.770967375152E2,2.698699879931E0));
#4912=CARTESIAN_POINT('',(-8.880960845627E0,1.771096299340E2,2.640423526031E0));
#4913=CARTESIAN_POINT('',(-9.101828689606E0,1.768379946114E2,2.576351804573E0));
#4914=CARTESIAN_POINT('',(-8.558343244395E0,1.760422596613E2,2.709341524746E0));
#4915=CARTESIAN_POINT('',(-8.241957224730E0,1.761656390719E2,2.816763043240E0));
#4916=CARTESIAN_POINT('',(-8.151383348008E0,1.765025545488E2,2.885503542993E0));
#4917=CARTESIAN_POINT('',(-8.356852381434E0,1.767917626376E2,2.862261805038E0));
#4918=CARTESIAN_POINT('',(-8.562321414860E0,1.770809707264E2,2.839020067083E0));
#4919=CARTESIAN_POINT('',(-8.904513161742E0,1.770982201674E2,2.741817679398E0));
#4920=CARTESIAN_POINT('',(-9.118092960643E0,1.768301357853E2,2.646025140723E0));
#4921=CARTESIAN_POINT('',(-8.593931000914E0,1.760281748205E2,2.809099592275E0));
#4922=CARTESIAN_POINT('',(-8.291108153523E0,1.761461639325E2,2.954916293115E0));
#4923=CARTESIAN_POINT('',(-8.207139980092E0,1.764804545554E2,3.042349822426E0));
#4924=CARTESIAN_POINT('',(-8.407135201305E0,1.767718385406E2,3.003604430867E0));
#4925=CARTESIAN_POINT('',(-8.607130422519E0,1.770632225258E2,2.964859039308E0));
#4926=CARTESIAN_POINT('',(-8.936013222572E0,1.770857614285E2,2.829977810751E0));
#4927=CARTESIAN_POINT('',(-9.138768665542E0,1.768219786376E2,2.703547326956E0));
#4928=CARTESIAN_POINT('',(-8.636773180045E0,1.760132385189E2,2.895444722419E0));
#4929=CARTESIAN_POINT('',(-8.352356729412E0,1.761247885852E2,3.078721170183E0));
#4930=CARTESIAN_POINT('',(-8.277316171486E0,1.764559564369E2,3.184318003842E0));
#4931=CARTESIAN_POINT('',(-8.469837775261E0,1.767499553143E2,3.130355691342E0));
#4932=CARTESIAN_POINT('',(-8.662359379036E0,1.770439541917E2,3.076393378841E0));
#4933=CARTESIAN_POINT('',(-8.973162353779E0,1.770728180692E2,2.904714168126E0));
#4934=CARTESIAN_POINT('',(-9.161250816835E0,1.768141659651E2,2.748437708240E0));
#4935=CARTESIAN_POINT('',(-8.685076659710E0,1.759978712909E2,2.968640468334E0));
#4936=CARTESIAN_POINT('',(-8.424399121514E0,1.761018486109E2,3.188221338195E0));
#4937=CARTESIAN_POINT('',(-8.360825575330E0,1.764293587515E2,3.311350344084E0));
#4938=CARTESIAN_POINT('',(-8.543650796693E0,1.767264511336E2,3.242553549566E0));
#4939=CARTESIAN_POINT('',(-8.726476018057E0,1.770235435157E2,3.173756755048E0));
#4940=CARTESIAN_POINT('',(-9.013937767947E0,1.770598534174E2,2.966379029914E0));
#4941=CARTESIAN_POINT('',(-9.183138893589E0,1.768072262278E2,2.781220565839E0));
#4942=CARTESIAN_POINT('',(-8.738006318782E0,1.759822084066E2,3.029958916048E0));
#4943=CARTESIAN_POINT('',(-8.507113204264E0,1.760773528371E2,3.284348531856E0));
#4944=CARTESIAN_POINT('',(-8.457875011499E0,1.764006119050E2,3.424227463516E0));
#4945=CARTESIAN_POINT('',(-8.628470917297E0,1.767013313030E2,3.341133922242E0));
#4946=CARTESIAN_POINT('',(-8.799066823096E0,1.770020507009E2,3.258040380968E0));
#4947=CARTESIAN_POINT('',(-9.057217170453E0,1.770470533275E2,3.016404899767E0));
#4948=CARTESIAN_POINT('',(-9.202752797956E0,1.768014442538E2,2.803591052364E0));
#4949=CARTESIAN_POINT('',(-8.796439882232E0,1.759659627695E2,3.081197513909E0));
#4950=CARTESIAN_POINT('',(-8.602920551441E0,1.760506979084E2,3.368649697832E0));
#4951=CARTESIAN_POINT('',(-8.571616490910E0,1.763689621855E2,3.524390913450E0));
#4952=CARTESIAN_POINT('',(-8.726800794243E0,1.766739742423E2,3.427659794967E0));
#4953=CARTESIAN_POINT('',(-8.881985097576E0,1.769789862991E2,3.330928676485E0));
#4954=CARTESIAN_POINT('',(-9.103328227429E0,1.770342405168E2,3.056730301630E0));
#4955=CARTESIAN_POINT('',(-9.219201250738E0,1.767968929072E2,2.817677433924E0));
#4956=CARTESIAN_POINT('',(-8.863149606793E0,1.759484668719E2,3.123470444809E0));
#4957=CARTESIAN_POINT('',(-8.717464521354E0,1.760206378307E2,3.441521992839E0));
#4958=CARTESIAN_POINT('',(-8.709059480758E0,1.763328876103E2,3.611908901617E0));
#4959=CARTESIAN_POINT('',(-8.844451733363E0,1.766430984790E2,3.502513569928E0));
#4960=CARTESIAN_POINT('',(-8.979843985967E0,1.769533093477E2,3.393118238239E0));
#4961=CARTESIAN_POINT('',(-9.154050703189E0,1.770209445404E2,3.088765544417E0));
#4962=CARTESIAN_POINT('',(-9.231992413487E0,1.767935598906E2,2.825449838731E0));
#4963=CARTESIAN_POINT('',(-8.920172167232E0,1.759343714858E2,3.146533910511E0));
#4964=CARTESIAN_POINT('',(-8.819337951245E0,1.759954428867E2,3.482918193461E0));
#4965=CARTESIAN_POINT('',(-8.832366351785E0,1.763023884938E2,3.662064339935E0));
#4966=CARTESIAN_POINT('',(-8.949155178261E0,1.766172034180E2,3.545062856776E0));
#4967=CARTESIAN_POINT('',(-9.065944004736E0,1.769320183422E2,3.428061373617E0));
#4968=CARTESIAN_POINT('',(-9.195935480651E0,1.770105958450E2,3.105634930802E0));
#4969=CARTESIAN_POINT('',(-9.238334526739E0,1.767920071186E2,2.827792220306E0));
#4970=CARTESIAN_POINT('',(-8.954701604631E0,1.759261702311E2,3.155479905568E0));
#4971=CARTESIAN_POINT('',(-8.881927284760E0,1.759805779288E2,3.499122592220E0));
#4972=CARTESIAN_POINT('',(-8.908357266836E0,1.762843409018E2,3.681735492868E0));
#4973=CARTESIAN_POINT('',(-9.013497806021E0,1.766019220679E2,3.561721001467E0));
#4974=CARTESIAN_POINT('',(-9.118638345206E0,1.769195032341E2,3.441706510065E0));
#4975=CARTESIAN_POINT('',(-9.220963719089E0,1.770046509173E2,3.112123575970E0));
#4976=CARTESIAN_POINT('',(-9.241131077694E0,1.767913418079E2,2.828530017365E0));
#4977=CARTESIAN_POINT('',(-8.962371444544E0,1.759243641281E2,3.157232740907E0));
#4978=CARTESIAN_POINT('',(-8.895858158910E0,1.759772976661E2,3.502303839521E0));
#4979=CARTESIAN_POINT('',(-8.925278214924E0,1.762803566250E2,3.685598925394E0));
#4980=CARTESIAN_POINT('',(-9.027819371574E0,1.765985498134E2,3.564991427690E0));
#4981=CARTESIAN_POINT('',(-9.130360528224E0,1.769167430018E2,3.444383929985E0));
#4982=CARTESIAN_POINT('',(-9.226512618094E0,1.770033441831E2,3.113392613728E0));
#4983=CARTESIAN_POINT('',(-9.241719540855E0,1.767912030086E2,2.828667353258E0));
#4984=(BOUNDED_SURFACE()B_SPLINE_SURFACE(3,3,((#4865,#4866,#4867,#4868,#4869,
#4870,#4871),(#4872,#4873,#4874,#4875,#4876,#4877,#4878),(#4879,#4880,#4881,
#4882,#4883,#4884,#4885),(#4886,#4887,#4888,#4889,#4890,#4891,#4892),(#4893,
#4894,#4895,#4896,#4897,#4898,#4899),(#4900,#4901,#4902,#4903,#4904,#4905,
#4906),(#4907,#4908,#4909,#4910,#4911,#4912,#4913),(#4914,#4915,#4916,#4917,
#4918,#4919,#4920),(#4921,#4922,#4923,#4924,#4925,#4926,#4927),(#4928,#4929,
#4930,#4931,#4932,#4933,#4934),(#4935,#4936,#4937,#4938,#4939,#4940,#4941),(
#4942,#4943,#4944,#4945,#4946,#4947,#4948),(#4949,#4950,#4951,#4952,#4953,#4954,
#4955),(#4956,#4957,#4958,#4959,#4960,#4961,#4962),(#4963,#4964,#4965,#4966,
#4967,#4968,#4969),(#4970,#4971,#4972,#4973,#4974,#4975,#4976),(#4977,#4978,
#4979,#4980,#4981,#4982,#4983)),.UNSPECIFIED.,.F.,.F.,.F.)B_SPLINE_SURFACE_WITH_KNOTS((4,1,1,1,1,1,1,1,1,1,1,1,1,1,4),(4,3,4),(8.362784266868E-2,
1.212418174321E-1,2.285255859162E-1,3.244653617699E-1,4.111128690114E-1,
4.896528339998E-1,5.611856814625E-1,6.270194260899E-1,6.874136945895E-1,
7.420003777369E-1,7.922351144302E-1,8.404676289192E-1,8.889932466581E-1,
9.414206068155E-1,9.562572889758E-1),(0.E0,1.E0,2.E0),.UNSPECIFIED.)GEOMETRIC_REPRESENTATION_ITEM()RATIONAL_B_SPLINE_SURFACE(((1.240463012695E0,
9.198456624351E-1,9.198456624351E-1,1.240463012695E0,9.198456624351E-1,
9.198456624351E-1,1.240463012695E0),(1.240463012695E0,9.198456624351E-1,
9.198456624351E-1,1.240463012695E0,9.198456624351E-1,9.198456624351E-1,
1.240463012695E0),(1.240463012695E0,9.198456624351E-1,9.198456624351E-1,
1.240463012695E0,9.198456624351E-1,9.198456624351E-1,1.240463012695E0),(
1.240463012695E0,9.198456624351E-1,9.198456624351E-1,1.240463012695E0,
9.198456624351E-1,9.198456624351E-1,1.240463012695E0),(1.240463012695E0,
9.198456624351E-1,9.198456624351E-1,1.240463012695E0,9.198456624351E-1,
9.198456624351E-1,1.240463012695E0),(1.240463012695E0,9.198456624351E-1,
9.198456624351E-1,1.240463012695E0,9.198456624351E-1,9.198456624351E-1,
1.240463012695E0),(1.240463012695E0,9.198456624351E-1,9.198456624351E-1,
1.240463012695E0,9.198456624351E-1,9.198456624351E-1,1.240463012695E0),(
1.240463012695E0,9.198456624351E-1,9.198456624351E-1,1.240463012695E0,
9.198456624351E-1,9.198456624351E-1,1.240463012695E0),(1.240463012695E0,
9.198456624351E-1,9.198456624351E-1,1.240463012695E0,9.198456624351E-1,
9.198456624351E-1,1.240463012695E0),(1.240463012695E0,9.198456624351E-1,
9.198456624351E-1,1.240463012695E0,9.198456624351E-1,9.198456624351E-1,
1.240463012695E0),(1.240463012695E0,9.198456624351E-1,9.198456624351E-1,
1.240463012695E0,9.198456624351E-1,9.198456624351E-1,1.240463012695E0),(
1.240463012695E0,9.198456624351E-1,9.198456624351E-1,1.240463012695E0,
9.198456624351E-1,9.198456624351E-1,1.240463012695E0),(1.240463012695E0,
9.198456624351E-1,9.198456624351E-1,1.240463012695E0,9.198456624351E-1,
9.198456624351E-1,1.240463012695E0),(1.240463012695E0,9.198456624351E-1,
9.198456624351E-1,1.240463012695E0,9.198456624351E-1,9.198456624351E-1,
1.240463012695E0),(1.240463012695E0,9.198456624351E-1,9.198456624351E-1,
1.240463012695E0,9.198456624351E-1,9.198456624351E-1,1.240463012695E0),(
1.240463012695E0,9.198456624351E-1,9.198456624351E-1,1.240463012695E0,
9.198456624351E-1,9.198456624351E-1,1.240463012695E0),(1.240463012695E0,
9.198456624351E-1,9.198456624351E-1,1.240463012695E0,9.198456624351E-1,
9.198456624351E-1,1.240463012695E0)))REPRESENTATION_ITEM('')SURFACE());
#4986=ORIENTED_EDGE('',*,*,#4985,.F.);
#4987=ORIENTED_EDGE('',*,*,#4857,.T.);
#4988=ORIENTED_EDGE('',*,*,#3630,.T.);
#4990=ORIENTED_EDGE('',*,*,#4989,.F.);
#4991=EDGE_LOOP('',(#4986,#4987,#4988,#4990));
#4992=FACE_OUTER_BOUND('',#4991,.F.);
#4994=CARTESIAN_POINT('',(-5.140250609809E0,1.702855189014E2,4.589433440892E0));
#4995=CARTESIAN_POINT('',(-4.617245577474E0,1.706943517732E2,4.109174478155E0));
#4996=CARTESIAN_POINT('',(-4.058027964041E0,1.703122385944E2,3.648095654086E0));
#4997=CARTESIAN_POINT('',(-3.985116535820E0,1.694962162359E2,3.637017337247E0));
#4998=CARTESIAN_POINT('',(-5.168245545071E0,1.702833383924E2,4.557520903874E0));
#4999=CARTESIAN_POINT('',(-4.640890177629E0,1.706926752426E2,4.082425111189E0));
#5000=CARTESIAN_POINT('',(-4.083210069517E0,1.703106240869E2,3.619427329844E0));
#5001=CARTESIAN_POINT('',(-4.016287381037E0,1.694941638432E2,3.601140953447E0));
#5002=CARTESIAN_POINT('',(-5.284950192628E0,1.702775044855E2,4.422859085538E0));
#5003=CARTESIAN_POINT('',(-4.739222795860E0,1.706881985390E2,3.969520444483E0));
#5004=CARTESIAN_POINT('',(-4.188079446155E0,1.703063155425E2,3.498535941970E0));
#5005=CARTESIAN_POINT('',(-4.146494522415E0,1.694886772904E2,3.449981561469E0));
#5006=CARTESIAN_POINT('',(-5.495468698316E0,1.702929010368E2,4.167065276308E0));
#5007=CARTESIAN_POINT('',(-4.915151912755E0,1.706999702245E2,3.754225886893E0));
#5008=CARTESIAN_POINT('',(-4.376853231771E0,1.703176378721E2,3.268845232499E0));
#5009=CARTESIAN_POINT('',(-4.383545301321E0,1.695031456407E2,3.164450696085E0));
#5010=CARTESIAN_POINT('',(-5.770373491430E0,1.703713402024E2,3.803807699373E0));
#5011=CARTESIAN_POINT('',(-5.145148081488E0,1.707607608909E2,3.442572579844E0));
#5012=CARTESIAN_POINT('',(-4.625909991142E0,1.703762787931E2,2.938396129012E0));
#5013=CARTESIAN_POINT('',(-4.697822133492E0,1.695771442376E2,2.762368045705E0));
#5014=CARTESIAN_POINT('',(-6.051189194219E0,1.705250381995E2,3.398536532608E0));
#5015=CARTESIAN_POINT('',(-5.382899826023E0,1.708828960935E2,3.085012896510E0));
#5016=CARTESIAN_POINT('',(-4.889739030342E0,1.704962308508E2,2.556621076688E0));
#5017=CARTESIAN_POINT('',(-5.032503756989E0,1.697263326754E2,2.307076999089E0));
#5018=CARTESIAN_POINT('',(-6.330585958296E0,1.707689779264E2,2.961640076705E0));
#5019=CARTESIAN_POINT('',(-5.625728824284E0,1.710839320988E2,2.684830901280E0));
#5020=CARTESIAN_POINT('',(-5.169442036925E0,1.707003275976E2,2.121677452628E0));
#5021=CARTESIAN_POINT('',(-5.388068407118E0,1.699765947475E2,1.798376041746E0));
#5022=CARTESIAN_POINT('',(-6.605791120506E0,1.711193572872E2,2.511092502155E0));
#5023=CARTESIAN_POINT('',(-5.875428208681E0,1.713872519875E2,2.252511246941E0));
#5024=CARTESIAN_POINT('',(-5.470793959607E0,1.710223785308E2,1.638226078827E0));
#5025=CARTESIAN_POINT('',(-5.769968361385E0,1.703656654283E2,1.242209491697E0));
#5026=CARTESIAN_POINT('',(-6.878409206856E0,1.715887531344E2,2.084885844030E0));
#5027=CARTESIAN_POINT('',(-6.139454549016E0,1.718215608251E2,1.818002819450E0));
#5028=CARTESIAN_POINT('',(-5.807922536581E0,1.715154947325E2,1.129137962098E0));
#5029=CARTESIAN_POINT('',(-6.193588280292E0,1.709565352571E2,
6.619491374834E-1));
#5030=CARTESIAN_POINT('',(-7.168419128653E0,1.721801754702E2,1.750987081933E0));
#5031=CARTESIAN_POINT('',(-6.440754271841E0,1.724182940192E2,1.458343695109E0));
#5032=CARTESIAN_POINT('',(-6.192972678299E0,1.722323447755E2,
6.922455891023E-1));
#5033=CARTESIAN_POINT('',(-6.656595189756E0,1.71796074E2,1.685154197239E-1));
#5034=CARTESIAN_POINT('',(-7.486798636278E0,1.728479281118E2,1.583505711822E0));
#5035=CARTESIAN_POINT('',(-6.780712445286E0,1.731356906144E2,1.281347604206E0));
#5036=CARTESIAN_POINT('',(-6.609217399611E0,1.731225277914E2,
4.720891618791E-1));
#5037=CARTESIAN_POINT('',(-7.132554123907E0,1.728207386511E2,
-8.811903485898E-2));
#5038=CARTESIAN_POINT('',(-7.816501982046E0,1.735138186706E2,1.611914212958E0));
#5039=CARTESIAN_POINT('',(-7.124866514199E0,1.738585734222E2,1.337281325451E0));
#5040=CARTESIAN_POINT('',(-7.005917227583E0,1.740300701421E2,
5.378504230252E-1));
#5041=CARTESIAN_POINT('',(-7.570797321201E0,1.738680666414E2,
-3.941051825374E-2));
#5042=CARTESIAN_POINT('',(-8.126523232598E0,1.741153888434E2,1.799062993535E0));
#5043=CARTESIAN_POINT('',(-7.431710391286E0,1.744891715020E2,1.575922398241E0));
#5044=CARTESIAN_POINT('',(-7.333492438530E0,1.748211417516E2,
8.282980954266E-1));
#5045=CARTESIAN_POINT('',(-7.923641740348E0,1.748011150038E2,
2.547512873619E-1));
#5046=CARTESIAN_POINT('',(-8.391966584797E0,1.746447564166E2,2.088808372573E0));
#5047=CARTESIAN_POINT('',(-7.681113618813E0,1.750128992873E2,1.912203613565E0));
#5048=CARTESIAN_POINT('',(-7.577119850234E0,1.754564532800E2,1.228289328029E0));
#5049=CARTESIAN_POINT('',(-8.177154421014E0,1.755609727845E2,
6.760976926288E-1));
#5050=CARTESIAN_POINT('',(-8.601304463399E0,1.750996899254E2,2.425208078438E0));
#5051=CARTESIAN_POINT('',(-7.870936040057E0,1.754422826602E2,2.279757321563E0));
#5052=CARTESIAN_POINT('',(-7.748533212499E0,1.759597590390E2,1.654537191762E0));
#5053=CARTESIAN_POINT('',(-8.348466080864E0,1.761686022474E2,1.133737534006E0));
#5054=CARTESIAN_POINT('',(-8.757211481120E0,1.754833501460E2,2.774030755183E0));
#5055=CARTESIAN_POINT('',(-8.008095604273E0,1.757904841393E2,2.645779525881E0));
#5056=CARTESIAN_POINT('',(-7.861786670495E0,1.763578716524E2,2.071763517226E0));
#5057=CARTESIAN_POINT('',(-8.454992039750E0,1.766553601717E2,1.588328741003E0));
#5058=CARTESIAN_POINT('',(-8.867385798248E0,1.758061525852E2,3.118556411309E0));
#5059=CARTESIAN_POINT('',(-8.102170297080E0,1.760733111455E2,2.995933616683E0));
#5060=CARTESIAN_POINT('',(-7.929940602230E0,1.766745887460E2,2.465690275060E0));
#5061=CARTESIAN_POINT('',(-8.511623775925E0,1.770481668344E2,2.023272327437E0));
#5062=CARTESIAN_POINT('',(-8.922232157398E0,1.760123117411E2,3.370589707023E0));
#5063=CARTESIAN_POINT('',(-8.147398806459E0,1.762479209653E2,3.245205511482E0));
#5064=CARTESIAN_POINT('',(-7.955274316766E0,1.768666280306E2,2.743280576561E0));
#5065=CARTESIAN_POINT('',(-8.525374942673E0,1.772903287344E2,2.333800841680E0));
#5066=CARTESIAN_POINT('',(-8.943857583081E0,1.761134065785E2,3.503805466036E0));
#5067=CARTESIAN_POINT('',(-8.164753663280E0,1.763318770241E2,3.374921498465E0));
#5068=CARTESIAN_POINT('',(-7.961953996638E0,1.769580373997E2,2.886926840281E0));
#5069=CARTESIAN_POINT('',(-8.524949452322E0,1.774068193184E2,2.495791333342E0));
#5070=CARTESIAN_POINT('',(-8.946884287440E0,1.761281165569E2,3.523404822995E0));
#5071=CARTESIAN_POINT('',(-8.167170304688E0,1.763440560937E2,3.393962852373E0));
#5072=CARTESIAN_POINT('',(-7.962797046156E0,1.769712771521E2,2.907996520255E0));
#5073=CARTESIAN_POINT('',(-8.524725705393E0,1.774237202702E2,2.519580452024E0));
#5074=(BOUNDED_SURFACE()B_SPLINE_SURFACE(3,3,((#4994,#4995,#4996,#4997),(#4998,
#4999,#5000,#5001),(#5002,#5003,#5004,#5005),(#5006,#5007,#5008,#5009),(#5010,
#5011,#5012,#5013),(#5014,#5015,#5016,#5017),(#5018,#5019,#5020,#5021),(#5022,
#5023,#5024,#5025),(#5026,#5027,#5028,#5029),(#5030,#5031,#5032,#5033),(#5034,
#5035,#5036,#5037),(#5038,#5039,#5040,#5041),(#5042,#5043,#5044,#5045),(#5046,
#5047,#5048,#5049),(#5050,#5051,#5052,#5053),(#5054,#5055,#5056,#5057),(#5058,
#5059,#5060,#5061),(#5062,#5063,#5064,#5065),(#5066,#5067,#5068,#5069),(#5070,
#5071,#5072,#5073)),.UNSPECIFIED.,.F.,.F.,.F.)B_SPLINE_SURFACE_WITH_KNOTS((4,1,
1,1,1,1,1,1,1,1,1,1,1,1,1,1,1,4),(4,4),(1.261449930447E-2,1.857893854812E-2,
3.763334266633E-2,5.910880050384E-2,8.312562940285E-2,1.100941518805E-1,
1.405419569342E-1,1.751928631414E-1,2.147038917686E-1,2.563862350938E-1,
2.963935590683E-1,3.336735161193E-1,3.675382270790E-1,3.973610054445E-1,
4.237176561783E-1,4.471705823271E-1,4.680173180172E-1,4.715926396925E-1),(0.E0,
1.E0),.UNSPECIFIED.)GEOMETRIC_REPRESENTATION_ITEM()RATIONAL_B_SPLINE_SURFACE(((
1.304790884009E0,8.984030386638E-1,8.984030386638E-1,1.304790884009E0),(
1.304790884009E0,8.984030386638E-1,8.984030386638E-1,1.304790884009E0),(
1.304790884009E0,8.984030386638E-1,8.984030386638E-1,1.304790884009E0),(
1.304790884009E0,8.984030386638E-1,8.984030386638E-1,1.304790884009E0),(
1.304790884009E0,8.984030386638E-1,8.984030386638E-1,1.304790884009E0),(
1.304790884009E0,8.984030386638E-1,8.984030386638E-1,1.304790884009E0),(
1.304790884009E0,8.984030386638E-1,8.984030386638E-1,1.304790884009E0),(
1.304790884009E0,8.984030386638E-1,8.984030386638E-1,1.304790884009E0),(
1.304790884009E0,8.984030386638E-1,8.984030386638E-1,1.304790884009E0),(
1.304790884009E0,8.984030386638E-1,8.984030386638E-1,1.304790884009E0),(
1.304790884009E0,8.984030386638E-1,8.984030386638E-1,1.304790884009E0),(
1.304790884009E0,8.984030386638E-1,8.984030386638E-1,1.304790884009E0),(
1.304790884009E0,8.984030386638E-1,8.984030386638E-1,1.304790884009E0),(
1.304790884009E0,8.984030386638E-1,8.984030386638E-1,1.304790884009E0),(
1.304790884009E0,8.984030386638E-1,8.984030386638E-1,1.304790884009E0),(
1.304790884009E0,8.984030386638E-1,8.984030386638E-1,1.304790884009E0),(
1.304790884009E0,8.984030386638E-1,8.984030386638E-1,1.304790884009E0),(
1.304790884009E0,8.984030386638E-1,8.984030386638E-1,1.304790884009E0),(
1.304790884009E0,8.984030386638E-1,8.984030386638E-1,1.304790884009E0),(
1.304790884009E0,8.984030386638E-1,8.984030386638E-1,1.304790884009E0)))REPRESENTATION_ITEM('')SURFACE());
#5075=ORIENTED_EDGE('',*,*,#4985,.T.);
#5077=ORIENTED_EDGE('',*,*,#5076,.F.);
#5079=ORIENTED_EDGE('',*,*,#5078,.T.);
#5080=ORIENTED_EDGE('',*,*,#3109,.T.);
#5081=EDGE_LOOP('',(#5075,#5077,#5079,#5080));
#5082=FACE_OUTER_BOUND('',#5081,.F.);
#5084=CARTESIAN_POINT('',(-4.997118880921E0,1.780623522122E2,4.686238912982E0));
#5085=CARTESIAN_POINT('',(-6.688892097883E0,1.777114750038E2,6.121436083412E0));
#5086=CARTESIAN_POINT('',(-1.004754491295E1,1.766626296105E2,8.970712196964E0));
#5087=CARTESIAN_POINT('',(-1.494624695261E1,1.740342290186E2,1.312647210356E1));
#5088=CARTESIAN_POINT('',(-1.799798857845E1,1.715892118200E2,1.571538349096E1));
#5089=CARTESIAN_POINT('',(-1.947945356734E1,1.701702536785E2,1.697216799306E1));
#5090=CARTESIAN_POINT('',(-5.071695053889E0,1.780728207283E2,4.600889797983E0));
#5091=CARTESIAN_POINT('',(-6.763877644737E0,1.777218586149E2,6.036434256239E0));
#5092=CARTESIAN_POINT('',(-1.012334318384E1,1.766727594229E2,8.886399835272E0));
#5093=CARTESIAN_POINT('',(-1.502323060737E1,1.740437228128E2,1.304316534922E1));
#5094=CARTESIAN_POINT('',(-1.807571069113E1,1.715981139709E2,1.563270319926E1));
#5095=CARTESIAN_POINT('',(-1.955753416370E1,1.701788124711E2,1.688979181704E1));
#5096=CARTESIAN_POINT('',(-5.795013257387E0,1.781246883497E2,3.760941655193E0));
#5097=CARTESIAN_POINT('',(-7.489224144274E0,1.777733055635E2,5.198206796048E0));
#5098=CARTESIAN_POINT('',(-1.085271643006E1,1.767229488927E2,8.051588421272E0));
#5099=CARTESIAN_POINT('',(-1.575847699182E1,1.740907610478E2,1.221333634733E1));
#5100=CARTESIAN_POINT('',(-1.881461586115E1,1.716422208327E2,1.480597808780E1));
#5101=CARTESIAN_POINT('',(-2.029821548760E1,1.702212181196E2,1.606457348616E1));
#5102=CARTESIAN_POINT('',(-7.051769344040E0,1.772642459384E2,2.069149078564E0));
#5103=CARTESIAN_POINT('',(-8.712332419647E0,1.769198417768E2,3.477869469416E0));
#5104=CARTESIAN_POINT('',(-1.200902419403E1,1.758903456750E2,6.274581616725E0));
#5105=CARTESIAN_POINT('',(-1.681735408358E1,1.733104342973E2,1.035367530540E1));
#5106=CARTESIAN_POINT('',(-1.981279662242E1,1.709105232226E2,1.289482598259E1));
#5107=CARTESIAN_POINT('',(-2.126693127456E1,1.695177422802E2,1.412842509461E1));
#5108=CARTESIAN_POINT('',(-7.495898000779E0,1.743168597814E2,
8.250443449624E-1));
#5109=CARTESIAN_POINT('',(-9.041202818666E0,1.739963604170E2,2.135986662672E0));
#5110=CARTESIAN_POINT('',(-1.210907404673E1,1.730383207559E2,4.738581420419E0));
#5111=CARTESIAN_POINT('',(-1.658366188591E1,1.706374788125E2,8.534548717482E0));
#5112=CARTESIAN_POINT('',(-1.937119332931E1,1.684041435055E2,1.089932030739E1));
#5113=CARTESIAN_POINT('',(-2.072439774341E1,1.671080342927E2,1.204729636391E1));
#5114=CARTESIAN_POINT('',(-6.340829829106E0,1.713694736243E2,1.466031373454E0));
#5115=CARTESIAN_POINT('',(-7.770876389272E0,1.710728790571E2,2.679195618021E0));
#5116=CARTESIAN_POINT('',(-1.060992707102E1,1.701862958368E2,5.087672986203E0));
#5117=CARTESIAN_POINT('',(-1.475077285984E1,1.679645233276E2,8.600513891666E0));
#5118=CARTESIAN_POINT('',(-1.733039320776E1,1.658977637883E2,1.078890639428E1));
#5119=CARTESIAN_POINT('',(-1.858266738384E1,1.646983263053E2,1.185125939531E1));
#5120=CARTESIAN_POINT('',(-4.876526282482E0,1.705090312131E2,2.981753348957E0));
#5121=CARTESIAN_POINT('',(-6.272925031369E0,1.702194152705E2,4.166372843521E0));
#5122=CARTESIAN_POINT('',(-9.045175201708E0,1.693536926191E2,6.518180733789E0));
#5123=CARTESIAN_POINT('',(-1.308859031832E1,1.671841965771E2,9.948367401871E0));
#5124=CARTESIAN_POINT('',(-1.560751433576E1,1.651660661782E2,1.208526884120E1));
#5125=CARTESIAN_POINT('',(-1.683032353752E1,1.639948504658E2,1.312262555589E1));
#5126=CARTESIAN_POINT('',(-4.165719076723E0,1.705608988344E2,3.832315058845E0));
#5127=CARTESIAN_POINT('',(-5.564146121648E0,1.702708622191E2,5.018655236008E0));
#5128=CARTESIAN_POINT('',(-8.340423038676E0,1.694038820889E2,7.373879172467E0));
#5129=CARTESIAN_POINT('',(-1.238971129351E1,1.672312348122E2,1.080904825265E1));
#5130=CARTESIAN_POINT('',(-1.491229409652E1,1.652101730401E2,1.294905358242E1));
#5131=CARTESIAN_POINT('',(-1.613687945217E1,1.640372561143E2,1.398791707769E1));
#5132=CARTESIAN_POINT('',(-4.093668016298E0,1.705713673505E2,3.919806325252E0));
#5133=CARTESIAN_POINT('',(-5.492504435110E0,1.702812458302E2,5.106493790241E0));
#5134=CARTESIAN_POINT('',(-8.269594076173E0,1.694140119013E2,7.462407192182E0));
#5135=CARTESIAN_POINT('',(-1.232006771488E1,1.672407286063E2,1.089858187972E1));
#5136=CARTESIAN_POINT('',(-1.484338897582E1,1.652190751910E2,1.303921367213E1));
#5137=CARTESIAN_POINT('',(-1.606833281514E1,1.640458149070E2,1.407838128307E1));
#5138=B_SPLINE_SURFACE_WITH_KNOTS('',3,3,((#5084,#5085,#5086,#5087,#5088,#5089),
(#5090,#5091,#5092,#5093,#5094,#5095),(#5096,#5097,#5098,#5099,#5100,#5101),(
#5102,#5103,#5104,#5105,#5106,#5107),(#5108,#5109,#5110,#5111,#5112,#5113),(
#5114,#5115,#5116,#5117,#5118,#5119),(#5120,#5121,#5122,#5123,#5124,#5125),(
#5126,#5127,#5128,#5129,#5130,#5131),(#5132,#5133,#5134,#5135,#5136,#5137)),
.UNSPECIFIED.,.F.,.F.,.F.,(4,1,1,1,1,1,4),(4,1,1,4),(4.857033111627E-1,5.E-1,
6.25E-1,7.5E-1,8.75E-1,1.E0,1.014296688837E0),(2.524253812561E-1,5.E-1,7.5E-1,
1.015172197892E0),.UNSPECIFIED.);
#5140=ORIENTED_EDGE('',*,*,#5139,.T.);
#5142=ORIENTED_EDGE('',*,*,#5141,.F.);
#5143=ORIENTED_EDGE('',*,*,#4394,.F.);
#5145=ORIENTED_EDGE('',*,*,#5144,.T.);
#5147=ORIENTED_EDGE('',*,*,#5146,.F.);
#5148=ORIENTED_EDGE('',*,*,#5076,.T.);
#5149=EDGE_LOOP('',(#5140,#5142,#5143,#5145,#5147,#5148));
#5150=FACE_OUTER_BOUND('',#5149,.F.);
#5152=CARTESIAN_POINT('',(-8.646142619434E0,1.760072026677E2,2.952334510265E0));
#5153=CARTESIAN_POINT('',(-8.437839688280E0,1.760960859913E2,3.226228618423E0));
#5154=CARTESIAN_POINT('',(-8.398580583360E0,1.764165742624E2,3.374735620465E0));
#5155=CARTESIAN_POINT('',(-8.558806537170E0,1.767201631405E2,3.282704236560E0));
#5156=CARTESIAN_POINT('',(-8.719032490980E0,1.770237520186E2,3.190672852655E0));
#5157=CARTESIAN_POINT('',(-8.954505431308E0,1.770750408332E2,2.929463567464E0));
#5158=CARTESIAN_POINT('',(-9.082641304394E0,1.768342606E2,2.701616214668E0));
#5159=CARTESIAN_POINT('',(-8.825190295754E0,1.759587517828E2,3.104227633907E0));
#5160=CARTESIAN_POINT('',(-8.617273570568E0,1.760475305978E2,3.378449375647E0));
#5161=CARTESIAN_POINT('',(-8.579407015777E0,1.763676420402E2,3.528137732256E0));
#5162=CARTESIAN_POINT('',(-8.740952090348E0,1.766708739599E2,3.437225409918E0));
#5163=CARTESIAN_POINT('',(-8.902497164920E0,1.769741058796E2,3.346313087581E0));
#5164=CARTESIAN_POINT('',(-9.138192959727E0,1.770253343892E2,3.085292858529E0));
#5165=CARTESIAN_POINT('',(-9.265282621220E0,1.767848372643E2,2.856557963649E0));
#5166=CARTESIAN_POINT('',(-9.242554189064E0,1.758409259200E2,3.458293694912E0));
#5167=CARTESIAN_POINT('',(-9.035537718199E0,1.759294505846E2,3.733279157319E0));
#5168=CARTESIAN_POINT('',(-9.000917227125E0,1.762486456319E2,3.885721276111E0));
#5169=CARTESIAN_POINT('',(-9.165537199946E0,1.765510094781E2,3.797417509738E0));
#5170=CARTESIAN_POINT('',(-9.330157172768E0,1.768533733244E2,3.709113743365E0));
#5171=CARTESIAN_POINT('',(-9.566372445985E0,1.769044551801E2,3.448534208199E0));
#5172=CARTESIAN_POINT('',(-9.691023366160E0,1.766646465353E2,3.217730434202E0));
#5173=CARTESIAN_POINT('',(-9.928935387765E0,1.756282732101E2,4.040577622903E0));
#5174=CARTESIAN_POINT('',(-9.723399441613E0,1.757163391826E2,4.316819072227E0));
#5175=CARTESIAN_POINT('',(-9.694117306442E0,1.760338803154E2,4.473789926545E0));
#5176=CARTESIAN_POINT('',(-9.863794142917E0,1.763346774582E2,4.389776094788E0));
#5177=CARTESIAN_POINT('',(-1.003347097939E1,1.766354746010E2,4.305762263031E0));
#5178=CARTESIAN_POINT('',(-1.027054056767E1,1.766862917752E2,4.045907476587E0));
#5179=CARTESIAN_POINT('',(-1.039118082446E1,1.764477257031E2,3.811701300382E0));
#5180=CARTESIAN_POINT('',(-1.073987411481E1,1.753494434697E2,4.728528557953E0));
#5181=CARTESIAN_POINT('',(-1.053608736411E1,1.754369080063E2,5.006253917943E0));
#5182=CARTESIAN_POINT('',(-1.051311233585E1,1.757522805301E2,5.168575336888E0));
#5183=CARTESIAN_POINT('',(-1.068876370457E1,1.760510234150E2,5.089629933719E0));
#5184=CARTESIAN_POINT('',(-1.086441507328E1,1.763497663E2,5.010684530550E0));
#5185=CARTESIAN_POINT('',(-1.110249400906E1,1.764002364244E2,4.751686012951E0));
#5186=CARTESIAN_POINT('',(-1.121839578768E1,1.761632996105E2,4.513460001035E0));
#5187=CARTESIAN_POINT('',(-1.165098443276E1,1.750004299140E2,5.501458958521E0));
#5188=CARTESIAN_POINT('',(-1.144916294770E1,1.750871416280E2,5.780851529969E0));
#5189=CARTESIAN_POINT('',(-1.143327411469E1,1.753997996856E2,5.949184444602E0));
#5190=CARTESIAN_POINT('',(-1.161563802256E1,1.756959712385E2,5.875933550079E0));
#5191=CARTESIAN_POINT('',(-1.179800193043E1,1.759921427913E2,5.802682655557E0));
#5192=CARTESIAN_POINT('',(-1.203721489385E1,1.760421785106E2,5.544646177803E0));
#5193=CARTESIAN_POINT('',(-1.214779287157E1,1.758072810532E2,5.301903778035E0));
#5194=CARTESIAN_POINT('',(-1.266958077187E1,1.745643451232E2,6.365573940982E0));
#5195=CARTESIAN_POINT('',(-1.246995639987E1,1.746501162020E2,6.646830409093E0));
#5196=CARTESIAN_POINT('',(-1.246198973876E1,1.749593825935E2,6.821884010970E0));
#5197=CARTESIAN_POINT('',(-1.265185808126E1,1.752523413233E2,6.754999420881E0));
#5198=CARTESIAN_POINT('',(-1.284172642375E1,1.755453000531E2,6.688114830793E0));
#5199=CARTESIAN_POINT('',(-1.308220719894E1,1.755947929927E2,6.431153887197E0));
#5200=CARTESIAN_POINT('',(-1.318683331331E1,1.753624436664E2,6.183362289727E0));
#5201=CARTESIAN_POINT('',(-1.379164998759E1,1.740257555066E2,7.317468998360E0));
#5202=CARTESIAN_POINT('',(-1.359444591974E1,1.741103648472E2,7.600778704824E0));
#5203=CARTESIAN_POINT('',(-1.359520619476E1,1.744154423373E2,7.783235706830E0));
#5204=CARTESIAN_POINT('',(-1.379334130078E1,1.747044330472E2,7.723364134509E0));
#5205=CARTESIAN_POINT('',(-1.399147640681E1,1.749934237572E2,7.663492562188E0));
#5206=CARTESIAN_POINT('',(-1.423335378291E1,1.750422463328E2,7.407716409586E0));
#5207=CARTESIAN_POINT('',(-1.433142342109E1,1.748130440940E2,7.154362697770E0));
#5208=CARTESIAN_POINT('',(-1.498579846242E1,1.733817980366E2,8.330511701110E0));
#5209=CARTESIAN_POINT('',(-1.479117017372E1,1.734650183604E2,8.616006541440E0));
#5210=CARTESIAN_POINT('',(-1.480121798407E1,1.737650874468E2,8.806342521716E0));
#5211=CARTESIAN_POINT('',(-1.500815089234E1,1.740493338468E2,8.753934468003E0));
#5212=CARTESIAN_POINT('',(-1.521508380061E1,1.743335802467E2,8.701526414289E0));
#5213=CARTESIAN_POINT('',(-1.545844749218E1,1.743816013107E2,8.447011161048E0));
#5214=CARTESIAN_POINT('',(-1.554953948056E1,1.741561618450E2,8.187738036897E0));
#5215=CARTESIAN_POINT('',(-1.619583240603E1,1.726506679169E2,9.357030666279E0));
#5216=CARTESIAN_POINT('',(-1.600381416145E1,1.727323111925E2,9.644739708794E0));
#5217=CARTESIAN_POINT('',(-1.602327305696E1,1.730266938865E2,9.843059479498E0));
#5218=CARTESIAN_POINT('',(-1.623912080251E1,1.733055537384E2,9.798214229781E0));
#5219=CARTESIAN_POINT('',(-1.645496854805E1,1.735844135902E2,9.753368980065E0));
#5220=CARTESIAN_POINT('',(-1.669983832721E1,1.736315246417E2,9.500131399621E0));
#5221=CARTESIAN_POINT('',(-1.678385984380E1,1.734103573164E2,9.234860118608E0));
#5222=CARTESIAN_POINT('',(-1.736605893244E1,1.718643669055E2,1.034977944768E1));
#5223=CARTESIAN_POINT('',(-1.717656486737E1,1.719443141293E2,1.063962985003E1));
#5224=CARTESIAN_POINT('',(-1.720512524437E1,1.722325813371E2,1.084567076223E1));
#5225=CARTESIAN_POINT('',(-1.742959454895E1,1.725056481734E2,1.080813951711E1));
#5226=CARTESIAN_POINT('',(-1.765406385353E1,1.727787150096E2,1.077060827200E1));
#5227=CARTESIAN_POINT('',(-1.790039017333E1,1.728248473792E2,1.051860633178E1));
#5228=CARTESIAN_POINT('',(-1.797757382084E1,1.726082745689E2,1.024753421993E1));
#5229=CARTESIAN_POINT('',(-1.845617550264E1,1.710574536540E2,1.127456783007E1));
#5230=CARTESIAN_POINT('',(-1.826903281976E1,1.711356603653E2,1.156641300175E1));
#5231=CARTESIAN_POINT('',(-1.830607161987E1,1.714176517745E2,1.177964649099E1));
#5232=CARTESIAN_POINT('',(-1.853857227915E1,1.716847737359E2,1.174892855723E1));
#5233=CARTESIAN_POINT('',(-1.877107293842E1,1.719518956973E2,1.171821062347E1));
#5234=CARTESIAN_POINT('',(-1.901875608881E1,1.719970237299E2,1.146735973546E1));
#5235=CARTESIAN_POINT('',(-1.908956996597E1,1.717851658760E2,1.119088389890E1));
#5236=CARTESIAN_POINT('',(-1.944351667852E1,1.702605318543E2,1.211216783974E1));
#5237=CARTESIAN_POINT('',(-1.925850369155E1,1.703370196047E2,1.240581971496E1));
#5238=CARTESIAN_POINT('',(-1.930322157566E1,1.706128129242E2,1.262556766985E1));
#5239=CARTESIAN_POINT('',(-1.954299639955E1,1.708740636221E2,1.260102069323E1));
#5240=CARTESIAN_POINT('',(-1.978277122343E1,1.711353143200E2,1.257647371660E1));
#5241=CARTESIAN_POINT('',(-2.003168328323E1,1.711794504514E2,1.232666536064E1));
#5242=CARTESIAN_POINT('',(-2.009672792691E1,1.709722491720E2,1.204529525909E1));
#5243=CARTESIAN_POINT('',(-2.018419477441E1,1.696155122470E2,1.274051394076E1));
#5244=CARTESIAN_POINT('',(-2.000077942995E1,1.696906086896E2,1.303552115982E1));
#5245=CARTESIAN_POINT('',(-2.005125796533E1,1.699613853445E2,1.326015610152E1));
#5246=CARTESIAN_POINT('',(-2.029648968096E1,1.702178839072E2,1.324023841965E1));
#5247=CARTESIAN_POINT('',(-2.054172139660E1,1.704743824699E2,1.322032073778E1));
#5248=CARTESIAN_POINT('',(-2.079155535333E1,1.705177157676E2,1.297129446209E1));
#5249=CARTESIAN_POINT('',(-2.085227206676E1,1.703142834676E2,1.268625280679E1));
#5250=CARTESIAN_POINT('',(-2.059491569022E1,1.692393681221E2,1.308894450700E1));
#5251=CARTESIAN_POINT('',(-2.041238627204E1,1.693136532215E2,1.338470328993E1));
#5252=CARTESIAN_POINT('',(-2.046605920622E1,1.695815044012E2,1.361204816223E1));
#5253=CARTESIAN_POINT('',(-2.071431687892E1,1.698352317493E2,1.359469751666E1));
#5254=CARTESIAN_POINT('',(-2.096257455162E1,1.700889590975E2,1.357734687109E1));
#5255=CARTESIAN_POINT('',(-2.121291971795E1,1.701318242216E2,1.332875427559E1));
#5256=CARTESIAN_POINT('',(-2.127123650522E1,1.699305898073E2,1.304167667183E1));
#5257=CARTESIAN_POINT('',(-2.071860042654E1,1.691243770394E2,1.319387109058E1));
#5258=CARTESIAN_POINT('',(-2.053633779649E1,1.691984141030E2,1.348985620015E1));
#5259=CARTESIAN_POINT('',(-2.059097269351E1,1.694653709351E2,1.371801714287E1));
#5260=CARTESIAN_POINT('',(-2.084014160457E1,1.697182510948E2,1.370143953625E1));
#5261=CARTESIAN_POINT('',(-2.108931051562E1,1.699711312545E2,1.368486192963E1));
#5262=CARTESIAN_POINT('',(-2.133980962805E1,1.700138532532E2,1.343639993268E1));
#5263=CARTESIAN_POINT('',(-2.139740370044E1,1.698132907550E2,1.314870922187E1));
#5264=(BOUNDED_SURFACE()B_SPLINE_SURFACE(3,3,((#5152,#5153,#5154,#5155,#5156,
#5157,#5158),(#5159,#5160,#5161,#5162,#5163,#5164,#5165),(#5166,#5167,#5168,
#5169,#5170,#5171,#5172),(#5173,#5174,#5175,#5176,#5177,#5178,#5179),(#5180,
#5181,#5182,#5183,#5184,#5185,#5186),(#5187,#5188,#5189,#5190,#5191,#5192,
#5193),(#5194,#5195,#5196,#5197,#5198,#5199,#5200),(#5201,#5202,#5203,#5204,
#5205,#5206,#5207),(#5208,#5209,#5210,#5211,#5212,#5213,#5214),(#5215,#5216,
#5217,#5218,#5219,#5220,#5221),(#5222,#5223,#5224,#5225,#5226,#5227,#5228),(
#5229,#5230,#5231,#5232,#5233,#5234,#5235),(#5236,#5237,#5238,#5239,#5240,#5241,
#5242),(#5243,#5244,#5245,#5246,#5247,#5248,#5249),(#5250,#5251,#5252,#5253,
#5254,#5255,#5256),(#5257,#5258,#5259,#5260,#5261,#5262,#5263)),.UNSPECIFIED.,
.F.,.F.,.F.)B_SPLINE_SURFACE_WITH_KNOTS((4,1,1,1,1,1,1,1,1,1,1,1,1,4),(4,3,4),(
1.000749949014E-2,1.639442803393E-2,2.492195055504E-2,3.464514597622E-2,
4.568002540887E-2,5.807823676817E-2,7.207276439995E-2,8.741474618953E-2,
1.031743666074E-1,1.186046296037E-1,1.333393934427E-1,1.468959389206E-1,
1.590999809917E-1,1.643966253398E-1),(0.E0,1.E0,2.E0),.UNSPECIFIED.)GEOMETRIC_REPRESENTATION_ITEM()RATIONAL_B_SPLINE_SURFACE(((1.240461214796E0,
9.198462617347E-1,9.198462617347E-1,1.240461214796E0,9.198462617347E-1,
9.198462617347E-1,1.240461214796E0),(1.240461214796E0,9.198462617347E-1,
9.198462617347E-1,1.240461214796E0,9.198462617347E-1,9.198462617347E-1,
1.240461214796E0),(1.240461214796E0,9.198462617347E-1,9.198462617347E-1,
1.240461214796E0,9.198462617347E-1,9.198462617347E-1,1.240461214796E0),(
1.240461214796E0,9.198462617347E-1,9.198462617347E-1,1.240461214796E0,
9.198462617347E-1,9.198462617347E-1,1.240461214796E0),(1.240461214796E0,
9.198462617347E-1,9.198462617347E-1,1.240461214796E0,9.198462617347E-1,
9.198462617347E-1,1.240461214796E0),(1.240461214796E0,9.198462617347E-1,
9.198462617347E-1,1.240461214796E0,9.198462617347E-1,9.198462617347E-1,
1.240461214796E0),(1.240461214796E0,9.198462617347E-1,9.198462617347E-1,
1.240461214796E0,9.198462617347E-1,9.198462617347E-1,1.240461214796E0),(
1.240461214796E0,9.198462617347E-1,9.198462617347E-1,1.240461214796E0,
9.198462617347E-1,9.198462617347E-1,1.240461214796E0),(1.240461214796E0,
9.198462617347E-1,9.198462617347E-1,1.240461214796E0,9.198462617347E-1,
9.198462617347E-1,1.240461214796E0),(1.240461214796E0,9.198462617347E-1,
9.198462617347E-1,1.240461214796E0,9.198462617347E-1,9.198462617347E-1,
1.240461214796E0),(1.240461214796E0,9.198462617347E-1,9.198462617347E-1,
1.240461214796E0,9.198462617347E-1,9.198462617347E-1,1.240461214796E0),(
1.240461214796E0,9.198462617347E-1,9.198462617347E-1,1.240461214796E0,
9.198462617347E-1,9.198462617347E-1,1.240461214796E0),(1.240461214796E0,
9.198462617347E-1,9.198462617347E-1,1.240461214796E0,9.198462617347E-1,
9.198462617347E-1,1.240461214796E0),(1.240461214796E0,9.198462617347E-1,
9.198462617347E-1,1.240461214796E0,9.198462617347E-1,9.198462617347E-1,
1.240461214796E0),(1.240461214796E0,9.198462617347E-1,9.198462617347E-1,
1.240461214796E0,9.198462617347E-1,9.198462617347E-1,1.240461214796E0),(
1.240461214796E0,9.198462617347E-1,9.198462617347E-1,1.240461214796E0,
9.198462617347E-1,9.198462617347E-1,1.240461214796E0)))REPRESENTATION_ITEM('')SURFACE());
#5266=ORIENTED_EDGE('',*,*,#5265,.F.);
#5267=ORIENTED_EDGE('',*,*,#5139,.F.);
#5268=ORIENTED_EDGE('',*,*,#4989,.T.);
#5269=ORIENTED_EDGE('',*,*,#3628,.T.);
#5270=EDGE_LOOP('',(#5266,#5267,#5268,#5269));
#5271=FACE_OUTER_BOUND('',#5270,.F.);
#5273=CARTESIAN_POINT('',(-2.019892082175E1,1.693755032777E2,1.324223558778E1));
#5274=CARTESIAN_POINT('',(-2.019746435159E1,1.693849127077E2,1.325700943636E1));
#5275=CARTESIAN_POINT('',(-2.019479785172E1,1.694114754797E2,1.329640179772E1));
#5276=CARTESIAN_POINT('',(-2.019619917580E1,1.694616416177E2,1.336055320666E1));
#5277=CARTESIAN_POINT('',(-2.020798385438E1,1.695313022688E2,1.343412163865E1));
#5278=CARTESIAN_POINT('',(-2.023378414320E1,1.696167009772E2,1.350661811153E1));
#5279=CARTESIAN_POINT('',(-2.027777942206E1,1.697183724721E2,1.357247492686E1));
#5280=CARTESIAN_POINT('',(-2.034311290672E1,1.698335872615E2,1.362347292156E1));
#5281=CARTESIAN_POINT('',(-2.042962407293E1,1.699552228909E2,1.365058916187E1));
#5282=CARTESIAN_POINT('',(-2.053293722599E1,1.700735238093E2,1.364751856822E1));
#5283=CARTESIAN_POINT('',(-2.064621664413E1,1.701794694297E2,1.361239777654E1));
#5284=CARTESIAN_POINT('',(-2.076241730144E1,1.702664902407E2,1.354678410995E1));
#5285=CARTESIAN_POINT('',(-2.087506699174E1,1.703301400596E2,1.345423172799E1));
#5286=CARTESIAN_POINT('',(-2.097832119411E1,1.703675369485E2,1.333962479044E1));
#5287=CARTESIAN_POINT('',(-2.106864726465E1,1.703773232921E2,1.320653214586E1));
#5288=CARTESIAN_POINT('',(-2.111810804861E1,1.703637987701E2,1.310657977124E1));
#5289=CARTESIAN_POINT('',(-2.113960161273E1,1.703508667146E2,1.305313942491E1));
#5290=CARTESIAN_POINT('',(-2.114084965684E1,1.703500863081E2,1.304999459327E1));
#5291=CARTESIAN_POINT('',(-2.039655941993E1,1.694764976687E2,1.320531147120E1));
#5292=CARTESIAN_POINT('',(-2.039592551693E1,1.694826659268E2,1.321562325469E1));
#5293=CARTESIAN_POINT('',(-2.039504524718E1,1.695001254141E2,1.324309511066E1));
#5294=CARTESIAN_POINT('',(-2.039743493722E1,1.695333032556E2,1.328773603537E1));
#5295=CARTESIAN_POINT('',(-2.040695452719E1,1.695796806006E2,1.333878732287E1));
#5296=CARTESIAN_POINT('',(-2.042579835412E1,1.696368859712E2,1.338893684301E1));
#5297=CARTESIAN_POINT('',(-2.045665210587E1,1.697054039084E2,1.343431410193E1));
#5298=CARTESIAN_POINT('',(-2.050146744407E1,1.697835455338E2,1.346923156786E1));
#5299=CARTESIAN_POINT('',(-2.055998040639E1,1.698666475532E2,1.348746765116E1));
#5300=CARTESIAN_POINT('',(-2.062916228283E1,1.699482114088E2,1.348468618121E1));
#5301=CARTESIAN_POINT('',(-2.070442219482E1,1.700221634564E2,1.345960010868E1));
#5302=CARTESIAN_POINT('',(-2.078109490236E1,1.700840257675E2,1.341325077892E1));
#5303=CARTESIAN_POINT('',(-2.085493550246E1,1.701306913231E2,1.334803195504E1));
#5304=CARTESIAN_POINT('',(-2.092213417825E1,1.701600329430E2,1.326725277435E1));
#5305=CARTESIAN_POINT('',(-2.098038747846E1,1.701709515112E2,1.317330687073E1));
#5306=CARTESIAN_POINT('',(-2.101182653348E1,1.701647129337E2,1.310260771541E1));
#5307=CARTESIAN_POINT('',(-2.102530819802E1,1.701574058332E2,1.306476426960E1));
#5308=CARTESIAN_POINT('',(-2.102609026412E1,1.701569623163E2,1.306253713520E1));
#5309=CARTESIAN_POINT('',(-2.058281991817E1,1.693812385067E2,1.328811820372E1));
#5310=CARTESIAN_POINT('',(-2.058206424136E1,1.693864101928E2,1.329755720791E1));
#5311=CARTESIAN_POINT('',(-2.058077623834E1,1.694011620789E2,1.332274599549E1));
#5312=CARTESIAN_POINT('',(-2.058213286888E1,1.694296862875E2,1.336383027987E1));
#5313=CARTESIAN_POINT('',(-2.058986745479E1,1.694702463748E2,1.341097031051E1));
#5314=CARTESIAN_POINT('',(-2.060615264118E1,1.695209556890E2,1.345734598431E1));
#5315=CARTESIAN_POINT('',(-2.063352632434E1,1.695823056520E2,1.349923156914E1));
#5316=CARTESIAN_POINT('',(-2.067382770048E1,1.696527266837E2,1.353115710546E1));
#5317=CARTESIAN_POINT('',(-2.072676955055E1,1.697278000886E2,1.354715458983E1));
#5318=CARTESIAN_POINT('',(-2.078937332153E1,1.698013063752E2,1.354311393226E1));
#5319=CARTESIAN_POINT('',(-2.085708322215E1,1.698673901290E2,1.351795732205E1));
#5320=CARTESIAN_POINT('',(-2.092520900176E1,1.699217560891E2,1.347300237177E1));
#5321=CARTESIAN_POINT('',(-2.098949779293E1,1.699615735048E2,1.341103472764E1));
#5322=CARTESIAN_POINT('',(-2.104628818193E1,1.699851858157E2,1.333581384185E1));
#5323=CARTESIAN_POINT('',(-2.109349485974E1,1.699921004467E2,1.325023265199E1));
#5324=CARTESIAN_POINT('',(-2.111742358097E1,1.699849257455E2,1.318738494241E1));
#5325=CARTESIAN_POINT('',(-2.112719026831E1,1.699778399664E2,1.315420784943E1));
#5326=CARTESIAN_POINT('',(-2.112775477758E1,1.699774119673E2,1.315225687103E1));
#5327=CARTESIAN_POINT('',(-2.056277292373E1,1.691894184843E2,1.340399508038E1));
#5328=CARTESIAN_POINT('',(-2.056107857354E1,1.691968811527E2,1.341706399105E1));
#5329=CARTESIAN_POINT('',(-2.055761558374E1,1.692181547389E2,1.345199647369E1));
#5330=CARTESIAN_POINT('',(-2.055699886924E1,1.692592301991E2,1.350920013433E1));
#5331=CARTESIAN_POINT('',(-2.056529661697E1,1.693175270805E2,1.357512808944E1));
#5332=CARTESIAN_POINT('',(-2.058609870839E1,1.693902360140E2,1.364025251116E1));
#5333=CARTESIAN_POINT('',(-2.062329581864E1,1.694779051709E2,1.369928848702E1));
#5334=CARTESIAN_POINT('',(-2.067981146699E1,1.695780381030E2,1.374444187223E1));
#5335=CARTESIAN_POINT('',(-2.075543969818E1,1.696839901694E2,1.376718510304E1));
#5336=CARTESIAN_POINT('',(-2.084590279703E1,1.697865509634E2,1.376165473898E1));
#5337=CARTESIAN_POINT('',(-2.094443358336E1,1.698771262004E2,1.372639615489E1));
#5338=CARTESIAN_POINT('',(-2.104393817403E1,1.699495032031E2,1.366350635037E1));
#5339=CARTESIAN_POINT('',(-2.113792880462E1,1.699997754667E2,1.357730501222E1));
#5340=CARTESIAN_POINT('',(-2.122085085356E1,1.700259803898E2,1.347355597155E1));
#5341=CARTESIAN_POINT('',(-2.128959780874E1,1.700279452095E2,1.335680344587E1));
#5342=CARTESIAN_POINT('',(-2.132438746940E1,1.700125920088E2,1.327218854248E1));
#5343=CARTESIAN_POINT('',(-2.133862398076E1,1.700000922954E2,1.322786372146E1));
#5344=CARTESIAN_POINT('',(-2.133944703668E1,1.699993422024E2,1.322525834905E1));
#5345=CARTESIAN_POINT('',(-2.054272592929E1,1.689975984619E2,1.351987195703E1));
#5346=CARTESIAN_POINT('',(-2.054009290572E1,1.690073521125E2,1.353657077418E1));
#5347=CARTESIAN_POINT('',(-2.053445492914E1,1.690351473989E2,1.358124695190E1));
#5348=CARTESIAN_POINT('',(-2.053186486960E1,1.690887741108E2,1.365456998879E1));
#5349=CARTESIAN_POINT('',(-2.054072577914E1,1.691648077861E2,1.373928586837E1));
#5350=CARTESIAN_POINT('',(-2.056604477559E1,1.692595163390E2,1.382315903802E1));
#5351=CARTESIAN_POINT('',(-2.061306531294E1,1.693735046898E2,1.389934540490E1));
#5352=CARTESIAN_POINT('',(-2.068579523351E1,1.695033495223E2,1.395772663901E1));
#5353=CARTESIAN_POINT('',(-2.078410984581E1,1.696401802503E2,1.398721561625E1));
#5354=CARTESIAN_POINT('',(-2.090243227253E1,1.697717955516E2,1.398019554570E1));
#5355=CARTESIAN_POINT('',(-2.103178394456E1,1.698868622719E2,1.393483498773E1));
#5356=CARTESIAN_POINT('',(-2.116266734629E1,1.699772503170E2,1.385401032897E1));
#5357=CARTESIAN_POINT('',(-2.128635981632E1,1.700379774285E2,1.374357529680E1));
#5358=CARTESIAN_POINT('',(-2.139541352519E1,1.700667749638E2,1.361129810126E1));
#5359=CARTESIAN_POINT('',(-2.148570075774E1,1.700637899723E2,1.346337423975E1));
#5360=CARTESIAN_POINT('',(-2.153135135784E1,1.700402582721E2,1.335699214255E1));
#5361=CARTESIAN_POINT('',(-2.155005769322E1,1.700223446244E2,1.330151959349E1));
#5362=CARTESIAN_POINT('',(-2.155113929579E1,1.700212724374E2,1.329825982706E1));
#5363=CARTESIAN_POINT('',(-2.033735145936E1,1.689099652462E2,1.354754898546E1));
#5364=CARTESIAN_POINT('',(-2.033394522373E1,1.689228998245E2,1.356858154610E1));
#5365=CARTESIAN_POINT('',(-2.032664122140E1,1.689596208808E2,1.362483099840E1));
#5366=CARTESIAN_POINT('',(-2.032320271930E1,1.690298683198E2,1.371707982747E1));
#5367=CARTESIAN_POINT('',(-2.033438558416E1,1.691286305448E2,1.382362046499E1));
#5368=CARTESIAN_POINT('',(-2.036656990140E1,1.692508108722E2,1.392914362887E1));
#5369=CARTESIAN_POINT('',(-2.042643673468E1,1.693970614489E2,1.402517385120E1));
#5370=CARTESIAN_POINT('',(-2.051914024850E1,1.695629559309E2,1.409915921621E1));
#5371=CARTESIAN_POINT('',(-2.064465648967E1,1.697372567872E2,1.413731857981E1));
#5372=CARTESIAN_POINT('',(-2.079611972711E1,1.699046319164E2,1.413013732398E1));
#5373=CARTESIAN_POINT('',(-2.096240783745E1,1.700509185367E2,1.407521549362E1));
#5374=CARTESIAN_POINT('',(-2.113175655255E1,1.701659757093E2,1.397589632112E1));
#5375=CARTESIAN_POINT('',(-2.129332029456E1,1.702435192215E2,1.383910429436E1));
#5376=CARTESIAN_POINT('',(-2.143769773629E1,1.702805180133E2,1.367406840004E1));
#5377=CARTESIAN_POINT('',(-2.155956934583E1,1.702768175206E2,1.348805925829E1));
#5378=CARTESIAN_POINT('',(-2.162308573173E1,1.702464240866E2,1.335307160541E1));
#5379=CARTESIAN_POINT('',(-2.164976883478E1,1.702231271574E2,1.328230381055E1));
#5380=CARTESIAN_POINT('',(-2.165131450762E1,1.702217323493E2,1.327814395076E1));
#5381=CARTESIAN_POINT('',(-2.016158247655E1,1.690182306584E2,1.345806099916E1));
#5382=CARTESIAN_POINT('',(-2.015837768891E1,1.690319071362E2,1.347959569669E1));
#5383=CARTESIAN_POINT('',(-2.015166018740E1,1.690706168409E2,1.353713608774E1));
#5384=CARTESIAN_POINT('',(-2.014938607582E1,1.691441601973E2,1.363131049274E1));
#5385=CARTESIAN_POINT('',(-2.016221966626E1,1.692468563510E2,1.373987220073E1));
#5386=CARTESIAN_POINT('',(-2.019643287503E1,1.693732302482E2,1.384728898172E1));
#5387=CARTESIAN_POINT('',(-2.025872468772E1,1.695239223157E2,1.394508910018E1));
#5388=CARTESIAN_POINT('',(-2.035425791605E1,1.696944767322E2,1.402072450325E1));
#5389=CARTESIAN_POINT('',(-2.048302339284E1,1.698736251287E2,1.406040497157E1));
#5390=CARTESIAN_POINT('',(-2.063822568093E1,1.700460412527E2,1.405455973879E1));
#5391=CARTESIAN_POINT('',(-2.080891025641E1,1.701976032601E2,1.400062360853E1));
#5392=CARTESIAN_POINT('',(-2.098355522980E1,1.703181703727E2,1.390160554405E1));
#5393=CARTESIAN_POINT('',(-2.115152580809E1,1.704012927724E2,1.376391691807E1));
#5394=CARTESIAN_POINT('',(-2.130345129345E1,1.704435185074E2,1.359617512790E1));
#5395=CARTESIAN_POINT('',(-2.143389700959E1,1.704440856255E2,1.340502459832E1));
#5396=CARTESIAN_POINT('',(-2.150358673645E1,1.704153283145E2,1.326452993697E1));
#5397=CARTESIAN_POINT('',(-2.153340553022E1,1.703923125855E2,1.319032649226E1));
#5398=CARTESIAN_POINT('',(-2.153513512801E1,1.703909322658E2,1.318596282507E1));
#5399=(BOUNDED_SURFACE()B_SPLINE_SURFACE(3,3,((#5273,#5274,#5275,#5276,#5277,
#5278,#5279,#5280,#5281,#5282,#5283,#5284,#5285,#5286,#5287,#5288,#5289,#5290),(
#5291,#5292,#5293,#5294,#5295,#5296,#5297,#5298,#5299,#5300,#5301,#5302,#5303,
#5304,#5305,#5306,#5307,#5308),(#5309,#5310,#5311,#5312,#5313,#5314,#5315,#5316,
#5317,#5318,#5319,#5320,#5321,#5322,#5323,#5324,#5325,#5326),(#5327,#5328,#5329,
#5330,#5331,#5332,#5333,#5334,#5335,#5336,#5337,#5338,#5339,#5340,#5341,#5342,
#5343,#5344),(#5345,#5346,#5347,#5348,#5349,#5350,#5351,#5352,#5353,#5354,#5355,
#5356,#5357,#5358,#5359,#5360,#5361,#5362),(#5363,#5364,#5365,#5366,#5367,#5368,
#5369,#5370,#5371,#5372,#5373,#5374,#5375,#5376,#5377,#5378,#5379,#5380),(#5381,
#5382,#5383,#5384,#5385,#5386,#5387,#5388,#5389,#5390,#5391,#5392,#5393,#5394,
#5395,#5396,#5397,#5398)),.UNSPECIFIED.,.F.,.F.,.F.)B_SPLINE_SURFACE_WITH_KNOTS(
(4,3,4),(4,1,1,1,1,1,1,1,1,1,1,1,1,1,1,4),(0.E0,1.E0,2.E0),(3.273012353877E-1,
3.444395264956E-1,3.736898567064E-1,4.066678095877E-1,4.438507021020E-1,
4.856939500325E-1,5.321465541411E-1,5.819042118889E-1,6.331724713696E-1,
6.848491951802E-1,7.364460289365E-1,7.877821462757E-1,8.387525168803E-1,
8.891900675381E-1,9.416737866144E-1,9.449522547730E-1),.UNSPECIFIED.)GEOMETRIC_REPRESENTATION_ITEM()RATIONAL_B_SPLINE_SURFACE(((1.354344533555E0,
1.354344533555E0,1.354344533555E0,1.354344533555E0,1.354344533555E0,
1.354344533555E0,1.354344533555E0,1.354344533555E0,1.354344533555E0,
1.354344533555E0,1.354344533555E0,1.354344533555E0,1.354344533555E0,
1.354344533555E0,1.354344533555E0,1.354344533555E0,1.354344533555E0,
1.354344533555E0),(8.818851554816E-1,8.818851554816E-1,8.818851554816E-1,
8.818851554816E-1,8.818851554816E-1,8.818851554816E-1,8.818851554816E-1,
8.818851554816E-1,8.818851554816E-1,8.818851554816E-1,8.818851554816E-1,
8.818851554816E-1,8.818851554816E-1,8.818851554816E-1,8.818851554816E-1,
8.818851554816E-1,8.818851554816E-1,8.818851554816E-1),(8.818851554816E-1,
8.818851554816E-1,8.818851554816E-1,8.818851554816E-1,8.818851554816E-1,
8.818851554816E-1,8.818851554816E-1,8.818851554816E-1,8.818851554816E-1,
8.818851554816E-1,8.818851554816E-1,8.818851554816E-1,8.818851554816E-1,
8.818851554816E-1,8.818851554816E-1,8.818851554816E-1,8.818851554816E-1,
8.818851554816E-1),(1.354344533555E0,1.354344533555E0,1.354344533555E0,
1.354344533555E0,1.354344533555E0,1.354344533555E0,1.354344533555E0,
1.354344533555E0,1.354344533555E0,1.354344533555E0,1.354344533555E0,
1.354344533555E0,1.354344533555E0,1.354344533555E0,1.354344533555E0,
1.354344533555E0,1.354344533555E0,1.354344533555E0),(8.818851554816E-1,
8.818851554816E-1,8.818851554816E-1,8.818851554816E-1,8.818851554816E-1,
8.818851554816E-1,8.818851554816E-1,8.818851554816E-1,8.818851554816E-1,
8.818851554816E-1,8.818851554816E-1,8.818851554816E-1,8.818851554816E-1,
8.818851554816E-1,8.818851554816E-1,8.818851554816E-1,8.818851554816E-1,
8.818851554816E-1),(8.818851554816E-1,8.818851554816E-1,8.818851554816E-1,
8.818851554816E-1,8.818851554816E-1,8.818851554816E-1,8.818851554816E-1,
8.818851554816E-1,8.818851554816E-1,8.818851554816E-1,8.818851554816E-1,
8.818851554816E-1,8.818851554816E-1,8.818851554816E-1,8.818851554816E-1,
8.818851554816E-1,8.818851554816E-1,8.818851554816E-1),(1.354344533555E0,
1.354344533555E0,1.354344533555E0,1.354344533555E0,1.354344533555E0,
1.354344533555E0,1.354344533555E0,1.354344533555E0,1.354344533555E0,
1.354344533555E0,1.354344533555E0,1.354344533555E0,1.354344533555E0,
1.354344533555E0,1.354344533555E0,1.354344533555E0,1.354344533555E0,
1.354344533555E0)))REPRESENTATION_ITEM('')SURFACE());
#5400=ORIENTED_EDGE('',*,*,#5265,.T.);
#5402=ORIENTED_EDGE('',*,*,#5401,.T.);
#5403=ORIENTED_EDGE('',*,*,#4396,.F.);
#5404=ORIENTED_EDGE('',*,*,#5141,.T.);
#5405=EDGE_LOOP('',(#5400,#5402,#5403,#5404));
#5406=FACE_OUTER_BOUND('',#5405,.F.);
#5408=CARTESIAN_POINT('',(0.E0,1.702725612314E2,0.E0));
#5409=DIRECTION('',(0.E0,-1.E0,0.E0));
#5410=DIRECTION('',(-8.311086932646E-1,0.E0,5.561100070849E-1));
#5411=AXIS2_PLACEMENT_3D('',#5408,#5409,#5410);
#5412=TOROIDAL_SURFACE('',#5411,2.509173450615E1,2.5E-1);
#5413=ORIENTED_EDGE('',*,*,#3626,.T.);
#5414=ORIENTED_EDGE('',*,*,#4371,.T.);
#5415=ORIENTED_EDGE('',*,*,#4398,.F.);
#5416=ORIENTED_EDGE('',*,*,#5401,.F.);
#5417=EDGE_LOOP('',(#5413,#5414,#5415,#5416));
#5418=FACE_OUTER_BOUND('',#5417,.F.);
#5420=CARTESIAN_POINT('',(-1.784654726707E1,1.674851500925E2,1.513992175951E1));
#5421=DIRECTION('',(-6.200118526055E-1,-5.821770401208E-1,5.259802245188E-1));
#5422=DIRECTION('',(4.439472560079E-1,-8.130620480358E-1,-3.766177636900E-1));
#5423=AXIS2_PLACEMENT_3D('',#5420,#5421,#5422);
#5424=PLANE('',#5423);
#5426=ORIENTED_EDGE('',*,*,#5425,.F.);
#5427=ORIENTED_EDGE('',*,*,#5144,.F.);
#5428=EDGE_LOOP('',(#5426,#5427));
#5429=FACE_OUTER_BOUND('',#5428,.F.);
#5431=ORIENTED_EDGE('',*,*,#5430,.F.);
#5433=ORIENTED_EDGE('',*,*,#5432,.F.);
#5435=ORIENTED_EDGE('',*,*,#5434,.F.);
#5437=ORIENTED_EDGE('',*,*,#5436,.F.);
#5438=EDGE_LOOP('',(#5431,#5433,#5435,#5437));
#5439=FACE_BOUND('',#5438,.F.);
#5441=CARTESIAN_POINT('',(-5.008330667923E0,1.770885519766E2,4.418996811278E0));
#5442=CARTESIAN_POINT('',(-6.664582236803E0,1.767455720196E2,5.824059582898E0));
#5443=CARTESIAN_POINT('',(-9.950161312099E0,1.757200877745E2,8.611344394368E0));
#5444=CARTESIAN_POINT('',(-1.473764246859E1,1.731513610985E2,1.267275129004E1));
#5445=CARTESIAN_POINT('',(-1.771789492245E1,1.707644635713E2,1.520101562598E1));
#5446=CARTESIAN_POINT('',(-1.916352556633E1,1.693807423429E2,1.642740045628E1));
#5447=CARTESIAN_POINT('',(-4.353506857738E0,1.770487006366E2,5.181158313033E0));
#5448=CARTESIAN_POINT('',(-6.008197618625E0,1.767060438949E2,6.584896990387E0));
#5449=CARTESIAN_POINT('',(-9.290680450464E0,1.756815260392E2,9.369555137831E0));
#5450=CARTESIAN_POINT('',(-1.407365001041E1,1.731152200638E2,1.342713467028E1));
#5451=CARTESIAN_POINT('',(-1.705109395260E1,1.707305718862E2,1.595301643629E1));
#5452=CARTESIAN_POINT('',(-1.849536227212E1,1.693481546404E2,1.717824555372E1));
#5453=CARTESIAN_POINT('',(-3.002077627055E0,1.758192015138E2,6.474063700536E0));
#5454=CARTESIAN_POINT('',(-4.608614121129E0,1.754865166559E2,7.836951236153E0));
#5455=CARTESIAN_POINT('',(-7.795571216179E0,1.744918139823E2,1.054057117719E1));
#5456=CARTESIAN_POINT('',(-1.243934836761E1,1.720001918001E2,1.448006836336E1));
#5457=CARTESIAN_POINT('',(-1.533014371455E1,1.696849408702E2,1.693244274819E1));
#5458=CARTESIAN_POINT('',(-1.673238141201E1,1.683427542768E2,1.812201565044E1));
#5459=CARTESIAN_POINT('',(-2.722754464964E0,1.725736302563E2,6.011069108272E0));
#5460=CARTESIAN_POINT('',(-4.202175696092E0,1.722672686867E2,7.266119810991E0));
#5461=CARTESIAN_POINT('',(-7.136968653800E0,1.713512706627E2,9.755819084198E0));
#5462=CARTESIAN_POINT('',(-1.141331253755E1,1.690567950813E2,1.338360830572E1));
#5463=CARTESIAN_POINT('',(-1.407537718836E1,1.669247355895E2,1.564194152440E1));
#5464=CARTESIAN_POINT('',(-1.536666451881E1,1.656887478919E2,1.673739090514E1));
#5465=CARTESIAN_POINT('',(-4.362769539463E0,1.710302060864E2,3.701107474394E0));
#5466=CARTESIAN_POINT('',(-5.781741390920E0,1.707363624978E2,4.904876611836E0));
#5467=CARTESIAN_POINT('',(-8.596618255748E0,1.698577922943E2,7.292846388758E0));
#5468=CARTESIAN_POINT('',(-1.269823006888E1,1.676570693391E2,1.077240358318E1));
#5469=CARTESIAN_POINT('',(-1.525152234749E1,1.656121261269E2,1.293846095825E1));
#5470=CARTESIAN_POINT('',(-1.649004747846E1,1.644266410773E2,1.398915010834E1));
#5471=CARTESIAN_POINT('',(-6.374499827401E0,1.725736302563E2,1.706486346668E0));
#5472=CARTESIAN_POINT('',(-7.853921058529E0,1.722672686867E2,2.961537049387E0));
#5473=CARTESIAN_POINT('',(-1.078871401624E1,1.713512706627E2,5.451236322593E0));
#5474=CARTESIAN_POINT('',(-1.506505789999E1,1.690567950813E2,9.079025544116E0));
#5475=CARTESIAN_POINT('',(-1.772712255079E1,1.669247355895E2,1.133735876279E1));
#5476=CARTESIAN_POINT('',(-1.901840988125E1,1.656887478919E2,1.243280814354E1));
#5477=CARTESIAN_POINT('',(-6.876847072024E0,1.758192885265E2,1.906607172419E0));
#5478=CARTESIAN_POINT('',(-8.483386974019E0,1.754866029630E2,3.269497599108E0));
#5479=CARTESIAN_POINT('',(-1.167035082951E1,1.744918981793E2,5.973123275295E0));
#5480=CARTESIAN_POINT('',(-1.631413783171E1,1.720002707117E2,9.912628818251E0));
#5481=CARTESIAN_POINT('',(-1.920493931086E1,1.696850148704E2,1.236500840527E1));
#5482=CARTESIAN_POINT('',(-2.060717998285E1,1.683428254299E2,1.355458383094E1));
#5483=CARTESIAN_POINT('',(-5.821430446192E0,1.770487985619E2,3.450831946788E0));
#5484=CARTESIAN_POINT('',(-7.476125042397E0,1.767061410259E2,4.854573877793E0));
#5485=CARTESIAN_POINT('',(-1.075861548252E1,1.756816207956E2,7.639238479645E0));
#5486=CARTESIAN_POINT('',(-1.554159612866E1,1.731153088719E2,1.169682741694E1));
#5487=CARTESIAN_POINT('',(-1.851904697210E1,1.707306551670E2,1.422271503755E1));
#5488=CARTESIAN_POINT('',(-1.996331863922E1,1.693482347170E2,1.544794699488E1));
#5489=CARTESIAN_POINT('',(-5.176138601369E0,1.770885612185E2,4.221191425733E0));
#5490=CARTESIAN_POINT('',(-6.832390532215E0,1.767455811865E2,5.626254504423E0));
#5491=CARTESIAN_POINT('',(-1.011797032556E1,1.757200967173E2,8.413539925040E0));
#5492=CARTESIAN_POINT('',(-1.490545252833E1,1.731513694799E2,1.247494770831E1));
#5493=CARTESIAN_POINT('',(-1.788570563351E1,1.707644714311E2,1.500321259679E1));
#5494=CARTESIAN_POINT('',(-1.933133659333E1,1.693807499003E2,1.622959769512E1));
#5495=B_SPLINE_SURFACE_WITH_KNOTS('',3,3,((#5441,#5442,#5443,#5444,#5445,#5446),
(#5447,#5448,#5449,#5450,#5451,#5452),(#5453,#5454,#5455,#5456,#5457,#5458),(
#5459,#5460,#5461,#5462,#5463,#5464),(#5465,#5466,#5467,#5468,#5469,#5470),(
#5471,#5472,#5473,#5474,#5475,#5476),(#5477,#5478,#5479,#5480,#5481,#5482),(
#5483,#5484,#5485,#5486,#5487,#5488),(#5489,#5490,#5491,#5492,#5493,#5494)),
.UNSPECIFIED.,.F.,.F.,.F.,(4,1,1,1,1,1,4),(4,1,1,4),(-1.000630880420E-2,
1.666666666667E-1,3.333333333333E-1,5.E-1,6.666666666667E-1,8.333333333333E-1,
1.010019981914E0),(2.520422655941E-1,5.E-1,7.5E-1,1.014665837930E0),
.UNSPECIFIED.);
#5496=ORIENTED_EDGE('',*,*,#3091,.T.);
#5498=ORIENTED_EDGE('',*,*,#5497,.T.);
#5499=ORIENTED_EDGE('',*,*,#5430,.T.);
#5501=ORIENTED_EDGE('',*,*,#5500,.F.);
#5502=EDGE_LOOP('',(#5496,#5498,#5499,#5501));
#5503=FACE_OUTER_BOUND('',#5502,.F.);
#5505=CARTESIAN_POINT('',(1.940738320487E-1,1.348002982887E2,
2.287692018475E-1));
#5506=DIRECTION('',(6.469127734956E-1,0.E0,7.625640061584E-1));
#5507=DIRECTION('',(0.E0,1.E0,0.E0));
#5508=AXIS2_PLACEMENT_3D('',#5505,#5506,#5507);
#5509=PLANE('',#5508);
#5510=ORIENTED_EDGE('',*,*,#3097,.T.);
#5512=ORIENTED_EDGE('',*,*,#5511,.T.);
#5513=ORIENTED_EDGE('',*,*,#5432,.T.);
#5514=ORIENTED_EDGE('',*,*,#5497,.F.);
#5515=EDGE_LOOP('',(#5510,#5512,#5513,#5514));
#5516=FACE_OUTER_BOUND('',#5515,.F.);
#5518=CARTESIAN_POINT('',(0.E0,1.348002982887E2,0.E0));
#5519=DIRECTION('',(6.469127734956E-1,0.E0,7.625640061584E-1));
#5520=DIRECTION('',(0.E0,1.E0,0.E0));
#5521=AXIS2_PLACEMENT_3D('',#5518,#5519,#5520);
#5522=CYLINDRICAL_SURFACE('',#5521,4.254970171130E1);
#5523=ORIENTED_EDGE('',*,*,#3095,.T.);
#5525=ORIENTED_EDGE('',*,*,#5524,.T.);
#5526=ORIENTED_EDGE('',*,*,#5434,.T.);
#5527=ORIENTED_EDGE('',*,*,#5511,.F.);
#5528=EDGE_LOOP('',(#5523,#5525,#5526,#5527));
#5529=FACE_OUTER_BOUND('',#5528,.F.);
#5531=CARTESIAN_POINT('',(-1.940738320487E-1,1.348002982887E2,
-2.287692018475E-1));
#5532=DIRECTION('',(6.469127734956E-1,0.E0,7.625640061584E-1));
#5533=DIRECTION('',(0.E0,1.E0,0.E0));
#5534=AXIS2_PLACEMENT_3D('',#5531,#5532,#5533);
#5535=PLANE('',#5534);
#5536=ORIENTED_EDGE('',*,*,#3093,.T.);
#5537=ORIENTED_EDGE('',*,*,#5500,.T.);
#5538=ORIENTED_EDGE('',*,*,#5436,.T.);
#5539=ORIENTED_EDGE('',*,*,#5524,.F.);
#5540=EDGE_LOOP('',(#5536,#5537,#5538,#5539));
#5541=FACE_OUTER_BOUND('',#5540,.F.);
#5543=CARTESIAN_POINT('',(-4.534971280837E0,1.705713064425E2,3.400204761193E0));
#5544=CARTESIAN_POINT('',(-5.933707431022E0,1.702811854773E2,4.586807164397E0));
#5545=CARTESIAN_POINT('',(-8.710695677631E0,1.694139625202E2,6.942634549469E0));
#5546=CARTESIAN_POINT('',(-1.276107731960E1,1.672407286119E2,1.037873119259E1));
#5547=CARTESIAN_POINT('',(-1.528439857969E1,1.652190751910E2,1.251936298428E1));
#5548=CARTESIAN_POINT('',(-1.650934241901E1,1.640458149070E2,1.355853059522E1));
#5549=CARTESIAN_POINT('',(-4.460395021929E0,1.705608379443E2,3.485553803285E0));
#5550=CARTESIAN_POINT('',(-5.858721827571E0,1.702708018839E2,4.671808943557E0));
#5551=CARTESIAN_POINT('',(-8.634897379817E0,1.694038327223E2,7.026946888320E0));
#5552=CARTESIAN_POINT('',(-1.268409366483E1,1.672312348177E2,1.046203794692E1));
#5553=CARTESIAN_POINT('',(-1.520667646700E1,1.652101730401E2,1.260204327598E1));
#5554=CARTESIAN_POINT('',(-1.643126182265E1,1.640372561143E2,1.364090677124E1));
#5555=CARTESIAN_POINT('',(-3.737076392626E0,1.705089704113E2,4.325501584848E0));
#5556=CARTESIAN_POINT('',(-5.133375047618E0,1.702193550228E2,5.510036165860E0));
#5557=CARTESIAN_POINT('',(-7.905524000197E0,1.693536433241E2,7.861758189156E0));
#5558=CARTESIAN_POINT('',(-1.194884728039E1,1.671841965827E2,1.129186694882E1));
#5559=CARTESIAN_POINT('',(-1.446777129698E1,1.651660661782E2,1.342876838743E1));
#5560=CARTESIAN_POINT('',(-1.569058049874E1,1.639948504658E2,1.446612510212E1));
#5561=CARTESIAN_POINT('',(-2.480327369728E0,1.713694113574E2,6.017300153936E0));
#5562=CARTESIAN_POINT('',(-3.910271424125E0,1.710728173577E2,7.230377438863E0));
#5563=CARTESIAN_POINT('',(-6.749218449153E0,1.701862453539E2,9.638766871011E0));
#5564=CARTESIAN_POINT('',(-1.088997018865E1,1.679645233333E2,1.315152799076E1));
#5565=CARTESIAN_POINT('',(-1.346959053571E1,1.658977637883E2,1.533992049264E1));
#5566=CARTESIAN_POINT('',(-1.472186471178E1,1.646983263053E2,1.640227349367E1));
#5567=CARTESIAN_POINT('',(-2.036222909398E0,1.743167924959E2,7.261425414295E0));
#5568=CARTESIAN_POINT('',(-3.581416959800E0,1.739962937448E2,8.572273763629E0));
#5569=CARTESIAN_POINT('',(-6.649176176667E0,1.730382662043E2,1.117477349791E1));
#5570=CARTESIAN_POINT('',(-1.112366238638E1,1.706374788186E2,1.497065457873E1));
#5571=CARTESIAN_POINT('',(-1.391119382883E1,1.684041435055E2,1.733542616784E1));
#5572=CARTESIAN_POINT('',(-1.526439824294E1,1.671080342927E2,1.848340222437E1));
#5573=CARTESIAN_POINT('',(-3.191315277479E0,1.772641736344E2,6.620458912560E0));
#5574=CARTESIAN_POINT('',(-4.851759323887E0,1.769197701318E2,8.029078326302E0));
#5575=CARTESIAN_POINT('',(-8.148330732594E0,1.758902870546E2,1.082568836272E1));
#5576=CARTESIAN_POINT('',(-1.295655141252E1,1.733104343040E2,1.490468940461E1));
#5577=CARTESIAN_POINT('',(-1.595199395037E1,1.709105232226E2,1.744584008096E1));
#5578=CARTESIAN_POINT('',(-1.740612860251E1,1.695177422802E2,1.867943919297E1));
#5579=CARTESIAN_POINT('',(-4.655625887858E0,1.781246145806E2,5.104742929516E0));
#5580=CARTESIAN_POINT('',(-6.349715333670E0,1.777732324667E2,6.541905047173E0));
#5581=CARTESIAN_POINT('',(-9.713084814827E0,1.767228890844E2,9.395182492441E0));
#5582=CARTESIAN_POINT('',(-1.461873395406E1,1.740907610546E2,1.355683589442E1));
#5583=CARTESIAN_POINT('',(-1.767487282238E1,1.716422208327E2,1.614947763403E1));
#5584=CARTESIAN_POINT('',(-1.915847244882E1,1.702212181196E2,1.740807303239E1));
#5585=CARTESIAN_POINT('',(-5.366432667814E0,1.780727470475E2,4.254180858401E0));
#5586=CARTESIAN_POINT('',(-7.058493962975E0,1.777217856056E2,5.689622416799E0));
#5587=CARTESIAN_POINT('',(-1.041783684446E1,1.766726996863E2,8.539483940599E0));
#5588=CARTESIAN_POINT('',(-1.531761297887E1,1.740437228195E2,1.269615504364E1));
#5589=CARTESIAN_POINT('',(-1.837009306161E1,1.715981139709E2,1.528569289281E1));
#5590=CARTESIAN_POINT('',(-1.985191653418E1,1.701788124711E2,1.654278151059E1));
#5591=CARTESIAN_POINT('',(-5.438483642297E0,1.780622785493E2,4.166689519088E0));
#5592=CARTESIAN_POINT('',(-7.130135592917E0,1.777114020122E2,5.601783814552E0));
#5593=CARTESIAN_POINT('',(-1.048866578004E1,1.766625698883E2,8.450955898044E0));
#5594=CARTESIAN_POINT('',(-1.538725655750E1,1.740342290253E2,1.260662141657E1));
#5595=CARTESIAN_POINT('',(-1.843899818232E1,1.715892118200E2,1.519553280310E1));
#5596=CARTESIAN_POINT('',(-1.992046317121E1,1.701702536785E2,1.645231730521E1));
#5597=B_SPLINE_SURFACE_WITH_KNOTS('',3,3,((#5543,#5544,#5545,#5546,#5547,#5548),
(#5549,#5550,#5551,#5552,#5553,#5554),(#5555,#5556,#5557,#5558,#5559,#5560),(
#5561,#5562,#5563,#5564,#5565,#5566),(#5567,#5568,#5569,#5570,#5571,#5572),(
#5573,#5574,#5575,#5576,#5577,#5578),(#5579,#5580,#5581,#5582,#5583,#5584),(
#5585,#5586,#5587,#5588,#5589,#5590),(#5591,#5592,#5593,#5594,#5595,#5596)),
.UNSPECIFIED.,.F.,.F.,.F.,(4,1,1,1,1,1,4),(4,1,1,4),(-1.429668883732E-2,0.E0,
1.25E-1,2.5E-1,3.75E-1,5.E-1,5.142966888373E-1),(2.524427058908E-1,5.E-1,7.5E-1,
1.015172197892E0),.UNSPECIFIED.);
#5599=ORIENTED_EDGE('',*,*,#5598,.F.);
#5601=ORIENTED_EDGE('',*,*,#5600,.F.);
#5603=ORIENTED_EDGE('',*,*,#5602,.T.);
#5605=ORIENTED_EDGE('',*,*,#5604,.T.);
#5606=ORIENTED_EDGE('',*,*,#5146,.T.);
#5607=ORIENTED_EDGE('',*,*,#5425,.T.);
#5608=EDGE_LOOP('',(#5599,#5601,#5603,#5605,#5606,#5607));
#5609=FACE_OUTER_BOUND('',#5608,.F.);
#5611=CARTESIAN_POINT('',(0.E0,1.703444124876E2,0.E0));
#5612=DIRECTION('',(0.E0,1.E0,0.E0));
#5613=DIRECTION('',(-7.625640061584E-1,0.E0,6.469127734956E-1));
#5614=AXIS2_PLACEMENT_3D('',#5611,#5612,#5613);
#5615=CONICAL_SURFACE('',#5614,2.545066178903E1,3.560381017286E1);
#5617=ORIENTED_EDGE('',*,*,#5616,.T.);
#5618=ORIENTED_EDGE('',*,*,#5598,.T.);
#5619=ORIENTED_EDGE('',*,*,#4392,.F.);
#5621=ORIENTED_EDGE('',*,*,#5620,.F.);
#5622=ORIENTED_EDGE('',*,*,#4388,.T.);
#5624=ORIENTED_EDGE('',*,*,#5623,.T.);
#5626=ORIENTED_EDGE('',*,*,#5625,.T.);
#5628=ORIENTED_EDGE('',*,*,#5627,.T.);
#5630=ORIENTED_EDGE('',*,*,#5629,.T.);
#5632=ORIENTED_EDGE('',*,*,#5631,.T.);
#5634=ORIENTED_EDGE('',*,*,#5633,.T.);
#5636=ORIENTED_EDGE('',*,*,#5635,.T.);
#5638=ORIENTED_EDGE('',*,*,#5637,.T.);
#5639=EDGE_LOOP('',(#5617,#5618,#5619,#5621,#5622,#5624,#5626,#5628,#5630,#5632,
#5634,#5636,#5638));
#5640=FACE_OUTER_BOUND('',#5639,.F.);
#5642=CARTESIAN_POINT('',(-1.631922014005E1,1.703494488471E2,1.873224330752E1));
#5643=CARTESIAN_POINT('',(-1.631948922574E1,1.703495220918E2,1.873208234625E1));
#5644=CARTESIAN_POINT('',(-1.633852517176E1,1.703546923712E2,1.872068439090E1));
#5645=CARTESIAN_POINT('',(-1.637806228313E1,1.703637560840E2,1.869536524236E1));
#5646=CARTESIAN_POINT('',(-1.643852841246E1,1.703721053890E2,1.865120338603E1));
#5647=CARTESIAN_POINT('',(-1.650306363587E1,1.703739398895E2,1.859706258974E1));
#5648=CARTESIAN_POINT('',(-1.657050191373E1,1.703665373417E2,1.853124029062E1));
#5649=CARTESIAN_POINT('',(-1.663856847855E1,1.703464377160E2,1.845227666304E1));
#5650=CARTESIAN_POINT('',(-1.670347874526E1,1.703095184499E2,1.835940769317E1));
#5651=CARTESIAN_POINT('',(-1.675930631897E1,1.702515849703E2,1.825375420168E1));
#5652=CARTESIAN_POINT('',(-1.679804542382E1,1.701701756220E2,1.814012115386E1));
#5653=CARTESIAN_POINT('',(-1.681192220909E1,1.700667772711E2,1.802717847679E1));
#5654=CARTESIAN_POINT('',(-1.679647514049E1,1.699470778033E2,1.792487449092E1));
#5655=CARTESIAN_POINT('',(-1.675135716797E1,1.698187363469E2,1.784132532243E1));
#5656=CARTESIAN_POINT('',(-1.667913327942E1,1.696895721429E2,1.778195548528E1));
#5657=CARTESIAN_POINT('',(-1.658520846033E1,1.695681997286E2,1.775010329133E1));
#5658=CARTESIAN_POINT('',(-1.647897532006E1,1.694637498663E2,1.774574784940E1));
#5659=CARTESIAN_POINT('',(-1.640084952598E1,1.694041460782E2,1.775890419116E1));
#5660=CARTESIAN_POINT('',(-1.636147912787E1,1.693779939643E2,1.776916650761E1));
#5661=CARTESIAN_POINT('',(-1.635906689977E1,1.693764057043E2,1.776980851345E1));
#5662=CARTESIAN_POINT('',(-1.631356348075E1,1.701566003984E2,1.861648823131E1));
#5663=CARTESIAN_POINT('',(-1.631375559059E1,1.701566421320E2,1.861638352882E1));
#5664=CARTESIAN_POINT('',(-1.632734601130E1,1.701595865864E2,1.860896914909E1));
#5665=CARTESIAN_POINT('',(-1.635557011931E1,1.701645264033E2,1.859246798355E1));
#5666=CARTESIAN_POINT('',(-1.639872617858E1,1.701682225481E2,1.856359650346E1));
#5667=CARTESIAN_POINT('',(-1.644477993414E1,1.701672292074E2,1.852810580016E1));
#5668=CARTESIAN_POINT('',(-1.649290799173E1,1.701597081488E2,1.848485363277E1));
#5669=CARTESIAN_POINT('',(-1.654151052430E1,1.701433567969E2,1.843284775584E1));
#5670=CARTESIAN_POINT('',(-1.658793568386E1,1.701154733708E2,1.837153980426E1));
#5671=CARTESIAN_POINT('',(-1.662803920029E1,1.700733798532E2,1.830160535527E1));
#5672=CARTESIAN_POINT('',(-1.665622467759E1,1.700156497580E2,1.822613900906E1));
#5673=CARTESIAN_POINT('',(-1.666705308296E1,1.699435380395E2,1.815080348132E1));
#5674=CARTESIAN_POINT('',(-1.665738255682E1,1.698610534158E2,1.808215343411E1));
#5675=CARTESIAN_POINT('',(-1.662691989851E1,1.697734238768E2,1.802557868594E1));
#5676=CARTESIAN_POINT('',(-1.657737651727E1,1.696859168863E2,1.798471301281E1));
#5677=CARTESIAN_POINT('',(-1.651241343987E1,1.696043026810E2,1.796183853114E1));
#5678=CARTESIAN_POINT('',(-1.643847353416E1,1.695346410010E2,1.795706757549E1));
#5679=CARTESIAN_POINT('',(-1.638378702025E1,1.694952801616E2,1.796444544403E1));
#5680=CARTESIAN_POINT('',(-1.635614291870E1,1.694781252705E2,1.797058122947E1));
#5681=CARTESIAN_POINT('',(-1.635444885071E1,1.694770839061E2,1.797096598360E1));
#5682=CARTESIAN_POINT('',(-1.641884635249E1,1.699770670329E2,1.870195779992E1));
#5683=CARTESIAN_POINT('',(-1.641901636805E1,1.699771072435E2,1.870187711472E1));
#5684=CARTESIAN_POINT('',(-1.643104469148E1,1.699799454338E2,1.869616243879E1));
#5685=CARTESIAN_POINT('',(-1.645616211639E1,1.699848849135E2,1.868328776766E1));
#5686=CARTESIAN_POINT('',(-1.649500510355E1,1.699892469178E2,1.866023356086E1));
#5687=CARTESIAN_POINT('',(-1.653697896782E1,1.699897352145E2,1.863125033933E1));
#5688=CARTESIAN_POINT('',(-1.658145404744E1,1.699846613587E2,1.859514874604E1));
#5689=CARTESIAN_POINT('',(-1.662705677250E1,1.699718489074E2,1.855081848007E1));
#5690=CARTESIAN_POINT('',(-1.667136495666E1,1.699486740038E2,1.849752102250E1));
#5691=CARTESIAN_POINT('',(-1.671043356222E1,1.699124479124E2,1.843565385972E1));
#5692=CARTESIAN_POINT('',(-1.673877617659E1,1.698615938850E2,1.836795162448E1));
#5693=CARTESIAN_POINT('',(-1.675092748788E1,1.697971096838E2,1.829974280143E1));
#5694=CARTESIAN_POINT('',(-1.674363788177E1,1.697227531438E2,1.823736909277E1));
#5695=CARTESIAN_POINT('',(-1.671652234341E1,1.696435869395E2,1.818611751744E1));
#5696=CARTESIAN_POINT('',(-1.667125175276E1,1.695647767580E2,1.814955276403E1));
#5697=CARTESIAN_POINT('',(-1.661143410022E1,1.694919178912E2,1.812983958243E1));
#5698=CARTESIAN_POINT('',(-1.654334087824E1,1.694307214343E2,1.812695282453E1));
#5699=CARTESIAN_POINT('',(-1.649320477837E1,1.693970145108E2,1.813475659867E1));
#5700=CARTESIAN_POINT('',(-1.646796957455E1,1.693826045055E2,1.814085277413E1));
#5701=CARTESIAN_POINT('',(-1.646642350992E1,1.693817309580E2,1.814123413219E1));
#5702=CARTESIAN_POINT('',(-1.652488907101E1,1.699987323941E2,1.889920716891E1));
#5703=CARTESIAN_POINT('',(-1.652511499577E1,1.699988026633E2,1.889909312516E1));
#5704=CARTESIAN_POINT('',(-1.654109940194E1,1.700037653570E2,1.889101552248E1));
#5705=CARTESIAN_POINT('',(-1.657456764207E1,1.700128284113E2,1.887278069084E1));
#5706=CARTESIAN_POINT('',(-1.662660823251E1,1.700224784655E2,1.883998281384E1));
#5707=CARTESIAN_POINT('',(-1.668317343320E1,1.700272073284E2,1.879855431155E1));
#5708=CARTESIAN_POINT('',(-1.674347565880E1,1.700245853643E2,1.874670058022E1));
#5709=CARTESIAN_POINT('',(-1.680568213268E1,1.700113989419E2,1.868273117416E1));
#5710=CARTESIAN_POINT('',(-1.686645691125E1,1.699836777226E2,1.860551061615E1));
#5711=CARTESIAN_POINT('',(-1.692026279797E1,1.699372061957E2,1.851561647946E1));
#5712=CARTESIAN_POINT('',(-1.695930886836E1,1.698692291699E2,1.841715053697E1));
#5713=CARTESIAN_POINT('',(-1.697576993579E1,1.697807310902E2,1.831812979903E1));
#5714=CARTESIAN_POINT('',(-1.696497396824E1,1.696769097444E2,1.822808657144E1));
#5715=CARTESIAN_POINT('',(-1.692639455771E1,1.695651013191E2,1.815493616249E1));
#5716=CARTESIAN_POINT('',(-1.686251751854E1,1.694529262357E2,1.810396812466E1));
#5717=CARTESIAN_POINT('',(-1.677864423027E1,1.693486572789E2,1.807829149559E1));
#5718=CARTESIAN_POINT('',(-1.668383252229E1,1.692607441368E2,1.807761681323E1));
#5719=CARTESIAN_POINT('',(-1.661459591196E1,1.692121852111E2,1.809160515690E1));
#5720=CARTESIAN_POINT('',(-1.657993126905E1,1.691913952015E2,1.810179009570E1));
#5721=CARTESIAN_POINT('',(-1.657780816387E1,1.691901347700E2,1.810242546734E1));
#5722=CARTESIAN_POINT('',(-1.663093178953E1,1.700203977553E2,1.909645653790E1));
#5723=CARTESIAN_POINT('',(-1.663121362348E1,1.700204980832E2,1.909630913560E1));
#5724=CARTESIAN_POINT('',(-1.665115411240E1,1.700275852802E2,1.908586860616E1));
#5725=CARTESIAN_POINT('',(-1.669297316774E1,1.700407719092E2,1.906227361403E1));
#5726=CARTESIAN_POINT('',(-1.675821136148E1,1.700557100132E2,1.901973206683E1));
#5727=CARTESIAN_POINT('',(-1.682936789857E1,1.700646794422E2,1.896585828376E1));
#5728=CARTESIAN_POINT('',(-1.690549727016E1,1.700645093699E2,1.889825241441E1));
#5729=CARTESIAN_POINT('',(-1.698430749286E1,1.700509489764E2,1.881464386825E1));
#5730=CARTESIAN_POINT('',(-1.706154886584E1,1.700186814414E2,1.871350020981E1));
#5731=CARTESIAN_POINT('',(-1.713009203373E1,1.699619644789E2,1.859557909921E1));
#5732=CARTESIAN_POINT('',(-1.717984156013E1,1.698768644549E2,1.846634944945E1));
#5733=CARTESIAN_POINT('',(-1.720061238369E1,1.697643524967E2,1.833651679664E1));
#5734=CARTESIAN_POINT('',(-1.718631005472E1,1.696310663450E2,1.821880405011E1));
#5735=CARTESIAN_POINT('',(-1.713626677200E1,1.694866156988E2,1.812375480755E1));
#5736=CARTESIAN_POINT('',(-1.705378328431E1,1.693410757135E2,1.805838348528E1));
#5737=CARTESIAN_POINT('',(-1.694585436031E1,1.692053966666E2,1.802674340875E1));
#5738=CARTESIAN_POINT('',(-1.682432416634E1,1.690907668393E2,1.802828080194E1));
#5739=CARTESIAN_POINT('',(-1.673598704555E1,1.690273559113E2,1.804845371514E1));
#5740=CARTESIAN_POINT('',(-1.669189296355E1,1.690001858975E2,1.806272741727E1));
#5741=CARTESIAN_POINT('',(-1.668919281782E1,1.689985385819E2,1.806361680249E1));
#5742=CARTESIAN_POINT('',(-1.662675948253E1,1.702205888041E2,1.919906207122E1));
#5743=CARTESIAN_POINT('',(-1.662711671957E1,1.702207193157E2,1.919885884463E1));
#5744=CARTESIAN_POINT('',(-1.665239138712E1,1.702299384674E2,1.918446558673E1));
#5745=CARTESIAN_POINT('',(-1.670527953594E1,1.702470572164E2,1.915213324615E1));
#5746=CARTESIAN_POINT('',(-1.678741457124E1,1.702663715584E2,1.909448394339E1));
#5747=CARTESIAN_POINT('',(-1.687656367826E1,1.702779026831E2,1.902223624035E1));
#5748=CARTESIAN_POINT('',(-1.697143703729E1,1.702776232598E2,1.893246030668E1));
#5749=CARTESIAN_POINT('',(-1.706907855922E1,1.702601673884E2,1.882245044569E1));
#5750=CARTESIAN_POINT('',(-1.716413762409E1,1.702188564690E2,1.869048588032E1));
#5751=CARTESIAN_POINT('',(-1.724776753821E1,1.701465031701E2,1.853777407243E1));
#5752=CARTESIAN_POINT('',(-1.730756555502E1,1.700382004880E2,1.837144745548E1));
#5753=CARTESIAN_POINT('',(-1.733112277769E1,1.698951640437E2,1.820510927634E1));
#5754=CARTESIAN_POINT('',(-1.731109625166E1,1.697256554404E2,1.805473760954E1));
#5755=CARTESIAN_POINT('',(-1.724677517307E1,1.695416174611E2,1.793348489736E1));
#5756=CARTESIAN_POINT('',(-1.714227785095E1,1.693555676001E2,1.785007928224E1));
#5757=CARTESIAN_POINT('',(-1.700626671824E1,1.691811840396E2,1.780959182413E1));
#5758=CARTESIAN_POINT('',(-1.685341405828E1,1.690326149240E2,1.781135420924E1));
#5759=CARTESIAN_POINT('',(-1.674231439698E1,1.689493888594E2,1.783699813580E1));
#5760=CARTESIAN_POINT('',(-1.668682055089E1,1.689133906960E2,1.785521003873E1));
#5761=CARTESIAN_POINT('',(-1.668342219999E1,1.689112066738E2,1.785634501919E1));
#5762=CARTESIAN_POINT('',(-1.651673851522E1,1.703898034042E2,1.909964594874E1));
#5763=CARTESIAN_POINT('',(-1.651711173907E1,1.703899326370E2,1.909942285283E1));
#5764=CARTESIAN_POINT('',(-1.654351640448E1,1.703990600807E2,1.908362363863E1));
#5765=CARTESIAN_POINT('',(-1.659860799686E1,1.704158044883E2,1.904832049299E1));
#5766=CARTESIAN_POINT('',(-1.668365638130E1,1.704340034749E2,1.898600978182E1));
#5767=CARTESIAN_POINT('',(-1.677536986927E1,1.704437365822E2,1.890868802912E1));
#5768=CARTESIAN_POINT('',(-1.687228826800E1,1.704409010022E2,1.881352532122E1));
#5769=CARTESIAN_POINT('',(-1.697128147761E1,1.704201048066E2,1.869798123724E1));
#5770=CARTESIAN_POINT('',(-1.706686292116E1,1.703747174354E2,1.856055237685E1));
#5771=CARTESIAN_POINT('',(-1.715014060055E1,1.702977004975E2,1.840269499599E1));
#5772=CARTESIAN_POINT('',(-1.720881628634E1,1.701843973346E2,1.823176053646E1));
#5773=CARTESIAN_POINT('',(-1.723072055375E1,1.700362700073E2,1.806142665471E1));
#5774=CARTESIAN_POINT('',(-1.720874243028E1,1.698616885009E2,1.790758458590E1));
#5775=CARTESIAN_POINT('',(-1.714227150268E1,1.696725466564E2,1.778324598752E1));
#5776=CARTESIAN_POINT('',(-1.703539068029E1,1.694812359768E2,1.769704815711E1));
#5777=CARTESIAN_POINT('',(-1.689665910644E1,1.693013581786E2,1.765408826552E1));
#5778=CARTESIAN_POINT('',(-1.674065930596E1,1.691471450104E2,1.765385310242E1));
#5779=CARTESIAN_POINT('',(-1.662695632332E1,1.690598774335E2,1.767852901046E1));
#5780=CARTESIAN_POINT('',(-1.657002236675E1,1.690218417309E2,1.769640718117E1));
#5781=CARTESIAN_POINT('',(-1.656653532547E1,1.690195328489E2,1.769752232039E1));
#5782=(BOUNDED_SURFACE()B_SPLINE_SURFACE(3,3,((#5642,#5643,#5644,#5645,#5646,
#5647,#5648,#5649,#5650,#5651,#5652,#5653,#5654,#5655,#5656,#5657,#5658,#5659,
#5660,#5661),(#5662,#5663,#5664,#5665,#5666,#5667,#5668,#5669,#5670,#5671,#5672,
#5673,#5674,#5675,#5676,#5677,#5678,#5679,#5680,#5681),(#5682,#5683,#5684,#5685,
#5686,#5687,#5688,#5689,#5690,#5691,#5692,#5693,#5694,#5695,#5696,#5697,#5698,
#5699,#5700,#5701),(#5702,#5703,#5704,#5705,#5706,#5707,#5708,#5709,#5710,#5711,
#5712,#5713,#5714,#5715,#5716,#5717,#5718,#5719,#5720,#5721),(#5722,#5723,#5724,
#5725,#5726,#5727,#5728,#5729,#5730,#5731,#5732,#5733,#5734,#5735,#5736,#5737,
#5738,#5739,#5740,#5741),(#5742,#5743,#5744,#5745,#5746,#5747,#5748,#5749,#5750,
#5751,#5752,#5753,#5754,#5755,#5756,#5757,#5758,#5759,#5760,#5761),(#5762,#5763,
#5764,#5765,#5766,#5767,#5768,#5769,#5770,#5771,#5772,#5773,#5774,#5775,#5776,
#5777,#5778,#5779,#5780,#5781)),.UNSPECIFIED.,.F.,.F.,.F.)B_SPLINE_SURFACE_WITH_KNOTS((4,3,4),(4,1,1,1,1,1,1,1,1,1,1,1,1,1,1,1,1,4),(0.E0,1.E0,2.E0),(
5.430858730557E-2,5.461342167670E-2,7.587703230980E-2,9.963459880756E-2,
1.263462598203E-1,1.564660206459E-1,1.904534703896E-1,2.287835817093E-1,
2.718543575280E-1,3.193641882987E-1,3.697647597393E-1,4.213304297003E-1,
4.731392262209E-1,5.248516165486E-1,5.761502962219E-1,6.252713713842E-1,
6.695113003393E-1,6.723937374394E-1),.UNSPECIFIED.)GEOMETRIC_REPRESENTATION_ITEM()RATIONAL_B_SPLINE_SURFACE(((1.354330424582E0,1.354330424582E0,1.354330424582E0,
1.354330424582E0,1.354330424582E0,1.354330424582E0,1.354330424582E0,
1.354330424582E0,1.354330424582E0,1.354330424582E0,1.354330424582E0,
1.354330424582E0,1.354330424582E0,1.354330424582E0,1.354330424582E0,
1.354330424582E0,1.354330424582E0,1.354330424582E0,1.354330424582E0,
1.354330424582E0),(8.818898584725E-1,8.818898584725E-1,8.818898584725E-1,
8.818898584725E-1,8.818898584725E-1,8.818898584725E-1,8.818898584725E-1,
8.818898584725E-1,8.818898584725E-1,8.818898584725E-1,8.818898584725E-1,
8.818898584725E-1,8.818898584725E-1,8.818898584725E-1,8.818898584725E-1,
8.818898584725E-1,8.818898584725E-1,8.818898584725E-1,8.818898584725E-1,
8.818898584725E-1),(8.818898584725E-1,8.818898584725E-1,8.818898584725E-1,
8.818898584725E-1,8.818898584725E-1,8.818898584725E-1,8.818898584725E-1,
8.818898584725E-1,8.818898584725E-1,8.818898584725E-1,8.818898584725E-1,
8.818898584725E-1,8.818898584725E-1,8.818898584725E-1,8.818898584725E-1,
8.818898584725E-1,8.818898584725E-1,8.818898584725E-1,8.818898584725E-1,
8.818898584725E-1),(1.354330424582E0,1.354330424582E0,1.354330424582E0,
1.354330424582E0,1.354330424582E0,1.354330424582E0,1.354330424582E0,
1.354330424582E0,1.354330424582E0,1.354330424582E0,1.354330424582E0,
1.354330424582E0,1.354330424582E0,1.354330424582E0,1.354330424582E0,
1.354330424582E0,1.354330424582E0,1.354330424582E0,1.354330424582E0,
1.354330424582E0),(8.818898584725E-1,8.818898584725E-1,8.818898584725E-1,
8.818898584725E-1,8.818898584725E-1,8.818898584725E-1,8.818898584725E-1,
8.818898584725E-1,8.818898584725E-1,8.818898584725E-1,8.818898584725E-1,
8.818898584725E-1,8.818898584725E-1,8.818898584725E-1,8.818898584725E-1,
8.818898584725E-1,8.818898584725E-1,8.818898584725E-1,8.818898584725E-1,
8.818898584725E-1),(8.818898584725E-1,8.818898584725E-1,8.818898584725E-1,
8.818898584725E-1,8.818898584725E-1,8.818898584725E-1,8.818898584725E-1,
8.818898584725E-1,8.818898584725E-1,8.818898584725E-1,8.818898584725E-1,
8.818898584725E-1,8.818898584725E-1,8.818898584725E-1,8.818898584725E-1,
8.818898584725E-1,8.818898584725E-1,8.818898584725E-1,8.818898584725E-1,
8.818898584725E-1),(1.354330424582E0,1.354330424582E0,1.354330424582E0,
1.354330424582E0,1.354330424582E0,1.354330424582E0,1.354330424582E0,
1.354330424582E0,1.354330424582E0,1.354330424582E0,1.354330424582E0,
1.354330424582E0,1.354330424582E0,1.354330424582E0,1.354330424582E0,
1.354330424582E0,1.354330424582E0,1.354330424582E0,1.354330424582E0,
1.354330424582E0)))REPRESENTATION_ITEM('')SURFACE());
#5783=ORIENTED_EDGE('',*,*,#5616,.F.);
#5785=ORIENTED_EDGE('',*,*,#5784,.F.);
#5787=ORIENTED_EDGE('',*,*,#5786,.T.);
#5788=ORIENTED_EDGE('',*,*,#5600,.T.);
#5789=EDGE_LOOP('',(#5783,#5785,#5787,#5788));
#5790=FACE_OUTER_BOUND('',#5789,.F.);
#5792=CARTESIAN_POINT('',(0.E0,1.702725612314E2,0.E0));
#5793=DIRECTION('',(0.E0,-1.E0,0.E0));
#5794=DIRECTION('',(8.311086859216E-1,0.E0,-5.561100180592E-1));
#5795=AXIS2_PLACEMENT_3D('',#5792,#5793,#5794);
#5796=TOROIDAL_SURFACE('',#5795,2.509173450615E1,2.5E-1);
#5798=ORIENTED_EDGE('',*,*,#5797,.T.);
#5799=ORIENTED_EDGE('',*,*,#5784,.T.);
#5800=ORIENTED_EDGE('',*,*,#5637,.F.);
#5802=ORIENTED_EDGE('',*,*,#5801,.F.);
#5803=EDGE_LOOP('',(#5798,#5799,#5800,#5802));
#5804=FACE_OUTER_BOUND('',#5803,.F.);
#5806=CARTESIAN_POINT('',(0.E0,1.348002982887E2,0.E0));
#5807=DIRECTION('',(0.E0,-1.E0,0.E0));
#5808=DIRECTION('',(7.625640061584E-1,0.E0,-6.469127734956E-1));
#5809=AXIS2_PLACEMENT_3D('',#5806,#5807,#5808);
#5810=SPHERICAL_SURFACE('',#5809,4.319970171130E1);
#5811=ORIENTED_EDGE('',*,*,#5797,.F.);
#5813=ORIENTED_EDGE('',*,*,#5812,.F.);
#5815=ORIENTED_EDGE('',*,*,#5814,.F.);
#5817=ORIENTED_EDGE('',*,*,#5816,.F.);
#5819=ORIENTED_EDGE('',*,*,#5818,.F.);
#5821=ORIENTED_EDGE('',*,*,#5820,.F.);
#5822=EDGE_LOOP('',(#5811,#5813,#5815,#5817,#5819,#5821));
#5823=FACE_OUTER_BOUND('',#5822,.F.);
#5825=CARTESIAN_POINT('',(0.E0,1.348002982887E2,0.E0));
#5826=DIRECTION('',(0.E0,-1.E0,0.E0));
#5827=DIRECTION('',(7.625640061584E-1,0.E0,-6.469127734956E-1));
#5828=AXIS2_PLACEMENT_3D('',#5825,#5826,#5827);
#5829=SPHERICAL_SURFACE('',#5828,4.319970171130E1);
#5831=ORIENTED_EDGE('',*,*,#5830,.F.);
#5833=ORIENTED_EDGE('',*,*,#5832,.F.);
#5835=ORIENTED_EDGE('',*,*,#5834,.F.);
#5837=ORIENTED_EDGE('',*,*,#5836,.F.);
#5839=ORIENTED_EDGE('',*,*,#5838,.F.);
#5841=ORIENTED_EDGE('',*,*,#5840,.F.);
#5842=EDGE_LOOP('',(#5831,#5833,#5835,#5837,#5839,#5841));
#5843=FACE_OUTER_BOUND('',#5842,.F.);
#5845=CARTESIAN_POINT('',(4.322222647398E0,1.760072058648E2,8.049235258196E0));
#5846=CARTESIAN_POINT('',(4.558499481539E0,1.760960896381E2,7.799070354233E0));
#5847=CARTESIAN_POINT('',(4.698620589039E0,1.764165799108E2,7.736129056078E0));
#5848=CARTESIAN_POINT('',(4.633936340098E0,1.767201691589E2,7.909215921916E0));
#5849=CARTESIAN_POINT('',(4.569252091157E0,1.770237584069E2,8.082302787754E0));
#5850=CARTESIAN_POINT('',(4.349918524552E0,1.770750441274E2,8.357206603925E0));
#5851=CARTESIAN_POINT('',(4.146006454309E0,1.768342594741E2,8.520767494726E0));
#5852=CARTESIAN_POINT('',(4.530273985397E0,1.759509065802E2,8.225733318460E0));
#5853=CARTESIAN_POINT('',(4.766999588562E0,1.760396689153E2,7.975949122961E0));
#5854=CARTESIAN_POINT('',(4.908738833131E0,1.763597213155E2,7.914380553821E0));
#5855=CARTESIAN_POINT('',(4.845587389019E0,1.766628957821E2,8.088767757860E0));
#5856=CARTESIAN_POINT('',(4.782435944907E0,1.769660702488E2,8.263154961899E0));
#5857=CARTESIAN_POINT('',(4.563361317057E0,1.770172858998E2,8.538278445786E0));
#5858=CARTESIAN_POINT('',(4.358233538895E0,1.767768302205E2,8.700808003905E0));
#5859=CARTESIAN_POINT('',(5.035196722823E0,1.758074028712E2,8.654078960559E0));
#5860=CARTESIAN_POINT('',(5.273011450366E0,1.758958556673E2,8.405218711280E0));
#5861=CARTESIAN_POINT('',(5.418677775303E0,1.762147919551E2,8.346981636943E0));
#5862=CARTESIAN_POINT('',(5.359246317191E0,1.765169091674E2,8.524524649882E0));
#5863=CARTESIAN_POINT('',(5.299814859079E0,1.768190263797E2,8.702067662821E0));
#5864=CARTESIAN_POINT('',(5.081368653071E0,1.768700634273E2,8.977724261722E0));
#5865=CARTESIAN_POINT('',(4.873290455540E0,1.766304462843E2,9.137750864641E0));
#5866=CARTESIAN_POINT('',(5.877281097455E0,1.755399983783E2,9.368451962298E0));
#5867=CARTESIAN_POINT('',(6.116912210550E0,1.756278743797E2,9.121132623936E0));
#5868=CARTESIAN_POINT('',(6.269127919080E0,1.759447309060E2,9.068451647322E0));
#5869=CARTESIAN_POINT('',(6.215900463509E0,1.762448780328E2,9.251257757598E0));
#5870=CARTESIAN_POINT('',(6.162673007939E0,1.765450251597E2,9.434063867874E0));
#5871=CARTESIAN_POINT('',(5.945274852111E0,1.765957293983E2,9.710609568454E0));
#5872=CARTESIAN_POINT('',(5.732276096361E0,1.763576747821E2,9.866461869709E0));
#5873=CARTESIAN_POINT('',(6.889154161096E0,1.751753998927E2,1.022686332818E1));
#5874=CARTESIAN_POINT('',(7.130967896066E0,1.752624894510E2,9.981395592955E0));
#5875=CARTESIAN_POINT('',(7.291053534553E0,1.755765102811E2,9.935390984611E0));
#5876=CARTESIAN_POINT('',(7.245280988888E0,1.758739712521E2,1.012452138553E1));
#5877=CARTESIAN_POINT('',(7.199508443223E0,1.761714322230E2,1.031365178645E1));
#5878=CARTESIAN_POINT('',(6.983369654844E0,1.762216826858E2,1.059126585758E1));
#5879=CARTESIAN_POINT('',(6.764458213055E0,1.759857585309E2,1.074210219688E1));
#5880=CARTESIAN_POINT('',(8.016691354451E0,1.747131764091E2,1.118339708411E1));
#5881=CARTESIAN_POINT('',(8.260937200096E0,1.747992689461E2,1.093999260321E1));
#5882=CARTESIAN_POINT('',(8.429792356200E0,1.751096947933E2,1.090142751856E1));
#5883=CARTESIAN_POINT('',(8.392326868466E0,1.754037503623E2,1.109760512057E1));
#5884=CARTESIAN_POINT('',(8.354861380731E0,1.756978059314E2,1.129378272258E1));
#5885=CARTESIAN_POINT('',(8.140125914297E0,1.757474811153E2,1.157258728640E1));
#5886=CARTESIAN_POINT('',(7.914625925405E0,1.755142578746E2,1.171783430432E1));
#5887=CARTESIAN_POINT('',(9.252413600841E0,1.741365733667E2,1.223170843796E1));
#5888=CARTESIAN_POINT('',(9.499324913582E0,1.742214221643E2,1.199056517669E1));
#5889=CARTESIAN_POINT('',(9.677791005890E0,1.745273634316E2,1.196015342388E1));
#5890=CARTESIAN_POINT('',(9.649429622534E0,1.748171709148E2,1.216405439253E1));
#5891=CARTESIAN_POINT('',(9.621068239177E0,1.751069783979E2,1.236795536119E1));
#5892=CARTESIAN_POINT('',(9.407870740753E0,1.751559359472E2,1.264806464324E1));
#5893=CARTESIAN_POINT('',(9.175150046149E0,1.749260819757E2,1.278718605502E1));
#5894=CARTESIAN_POINT('',(1.059342605004E1,1.734246309070E2,1.336934157538E1));
#5895=CARTESIAN_POINT('',(1.084322994206E1,1.735079440365E2,1.313065220187E1));
#5896=CARTESIAN_POINT('',(1.103212587419E1,1.738083481100E2,1.310908848875E1));
#5897=CARTESIAN_POINT('',(1.101364431403E1,1.740929104028E2,1.332137089657E1));
#5898=CARTESIAN_POINT('',(1.099516275387E1,1.743774726955E2,1.353365330438E1));
#5899=CARTESIAN_POINT('',(1.078363426662E1,1.744255441680E2,1.381517847368E1));
#5900=CARTESIAN_POINT('',(1.054307762322E1,1.741998502956E2,1.394765234464E1));
#5901=CARTESIAN_POINT('',(1.199790273951E1,1.725756948424E2,1.456081390179E1));
#5902=CARTESIAN_POINT('',(1.225073610387E1,1.726571768070E2,1.432469454781E1));
#5903=CARTESIAN_POINT('',(1.245055547439E1,1.729509782072E2,1.431239761337E1));
#5904=CARTESIAN_POINT('',(1.244242130613E1,1.732292860180E2,1.453345811713E1));
#5905=CARTESIAN_POINT('',(1.243428713786E1,1.735075938287E2,1.475451862088E1));
#5906=CARTESIAN_POINT('',(1.222450664880E1,1.735546087236E2,1.503752668516E1));
#5907=CARTESIAN_POINT('',(1.197574321553E1,1.733338754461E2,1.516303841629E1));
#5908=CARTESIAN_POINT('',(1.337098679073E1,1.716342679833E2,1.572565462965E1));
#5909=CARTESIAN_POINT('',(1.362678191326E1,1.717137192794E2,1.549204785041E1));
#5910=CARTESIAN_POINT('',(1.383728056337E1,1.720001986511E2,1.548881056492E1));
#5911=CARTESIAN_POINT('',(1.383926250381E1,1.722715705598E2,1.571845295796E1));
#5912=CARTESIAN_POINT('',(1.384124444426E1,1.725429424686E2,1.594809535099E1));
#5913=CARTESIAN_POINT('',(1.363317288233E1,1.725887856727E2,1.623255316488E1));
#5914=CARTESIAN_POINT('',(1.337638609590E1,1.723735534423E2,1.635125837298E1));
#5915=CARTESIAN_POINT('',(1.461478282694E1,1.706799793216E2,1.678081529345E1));
#5916=CARTESIAN_POINT('',(1.487326083153E1,1.707573722061E2,1.654948450824E1));
#5917=CARTESIAN_POINT('',(1.509343321206E1,1.710364295155E2,1.655445382612E1));
#5918=CARTESIAN_POINT('',(1.510457873985E1,1.713007707638E2,1.679187004785E1));
#5919=CARTESIAN_POINT('',(1.511572426764E1,1.715651120120E2,1.702928626957E1));
#5920=CARTESIAN_POINT('',(1.490920072246E1,1.716097675177E2,1.731505732606E1));
#5921=CARTESIAN_POINT('',(1.464514605305E1,1.714001114899E2,1.742759690496E1));
#5922=CARTESIAN_POINT('',(1.564009942401E1,1.698149744237E2,1.765063133471E1));
#5923=CARTESIAN_POINT('',(1.590078904915E1,1.698905014827E2,1.742117675168E1));
#5924=CARTESIAN_POINT('',(1.612893591891E1,1.701628311420E2,1.743291113747E1));
#5925=CARTESIAN_POINT('',(1.614763540142E1,1.704207995222E2,1.767673567252E1));
#5926=CARTESIAN_POINT('',(1.616633488393E1,1.706787679024E2,1.792056020757E1));
#5927=CARTESIAN_POINT('',(1.596108743741E1,1.707223468312E2,1.820741382934E1));
#5928=CARTESIAN_POINT('',(1.569104152622E1,1.705177452935E2,1.831487080648E1));
#5929=CARTESIAN_POINT('',(1.624514798364E1,1.692650312064E2,1.816391761065E1));
#5930=CARTESIAN_POINT('',(1.650714270382E1,1.693393720316E2,1.793557019397E1));
#5931=CARTESIAN_POINT('',(1.673999538878E1,1.696074244602E2,1.795129671044E1));
#5932=CARTESIAN_POINT('',(1.676315252683E1,1.698613411690E2,1.819890285026E1));
#5933=CARTESIAN_POINT('',(1.678630966489E1,1.701152578778E2,1.844650899009E1));
#5934=CARTESIAN_POINT('',(1.658181525697E1,1.701581523526E2,1.873400144185E1));
#5935=CARTESIAN_POINT('',(1.630823386278E1,1.699567643024E2,1.883845912670E1));
#5936=CARTESIAN_POINT('',(1.650055489439E1,1.690255324143E2,1.838058925122E1));
#5937=CARTESIAN_POINT('',(1.676310053092E1,1.690993566378E2,1.815270919693E1));
#5938=CARTESIAN_POINT('',(1.699793966602E1,1.693655463439E2,1.817012089469E1));
#5939=CARTESIAN_POINT('',(1.702297849849E1,1.696176985607E2,1.841932334847E1));
#5940=CARTESIAN_POINT('',(1.704801733096E1,1.698698507775E2,1.866852580225E1));
#5941=CARTESIAN_POINT('',(1.684384079960E1,1.699124471744E2,1.895628792195E1));
#5942=CARTESIAN_POINT('',(1.656876698326E1,1.697124585895E2,1.905947952872E1));
#5943=(BOUNDED_SURFACE()B_SPLINE_SURFACE(3,3,((#5845,#5846,#5847,#5848,#5849,
#5850,#5851),(#5852,#5853,#5854,#5855,#5856,#5857,#5858),(#5859,#5860,#5861,
#5862,#5863,#5864,#5865),(#5866,#5867,#5868,#5869,#5870,#5871,#5872),(#5873,
#5874,#5875,#5876,#5877,#5878,#5879),(#5880,#5881,#5882,#5883,#5884,#5885,
#5886),(#5887,#5888,#5889,#5890,#5891,#5892,#5893),(#5894,#5895,#5896,#5897,
#5898,#5899,#5900),(#5901,#5902,#5903,#5904,#5905,#5906,#5907),(#5908,#5909,
#5910,#5911,#5912,#5913,#5914),(#5915,#5916,#5917,#5918,#5919,#5920,#5921),(
#5922,#5923,#5924,#5925,#5926,#5927,#5928),(#5929,#5930,#5931,#5932,#5933,#5934,
#5935),(#5936,#5937,#5938,#5939,#5940,#5941,#5942)),.UNSPECIFIED.,.F.,.F.,.F.)B_SPLINE_SURFACE_WITH_KNOTS((4,1,1,1,1,1,1,1,1,1,1,4),(4,3,4),(9.633224181768E-3,
1.677727668705E-2,2.700684577273E-2,3.876726496904E-2,5.206173206614E-2,
6.672674796476E-2,8.286509449786E-2,1.006997010583E-1,1.187141904476E-1,
1.349508159117E-1,1.491456503490E-1,1.597045705591E-1),(0.E0,1.E0,2.E0),
.UNSPECIFIED.)GEOMETRIC_REPRESENTATION_ITEM()RATIONAL_B_SPLINE_SURFACE(((
1.240463173164E0,9.198456089452E-1,9.198456089452E-1,1.240463173164E0,
9.198456089452E-1,9.198456089452E-1,1.240463173164E0),(1.240463173164E0,
9.198456089452E-1,9.198456089452E-1,1.240463173164E0,9.198456089452E-1,
9.198456089452E-1,1.240463173164E0),(1.240463173164E0,9.198456089452E-1,
9.198456089452E-1,1.240463173164E0,9.198456089452E-1,9.198456089452E-1,
1.240463173164E0),(1.240463173164E0,9.198456089452E-1,9.198456089452E-1,
1.240463173164E0,9.198456089452E-1,9.198456089452E-1,1.240463173164E0),(
1.240463173164E0,9.198456089452E-1,9.198456089452E-1,1.240463173164E0,
9.198456089452E-1,9.198456089452E-1,1.240463173164E0),(1.240463173164E0,
9.198456089452E-1,9.198456089452E-1,1.240463173164E0,9.198456089452E-1,
9.198456089452E-1,1.240463173164E0),(1.240463173164E0,9.198456089452E-1,
9.198456089452E-1,1.240463173164E0,9.198456089452E-1,9.198456089452E-1,
1.240463173164E0),(1.240463173164E0,9.198456089452E-1,9.198456089452E-1,
1.240463173164E0,9.198456089452E-1,9.198456089452E-1,1.240463173164E0),(
1.240463173164E0,9.198456089452E-1,9.198456089452E-1,1.240463173164E0,
9.198456089452E-1,9.198456089452E-1,1.240463173164E0),(1.240463173164E0,
9.198456089452E-1,9.198456089452E-1,1.240463173164E0,9.198456089452E-1,
9.198456089452E-1,1.240463173164E0),(1.240463173164E0,9.198456089452E-1,
9.198456089452E-1,1.240463173164E0,9.198456089452E-1,9.198456089452E-1,
1.240463173164E0),(1.240463173164E0,9.198456089452E-1,9.198456089452E-1,
1.240463173164E0,9.198456089452E-1,9.198456089452E-1,1.240463173164E0),(
1.240463173164E0,9.198456089452E-1,9.198456089452E-1,1.240463173164E0,
9.198456089452E-1,9.198456089452E-1,1.240463173164E0),(1.240463173164E0,
9.198456089452E-1,9.198456089452E-1,1.240463173164E0,9.198456089452E-1,
9.198456089452E-1,1.240463173164E0)))REPRESENTATION_ITEM('')SURFACE());
#5945=ORIENTED_EDGE('',*,*,#5944,.F.);
#5947=ORIENTED_EDGE('',*,*,#5946,.F.);
#5949=ORIENTED_EDGE('',*,*,#5948,.T.);
#5950=ORIENTED_EDGE('',*,*,#5812,.T.);
#5951=EDGE_LOOP('',(#5945,#5947,#5949,#5950));
#5952=FACE_OUTER_BOUND('',#5951,.F.);
#5954=CARTESIAN_POINT('',(1.635772301098E1,1.693755195265E2,1.777016234294E1));
#5955=CARTESIAN_POINT('',(1.636256444713E1,1.693786967602E2,1.776886405501E1));
#5956=CARTESIAN_POINT('',(1.639132446018E1,1.693979079251E2,1.776146697448E1));
#5957=CARTESIAN_POINT('',(1.644595607239E1,1.694383142747E2,1.775107968955E1));
#5958=CARTESIAN_POINT('',(1.652145726153E1,1.695044603008E2,1.774647206950E1));
#5959=CARTESIAN_POINT('',(1.659949289792E1,1.695866924576E2,1.775497289712E1));
#5960=CARTESIAN_POINT('',(1.667571220855E1,1.696862602992E2,1.778187383762E1));
#5961=CARTESIAN_POINT('',(1.674273004086E1,1.698014947915E2,1.783246264939E1));
#5962=CARTESIAN_POINT('',(1.679091831602E1,1.699259588253E2,1.790940565579E1));
#5963=CARTESIAN_POINT('',(1.681185705632E1,1.700494635668E2,1.801040760047E1));
#5964=CARTESIAN_POINT('',(1.680129531001E1,1.701617270833E2,1.812900063310E1));
#5965=CARTESIAN_POINT('',(1.675904040150E1,1.702549972875E2,1.825732372504E1));
#5966=CARTESIAN_POINT('',(1.668745609983E1,1.703240693833E2,1.838769556033E1));
#5967=CARTESIAN_POINT('',(1.659061519760E1,1.703655512657E2,1.851281608312E1));
#5968=CARTESIAN_POINT('',(1.647190273981E1,1.703778499660E2,1.862796637560E1));
#5969=CARTESIAN_POINT('',(1.637781318161E1,1.703647240718E2,1.869651416122E1));
#5970=CARTESIAN_POINT('',(1.632594153154E1,1.703512606751E2,1.872820645548E1));
#5971=CARTESIAN_POINT('',(1.632159560864E1,1.703500907641E2,1.873082069542E1));
#5972=CARTESIAN_POINT('',(1.635350189986E1,1.694765083242E2,1.797117906142E1));
#5973=CARTESIAN_POINT('',(1.635690215815E1,1.694785911378E2,1.797040036285E1));
#5974=CARTESIAN_POINT('',(1.637709349973E1,1.694911965457E2,1.796598450296E1));
#5975=CARTESIAN_POINT('',(1.641536301712E1,1.695178417800E2,1.796003522712E1));
#5976=CARTESIAN_POINT('',(1.646805396343E1,1.695617729026E2,1.795829970302E1));
#5977=CARTESIAN_POINT('',(1.652228650126E1,1.696167419838E2,1.796533539420E1));
#5978=CARTESIAN_POINT('',(1.657499273729E1,1.696837135223E2,1.798460133828E1));
#5979=CARTESIAN_POINT('',(1.662101535518E1,1.697617208297E2,1.801951580235E1));
#5980=CARTESIAN_POINT('',(1.665367733200E1,1.698465846553E2,1.807172410728E1));
#5981=CARTESIAN_POINT('',(1.666717487958E1,1.699315418010E2,1.813958638811E1));
#5982=CARTESIAN_POINT('',(1.665859687417E1,1.700096862080E2,1.821874597704E1));
#5983=CARTESIAN_POINT('',(1.662781475256E1,1.700757499427E2,1.830398478261E1));
#5984=CARTESIAN_POINT('',(1.657643834739E1,1.701261166734E2,1.839024835789E1));
#5985=CARTESIAN_POINT('',(1.650725138702E1,1.701583080330E2,1.847275388675E1));
#5986=CARTESIAN_POINT('',(1.642254127061E1,1.701710477947E2,1.854841336028E1));
#5987=CARTESIAN_POINT('',(1.635539003405E1,1.701652141928E2,1.859322797971E1));
#5988=CARTESIAN_POINT('',(1.631835908176E1,1.701576293754E2,1.861385645006E1));
#5989=CARTESIAN_POINT('',(1.631525648494E1,1.701569644754E2,1.861555730172E1));
#5990=CARTESIAN_POINT('',(1.646556144551E1,1.693812474811E2,1.814145028787E1));
#5991=CARTESIAN_POINT('',(1.646866430383E1,1.693829937621E2,1.814067909529E1));
#5992=CARTESIAN_POINT('',(1.648709934218E1,1.693935909914E2,1.813628513896E1));
#5993=CARTESIAN_POINT('',(1.652214576831E1,1.694163148375E2,1.813012253735E1));
#5994=CARTESIAN_POINT('',(1.657057812226E1,1.694545065395E2,1.812749170543E1));
#5995=CARTESIAN_POINT('',(1.662053086170E1,1.695030267026E2,1.813285881882E1));
#5996=CARTESIAN_POINT('',(1.666904462438E1,1.695628260470E2,1.814950300371E1));
#5997=CARTESIAN_POINT('',(1.671115008494E1,1.696330253684E2,1.818066895764E1));
#5998=CARTESIAN_POINT('',(1.674042932690E1,1.697096779293E2,1.822790275166E1));
#5999=CARTESIAN_POINT('',(1.675133770424E1,1.697863235707E2,1.828956116649E1));
#6000=CARTESIAN_POINT('',(1.674119553376E1,1.698563114385E2,1.836129824985E1));
#6001=CARTESIAN_POINT('',(1.671014920030E1,1.699145730290E2,1.843783366235E1));
#6002=CARTESIAN_POINT('',(1.666020851308E1,1.699577674350E2,1.851402447890E1));
#6003=CARTESIAN_POINT('',(1.659466309668E1,1.699839017337E2,1.858514100832E1));
#6004=CARTESIAN_POINT('',(1.651637298266E1,1.699923470291E2,1.864823078731E1));
#6005=CARTESIAN_POINT('',(1.645592479046E1,1.699854289471E2,1.868397337018E1));
#6006=CARTESIAN_POINT('',(1.642309312325E1,1.699780563880E2,1.869992715593E1));
#6007=CARTESIAN_POINT('',(1.642034570055E1,1.699774148286E2,1.870123870788E1));
#6008=CARTESIAN_POINT('',(1.657662667990E1,1.691894314254E2,1.810278011295E1));
#6009=CARTESIAN_POINT('',(1.658088715756E1,1.691919512567E2,1.810149648766E1));
#6010=CARTESIAN_POINT('',(1.660621630520E1,1.692072395280E2,1.809414219481E1));
#6011=CARTESIAN_POINT('',(1.665455174246E1,1.692399856085E2,1.808333818685E1));
#6012=CARTESIAN_POINT('',(1.672173394827E1,1.692949199150E2,1.807698162016E1));
#6013=CARTESIAN_POINT('',(1.679140917623E1,1.693645543779E2,1.808222295036E1));
#6014=CARTESIAN_POINT('',(1.685943866428E1,1.694501116363E2,1.810400239317E1));
#6015=CARTESIAN_POINT('',(1.691880449242E1,1.695500935522E2,1.814726864604E1));
#6016=CARTESIAN_POINT('',(1.696038473550E1,1.696585172215E2,1.821449415196E1));
#6017=CARTESIAN_POINT('',(1.697626563924E1,1.697657857843E2,1.830337710203E1));
#6018=CARTESIAN_POINT('',(1.696264836145E1,1.698621158403E2,1.840747057826E1));
#6019=CARTESIAN_POINT('',(1.691987732604E1,1.699401448798E2,1.851879195326E1));
#6020=CARTESIAN_POINT('',(1.685109763978E1,1.699952061373E2,1.862948707265E1));
#6021=CARTESIAN_POINT('',(1.676137034247E1,1.700248558025E2,1.873235965802E1));
#6022=CARTESIAN_POINT('',(1.665519909275E1,1.700287654413E2,1.882295557418E1));
#6023=CARTESIAN_POINT('',(1.657420365334E1,1.700135210602E2,1.887378151311E1));
#6024=CARTESIAN_POINT('',(1.653053513230E1,1.700004723014E2,1.889634200514E1));
#6025=CARTESIAN_POINT('',(1.652688302727E1,1.699993479852E2,1.889819576425E1));
#6026=CARTESIAN_POINT('',(1.668769191429E1,1.689976153697E2,1.806410993802E1));
#6027=CARTESIAN_POINT('',(1.669311001129E1,1.690009087514E2,1.806231388002E1));
#6028=CARTESIAN_POINT('',(1.672533326822E1,1.690208880646E2,1.805199925067E1));
#6029=CARTESIAN_POINT('',(1.678695771661E1,1.690636563796E2,1.803655383635E1));
#6030=CARTESIAN_POINT('',(1.687288977429E1,1.691353332905E2,1.802647153489E1));
#6031=CARTESIAN_POINT('',(1.696228749077E1,1.692260820533E2,1.803158708191E1));
#6032=CARTESIAN_POINT('',(1.704983270418E1,1.693373972256E2,1.805850178262E1));
#6033=CARTESIAN_POINT('',(1.712645889990E1,1.694671617360E2,1.811386833444E1));
#6034=CARTESIAN_POINT('',(1.718034014410E1,1.696073565137E2,1.820108555225E1));
#6035=CARTESIAN_POINT('',(1.720119357425E1,1.697452479979E2,1.831719303757E1));
#6036=CARTESIAN_POINT('',(1.718410118913E1,1.698679202421E2,1.845364290667E1));
#6037=CARTESIAN_POINT('',(1.712960545179E1,1.699657167305E2,1.859975024418E1));
#6038=CARTESIAN_POINT('',(1.704198676648E1,1.700326448396E2,1.874494966641E1));
#6039=CARTESIAN_POINT('',(1.692807758826E1,1.700658098714E2,1.887957830771E1));
#6040=CARTESIAN_POINT('',(1.679402520284E1,1.700651838535E2,1.899768036106E1));
#6041=CARTESIAN_POINT('',(1.669248251623E1,1.700416131733E2,1.906358965604E1));
#6042=CARTESIAN_POINT('',(1.663797714135E1,1.700228882147E2,1.909275685434E1));
#6043=CARTESIAN_POINT('',(1.663342035400E1,1.700212811417E2,1.909515282062E1));
#6044=CARTESIAN_POINT('',(1.668152845742E1,1.689099875693E2,1.785696830564E1));
#6045=CARTESIAN_POINT('',(1.668834769637E1,1.689143550316E2,1.785467615834E1));
#6046=CARTESIAN_POINT('',(1.672890050342E1,1.689408152373E2,1.784151706751E1));
#6047=CARTESIAN_POINT('',(1.680641856334E1,1.689970607248E2,1.782185959074E1));
#6048=CARTESIAN_POINT('',(1.691448641851E1,1.690904404343E2,1.780912026371E1));
#6049=CARTESIAN_POINT('',(1.702696850717E1,1.692077697234E2,1.781578445947E1));
#6050=CARTESIAN_POINT('',(1.713731362764E1,1.693508161910E2,1.785021717454E1));
#6051=CARTESIAN_POINT('',(1.723431402439E1,1.695167851544E2,1.792086936905E1));
#6052=CARTESIAN_POINT('',(1.730330649721E1,1.696954836293E2,1.803212236487E1));
#6053=CARTESIAN_POINT('',(1.733149019503E1,1.698708843017E2,1.818039117998E1));
#6054=CARTESIAN_POINT('',(1.731264860445E1,1.700268292676E2,1.835511403160E1));
#6055=CARTESIAN_POINT('',(1.724723806256E1,1.701512753420E2,1.854309173286E1));
#6056=CARTESIAN_POINT('',(1.714022145603E1,1.702366903258E2,1.873126233373E1));
#6057=CARTESIAN_POINT('',(1.699961431459E1,1.702792641747E2,1.890755805506E1));
#6058=CARTESIAN_POINT('',(1.683255842172E1,1.702786080628E2,1.906445576250E1));
#6059=CARTESIAN_POINT('',(1.670472174380E1,1.702481830823E2,1.915381844768E1));
#6060=CARTESIAN_POINT('',(1.663568459374E1,1.702238338446E2,1.919395955066E1));
#6061=CARTESIAN_POINT('',(1.662991005525E1,1.702217431425E2,1.919726178867E1));
#6062=CARTESIAN_POINT('',(1.656458662286E1,1.690182541561E2,1.769813753607E1));
#6063=CARTESIAN_POINT('',(1.657158417311E1,1.690228721594E2,1.769588482093E1));
#6064=CARTESIAN_POINT('',(1.661318475103E1,1.690508205849E2,1.768297399071E1));
#6065=CARTESIAN_POINT('',(1.669256769840E1,1.691098937624E2,1.766394189367E1));
#6066=CARTESIAN_POINT('',(1.680299126537E1,1.692072235847E2,1.765239493786E1));
#6067=CARTESIAN_POINT('',(1.691776085576E1,1.693287820019E2,1.766066148908E1));
#6068=CARTESIAN_POINT('',(1.703032901543E1,1.694763250279E2,1.769712706072E1));
#6069=CARTESIAN_POINT('',(1.712949499921E1,1.696470308395E2,1.777025318183E1));
#6070=CARTESIAN_POINT('',(1.720059439986E1,1.698306698822E2,1.788443158194E1));
#6071=CARTESIAN_POINT('',(1.723079467711E1,1.700112110866E2,1.803614035422E1));
#6072=CARTESIAN_POINT('',(1.721376039908E1,1.701725380227E2,1.821499851243E1));
#6073=CARTESIAN_POINT('',(1.714966774626E1,1.703026259216E2,1.840811190427E1));
#6074=CARTESIAN_POINT('',(1.704299502643E1,1.703938005212E2,1.860274943666E1));
#6075=CARTESIAN_POINT('',(1.690111436666E1,1.704418299199E2,1.878701693255E1));
#6076=CARTESIAN_POINT('',(1.673047213567E1,1.704456807713E2,1.895339854793E1));
#6077=CARTESIAN_POINT('',(1.659811247616E1,1.704170467992E2,1.905003971065E1));
#6078=CARTESIAN_POINT('',(1.652605673574E1,1.703930112447E2,1.909403726974E1));
#6079=CARTESIAN_POINT('',(1.652002580443E1,1.703909421792E2,1.909766139304E1));
#6080=(BOUNDED_SURFACE()B_SPLINE_SURFACE(3,3,((#5954,#5955,#5956,#5957,#5958,
#5959,#5960,#5961,#5962,#5963,#5964,#5965,#5966,#5967,#5968,#5969,#5970,#5971),(
#5972,#5973,#5974,#5975,#5976,#5977,#5978,#5979,#5980,#5981,#5982,#5983,#5984,
#5985,#5986,#5987,#5988,#5989),(#5990,#5991,#5992,#5993,#5994,#5995,#5996,#5997,
#5998,#5999,#6000,#6001,#6002,#6003,#6004,#6005,#6006,#6007),(#6008,#6009,#6010,
#6011,#6012,#6013,#6014,#6015,#6016,#6017,#6018,#6019,#6020,#6021,#6022,#6023,
#6024,#6025),(#6026,#6027,#6028,#6029,#6030,#6031,#6032,#6033,#6034,#6035,#6036,
#6037,#6038,#6039,#6040,#6041,#6042,#6043),(#6044,#6045,#6046,#6047,#6048,#6049,
#6050,#6051,#6052,#6053,#6054,#6055,#6056,#6057,#6058,#6059,#6060,#6061),(#6062,
#6063,#6064,#6065,#6066,#6067,#6068,#6069,#6070,#6071,#6072,#6073,#6074,#6075,
#6076,#6077,#6078,#6079)),.UNSPECIFIED.,.F.,.F.,.F.)B_SPLINE_SURFACE_WITH_KNOTS(
(4,3,4),(4,1,1,1,1,1,1,1,1,1,1,1,1,1,1,4),(0.E0,1.E0,2.E0),(3.273320697697E-1,
3.331191510911E-1,3.618234664453E-1,3.942950458876E-1,4.310408976060E-1,
4.725891724044E-1,5.191611699280E-1,5.697202782141E-1,6.223066864347E-1,
6.755100274042E-1,7.286932988376E-1,7.816137663056E-1,8.341801821574E-1,
8.861331644509E-1,9.400296126469E-1,9.449431546535E-1),.UNSPECIFIED.)GEOMETRIC_REPRESENTATION_ITEM()RATIONAL_B_SPLINE_SURFACE(((1.354344419140E0,
1.354344419140E0,1.354344419140E0,1.354344419140E0,1.354344419140E0,
1.354344419140E0,1.354344419140E0,1.354344419140E0,1.354344419140E0,
1.354344419140E0,1.354344419140E0,1.354344419140E0,1.354344419140E0,
1.354344419140E0,1.354344419140E0,1.354344419140E0,1.354344419140E0,
1.354344419140E0),(8.818851936199E-1,8.818851936199E-1,8.818851936199E-1,
8.818851936199E-1,8.818851936199E-1,8.818851936199E-1,8.818851936199E-1,
8.818851936199E-1,8.818851936199E-1,8.818851936199E-1,8.818851936199E-1,
8.818851936199E-1,8.818851936199E-1,8.818851936199E-1,8.818851936199E-1,
8.818851936199E-1,8.818851936199E-1,8.818851936199E-1),(8.818851936199E-1,
8.818851936199E-1,8.818851936199E-1,8.818851936199E-1,8.818851936199E-1,
8.818851936199E-1,8.818851936199E-1,8.818851936199E-1,8.818851936199E-1,
8.818851936199E-1,8.818851936199E-1,8.818851936199E-1,8.818851936199E-1,
8.818851936199E-1,8.818851936199E-1,8.818851936199E-1,8.818851936199E-1,
8.818851936199E-1),(1.354344419140E0,1.354344419140E0,1.354344419140E0,
1.354344419140E0,1.354344419140E0,1.354344419140E0,1.354344419140E0,
1.354344419140E0,1.354344419140E0,1.354344419140E0,1.354344419140E0,
1.354344419140E0,1.354344419140E0,1.354344419140E0,1.354344419140E0,
1.354344419140E0,1.354344419140E0,1.354344419140E0),(8.818851936199E-1,
8.818851936199E-1,8.818851936199E-1,8.818851936199E-1,8.818851936199E-1,
8.818851936199E-1,8.818851936199E-1,8.818851936199E-1,8.818851936199E-1,
8.818851936199E-1,8.818851936199E-1,8.818851936199E-1,8.818851936199E-1,
8.818851936199E-1,8.818851936199E-1,8.818851936199E-1,8.818851936199E-1,
8.818851936199E-1),(8.818851936199E-1,8.818851936199E-1,8.818851936199E-1,
8.818851936199E-1,8.818851936199E-1,8.818851936199E-1,8.818851936199E-1,
8.818851936199E-1,8.818851936199E-1,8.818851936199E-1,8.818851936199E-1,
8.818851936199E-1,8.818851936199E-1,8.818851936199E-1,8.818851936199E-1,
8.818851936199E-1,8.818851936199E-1,8.818851936199E-1),(1.354344419140E0,
1.354344419140E0,1.354344419140E0,1.354344419140E0,1.354344419140E0,
1.354344419140E0,1.354344419140E0,1.354344419140E0,1.354344419140E0,
1.354344419140E0,1.354344419140E0,1.354344419140E0,1.354344419140E0,
1.354344419140E0,1.354344419140E0,1.354344419140E0,1.354344419140E0,
1.354344419140E0)))REPRESENTATION_ITEM('')SURFACE());
#6081=ORIENTED_EDGE('',*,*,#5944,.T.);
#6082=ORIENTED_EDGE('',*,*,#5801,.T.);
#6083=ORIENTED_EDGE('',*,*,#5635,.F.);
#6085=ORIENTED_EDGE('',*,*,#6084,.T.);
#6086=EDGE_LOOP('',(#6081,#6082,#6083,#6085));
#6087=FACE_OUTER_BOUND('',#6086,.F.);
#6089=CARTESIAN_POINT('',(4.535066230737E0,1.705712867481E2,3.400285310894E0));
#6090=CARTESIAN_POINT('',(4.460489944041E0,1.705608182556E2,3.485634329414E0));
#6091=CARTESIAN_POINT('',(3.737171177062E0,1.705089507512E2,4.325581994181E0));
#6092=CARTESIAN_POINT('',(2.480424438103E0,1.713693912236E2,6.017382500823E0));
#6093=CARTESIAN_POINT('',(2.036327801246E0,1.743167707394E2,7.261514398139E0));
#6094=CARTESIAN_POINT('',(3.191427992802E0,1.772641502552E2,6.620554533361E0));
#6095=CARTESIAN_POINT('',(4.655740887119E0,1.781245907275E2,5.104840487872E0));
#6096=CARTESIAN_POINT('',(5.366547529398E0,1.780727232231E2,4.254278299961E0));
#6097=CARTESIAN_POINT('',(5.438598476094E0,1.780622547306E2,4.166786937074E0));
#6098=CARTESIAN_POINT('',(5.933769960864E0,1.702811659630E2,4.586860210899E0));
#6099=CARTESIAN_POINT('',(5.858784339113E0,1.702707823753E2,4.671861974535E0));
#6100=CARTESIAN_POINT('',(5.133437468493E0,1.702193355425E2,5.510089119921E0));
#6101=CARTESIAN_POINT('',(3.910335349101E0,1.710727974080E2,7.230431668913E0));
#6102=CARTESIAN_POINT('',(3.581486036973E0,1.739962721872E2,8.572332364488E0));
#6103=CARTESIAN_POINT('',(4.851833553257E0,1.769197469663E2,8.029141297970E0));
#6104=CARTESIAN_POINT('',(6.349791067142E0,1.777732088318E2,6.541969294829E0));
#6105=CARTESIAN_POINT('',(7.058569605780E0,1.777217619990E2,5.689686587538E0));
#6106=CARTESIAN_POINT('',(7.130211217421E0,1.777113784113E2,5.601847969767E0));
#6107=CARTESIAN_POINT('',(8.710725423431E0,1.694139465537E2,6.942659783991E0));
#6108=CARTESIAN_POINT('',(8.634927116912E0,1.694038167604E2,7.026972115457E0));
#6109=CARTESIAN_POINT('',(7.905553694161E0,1.693536273854E2,7.861783379703E0));
#6110=CARTESIAN_POINT('',(6.749248858627E0,1.701862290312E2,9.638792668553E0));
#6111=CARTESIAN_POINT('',(6.649209037070E0,1.730382485659E2,1.117480137467E1));
#6112=CARTESIAN_POINT('',(8.148366043926E0,1.758902681007E2,1.082571831870E1));
#6113=CARTESIAN_POINT('',(9.713120841668E0,1.767228697465E2,9.395213055416E0));
#6114=CARTESIAN_POINT('',(1.041787282817E1,1.766726803715E2,8.539514466984E0));
#6115=CARTESIAN_POINT('',(1.048870175505E1,1.766625505782E2,8.450986417044E0));
#6116=CARTESIAN_POINT('',(1.276107731987E1,1.672407286137E2,1.037873119282E1));
#6117=CARTESIAN_POINT('',(1.268409366511E1,1.672312348195E2,1.046203794716E1));
#6118=CARTESIAN_POINT('',(1.194884728066E1,1.671841965845E2,1.129186694905E1));
#6119=CARTESIAN_POINT('',(1.088997018893E1,1.679645233351E2,1.315152799100E1));
#6120=CARTESIAN_POINT('',(1.112366238668E1,1.706374788206E2,1.497065457899E1));
#6121=CARTESIAN_POINT('',(1.295655141284E1,1.733104343061E2,1.490468940489E1));
#6122=CARTESIAN_POINT('',(1.461873395439E1,1.740907610568E2,1.355683589470E1));
#6123=CARTESIAN_POINT('',(1.531761297920E1,1.740437228217E2,1.269615504392E1));
#6124=CARTESIAN_POINT('',(1.538725655783E1,1.740342290275E2,1.260662141686E1));
#6125=CARTESIAN_POINT('',(1.528439857969E1,1.652190751910E2,1.251936298428E1));
#6126=CARTESIAN_POINT('',(1.520667646700E1,1.652101730401E2,1.260204327598E1));
#6127=CARTESIAN_POINT('',(1.446777129698E1,1.651660661782E2,1.342876838743E1));
#6128=CARTESIAN_POINT('',(1.346959053571E1,1.658977637883E2,1.533992049264E1));
#6129=CARTESIAN_POINT('',(1.391119382883E1,1.684041435055E2,1.733542616784E1));
#6130=CARTESIAN_POINT('',(1.595199395037E1,1.709105232226E2,1.744584008096E1));
#6131=CARTESIAN_POINT('',(1.767487282238E1,1.716422208327E2,1.614947763403E1));
#6132=CARTESIAN_POINT('',(1.837009306161E1,1.715981139709E2,1.528569289281E1));
#6133=CARTESIAN_POINT('',(1.843899818232E1,1.715892118200E2,1.519553280310E1));
#6134=CARTESIAN_POINT('',(1.650934241901E1,1.640458149070E2,1.355853059522E1));
#6135=CARTESIAN_POINT('',(1.643126182265E1,1.640372561143E2,1.364090677124E1));
#6136=CARTESIAN_POINT('',(1.569058049874E1,1.639948504658E2,1.446612510212E1));
#6137=CARTESIAN_POINT('',(1.472186471178E1,1.646983263053E2,1.640227349367E1));
#6138=CARTESIAN_POINT('',(1.526439824294E1,1.671080342927E2,1.848340222437E1));
#6139=CARTESIAN_POINT('',(1.740612860251E1,1.695177422802E2,1.867943919297E1));
#6140=CARTESIAN_POINT('',(1.915847244882E1,1.702212181196E2,1.740807303239E1));
#6141=CARTESIAN_POINT('',(1.985191653418E1,1.701788124711E2,1.654278151059E1));
#6142=CARTESIAN_POINT('',(1.992046317121E1,1.701702536785E2,1.645231730521E1));
#6143=B_SPLINE_SURFACE_WITH_KNOTS('',3,3,((#6089,#6090,#6091,#6092,#6093,#6094,
#6095,#6096,#6097),(#6098,#6099,#6100,#6101,#6102,#6103,#6104,#6105,#6106),(
#6107,#6108,#6109,#6110,#6111,#6112,#6113,#6114,#6115),(#6116,#6117,#6118,#6119,
#6120,#6121,#6122,#6123,#6124),(#6125,#6126,#6127,#6128,#6129,#6130,#6131,#6132,
#6133),(#6134,#6135,#6136,#6137,#6138,#6139,#6140,#6141,#6142)),.UNSPECIFIED.,
.F.,.F.,.F.,(4,1,1,4),(4,1,1,1,1,1,4),(2.524483075064E-1,5.E-1,7.5E-1,
1.015172197892E0),(-1.429668883732E-2,0.E0,1.25E-1,2.5E-1,3.75E-1,5.E-1,
5.142966888373E-1),.UNSPECIFIED.);
#6144=ORIENTED_EDGE('',*,*,#5946,.T.);
#6145=ORIENTED_EDGE('',*,*,#6084,.F.);
#6146=ORIENTED_EDGE('',*,*,#5633,.F.);
#6148=ORIENTED_EDGE('',*,*,#6147,.F.);
#6150=ORIENTED_EDGE('',*,*,#6149,.F.);
#6152=ORIENTED_EDGE('',*,*,#6151,.T.);
#6153=EDGE_LOOP('',(#6144,#6145,#6146,#6148,#6150,#6152));
#6154=FACE_OUTER_BOUND('',#6153,.F.);
#6156=CARTESIAN_POINT('',(1.784654726707E1,1.674851500925E2,1.513992175951E1));
#6157=DIRECTION('',(-6.200118526055E-1,5.821770401208E-1,-5.259802245188E-1));
#6158=DIRECTION('',(-4.439472560079E-1,-8.130620480358E-1,-3.766177636900E-1));
#6159=AXIS2_PLACEMENT_3D('',#6156,#6157,#6158);
#6160=PLANE('',#6159);
#6161=ORIENTED_EDGE('',*,*,#6147,.T.);
#6163=ORIENTED_EDGE('',*,*,#6162,.T.);
#6164=EDGE_LOOP('',(#6161,#6163));
#6165=FACE_OUTER_BOUND('',#6164,.F.);
#6167=ORIENTED_EDGE('',*,*,#6166,.T.);
#6169=ORIENTED_EDGE('',*,*,#6168,.T.);
#6170=ORIENTED_EDGE('',*,*,#3151,.T.);
#6171=ORIENTED_EDGE('',*,*,#3257,.T.);
#6172=EDGE_LOOP('',(#6167,#6169,#6170,#6171));
#6173=FACE_BOUND('',#6172,.F.);
#6175=CARTESIAN_POINT('',(5.006694097631E0,1.770888908251E2,4.417608444901E0));
#6176=CARTESIAN_POINT('',(4.351871829707E0,1.770490391658E2,5.179771255016E0));
#6177=CARTESIAN_POINT('',(3.000490181072E0,1.758195301912E2,6.472717008225E0));
#6178=CARTESIAN_POINT('',(2.721292623730E0,1.725739329275E2,6.009828971367E0));
#6179=CARTESIAN_POINT('',(4.361367429289E0,1.710304963904E2,3.699918009674E0));
#6180=CARTESIAN_POINT('',(6.373037986168E0,1.725739329275E2,1.705246209763E0));
#6181=CARTESIAN_POINT('',(6.875259622674E0,1.758196172046E2,1.905260477252E0));
#6182=CARTESIAN_POINT('',(5.819795414371E0,1.770491370919E2,3.449444885556E0));
#6183=CARTESIAN_POINT('',(5.174502030719E0,1.770889000671E2,4.219803059052E0));
#6184=CARTESIAN_POINT('',(6.663504463386E0,1.767459081639E2,5.823145265694E0));
#6185=CARTESIAN_POINT('',(6.007120860874E0,1.767063797224E2,6.583983534811E0));
#6186=CARTESIAN_POINT('',(4.607568698828E0,1.754868427103E2,7.836064363661E0));
#6187=CARTESIAN_POINT('',(4.201212991570E0,1.722675689424E2,7.265303111216E0));
#6188=CARTESIAN_POINT('',(5.780818022653E0,1.707366504850E2,4.904093282539E0));
#6189=CARTESIAN_POINT('',(7.852958354007E0,1.722675689424E2,2.960720349612E0));
#6190=CARTESIAN_POINT('',(8.482341549500E0,1.754869290181E2,3.268610724735E0));
#6191=CARTESIAN_POINT('',(7.475048282149E0,1.767064768542E2,4.853660420100E0));
#6192=CARTESIAN_POINT('',(6.831312758563E0,1.767459173309E2,5.625340187019E0));
#6193=CARTESIAN_POINT('',(9.949648631348E0,1.757203629635E2,8.610909467301E0));
#6194=CARTESIAN_POINT('',(9.290168252850E0,1.756818009689E2,9.369120620628E0));
#6195=CARTESIAN_POINT('',(7.795073924371E0,1.744920809111E2,1.054014930517E1));
#6196=CARTESIAN_POINT('',(7.136510709607E0,1.713515164711E2,9.755430592287E0));
#6197=CARTESIAN_POINT('',(8.596179023226E0,1.698580280589E2,7.292473770687E0));
#6198=CARTESIAN_POINT('',(1.078825607204E1,1.713515164711E2,5.450847830682E0));
#6199=CARTESIAN_POINT('',(1.166985353665E1,1.744921651086E2,5.972701402375E0));
#6200=CARTESIAN_POINT('',(1.075810328372E1,1.756818957260E2,7.638803961435E0));
#6201=CARTESIAN_POINT('',(1.011745764470E1,1.757203719064E2,8.413104997879E0));
#6202=CARTESIAN_POINT('',(1.473765251774E1,1.731513556755E2,1.267275981513E1));
#6203=CARTESIAN_POINT('',(1.407366005009E1,1.731152146459E2,1.342714318733E1));
#6204=CARTESIAN_POINT('',(1.243935811513E1,1.720001865399E2,1.448007663255E1));
#6205=CARTESIAN_POINT('',(1.141332151381E1,1.690567902373E2,1.338361592062E1));
#6206=CARTESIAN_POINT('',(1.269823867836E1,1.676570646930E2,1.077241088694E1));
#6207=CARTESIAN_POINT('',(1.506506687625E1,1.690567902373E2,9.079033159020E0));
#6208=CARTESIAN_POINT('',(1.631414757925E1,1.720002654514E2,9.912637087462E0));
#6209=CARTESIAN_POINT('',(1.554160616836E1,1.731153034540E2,1.169683593401E1));
#6210=CARTESIAN_POINT('',(1.490546257749E1,1.731513640569E2,1.247495623340E1));
#6211=CARTESIAN_POINT('',(1.771791346618E1,1.707644487132E2,1.520103135735E1));
#6212=CARTESIAN_POINT('',(1.705111247885E1,1.707305570421E2,1.595303215283E1));
#6213=CARTESIAN_POINT('',(1.533016170166E1,1.696849264581E2,1.693245800735E1));
#6214=CARTESIAN_POINT('',(1.407539375226E1,1.669247223177E2,1.564195557620E1));
#6215=CARTESIAN_POINT('',(1.525153823459E1,1.656121133974E2,1.293847443589E1));
#6216=CARTESIAN_POINT('',(1.772713911469E1,1.669247223178E2,1.133737281459E1));
#6217=CARTESIAN_POINT('',(1.920495729800E1,1.696850004583E2,1.236502366446E1));
#6218=CARTESIAN_POINT('',(1.851906549840E1,1.707306403229E2,1.422273075413E1));
#6219=CARTESIAN_POINT('',(1.788572417724E1,1.707644565730E2,1.500322832817E1));
#6220=CARTESIAN_POINT('',(1.916355180691E1,1.693807172261E2,1.642742271719E1));
#6221=CARTESIAN_POINT('',(1.849538848797E1,1.693481295472E2,1.717826779365E1));
#6222=CARTESIAN_POINT('',(1.673240686493E1,1.683427299139E2,1.812203724315E1));
#6223=CARTESIAN_POINT('',(1.536668795780E1,1.656887254567E2,1.673741078935E1));
#6224=CARTESIAN_POINT('',(1.649006995974E1,1.644266195588E2,1.398916918008E1));
#6225=CARTESIAN_POINT('',(1.901843332024E1,1.656887254567E2,1.243282802775E1));
#6226=CARTESIAN_POINT('',(2.060720543583E1,1.683428010669E2,1.355460542369E1));
#6227=CARTESIAN_POINT('',(1.996334485513E1,1.693482096237E2,1.544796923486E1));
#6228=CARTESIAN_POINT('',(1.933136283391E1,1.693807247835E2,1.622961995603E1));
#6229=B_SPLINE_SURFACE_WITH_KNOTS('',3,3,((#6175,#6176,#6177,#6178,#6179,#6180,
#6181,#6182,#6183),(#6184,#6185,#6186,#6187,#6188,#6189,#6190,#6191,#6192),(
#6193,#6194,#6195,#6196,#6197,#6198,#6199,#6200,#6201),(#6202,#6203,#6204,#6205,
#6206,#6207,#6208,#6209,#6210),(#6211,#6212,#6213,#6214,#6215,#6216,#6217,#6218,
#6219),(#6220,#6221,#6222,#6223,#6224,#6225,#6226,#6227,#6228)),.UNSPECIFIED.,
.F.,.F.,.F.,(4,1,1,4),(4,1,1,1,1,1,4),(2.519605955057E-1,5.E-1,7.5E-1,
1.014667439304E0),(-1.000630880420E-2,1.666666666667E-1,3.333333333333E-1,5.E-1,
6.666666666667E-1,8.333333333333E-1,1.010019981914E0),.UNSPECIFIED.);
#6230=ORIENTED_EDGE('',*,*,#3077,.T.);
#6232=ORIENTED_EDGE('',*,*,#6231,.T.);
#6233=ORIENTED_EDGE('',*,*,#6166,.F.);
#6234=ORIENTED_EDGE('',*,*,#3255,.F.);
#6235=EDGE_LOOP('',(#6230,#6232,#6233,#6234));
#6236=FACE_OUTER_BOUND('',#6235,.F.);
#6238=CARTESIAN_POINT('',(1.940738320487E-1,1.348002982887E2,
-2.287692018475E-1));
#6239=DIRECTION('',(6.469127734956E-1,0.E0,-7.625640061584E-1));
#6240=DIRECTION('',(0.E0,1.E0,0.E0));
#6241=AXIS2_PLACEMENT_3D('',#6238,#6239,#6240);
#6242=PLANE('',#6241);
#6243=ORIENTED_EDGE('',*,*,#3075,.T.);
#6244=ORIENTED_EDGE('',*,*,#3153,.T.);
#6245=ORIENTED_EDGE('',*,*,#6168,.F.);
#6246=ORIENTED_EDGE('',*,*,#6231,.F.);
#6247=EDGE_LOOP('',(#6243,#6244,#6245,#6246));
#6248=FACE_OUTER_BOUND('',#6247,.F.);
#6250=CARTESIAN_POINT('',(4.996277570009E0,1.780625266874E2,4.685525196139E0));
#6251=CARTESIAN_POINT('',(5.070853539397E0,1.780729952457E2,4.600175908434E0));
#6252=CARTESIAN_POINT('',(5.794170734233E0,1.781248630762E2,3.760226909958E0));
#6253=CARTESIAN_POINT('',(7.050943553786E0,1.772644171949E2,2.068448528499E0));
#6254=CARTESIAN_POINT('',(7.495129527917E0,1.743170191510E2,8.243924194761E-1));
#6255=CARTESIAN_POINT('',(6.340118673636E0,1.713696211072E2,1.465428072546E0));
#6256=CARTESIAN_POINT('',(4.875831859912E0,1.705091752258E2,2.981164243220E0));
#6257=CARTESIAN_POINT('',(4.165023645491E0,1.705610430563E2,3.831725097421E0));
#6258=CARTESIAN_POINT('',(4.092972381486E0,1.705715116146E2,3.919216191123E0));
#6259=CARTESIAN_POINT('',(6.688338047401E0,1.777116479021E2,6.120966060790E0));
#6260=CARTESIAN_POINT('',(6.763323460187E0,1.777220315551E2,6.035964119882E0));
#6261=CARTESIAN_POINT('',(7.488669295463E0,1.777734787110E2,5.197736096172E0));
#6262=CARTESIAN_POINT('',(8.711788590390E0,1.769200114855E2,3.477408117857E0));
#6263=CARTESIAN_POINT('',(9.040696736131E0,1.739965183463E2,2.135557333129E0));
#6264=CARTESIAN_POINT('',(7.770408053459E0,1.710730252071E2,2.678798310494E0));
#6265=CARTESIAN_POINT('',(6.272467715110E0,1.702195579817E2,4.165984884311E0));
#6266=CARTESIAN_POINT('',(5.563688141128E0,1.702710051376E2,5.018266713279E0));
#6267=CARTESIAN_POINT('',(5.492046320521E0,1.702813887905E2,5.106105153776E0));
#6268=CARTESIAN_POINT('',(1.004728134905E1,1.766627710824E2,8.970488605433E0));
#6269=CARTESIAN_POINT('',(1.012307955616E1,1.766729009290E2,8.886176189637E0));
#6270=CARTESIAN_POINT('',(1.085245248639E1,1.767230905685E2,8.051364507569E0));
#6271=CARTESIAN_POINT('',(1.200876549240E1,1.758904845370E2,6.274362150052E0));
#6272=CARTESIAN_POINT('',(1.210883330136E1,1.730384499796E2,4.738377186739E0));
#6273=CARTESIAN_POINT('',(1.060970428191E1,1.701864154222E2,5.087483985517E0));
#6274=CARTESIAN_POINT('',(9.044957654642E0,1.693538093908E2,6.517996180133E0));
#6275=CARTESIAN_POINT('',(8.340205175618E0,1.694039990302E2,7.373694350742E0));
#6276=CARTESIAN_POINT('',(8.269376149339E0,1.694141288768E2,7.462222316353E0));
#6277=CARTESIAN_POINT('',(1.494624695018E1,1.740342290026E2,1.312647210150E1));
#6278=CARTESIAN_POINT('',(1.502323060495E1,1.740437227968E2,1.304316534716E1));
#6279=CARTESIAN_POINT('',(1.575847698939E1,1.740907610318E2,1.221333634527E1));
#6280=CARTESIAN_POINT('',(1.681735408120E1,1.733104342816E2,1.035367530338E1));
#6281=CARTESIAN_POINT('',(1.658366188370E1,1.706374787979E2,8.534548715605E0));
#6282=CARTESIAN_POINT('',(1.475077285780E1,1.679645233141E2,8.600513889929E0));
#6283=CARTESIAN_POINT('',(1.308859031632E1,1.671841965639E2,9.948367400175E0));
#6284=CARTESIAN_POINT('',(1.238971129151E1,1.672312347989E2,1.080904825095E1));
#6285=CARTESIAN_POINT('',(1.232006771288E1,1.672407285931E2,1.089858187802E1));
#6286=CARTESIAN_POINT('',(1.799798857845E1,1.715892118200E2,1.571538349096E1));
#6287=CARTESIAN_POINT('',(1.807571069113E1,1.715981139709E2,1.563270319926E1));
#6288=CARTESIAN_POINT('',(1.881461586115E1,1.716422208327E2,1.480597808780E1));
#6289=CARTESIAN_POINT('',(1.981279662242E1,1.709105232226E2,1.289482598259E1));
#6290=CARTESIAN_POINT('',(1.937119332931E1,1.684041435055E2,1.089932030739E1));
#6291=CARTESIAN_POINT('',(1.733039320776E1,1.658977637883E2,1.078890639428E1));
#6292=CARTESIAN_POINT('',(1.560751433576E1,1.651660661782E2,1.208526884120E1));
#6293=CARTESIAN_POINT('',(1.491229409652E1,1.652101730401E2,1.294905358242E1));
#6294=CARTESIAN_POINT('',(1.484338897582E1,1.652190751910E2,1.303921367213E1));
#6295=CARTESIAN_POINT('',(1.947945356734E1,1.701702536785E2,1.697216799306E1));
#6296=CARTESIAN_POINT('',(1.955753416370E1,1.701788124711E2,1.688979181704E1));
#6297=CARTESIAN_POINT('',(2.029821548760E1,1.702212181196E2,1.606457348616E1));
#6298=CARTESIAN_POINT('',(2.126693127456E1,1.695177422802E2,1.412842509461E1));
#6299=CARTESIAN_POINT('',(2.072439774341E1,1.671080342927E2,1.204729636391E1));
#6300=CARTESIAN_POINT('',(1.858266738384E1,1.646983263053E2,1.185125939531E1));
#6301=CARTESIAN_POINT('',(1.683032353752E1,1.639948504658E2,1.312262555589E1));
#6302=CARTESIAN_POINT('',(1.613687945217E1,1.640372561143E2,1.398791707769E1));
#6303=CARTESIAN_POINT('',(1.606833281514E1,1.640458149070E2,1.407838128307E1));
#6304=B_SPLINE_SURFACE_WITH_KNOTS('',3,3,((#6250,#6251,#6252,#6253,#6254,#6255,
#6256,#6257,#6258),(#6259,#6260,#6261,#6262,#6263,#6264,#6265,#6266,#6267),(
#6268,#6269,#6270,#6271,#6272,#6273,#6274,#6275,#6276),(#6277,#6278,#6279,#6280,
#6281,#6282,#6283,#6284,#6285),(#6286,#6287,#6288,#6289,#6290,#6291,#6292,#6293,
#6294),(#6295,#6296,#6297,#6298,#6299,#6300,#6301,#6302,#6303)),.UNSPECIFIED.,
.F.,.F.,.F.,(4,1,1,4),(4,1,1,1,1,1,4),(2.523843421053E-1,5.E-1,7.5E-1,
1.015172197892E0),(4.857033111627E-1,5.E-1,6.25E-1,7.5E-1,8.75E-1,1.E0,
1.014296688837E0),.UNSPECIFIED.);
#6305=ORIENTED_EDGE('',*,*,#5631,.F.);
#6307=ORIENTED_EDGE('',*,*,#6306,.F.);
#6309=ORIENTED_EDGE('',*,*,#6308,.T.);
#6311=ORIENTED_EDGE('',*,*,#6310,.T.);
#6312=ORIENTED_EDGE('',*,*,#6149,.T.);
#6313=ORIENTED_EDGE('',*,*,#6162,.F.);
#6314=EDGE_LOOP('',(#6305,#6307,#6309,#6311,#6312,#6313));
#6315=FACE_OUTER_BOUND('',#6314,.F.);
#6317=CARTESIAN_POINT('',(2.114185467057E1,1.703494489634E2,1.304744685640E1));
#6318=CARTESIAN_POINT('',(2.114173646680E1,1.703495242843E2,1.304774685055E1));
#6319=CARTESIAN_POINT('',(2.113359055332E1,1.703546962116E2,1.306839405556E1));
#6320=CARTESIAN_POINT('',(2.111505058631E1,1.703637600756E2,1.311153682855E1));
#6321=CARTESIAN_POINT('',(2.108133492303E1,1.703721070605E2,1.317839112967E1));
#6322=CARTESIAN_POINT('',(2.103843742088E1,1.703739392338E2,1.325088617808E1));
#6323=CARTESIAN_POINT('',(2.098448838311E1,1.703665345095E2,1.332814901977E1));
#6324=CARTESIAN_POINT('',(2.091767687871E1,1.703464330924E2,1.340817333705E1));
#6325=CARTESIAN_POINT('',(2.083663230704E1,1.703095127019E2,1.348734993749E1));
#6326=CARTESIAN_POINT('',(2.074149436860E1,1.702515789922E2,1.355964945157E1));
#6327=CARTESIAN_POINT('',(2.063569840461E1,1.701701703112E2,1.361639050443E1));
#6328=CARTESIAN_POINT('',(2.052653071193E1,1.700667732495E2,1.364849030349E1));
#6329=CARTESIAN_POINT('',(2.042307898124E1,1.699470753506E2,1.364992531847E1));
#6330=CARTESIAN_POINT('',(2.033329416498E1,1.698187355937E2,1.361902999753E1));
#6331=CARTESIAN_POINT('',(2.026294623539E1,1.696895730138E2,1.355745065551E1));
#6332=CARTESIAN_POINT('',(2.021620965881E1,1.695682014250E2,1.346997525375E1));
#6333=CARTESIAN_POINT('',(2.019459522641E1,1.694637512666E2,1.336587325265E1));
#6334=CARTESIAN_POINT('',(2.019484032172E1,1.694041467426E2,1.328664712514E1));
#6335=CARTESIAN_POINT('',(2.019854774664E1,1.693779941420E2,1.324612975963E1));
#6336=CARTESIAN_POINT('',(2.019878798024E1,1.693764057089E2,1.324364487262E1));
#6337=CARTESIAN_POINT('',(2.102672568652E1,1.701566005170E2,1.306073475482E1));
#6338=CARTESIAN_POINT('',(2.102665165918E1,1.701566434337E2,1.306094721923E1));
#6339=CARTESIAN_POINT('',(2.102154963979E1,1.701595887834E2,1.307557006800E1));
#6340=CARTESIAN_POINT('',(2.100986715509E1,1.701645284740E2,1.310611161917E1));
#6341=CARTESIAN_POINT('',(2.098841595617E1,1.701682230629E2,1.315339543805E1));
#6342=CARTESIAN_POINT('',(2.096090663390E1,1.701672281826E2,1.320461678303E1));
#6343=CARTESIAN_POINT('',(2.092607811683E1,1.701597057109E2,1.325914944063E1));
#6344=CARTESIAN_POINT('',(2.088269076370E1,1.701433532313E2,1.331557677188E1));
#6345=CARTESIAN_POINT('',(2.082977134932E1,1.701154691474E2,1.337137195162E1));
#6346=CARTESIAN_POINT('',(2.076731081944E1,1.700733755810E2,1.342233633972E1));
#6347=CARTESIAN_POINT('',(2.069744989995E1,1.700156460295E2,1.346244434500E1));
#6348=CARTESIAN_POINT('',(2.062488865301E1,1.699435352486E2,1.348540685420E1));
#6349=CARTESIAN_POINT('',(2.055558171935E1,1.698610517257E2,1.348705555516E1));
#6350=CARTESIAN_POINT('',(2.0494799E1,1.697734233553E2,1.346622247912E1));
#6351=CARTESIAN_POINT('',(2.044640457322E1,1.696859174649E2,1.342400372364E1));
#6352=CARTESIAN_POINT('',(2.041324663097E1,1.696043038065E2,1.336363896125E1));
#6353=CARTESIAN_POINT('',(2.039648644752E1,1.695346419167E2,1.329146593012E1));
#6354=CARTESIAN_POINT('',(2.039485119045E1,1.694952805845E2,1.323630773761E1));
#6355=CARTESIAN_POINT('',(2.039639872594E1,1.694781253724E2,1.320803270575E1));
#6356=CARTESIAN_POINT('',(2.039650219948E1,1.694770838945E2,1.320629838951E1));
#6357=CARTESIAN_POINT('',(2.112821396484E1,1.699770670841E2,1.315067723780E1));
#6358=CARTESIAN_POINT('',(2.112816060166E1,1.699771084345E2,1.315086325949E1));
#6359=CARTESIAN_POINT('',(2.112448148376E1,1.699799475212E2,1.316366716790E1));
#6360=CARTESIAN_POINT('',(2.111587116649E1,1.699848870413E2,1.319055193533E1));
#6361=CARTESIAN_POINT('',(2.109945633148E1,1.699892477034E2,1.323263241126E1));
#6362=CARTESIAN_POINT('',(2.107770230179E1,1.699897346368E2,1.327876799254E1));
#6363=CARTESIAN_POINT('',(2.104933309528E1,1.699846594890E2,1.332853127078E1));
#6364=CARTESIAN_POINT('',(2.101302948089E1,1.699718459605E2,1.338074805623E1));
#6365=CARTESIAN_POINT('',(2.096766807885E1,1.699486703735E2,1.343314907966E1));
#6366=CARTESIAN_POINT('',(2.091299797490E1,1.699124441443E2,1.348177757332E1));
#6367=CARTESIAN_POINT('',(2.085082270858E1,1.698615905384E2,1.352077512842E1));
#6368=CARTESIAN_POINT('',(2.078550831659E1,1.697971071499E2,1.354388120222E1));
#6369=CARTESIAN_POINT('',(2.072278175812E1,1.697227515954E2,1.354685590514E1));
#6370=CARTESIAN_POINT('',(2.066779652652E1,1.696435864468E2,1.352845745115E1));
#6371=CARTESIAN_POINT('',(2.062434192483E1,1.695647772522E2,1.348975321605E1));
#6372=CARTESIAN_POINT('',(2.059514171848E1,1.694919188547E2,1.343394969668E1));
#6373=CARTESIAN_POINT('',(2.058119359837E1,1.694307221782E2,1.336723799357E1));
#6374=CARTESIAN_POINT('',(2.058072031988E1,1.693970148081E2,1.331649995939E1));
#6375=CARTESIAN_POINT('',(2.058262144989E1,1.693826045255E2,1.329060810280E1));
#6376=CARTESIAN_POINT('',(2.058274570059E1,1.693817308825E2,1.328902037984E1));
#6377=CARTESIAN_POINT('',(2.134011088688E1,1.699987324108E2,1.322314849067E1));
#6378=CARTESIAN_POINT('',(2.134003305033E1,1.699988046719E2,1.322339682929E1));
#6379=CARTESIAN_POINT('',(2.133466675897E1,1.700037690155E2,1.324049075464E1));
#6380=CARTESIAN_POINT('',(2.132212823668E1,1.700128325465E2,1.327649004150E1));
#6381=CARTESIAN_POINT('',(2.129825105395E1,1.700224806980E2,1.333317967038E1));
#6382=CARTESIAN_POINT('',(2.126659645150E1,1.700272075778E2,1.339573973631E1));
#6383=CARTESIAN_POINT('',(2.122526560462E1,1.700245836733E2,1.346368564877E1));
#6384=CARTESIAN_POINT('',(2.117229210461E1,1.700113955576E2,1.353548471193E1));
#6385=CARTESIAN_POINT('',(2.110601202549E1,1.699836731631E2,1.360803086601E1));
#6386=CARTESIAN_POINT('',(2.102609259695E1,1.699372012310E2,1.367576723641E1));
#6387=CARTESIAN_POINT('',(2.093531047046E1,1.698692246327E2,1.373033903727E1));
#6388=CARTESIAN_POINT('',(2.084029942784E1,1.697807275967E2,1.376271928818E1));
#6389=CARTESIAN_POINT('',(2.074970238645E1,1.696769075933E2,1.376674463315E1));
#6390=CARTESIAN_POINT('',(2.067124289766E1,1.695651006455E2,1.374060531913E1));
#6391=CARTESIAN_POINT('',(2.061054486112E1,1.694529269635E2,1.368589155338E1));
#6392=CARTESIAN_POINT('',(2.057153967733E1,1.693486586789E2,1.360732648882E1));
#6393=CARTESIAN_POINT('',(2.055541857920E1,1.692607452199E2,1.351389313093E1));
#6394=CARTESIAN_POINT('',(2.055793358669E1,1.692121856477E2,1.344330173327E1));
#6395=CARTESIAN_POINT('',(2.056233175454E1,1.691913952362E2,1.340743987397E1));
#6396=CARTESIAN_POINT('',(2.056261257611E1,1.691901346668E2,1.340524135530E1));
#6397=CARTESIAN_POINT('',(2.155200780892E1,1.700203977375E2,1.329561974355E1));
#6398=CARTESIAN_POINT('',(2.155190549900E1,1.700205009093E2,1.329593039908E1));
#6399=CARTESIAN_POINT('',(2.154485203419E1,1.700275905098E2,1.331731434139E1));
#6400=CARTESIAN_POINT('',(2.152838530687E1,1.700407780516E2,1.336242814768E1));
#6401=CARTESIAN_POINT('',(2.149704577642E1,1.700557136926E2,1.343372692950E1));
#6402=CARTESIAN_POINT('',(2.145549060120E1,1.700646805187E2,1.351271148009E1));
#6403=CARTESIAN_POINT('',(2.140119811396E1,1.700645078576E2,1.359884002676E1));
#6404=CARTESIAN_POINT('',(2.133155472833E1,1.700509451547E2,1.369022136764E1));
#6405=CARTESIAN_POINT('',(2.124435597212E1,1.700186759527E2,1.378291265235E1));
#6406=CARTESIAN_POINT('',(2.113918721900E1,1.699619583176E2,1.386975689951E1));
#6407=CARTESIAN_POINT('',(2.101979823233E1,1.698768587270E2,1.393990294613E1));
#6408=CARTESIAN_POINT('',(2.089509053908E1,1.697643480435E2,1.398155737413E1));
#6409=CARTESIAN_POINT('',(2.077662301478E1,1.696310635913E2,1.398663336116E1));
#6410=CARTESIAN_POINT('',(2.067468926880E1,1.694866148442E2,1.395275318711E1));
#6411=CARTESIAN_POINT('',(2.059674779741E1,1.693410766747E2,1.388202989070E1));
#6412=CARTESIAN_POINT('',(2.054793763619E1,1.692053985031E2,1.378070328096E1));
#6413=CARTESIAN_POINT('',(2.052964356004E1,1.690907682616E2,1.366054826828E1));
#6414=CARTESIAN_POINT('',(2.053514685351E1,1.690273564874E2,1.357010350714E1));
#6415=CARTESIAN_POINT('',(2.054204205919E1,1.690001859470E2,1.352427164515E1));
#6416=CARTESIAN_POINT('',(2.054247945162E1,1.689985384510E2,1.352146233076E1));
#6417=CARTESIAN_POINT('',(2.165256087522E1,1.702205888170E2,1.327477778944E1));
#6418=CARTESIAN_POINT('',(2.165241456605E1,1.702207230282E2,1.327517430616E1));
#6419=CARTESIAN_POINT('',(2.164232949873E1,1.702299453003E2,1.330246767200E1));
#6420=CARTESIAN_POINT('',(2.161904510444E1,1.702470652109E2,1.335992885435E1));
#6421=CARTESIAN_POINT('',(2.157555394502E1,1.702663763406E2,1.345036064302E1));
#6422=CARTESIAN_POINT('',(2.151880339182E1,1.702779040945E2,1.355009151966E1));
#6423=CARTESIAN_POINT('',(2.144569281495E1,1.702776213426E2,1.365832638401E1));
#6424=CARTESIAN_POINT('',(2.135307114113E1,1.702601625239E2,1.377258975342E1));
#6425=CARTESIAN_POINT('',(2.123836864801E1,1.702188494950E2,1.388788335113E1));
#6426=CARTESIAN_POINT('',(2.110133452044E1,1.701464953594E2,1.399528263944E1));
#6427=CARTESIAN_POINT('',(2.094698355945E1,1.700381932416E2,1.408138900535E1));
#6428=CARTESIAN_POINT('',(2.078671358710E1,1.698951584215E2,1.413174269287E1));
#6429=CARTESIAN_POINT('',(2.063509149397E1,1.697256519785E2,1.413649445338E1));
#6430=CARTESIAN_POINT('',(2.050497781860E1,1.695416164191E2,1.409279883385E1));
#6431=CARTESIAN_POINT('',(2.040565509991E1,1.693555688884E2,1.400329610866E1));
#6432=CARTESIAN_POINT('',(2.034353826649E1,1.691811864799E2,1.387570537722E1));
#6433=CARTESIAN_POINT('',(2.032036021678E1,1.690326168720E2,1.372461023762E1));
#6434=CARTESIAN_POINT('',(2.032755082891E1,1.689493897272E2,1.361081535817E1));
#6435=CARTESIAN_POINT('',(2.033647333772E1,1.689133908756E2,1.355309403488E1));
#6436=CARTESIAN_POINT('',(2.033703924154E1,1.689112066147E2,1.354955574032E1));
#6437=CARTESIAN_POINT('',(2.153654017698E1,1.703898034450E2,1.318243396648E1));
#6438=CARTESIAN_POINT('',(2.153637638838E1,1.703899363411E2,1.318285003397E1));
#6439=CARTESIAN_POINT('',(2.152508789545E1,1.703990668350E2,1.321148795209E1));
#6440=CARTESIAN_POINT('',(2.149923113699E1,1.704158122043E2,1.327160769994E1));
#6441=CARTESIAN_POINT('',(2.145161588300E1,1.704340078241E2,1.336567344365E1));
#6442=CARTESIAN_POINT('',(2.139027727968E1,1.704437374476E2,1.346876122544E1));
#6443=CARTESIAN_POINT('',(2.131218550524E1,1.704408984821E2,1.357989158217E1));
#6444=CARTESIAN_POINT('',(2.121432417631E1,1.704200993478E2,1.369639043208E1));
#6445=CARTESIAN_POINT('',(2.109431585482E1,1.703747099385E2,1.381308995173E1));
#6446=CARTESIAN_POINT('',(2.095214777378E1,1.702976922777E2,1.392098036509E1));
#6447=CARTESIAN_POINT('',(2.079306782158E1,1.701843898022E2,1.400673047112E1));
#6448=CARTESIAN_POINT('',(2.062858626459E1,1.700362642068E2,1.405610462815E1));
#6449=CARTESIAN_POINT('',(2.047322214389E1,1.698616849495E2,1.405949660026E1));
#6450=CARTESIAN_POINT('',(2.033971347832E1,1.696725456068E2,1.401418292330E1));
#6451=CARTESIAN_POINT('',(2.023724741436E1,1.694812373407E2,1.392278375353E1));
#6452=CARTESIAN_POINT('',(2.017224779531E1,1.693013607626E2,1.379291202104E1));
#6453=CARTESIAN_POINT('',(2.014658590945E1,1.691471471309E2,1.363903747134E1));
#6454=CARTESIAN_POINT('',(2.015239707508E1,1.690598784538E2,1.352283187880E1));
#6455=CARTESIAN_POINT('',(2.016075555690E1,1.690218420354E2,1.346374408987E1));
#6456=CARTESIAN_POINT('',(2.016128742404E1,1.690195329015E2,1.346012151660E1));
#6457=(BOUNDED_SURFACE()B_SPLINE_SURFACE(3,3,((#6317,#6318,#6319,#6320,#6321,
#6322,#6323,#6324,#6325,#6326,#6327,#6328,#6329,#6330,#6331,#6332,#6333,#6334,
#6335,#6336),(#6337,#6338,#6339,#6340,#6341,#6342,#6343,#6344,#6345,#6346,#6347,
#6348,#6349,#6350,#6351,#6352,#6353,#6354,#6355,#6356),(#6357,#6358,#6359,#6360,
#6361,#6362,#6363,#6364,#6365,#6366,#6367,#6368,#6369,#6370,#6371,#6372,#6373,
#6374,#6375,#6376),(#6377,#6378,#6379,#6380,#6381,#6382,#6383,#6384,#6385,#6386,
#6387,#6388,#6389,#6390,#6391,#6392,#6393,#6394,#6395,#6396),(#6397,#6398,#6399,
#6400,#6401,#6402,#6403,#6404,#6405,#6406,#6407,#6408,#6409,#6410,#6411,#6412,
#6413,#6414,#6415,#6416),(#6417,#6418,#6419,#6420,#6421,#6422,#6423,#6424,#6425,
#6426,#6427,#6428,#6429,#6430,#6431,#6432,#6433,#6434,#6435,#6436),(#6437,#6438,
#6439,#6440,#6441,#6442,#6443,#6444,#6445,#6446,#6447,#6448,#6449,#6450,#6451,
#6452,#6453,#6454,#6455,#6456)),.UNSPECIFIED.,.F.,.F.,.F.)B_SPLINE_SURFACE_WITH_KNOTS((4,3,4),(4,1,1,1,1,1,1,1,1,1,1,1,1,1,1,1,1,4),(0.E0,1.E0,2.E0),(
5.429955684028E-2,5.461303462744E-2,7.587646852324E-2,9.963379163503E-2,
1.263451170470E-1,1.564644245566E-1,1.904512812084E-1,2.287806607846E-1,
2.718506146752E-1,3.193596686864E-1,3.697596583073E-1,4.213249415522E-1,
4.731334462916E-1,5.248455162361E-1,5.761439828919E-1,6.252655177771E-1,
6.695062912794E-1,6.723890631123E-1),.UNSPECIFIED.)GEOMETRIC_REPRESENTATION_ITEM()RATIONAL_B_SPLINE_SURFACE(((1.354330506620E0,1.354330506620E0,1.354330506620E0,
1.354330506620E0,1.354330506620E0,1.354330506620E0,1.354330506620E0,
1.354330506620E0,1.354330506620E0,1.354330506620E0,1.354330506620E0,
1.354330506620E0,1.354330506620E0,1.354330506620E0,1.354330506620E0,
1.354330506620E0,1.354330506620E0,1.354330506620E0,1.354330506620E0,
1.354330506620E0),(8.818898311268E-1,8.818898311268E-1,8.818898311268E-1,
8.818898311268E-1,8.818898311268E-1,8.818898311268E-1,8.818898311268E-1,
8.818898311268E-1,8.818898311268E-1,8.818898311268E-1,8.818898311268E-1,
8.818898311268E-1,8.818898311268E-1,8.818898311268E-1,8.818898311268E-1,
8.818898311268E-1,8.818898311268E-1,8.818898311268E-1,8.818898311268E-1,
8.818898311268E-1),(8.818898311268E-1,8.818898311268E-1,8.818898311268E-1,
8.818898311268E-1,8.818898311268E-1,8.818898311268E-1,8.818898311268E-1,
8.818898311268E-1,8.818898311268E-1,8.818898311268E-1,8.818898311268E-1,
8.818898311268E-1,8.818898311268E-1,8.818898311268E-1,8.818898311268E-1,
8.818898311268E-1,8.818898311268E-1,8.818898311268E-1,8.818898311268E-1,
8.818898311268E-1),(1.354330506620E0,1.354330506620E0,1.354330506620E0,
1.354330506620E0,1.354330506620E0,1.354330506620E0,1.354330506620E0,
1.354330506620E0,1.354330506620E0,1.354330506620E0,1.354330506620E0,
1.354330506620E0,1.354330506620E0,1.354330506620E0,1.354330506620E0,
1.354330506620E0,1.354330506620E0,1.354330506620E0,1.354330506620E0,
1.354330506620E0),(8.818898311268E-1,8.818898311268E-1,8.818898311268E-1,
8.818898311268E-1,8.818898311268E-1,8.818898311268E-1,8.818898311268E-1,
8.818898311268E-1,8.818898311268E-1,8.818898311268E-1,8.818898311268E-1,
8.818898311268E-1,8.818898311268E-1,8.818898311268E-1,8.818898311268E-1,
8.818898311268E-1,8.818898311268E-1,8.818898311268E-1,8.818898311268E-1,
8.818898311268E-1),(8.818898311268E-1,8.818898311268E-1,8.818898311268E-1,
8.818898311268E-1,8.818898311268E-1,8.818898311268E-1,8.818898311268E-1,
8.818898311268E-1,8.818898311268E-1,8.818898311268E-1,8.818898311268E-1,
8.818898311268E-1,8.818898311268E-1,8.818898311268E-1,8.818898311268E-1,
8.818898311268E-1,8.818898311268E-1,8.818898311268E-1,8.818898311268E-1,
8.818898311268E-1),(1.354330506620E0,1.354330506620E0,1.354330506620E0,
1.354330506620E0,1.354330506620E0,1.354330506620E0,1.354330506620E0,
1.354330506620E0,1.354330506620E0,1.354330506620E0,1.354330506620E0,
1.354330506620E0,1.354330506620E0,1.354330506620E0,1.354330506620E0,
1.354330506620E0,1.354330506620E0,1.354330506620E0,1.354330506620E0,
1.354330506620E0)))REPRESENTATION_ITEM('')SURFACE());
#6458=ORIENTED_EDGE('',*,*,#5629,.F.);
#6460=ORIENTED_EDGE('',*,*,#6459,.F.);
#6462=ORIENTED_EDGE('',*,*,#6461,.T.);
#6463=ORIENTED_EDGE('',*,*,#6306,.T.);
#6464=EDGE_LOOP('',(#6458,#6460,#6462,#6463));
#6465=FACE_OUTER_BOUND('',#6464,.F.);
#6467=CARTESIAN_POINT('',(0.E0,1.702725612314E2,0.E0));
#6468=DIRECTION('',(0.E0,-1.E0,0.E0));
#6469=DIRECTION('',(8.311086859216E-1,0.E0,-5.561100180592E-1));
#6470=AXIS2_PLACEMENT_3D('',#6467,#6468,#6469);
#6471=TOROIDAL_SURFACE('',#6470,2.509173450615E1,2.5E-1);
#6472=ORIENTED_EDGE('',*,*,#5830,.T.);
#6473=ORIENTED_EDGE('',*,*,#6459,.T.);
#6474=ORIENTED_EDGE('',*,*,#5627,.F.);
#6476=ORIENTED_EDGE('',*,*,#6475,.F.);
#6477=EDGE_LOOP('',(#6472,#6473,#6474,#6476));
#6478=FACE_OUTER_BOUND('',#6477,.F.);
#6480=CARTESIAN_POINT('',(2.019891803466E1,1.693755195885E2,-1.324226131077E1));
#6481=CARTESIAN_POINT('',(2.019842637245E1,1.693786963721E2,-1.324724891640E1));
#6482=CARTESIAN_POINT('',(2.019581635927E1,1.693979069633E2,-1.327682923948E1));
#6483=CARTESIAN_POINT('',(2.019447320764E1,1.694383124777E2,-1.333242252016E1));
#6484=CARTESIAN_POINT('',(2.020223411514E1,1.695044579305E2,-1.340766477632E1));
#6485=CARTESIAN_POINT('',(2.022334109740E1,1.695866893985E2,-1.348327092302E1));
#6486=CARTESIAN_POINT('',(2.026230580414E1,1.696862564984E2,-1.355408592007E1));
#6487=CARTESIAN_POINT('',(2.032314147523E1,1.698014903513E2,-1.361196158256E1));
#6488=CARTESIAN_POINT('',(2.040690946852E1,1.699259540481E2,-1.364696401951E1));
#6489=CARTESIAN_POINT('',(2.050997289078E1,1.700494588722E2,-1.365115990187E1));
#6490=CARTESIAN_POINT('',(2.062525756630E1,1.701617228632E2,-1.362140926431E1));
#6491=CARTESIAN_POINT('',(2.074497621552E1,1.702549938479E2,-1.355880328869E1));
#6492=CARTESIAN_POINT('',(2.086193557264E1,1.703240669709E2,-1.346692616355E1));
#6493=CARTESIAN_POINT('',(2.096959712706E1,1.703655500866E2,-1.335098609381E1));
#6494=CARTESIAN_POINT('',(2.106385687273E1,1.703778501994E2,-1.321509200656E1));
#6495=CARTESIAN_POINT('',(2.111615238195E1,1.703647250690E2,-1.311108511183E1));
#6496=CARTESIAN_POINT('',(2.113896650211E1,1.703512613727E2,-1.305473879339E1));
#6497=CARTESIAN_POINT('',(2.114083834198E1,1.703500908453E2,-1.305002237462E1));
#6498=CARTESIAN_POINT('',(2.039655805037E1,1.694765083698E2,-1.320532939711E1));
#6499=CARTESIAN_POINT('',(2.039634406539E1,1.694785908884E2,-1.320881061703E1));
#6500=CARTESIAN_POINT('',(2.039527861104E1,1.694911959186E2,-1.322945115623E1));
#6501=CARTESIAN_POINT('',(2.039564699838E1,1.695178405969E2,-1.326817801211E1));
#6502=CARTESIAN_POINT('',(2.040252345965E1,1.695617713310E2,-1.332044699647E1));
#6503=CARTESIAN_POINT('',(2.041830499252E1,1.696167399431E2,-1.337280726153E1));
#6504=CARTESIAN_POINT('',(2.044590426192E1,1.696837109719E2,-1.342166818247E1));
#6505=CARTESIAN_POINT('',(2.048785316387E1,1.697617178325E2,-1.346138431210E1));
#6506=CARTESIAN_POINT('',(2.054468670669E1,1.698465814090E2,-1.348509976214E1));
#6507=CARTESIAN_POINT('',(2.061384101894E1,1.699315385843E2,-1.348735560278E1));
#6508=CARTESIAN_POINT('',(2.069054323508E1,1.700096832827E2,-1.346598969434E1));
#6509=CARTESIAN_POINT('',(2.076962410693E1,1.700757475144E2,-1.342172569601E1));
#6510=CARTESIAN_POINT('',(2.084635920434E1,1.701261149103E2,-1.335697576990E1));
#6511=CARTESIAN_POINT('',(2.091648345639E1,1.701583070808E2,-1.327526599325E1));
#6512=CARTESIAN_POINT('',(2.097732302505E1,1.701710477856E2,-1.317935649574E1));
#6513=CARTESIAN_POINT('',(2.101059330448E1,1.701652147746E2,-1.310579689662E1));
#6514=CARTESIAN_POINT('',(2.102491029643E1,1.701576298229E2,-1.306589696296E1));
#6515=CARTESIAN_POINT('',(2.102608326891E1,1.701569645725E2,-1.306255685428E1));
#6516=CARTESIAN_POINT('',(2.058281842104E1,1.693812475084E2,-1.328813460836E1));
#6517=CARTESIAN_POINT('',(2.058256336906E1,1.693829935423E2,-1.329132122436E1));
#6518=CARTESIAN_POINT('',(2.058123324493E1,1.693935904515E2,-1.331022542664E1));
#6519=CARTESIAN_POINT('',(2.058086579544E1,1.694163138114E2,-1.334580711670E1));
#6520=CARTESIAN_POINT('',(2.058616476731E1,1.694545051592E2,-1.339402041324E1));
#6521=CARTESIAN_POINT('',(2.059960243496E1,1.695030248910E2,-1.344243011182E1));
#6522=CARTESIAN_POINT('',(2.062393165005E1,1.695628237642E2,-1.348758199030E1));
#6523=CARTESIAN_POINT('',(2.066154370223E1,1.696330226706E2,-1.352404436745E1));
#6524=CARTESIAN_POINT('',(2.071291790893E1,1.697096750020E2,-1.354523317344E1));
#6525=CARTESIAN_POINT('',(2.077552932796E1,1.697863206787E2,-1.354594570376E1));
#6526=CARTESIAN_POINT('',(2.084465339418E1,1.698563088337E2,-1.352424641801E1));
#6527=CARTESIAN_POINT('',(2.091510426677E1,1.699145709083E2,-1.348114038822E1));
#6528=CARTESIAN_POINT('',(2.098213541982E1,1.699577659520E2,-1.341944881788E1));
#6529=CARTESIAN_POINT('',(2.104161665276E1,1.699839010063E2,-1.334318824932E1));
#6530=CARTESIAN_POINT('',(2.109110118783E1,1.699923471471E2,-1.325566169203E1));
#6531=CARTESIAN_POINT('',(2.111651322495E1,1.699854295249E2,-1.319019437176E1));
#6532=CARTESIAN_POINT('',(2.112690239210E1,1.699780568085E2,-1.315519975292E1));
#6533=CARTESIAN_POINT('',(2.112774899620E1,1.699774149111E2,-1.315227374480E1));
#6534=CARTESIAN_POINT('',(2.056276993424E1,1.691894314514E2,-1.340401785243E1));
#6535=CARTESIAN_POINT('',(2.056219804935E1,1.691919509262E2,-1.340842996154E1));
#6536=CARTESIAN_POINT('',(2.055907101475E1,1.692072387364E2,-1.343461842255E1));
#6537=CARTESIAN_POINT('',(2.055629043643E1,1.692399841182E2,-1.348406775240E1));
#6538=CARTESIAN_POINT('',(2.056096978388E1,1.692949179182E2,-1.355138739083E1));
#6539=CARTESIAN_POINT('',(2.057749812276E1,1.693645517664E2,-1.361927626995E1));
#6540=CARTESIAN_POINT('',(2.061007491421E1,1.694501083579E2,-1.368284580658E1));
#6541=CARTESIAN_POINT('',(2.066243872936E1,1.695500896967E2,-1.373436539871E1));
#6542=CARTESIAN_POINT('',(2.073554213625E1,1.696585130672E2,-1.376443214143E1));
#6543=CARTESIAN_POINT('',(2.082582428829E1,1.697657817239E2,-1.376561323117E1));
#6544=CARTESIAN_POINT('',(2.092630536261E1,1.698621122461E2,-1.373521135486E1));
#6545=CARTESIAN_POINT('',(2.102916566666E1,1.699401420408E2,-1.367486742269E1));
#6546=CARTESIAN_POINT('',(2.112716877144E1,1.699952042715E2,-1.358896466857E1));
#6547=CARTESIAN_POINT('',(2.121403962997E1,1.700248550623E2,-1.348366940055E1));
#6548=CARTESIAN_POINT('',(2.128611778904E1,1.700287659226E2,-1.336415103892E1));
#6549=CARTESIAN_POINT('',(2.132306254823E1,1.700135220493E2,-1.327595207489E1));
#6550=CARTESIAN_POINT('',(2.133820382575E1,1.700004729459E2,-1.322918808526E1));
#6551=CARTESIAN_POINT('',(2.133943811853E1,1.699993480377E2,-1.322528059472E1));
#6552=CARTESIAN_POINT('',(2.054272144745E1,1.689976153944E2,-1.351990109650E1));
#6553=CARTESIAN_POINT('',(2.054183272965E1,1.690009083100E2,-1.352553869872E1));
#6554=CARTESIAN_POINT('',(2.053690878457E1,1.690208870212E2,-1.355901141847E1));
#6555=CARTESIAN_POINT('',(2.053171507741E1,1.690636544250E2,-1.362232838810E1));
#6556=CARTESIAN_POINT('',(2.053577480045E1,1.691353306771E2,-1.370875436842E1));
#6557=CARTESIAN_POINT('',(2.055539381056E1,1.692260786418E2,-1.379612242809E1));
#6558=CARTESIAN_POINT('',(2.059621817837E1,1.693373929516E2,-1.387810962285E1));
#6559=CARTESIAN_POINT('',(2.066333375649E1,1.694671567229E2,-1.394468642996E1));
#6560=CARTESIAN_POINT('',(2.075816636357E1,1.696073511323E2,-1.398363110942E1));
#6561=CARTESIAN_POINT('',(2.087611924863E1,1.697452427691E2,-1.398528075857E1));
#6562=CARTESIAN_POINT('',(2.100795733105E1,1.698679156584E2,-1.394617629170E1));
#6563=CARTESIAN_POINT('',(2.114322706656E1,1.699657131733E2,-1.386859445717E1));
#6564=CARTESIAN_POINT('',(2.127220212306E1,1.700326425910E2,-1.375848051925E1));
#6565=CARTESIAN_POINT('',(2.138646260718E1,1.700658091183E2,-1.362415055179E1));
#6566=CARTESIAN_POINT('',(2.148113439025E1,1.700651846980E2,-1.347264038581E1));
#6567=CARTESIAN_POINT('',(2.152961187150E1,1.700416145738E2,-1.336170977802E1));
#6568=CARTESIAN_POINT('',(2.154950525940E1,1.700228890833E2,-1.330317641759E1));
#6569=CARTESIAN_POINT('',(2.155112724087E1,1.700212811643E2,-1.329828744465E1));
#6570=CARTESIAN_POINT('',(2.033734567713E1,1.689099876107E2,-1.354758574637E1));
#6571=CARTESIAN_POINT('',(2.033619593931E1,1.689143544548E2,-1.355468640930E1));
#6572=CARTESIAN_POINT('',(2.032982338449E1,1.689408138663E2,-1.359684070420E1));
#6573=CARTESIAN_POINT('',(2.032306469603E1,1.689970581702E2,-1.367652505833E1));
#6574=CARTESIAN_POINT('',(2.032811112233E1,1.690904370415E2,-1.378522383005E1));
#6575=CARTESIAN_POINT('',(2.035302082433E1,1.692077653197E2,-1.389511504599E1));
#6576=CARTESIAN_POINT('',(2.040497896802E1,1.693508107E2,-1.399837175545E1));
#6577=CARTESIAN_POINT('',(2.049049658934E1,1.695167787380E2,-1.408255874426E1));
#6578=CARTESIAN_POINT('',(2.061150642259E1,1.696954767590E2,-1.413249481179E1));
#6579=CARTESIAN_POINT('',(2.076238509578E1,1.698708776341E2,-1.413613452320E1));
#6580=CARTESIAN_POINT('',(2.093169893322E1,1.700268234201E2,-1.408906587493E1));
#6581=CARTESIAN_POINT('',(2.110649971507E1,1.701512707924E2,-1.399389044776E1));
#6582=CARTESIAN_POINT('',(2.127470918578E1,1.702366874324E2,-1.385763379569E1));
#6583=CARTESIAN_POINT('',(2.142572755967E1,1.702792631846E2,-1.369017123990E1));
#6584=CARTESIAN_POINT('',(2.155329645859E1,1.702786091267E2,-1.349977527671E1));
#6585=CARTESIAN_POINT('',(2.162062815375E1,1.702481848791E2,-1.335907871169E1));
#6586=CARTESIAN_POINT('',(2.164898030635E1,1.702238349539E2,-1.328441843012E1));
#6587=CARTESIAN_POINT('',(2.165129830127E1,1.702217431511E2,-1.327817955390E1));
#6588=CARTESIAN_POINT('',(2.016157689523E1,1.690182542147E2,-1.345809866635E1));
#6589=CARTESIAN_POINT('',(2.016049511857E1,1.690228715641E2,-1.346536880380E1));
#6590=CARTESIAN_POINT('',(2.015453828499E1,1.690508191532E2,-1.350851636135E1));
#6591=CARTESIAN_POINT('',(2.014870058068E1,1.691098910998E2,-1.358993869716E1));
#6592=CARTESIAN_POINT('',(2.015530741197E1,1.692072200652E2,-1.370076730872E1));
#6593=CARTESIAN_POINT('',(2.018217089776E1,1.693287774521E2,-1.381265423831E1));
#6594=CARTESIAN_POINT('',(2.023649705807E1,1.694763193723E2,-1.391777288867E1));
#6595=CARTESIAN_POINT('',(2.032480850044E1,1.696470242426E2,-1.400369323950E1));
#6596=CARTESIAN_POINT('',(2.044904803165E1,1.698306628194E2,-1.405523120238E1));
#6597=CARTESIAN_POINT('',(2.060364934354E1,1.700112042157E2,-1.406029979612E1));
#6598=CARTESIAN_POINT('',(2.077733774913E1,1.701725319598E2,-1.401434022216E1));
#6599=CARTESIAN_POINT('',(2.095742031066E1,1.703026211444E2,-1.391962793735E1));
#6600=CARTESIAN_POINT('',(2.113206621436E1,1.703937973961E2,-1.378265647673E1));
#6601=CARTESIAN_POINT('',(2.129074208415E1,1.704418287171E2,-1.361263807324E1));
#6602=CARTESIAN_POINT('',(2.142708339299E1,1.704456816815E2,-1.341715792152E1));
#6603=CARTESIAN_POINT('',(2.150085907611E1,1.704170485628E2,-1.327081239608E1));
#6604=CARTESIAN_POINT('',(2.153252419923E1,1.703930123598E2,-1.319254513566E1));
#6605=CARTESIAN_POINT('',(2.153511812538E1,1.703909422047E2,-1.318600066513E1));
#6606=(BOUNDED_SURFACE()B_SPLINE_SURFACE(3,3,((#6480,#6481,#6482,#6483,#6484,
#6485,#6486,#6487,#6488,#6489,#6490,#6491,#6492,#6493,#6494,#6495,#6496,#6497),(
#6498,#6499,#6500,#6501,#6502,#6503,#6504,#6505,#6506,#6507,#6508,#6509,#6510,
#6511,#6512,#6513,#6514,#6515),(#6516,#6517,#6518,#6519,#6520,#6521,#6522,#6523,
#6524,#6525,#6526,#6527,#6528,#6529,#6530,#6531,#6532,#6533),(#6534,#6535,#6536,
#6537,#6538,#6539,#6540,#6541,#6542,#6543,#6544,#6545,#6546,#6547,#6548,#6549,
#6550,#6551),(#6552,#6553,#6554,#6555,#6556,#6557,#6558,#6559,#6560,#6561,#6562,
#6563,#6564,#6565,#6566,#6567,#6568,#6569),(#6570,#6571,#6572,#6573,#6574,#6575,
#6576,#6577,#6578,#6579,#6580,#6581,#6582,#6583,#6584,#6585,#6586,#6587),(#6588,
#6589,#6590,#6591,#6592,#6593,#6594,#6595,#6596,#6597,#6598,#6599,#6600,#6601,
#6602,#6603,#6604,#6605)),.UNSPECIFIED.,.F.,.F.,.F.)B_SPLINE_SURFACE_WITH_KNOTS(
(4,3,4),(4,1,1,1,1,1,1,1,1,1,1,1,1,1,1,4),(0.E0,1.E0,2.E0),(3.273334180387E-1,
3.331196914180E-1,3.618239251199E-1,3.942953974936E-1,4.310411147774E-1,
4.725892366618E-1,5.191610916512E-1,5.697201123886E-1,6.223065023787E-1,
6.755098648858E-1,7.286931631830E-1,7.816136524255E-1,8.341800920706E-1,
8.861331038172E-1,9.400295815099E-1,9.449457197260E-1),.UNSPECIFIED.)GEOMETRIC_REPRESENTATION_ITEM()RATIONAL_B_SPLINE_SURFACE(((1.354344418355E0,
1.354344418355E0,1.354344418355E0,1.354344418355E0,1.354344418355E0,
1.354344418355E0,1.354344418355E0,1.354344418355E0,1.354344418355E0,
1.354344418355E0,1.354344418355E0,1.354344418355E0,1.354344418355E0,
1.354344418355E0,1.354344418355E0,1.354344418355E0,1.354344418355E0,
1.354344418355E0),(8.818851938817E-1,8.818851938817E-1,8.818851938817E-1,
8.818851938817E-1,8.818851938817E-1,8.818851938817E-1,8.818851938817E-1,
8.818851938817E-1,8.818851938817E-1,8.818851938817E-1,8.818851938817E-1,
8.818851938817E-1,8.818851938817E-1,8.818851938817E-1,8.818851938817E-1,
8.818851938817E-1,8.818851938817E-1,8.818851938817E-1),(8.818851938817E-1,
8.818851938817E-1,8.818851938817E-1,8.818851938817E-1,8.818851938817E-1,
8.818851938817E-1,8.818851938817E-1,8.818851938817E-1,8.818851938817E-1,
8.818851938817E-1,8.818851938817E-1,8.818851938817E-1,8.818851938817E-1,
8.818851938817E-1,8.818851938817E-1,8.818851938817E-1,8.818851938817E-1,
8.818851938817E-1),(1.354344418355E0,1.354344418355E0,1.354344418355E0,
1.354344418355E0,1.354344418355E0,1.354344418355E0,1.354344418355E0,
1.354344418355E0,1.354344418355E0,1.354344418355E0,1.354344418355E0,
1.354344418355E0,1.354344418355E0,1.354344418355E0,1.354344418355E0,
1.354344418355E0,1.354344418355E0,1.354344418355E0),(8.818851938817E-1,
8.818851938817E-1,8.818851938817E-1,8.818851938817E-1,8.818851938817E-1,
8.818851938817E-1,8.818851938817E-1,8.818851938817E-1,8.818851938817E-1,
8.818851938817E-1,8.818851938817E-1,8.818851938817E-1,8.818851938817E-1,
8.818851938817E-1,8.818851938817E-1,8.818851938817E-1,8.818851938817E-1,
8.818851938817E-1),(8.818851938817E-1,8.818851938817E-1,8.818851938817E-1,
8.818851938817E-1,8.818851938817E-1,8.818851938817E-1,8.818851938817E-1,
8.818851938817E-1,8.818851938817E-1,8.818851938817E-1,8.818851938817E-1,
8.818851938817E-1,8.818851938817E-1,8.818851938817E-1,8.818851938817E-1,
8.818851938817E-1,8.818851938817E-1,8.818851938817E-1),(1.354344418355E0,
1.354344418355E0,1.354344418355E0,1.354344418355E0,1.354344418355E0,
1.354344418355E0,1.354344418355E0,1.354344418355E0,1.354344418355E0,
1.354344418355E0,1.354344418355E0,1.354344418355E0,1.354344418355E0,
1.354344418355E0,1.354344418355E0,1.354344418355E0,1.354344418355E0,
1.354344418355E0)))REPRESENTATION_ITEM('')SURFACE());
#6608=ORIENTED_EDGE('',*,*,#6607,.T.);
#6609=ORIENTED_EDGE('',*,*,#6475,.T.);
#6610=ORIENTED_EDGE('',*,*,#5625,.F.);
#6612=ORIENTED_EDGE('',*,*,#6611,.T.);
#6613=EDGE_LOOP('',(#6608,#6609,#6610,#6612));
#6614=FACE_OUTER_BOUND('',#6613,.F.);
#6616=CARTESIAN_POINT('',(8.646151456943E0,1.760072002647E2,-2.952341854733E0));
#6617=CARTESIAN_POINT('',(8.437848424867E0,1.760960835418E2,-3.226236106974E0));
#6618=CARTESIAN_POINT('',(8.398589384471E0,1.764165719454E2,-3.374743219357E0));
#6619=CARTESIAN_POINT('',(8.558815536870E0,1.767201608802E2,-3.282711755954E0));
#6620=CARTESIAN_POINT('',(8.719041689268E0,1.770237498150E2,-3.190680292552E0));
#6621=CARTESIAN_POINT('',(8.954514732162E0,1.770750384223E2,-2.929470843381E0));
#6622=CARTESIAN_POINT('',(9.082650420418E0,1.768342578542E2,-2.701623493336E0));
#6623=CARTESIAN_POINT('',(8.819882818986E0,1.759601879243E2,-3.099724941739E0));
#6624=CARTESIAN_POINT('',(8.611954525414E0,1.760489697957E2,-3.373937099257E0));
#6625=CARTESIAN_POINT('',(8.574046687956E0,1.763690925589E2,-3.523590489757E0));
#6626=CARTESIAN_POINT('',(8.735552793873E0,1.766723351336E2,-3.432644860818E0));
#6627=CARTESIAN_POINT('',(8.897058899790E0,1.769755777083E2,-3.341699231878E0));
#6628=CARTESIAN_POINT('',(9.132748179264E0,1.770268078012E2,-3.080673224632E0));
#6629=CARTESIAN_POINT('',(9.259868718744E0,1.767863019360E2,-2.851964684314E0));
#6630=CARTESIAN_POINT('',(9.228386659546E0,1.758450054264E2,-3.446274674575E0));
#6631=CARTESIAN_POINT('',(9.021339508732E0,1.759335388492E2,-3.721234339701E0));
#6632=CARTESIAN_POINT('',(8.986608827077E0,1.762527657758E2,-3.873583035145E0));
#6633=CARTESIAN_POINT('',(9.151124556178E0,1.765551597516E2,-3.785190586801E0));
#6634=CARTESIAN_POINT('',(9.315640285280E0,1.768575537274E2,-3.696798138458E0));
#6635=CARTESIAN_POINT('',(9.551838013342E0,1.769086404572E2,-3.436203468055E0));
#6636=CARTESIAN_POINT('',(9.676571579132E0,1.766688076274E2,-3.205469965085E0));
#6637=CARTESIAN_POINT('',(9.901425363808E0,1.756371183478E2,-4.017239644418E0));
#6638=CARTESIAN_POINT('',(9.695829957267E0,1.757252033583E2,-4.293430880878E0));
#6639=CARTESIAN_POINT('',(9.666333862234E0,1.760428134343E2,-4.450220280308E0));
#6640=CARTESIAN_POINT('',(9.835808156348E0,1.763436758168E2,-4.366034376004E0));
#6641=CARTESIAN_POINT('',(1.000528245046E1,1.766445381993E2,-4.281848471700E0));
#6642=CARTESIAN_POINT('',(1.024231788331E1,1.766953661802E2,-4.021964458875E0));
#6643=CARTESIAN_POINT('',(1.036311874288E1,1.764567480782E2,-3.787894687819E0));
#6644=CARTESIAN_POINT('',(1.069902787968E1,1.753640703434E2,-4.693876951642E0));
#6645=CARTESIAN_POINT('',(1.049515290158E1,1.754515663894E2,-4.971527694588E0));
#6646=CARTESIAN_POINT('',(1.047186019349E1,1.757670528232E2,-5.133579668959E0));
#6647=CARTESIAN_POINT('',(1.064721076772E1,1.760659035438E2,-5.054378842135E0));
#6648=CARTESIAN_POINT('',(1.082256134194E1,1.763647542644E2,-4.975178015311E0));
#6649=CARTESIAN_POINT('',(1.106058951920E1,1.764152423932E2,-4.716136186290E0));
#6650=CARTESIAN_POINT('',(1.117672982002E1,1.761782197680E2,-4.478112681593E0));
#6651=CARTESIAN_POINT('',(1.159411330219E1,1.750231750321E2,-5.453212808708E0));
#6652=CARTESIAN_POINT('',(1.139216902311E1,1.751099357670E2,-5.732501438909E0));
#6653=CARTESIAN_POINT('',(1.137583787933E1,1.754227708732E2,-5.900459179673E0));
#6654=CARTESIAN_POINT('',(1.155778293207E1,1.757191100718E2,-5.826852706053E0));
#6655=CARTESIAN_POINT('',(1.173972798482E1,1.760154492703E2,-5.753246232434E0));
#6656=CARTESIAN_POINT('',(1.197887023964E1,1.760655131002E2,-5.495149518833E0));
#6657=CARTESIAN_POINT('',(1.208978036867E1,1.758304823977E2,-5.252689055505E0));
#6658=CARTESIAN_POINT('',(1.259383532141E1,1.745982635509E2,-6.301315969830E0));
#6659=CARTESIAN_POINT('',(1.239404744248E1,1.746841077519E2,-6.582433958333E0));
#6660=CARTESIAN_POINT('',(1.238549167851E1,1.749936380913E2,-6.756987856904E0));
#6661=CARTESIAN_POINT('',(1.257480211250E1,1.752868467846E2,-6.689629723317E0));
#6662=CARTESIAN_POINT('',(1.276411254649E1,1.755800554778E2,-6.622271589731E0));
#6663=CARTESIAN_POINT('',(1.300449911592E1,1.756295904371E2,-6.365230476719E0));
#6664=CARTESIAN_POINT('',(1.310956765957E1,1.753970425815E2,-6.117814368800E0));
#6665=CARTESIAN_POINT('',(1.369608763968E1,1.740738237491E2,-7.236399580577E0));
#6666=CARTESIAN_POINT('',(1.349867731872E1,1.741585367335E2,-7.519534544190E0));
#6667=CARTESIAN_POINT('',(1.349869436826E1,1.744639882204E2,-7.701361094656E0));
#6668=CARTESIAN_POINT('',(1.369612556822E1,1.747533331405E2,-7.640892123412E0));
#6669=CARTESIAN_POINT('',(1.389355676817E1,1.750426780607E2,-7.580423152169E0));
#6670=CARTESIAN_POINT('',(1.413531526763E1,1.750915602704E2,-7.324545900884E0));
#6671=CARTESIAN_POINT('',(1.423394311988E1,1.748620768266E2,-7.071665903364E0));
#6672=CARTESIAN_POINT('',(1.487281204074E1,1.734456741557E2,-8.234660762304E0));
#6673=CARTESIAN_POINT('',(1.467793991401E1,1.735290322216E2,-8.519948975030E0));
#6674=CARTESIAN_POINT('',(1.468710898680E1,1.738295982488E2,-8.709539543588E0));
#6675=CARTESIAN_POINT('',(1.489320962053E1,1.741143153212E2,-8.656425190971E0));
#6676=CARTESIAN_POINT('',(1.509931025425E1,1.743990323936E2,-8.603310838353E0));
#6677=CARTESIAN_POINT('',(1.534253337621E1,1.744471327703E2,-8.348676083430E0));
#6678=CARTESIAN_POINT('',(1.543428538105E1,1.742213197363E2,-8.089963036519E0));
#6679=CARTESIAN_POINT('',(1.607063680049E1,1.727297948693E2,-9.250822200853E0));
#6680=CARTESIAN_POINT('',(1.587834838146E1,1.728116087838E2,-9.538302273551E0));
#6681=CARTESIAN_POINT('',(1.589683358642E1,1.731066070299E2,-9.735796080207E0));
#6682=CARTESIAN_POINT('',(1.611175910931E1,1.733860499123E2,-9.690168225096E0));
#6683=CARTESIAN_POINT('',(1.632668463219E1,1.736654927948E2,-9.644540369984E0));
#6684=CARTESIAN_POINT('',(1.657139863944E1,1.737127021447E2,-9.391170391162E0));
#6685=CARTESIAN_POINT('',(1.665615150307E1,1.734910721434E2,-9.126519699897E0));
#6686=CARTESIAN_POINT('',(1.723430281334E1,1.719566363431E2,-1.023800544285E1));
#6687=CARTESIAN_POINT('',(1.704452442161E1,1.720367825548E2,-1.052761486952E1));
#6688=CARTESIAN_POINT('',(1.707206008768E1,1.723257675281E2,-1.073278653510E1));
#6689=CARTESIAN_POINT('',(1.729555883760E1,1.725995142198E2,-1.069443168267E1));
#6690=CARTESIAN_POINT('',(1.751905758752E1,1.728732609115E2,-1.065607683023E1));
#6691=CARTESIAN_POINT('',(1.776521996399E1,1.729195079415E2,-1.040393555951E1));
#6692=CARTESIAN_POINT('',(1.784317328309E1,1.727023956676E2,-1.013351654961E1));
#6693=CARTESIAN_POINT('',(1.832374061082E1,1.711592246296E2,-1.116221799590E1));
#6694=CARTESIAN_POINT('',(1.813631213608E1,1.712376508245E2,-1.145382094890E1));
#6695=CARTESIAN_POINT('',(1.817232095010E1,1.715204338948E2,-1.166618071637E1));
#6696=CARTESIAN_POINT('',(1.840384605587E1,1.717883057122E2,-1.163463493458E1));
#6697=CARTESIAN_POINT('',(1.863537116164E1,1.720561775295E2,-1.160308915278E1));
#6698=CARTESIAN_POINT('',(1.888288951845E1,1.721014320525E2,-1.135209821296E1));
#6699=CARTESIAN_POINT('',(1.895447702417E1,1.718889792225E2,-1.107627883522E1));
#6700=CARTESIAN_POINT('',(1.931334390562E1,1.703690792423E2,-1.200173704918E1));
#6701=CARTESIAN_POINT('',(1.912805000517E1,1.704458010938E2,-1.229515084428E1));
#6702=CARTESIAN_POINT('',(1.917175550050E1,1.707224387753E2,-1.251404000596E1));
#6703=CARTESIAN_POINT('',(1.941057143866E1,1.709844892524E2,-1.248867932124E1));
#6704=CARTESIAN_POINT('',(1.964938737682E1,1.712465397295E2,-1.246331863652E1));
#6705=CARTESIAN_POINT('',(1.989813745372E1,1.712908107897E2,-1.221337261315E1));
#6706=CARTESIAN_POINT('',(1.996394249959E1,1.710829749448E2,-1.193264774991E1));
#6707=CARTESIAN_POINT('',(2.009992937002E1,1.696911538632E2,-1.266902816057E1));
#6708=CARTESIAN_POINT('',(1.991633213354E1,1.697664134298E2,-1.296388130322E1));
#6709=CARTESIAN_POINT('',(1.996615532937E1,1.700377785184E2,-1.318796035043E1));
#6710=CARTESIAN_POINT('',(2.021076637992E1,1.702948344282E2,-1.316751588619E1));
#6711=CARTESIAN_POINT('',(2.045537743046E1,1.705518903381E2,-1.314707142195E1));
#6712=CARTESIAN_POINT('',(2.070510653970E1,1.705953176113E2,-1.289795594907E1));
#6713=CARTESIAN_POINT('',(2.076631540263E1,1.703914430265E2,-1.261333196294E1));
#6714=CARTESIAN_POINT('',(2.055322986362E1,1.692781238419E2,-1.305358064287E1));
#6715=CARTESIAN_POINT('',(2.037061039729E1,1.693524925029E2,-1.334926326384E1));
#6716=CARTESIAN_POINT('',(2.042395915806E1,1.696206452332E2,-1.357633318243E1));
#6717=CARTESIAN_POINT('',(2.067190986852E1,1.698746581735E2,-1.355872188069E1));
#6718=CARTESIAN_POINT('',(2.091986057898E1,1.701286711139E2,-1.354111057896E1));
#6719=CARTESIAN_POINT('',(2.117015389282E1,1.701715843049E2,-1.329247374416E1));
#6720=CARTESIAN_POINT('',(2.122871402453E1,1.699701231412E2,-1.300560273890E1));
#6721=CARTESIAN_POINT('',(2.071859649053E1,1.691243807503E2,-1.319386759859E1));
#6722=CARTESIAN_POINT('',(2.053633371981E1,1.691984177874E2,-1.348985281868E1));
#6723=CARTESIAN_POINT('',(2.059096862622E1,1.694653747744E2,-1.371801382518E1));
#6724=CARTESIAN_POINT('',(2.084013766352E1,1.697182550234E2,-1.370143607777E1));
#6725=CARTESIAN_POINT('',(2.108930670081E1,1.699711352725E2,-1.368485833036E1));
#6726=CARTESIAN_POINT('',(2.133980584008E1,1.700138571055E2,-1.343639610510E1));
#6727=CARTESIAN_POINT('',(2.139739970012E1,1.698132942949E2,-1.314870537349E1));
#6728=(BOUNDED_SURFACE()B_SPLINE_SURFACE(3,3,((#6616,#6617,#6618,#6619,#6620,
#6621,#6622),(#6623,#6624,#6625,#6626,#6627,#6628,#6629),(#6630,#6631,#6632,
#6633,#6634,#6635,#6636),(#6637,#6638,#6639,#6640,#6641,#6642,#6643),(#6644,
#6645,#6646,#6647,#6648,#6649,#6650),(#6651,#6652,#6653,#6654,#6655,#6656,
#6657),(#6658,#6659,#6660,#6661,#6662,#6663,#6664),(#6665,#6666,#6667,#6668,
#6669,#6670,#6671),(#6672,#6673,#6674,#6675,#6676,#6677,#6678),(#6679,#6680,
#6681,#6682,#6683,#6684,#6685),(#6686,#6687,#6688,#6689,#6690,#6691,#6692),(
#6693,#6694,#6695,#6696,#6697,#6698,#6699),(#6700,#6701,#6702,#6703,#6704,#6705,
#6706),(#6707,#6708,#6709,#6710,#6711,#6712,#6713),(#6714,#6715,#6716,#6717,
#6718,#6719,#6720),(#6721,#6722,#6723,#6724,#6725,#6726,#6727)),.UNSPECIFIED.,
.F.,.F.,.F.)B_SPLINE_SURFACE_WITH_KNOTS((4,1,1,1,1,1,1,1,1,1,1,1,1,4),(4,3,4),(
9.829502362395E-3,1.591650904597E-2,2.416681625145E-2,3.355456669961E-2,
4.420009446902E-2,5.614596062379E-2,6.961017318107E-2,8.442700459607E-2,
9.973017657239E-2,1.147673207952E-1,1.291779811861E-1,1.425318296547E-1,
1.545156011481E-1,1.614712048692E-1),(0.E0,1.E0,2.E0),.UNSPECIFIED.)GEOMETRIC_REPRESENTATION_ITEM()RATIONAL_B_SPLINE_SURFACE(((1.240461397509E0,
9.198462008303E-1,9.198462008303E-1,1.240461397509E0,9.198462008303E-1,
9.198462008303E-1,1.240461397509E0),(1.240461397509E0,9.198462008303E-1,
9.198462008303E-1,1.240461397509E0,9.198462008303E-1,9.198462008303E-1,
1.240461397509E0),(1.240461397509E0,9.198462008303E-1,9.198462008303E-1,
1.240461397509E0,9.198462008303E-1,9.198462008303E-1,1.240461397509E0),(
1.240461397509E0,9.198462008303E-1,9.198462008303E-1,1.240461397509E0,
9.198462008303E-1,9.198462008303E-1,1.240461397509E0),(1.240461397509E0,
9.198462008303E-1,9.198462008303E-1,1.240461397509E0,9.198462008303E-1,
9.198462008303E-1,1.240461397509E0),(1.240461397509E0,9.198462008303E-1,
9.198462008303E-1,1.240461397509E0,9.198462008303E-1,9.198462008303E-1,
1.240461397509E0),(1.240461397509E0,9.198462008303E-1,9.198462008303E-1,
1.240461397509E0,9.198462008303E-1,9.198462008303E-1,1.240461397509E0),(
1.240461397509E0,9.198462008303E-1,9.198462008303E-1,1.240461397509E0,
9.198462008303E-1,9.198462008303E-1,1.240461397509E0),(1.240461397509E0,
9.198462008303E-1,9.198462008303E-1,1.240461397509E0,9.198462008303E-1,
9.198462008303E-1,1.240461397509E0),(1.240461397509E0,9.198462008303E-1,
9.198462008303E-1,1.240461397509E0,9.198462008303E-1,9.198462008303E-1,
1.240461397509E0),(1.240461397509E0,9.198462008303E-1,9.198462008303E-1,
1.240461397509E0,9.198462008303E-1,9.198462008303E-1,1.240461397509E0),(
1.240461397509E0,9.198462008303E-1,9.198462008303E-1,1.240461397509E0,
9.198462008303E-1,9.198462008303E-1,1.240461397509E0),(1.240461397509E0,
9.198462008303E-1,9.198462008303E-1,1.240461397509E0,9.198462008303E-1,
9.198462008303E-1,1.240461397509E0),(1.240461397509E0,9.198462008303E-1,
9.198462008303E-1,1.240461397509E0,9.198462008303E-1,9.198462008303E-1,
1.240461397509E0),(1.240461397509E0,9.198462008303E-1,9.198462008303E-1,
1.240461397509E0,9.198462008303E-1,9.198462008303E-1,1.240461397509E0),(
1.240461397509E0,9.198462008303E-1,9.198462008303E-1,1.240461397509E0,
9.198462008303E-1,9.198462008303E-1,1.240461397509E0)))REPRESENTATION_ITEM('')SURFACE());
#6729=ORIENTED_EDGE('',*,*,#6607,.F.);
#6731=ORIENTED_EDGE('',*,*,#6730,.F.);
#6733=ORIENTED_EDGE('',*,*,#6732,.T.);
#6734=ORIENTED_EDGE('',*,*,#5832,.T.);
#6735=EDGE_LOOP('',(#6729,#6731,#6733,#6734));
#6736=FACE_OUTER_BOUND('',#6735,.F.);
#6738=CARTESIAN_POINT('',(4.997129896066E0,1.780623499277E2,-4.686248257559E0));
#6739=CARTESIAN_POINT('',(6.688899351975E0,1.777114727400E2,-6.121442237341E0));
#6740=CARTESIAN_POINT('',(1.004754836375E1,1.766626277583E2,-8.970715124417E0));
#6741=CARTESIAN_POINT('',(1.494624695264E1,1.740342290188E2,-1.312647210359E1));
#6742=CARTESIAN_POINT('',(1.799798857845E1,1.715892118200E2,-1.571538349096E1));
#6743=CARTESIAN_POINT('',(1.947945356734E1,1.701702536785E2,-1.697216799306E1));
#6744=CARTESIAN_POINT('',(5.071706071700E0,1.780728184432E2,-4.600899144821E0));
#6745=CARTESIAN_POINT('',(6.763884900584E0,1.777218563506E2,-6.036440411657E0));
#6746=CARTESIAN_POINT('',(1.012334663548E1,1.766727575702E2,-8.886402763434E0));
#6747=CARTESIAN_POINT('',(1.502323060740E1,1.740437228130E2,-1.304316534925E1));
#6748=CARTESIAN_POINT('',(1.807571069113E1,1.715981139709E2,-1.563270319926E1));
#6749=CARTESIAN_POINT('',(1.955753416370E1,1.701788124711E2,-1.688979181704E1));
#6750=CARTESIAN_POINT('',(5.795024288404E0,1.781246860618E2,-3.760951013235E0));
#6751=CARTESIAN_POINT('',(7.489231408818E0,1.777733032964E2,-5.198212958844E0));
#6752=CARTESIAN_POINT('',(1.085271988584E1,1.767229470378E2,-8.051591352943E0));
#6753=CARTESIAN_POINT('',(1.575847699185E1,1.740907610480E2,-1.221333634735E1));
#6754=CARTESIAN_POINT('',(1.881461586115E1,1.716422208327E2,-1.480597808780E1));
#6755=CARTESIAN_POINT('',(2.029821548760E1,1.702212181196E2,-1.606457348616E1));
#6756=CARTESIAN_POINT('',(7.051780155976E0,1.772642436960E2,-2.069158250751E0));
#6757=CARTESIAN_POINT('',(8.712339539914E0,1.769198395548E2,-3.477875509816E0));
#6758=CARTESIAN_POINT('',(1.200902758117E1,1.758903438569E2,-6.274584490172E0));
#6759=CARTESIAN_POINT('',(1.681735408361E1,1.733104342975E2,-1.035367530543E1));
#6760=CARTESIAN_POINT('',(1.981279662242E1,1.709105232226E2,-1.289482598259E1));
#6761=CARTESIAN_POINT('',(2.126693127456E1,1.695177422802E2,-1.412842509461E1));
#6762=CARTESIAN_POINT('',(7.495908062268E0,1.743168576946E2,
-8.250528805154E-1));
#6763=CARTESIAN_POINT('',(9.041209444721E0,1.739963583492E2,-2.135992283813E0));
#6764=CARTESIAN_POINT('',(1.210907719878E1,1.730383190640E2,-4.738584094422E0));
#6765=CARTESIAN_POINT('',(1.658366188594E1,1.706374788127E2,-8.534548717507E0));
#6766=CARTESIAN_POINT('',(1.937119332931E1,1.684041435055E2,-1.089932030739E1));
#6767=CARTESIAN_POINT('',(2.072439774341E1,1.671080342927E2,-1.204729636391E1));
#6768=CARTESIAN_POINT('',(6.340839140147E0,1.713694716931E2,-1.466039272373E0));
#6769=CARTESIAN_POINT('',(7.770882521116E0,1.710728771436E2,-2.679200819903E0));
#6770=CARTESIAN_POINT('',(1.060992998797E1,1.701862942711E2,-5.087675460763E0));
#6771=CARTESIAN_POINT('',(1.475077285987E1,1.679645233278E2,-8.600513891689E0));
#6772=CARTESIAN_POINT('',(1.733039320776E1,1.658977637883E2,-1.078890639428E1));
#6773=CARTESIAN_POINT('',(1.858266738384E1,1.646983263053E2,-1.185125939531E1));
#6774=CARTESIAN_POINT('',(4.876535374443E0,1.705090293274E2,-2.981761062021E0));
#6775=CARTESIAN_POINT('',(6.272931018935E0,1.702194134019E2,-4.166377923007E0));
#6776=CARTESIAN_POINT('',(9.045178050022E0,1.693536910902E2,-6.518183150125E0));
#6777=CARTESIAN_POINT('',(1.308859031835E1,1.671841965773E2,-9.948367401893E0));
#6778=CARTESIAN_POINT('',(1.560751433576E1,1.651660661782E2,-1.208526884120E1));
#6779=CARTESIAN_POINT('',(1.683032353752E1,1.639948504658E2,-1.312262555589E1));
#6780=CARTESIAN_POINT('',(4.165728181889E0,1.705608969460E2,-3.832322783113E0));
#6781=CARTESIAN_POINT('',(5.564152117911E0,1.702708603478E2,-5.018660322872E0));
#6782=CARTESIAN_POINT('',(8.340425891127E0,1.694038805578E2,-7.373881592312E0));
#6783=CARTESIAN_POINT('',(1.238971129354E1,1.672312348123E2,-1.080904825268E1));
#6784=CARTESIAN_POINT('',(1.491229409652E1,1.652101730401E2,-1.294905358242E1));
#6785=CARTESIAN_POINT('',(1.613687945217E1,1.640372561143E2,-1.398791707769E1));
#6786=CARTESIAN_POINT('',(4.093677124130E0,1.705713654615E2,-3.919814051781E0));
#6787=CARTESIAN_POINT('',(5.492510433129E0,1.702812439584E2,-5.106498878594E0));
#6788=CARTESIAN_POINT('',(8.269596929459E0,1.694140103697E2,-7.462409612735E0));
#6789=CARTESIAN_POINT('',(1.232006771491E1,1.672407286065E2,-1.089858187974E1));
#6790=CARTESIAN_POINT('',(1.484338897582E1,1.652190751910E2,-1.303921367213E1));
#6791=CARTESIAN_POINT('',(1.606833281514E1,1.640458149070E2,-1.407838128307E1));
#6792=B_SPLINE_SURFACE_WITH_KNOTS('',3,3,((#6738,#6739,#6740,#6741,#6742,#6743),
(#6744,#6745,#6746,#6747,#6748,#6749),(#6750,#6751,#6752,#6753,#6754,#6755),(
#6756,#6757,#6758,#6759,#6760,#6761),(#6762,#6763,#6764,#6765,#6766,#6767),(
#6768,#6769,#6770,#6771,#6772,#6773),(#6774,#6775,#6776,#6777,#6778,#6779),(
#6780,#6781,#6782,#6783,#6784,#6785),(#6786,#6787,#6788,#6789,#6790,#6791)),
.UNSPECIFIED.,.F.,.F.,.F.,(4,1,1,1,1,1,4),(4,1,1,4),(4.857033111627E-1,5.E-1,
6.25E-1,7.5E-1,8.75E-1,1.E0,1.014296688837E0),(2.524259185760E-1,5.E-1,7.5E-1,
1.015172197892E0),.UNSPECIFIED.);
#6793=ORIENTED_EDGE('',*,*,#6730,.T.);
#6794=ORIENTED_EDGE('',*,*,#6611,.F.);
#6795=ORIENTED_EDGE('',*,*,#5623,.F.);
#6796=ORIENTED_EDGE('',*,*,#2953,.T.);
#6798=ORIENTED_EDGE('',*,*,#6797,.F.);
#6800=ORIENTED_EDGE('',*,*,#6799,.T.);
#6801=EDGE_LOOP('',(#6793,#6794,#6795,#6796,#6798,#6800));
#6802=FACE_OUTER_BOUND('',#6801,.F.);
#6804=CARTESIAN_POINT('',(4.534963947778E0,1.705713079635E2,-3.400198540273E0));
#6805=CARTESIAN_POINT('',(5.933702601791E0,1.702811869844E2,-4.586803067572E0));
#6806=CARTESIAN_POINT('',(8.710693380339E0,1.694139637533E2,-6.942632600587E0));
#6807=CARTESIAN_POINT('',(1.276107731958E1,1.672407286118E2,-1.037873119257E1));
#6808=CARTESIAN_POINT('',(1.528439857969E1,1.652190751910E2,-1.251936298428E1));
#6809=CARTESIAN_POINT('',(1.650934241901E1,1.640458149070E2,-1.355853059522E1));
#6810=CARTESIAN_POINT('',(4.460387691015E0,1.705608394648E2,-3.485547584186E0));
#6811=CARTESIAN_POINT('',(5.858716999753E0,1.702708033906E2,-4.671804847931E0));
#6812=CARTESIAN_POINT('',(8.634895083198E0,1.694038339550E2,-7.026944940008E0));
#6813=CARTESIAN_POINT('',(1.268409366481E1,1.672312348176E2,-1.046203794691E1));
#6814=CARTESIAN_POINT('',(1.520667646700E1,1.652101730401E2,-1.260204327598E1));
#6815=CARTESIAN_POINT('',(1.643126182265E1,1.640372561143E2,-1.364090677124E1));
#6816=CARTESIAN_POINT('',(3.737069072346E0,1.705089719296E2,-4.325495374769E0));
#6817=CARTESIAN_POINT('',(5.133370226803E0,1.702193565273E2,-5.510032076174E0));
#6818=CARTESIAN_POINT('',(7.905521706908E0,1.693536445550E2,-7.861756243670E0));
#6819=CARTESIAN_POINT('',(1.194884728037E1,1.671841965825E2,-1.129186694880E1));
#6820=CARTESIAN_POINT('',(1.446777129698E1,1.651660661782E2,-1.342876838743E1));
#6821=CARTESIAN_POINT('',(1.569058049874E1,1.639948504658E2,-1.446612510212E1));
#6822=CARTESIAN_POINT('',(2.480319873058E0,1.713694129123E2,-6.017293794219E0));
#6823=CARTESIAN_POINT('',(3.910266487147E0,1.710728188985E2,-7.230373250632E0));
#6824=CARTESIAN_POINT('',(6.749216100605E0,1.701862466146E2,-9.638764878646E0));
#6825=CARTESIAN_POINT('',(1.088997018863E1,1.679645233332E2,-1.315152799074E1));
#6826=CARTESIAN_POINT('',(1.346959053571E1,1.658977637883E2,-1.533992049264E1));
#6827=CARTESIAN_POINT('',(1.472186471178E1,1.646983263053E2,-1.640227349367E1));
#6828=CARTESIAN_POINT('',(2.036214808514E0,1.743167941762E2,-7.261418541999E0));
#6829=CARTESIAN_POINT('',(3.581411624913E0,1.739962954097E2,-8.572269237836E0));
#6830=CARTESIAN_POINT('',(6.649173638832E0,1.730382675665E2,-1.117477134497E1));
#6831=CARTESIAN_POINT('',(1.112366238636E1,1.706374788185E2,-1.497065457871E1));
#6832=CARTESIAN_POINT('',(1.391119382883E1,1.684041435055E2,-1.733542616784E1));
#6833=CARTESIAN_POINT('',(1.526439824294E1,1.671080342927E2,-1.848340222437E1));
#6834=CARTESIAN_POINT('',(3.191306572382E0,1.772641754400E2,-6.620451527686E0));
#6835=CARTESIAN_POINT('',(4.851753591092E0,1.769197719209E2,-8.029073462948E0));
#6836=CARTESIAN_POINT('',(8.148328005472E0,1.758902885184E2,-1.082568604919E1));
#6837=CARTESIAN_POINT('',(1.295655141249E1,1.733104343038E2,-1.490468940459E1));
#6838=CARTESIAN_POINT('',(1.595199395037E1,1.709105232226E2,-1.744584008096E1));
#6839=CARTESIAN_POINT('',(1.740612860251E1,1.695177422802E2,-1.867943919297E1));
#6840=CARTESIAN_POINT('',(4.655617006370E0,1.781246164227E2,-5.104735395004E0));
#6841=CARTESIAN_POINT('',(6.349709484712E0,1.777732342921E2,-6.541900085274E0));
#6842=CARTESIAN_POINT('',(9.713082032445E0,1.767228905779E2,-9.395180132038E0));
#6843=CARTESIAN_POINT('',(1.461873395404E1,1.740907610544E2,-1.355683589440E1));
#6844=CARTESIAN_POINT('',(1.767487282238E1,1.716422208327E2,-1.614947763403E1));
#6845=CARTESIAN_POINT('',(1.915847244882E1,1.702212181196E2,-1.740807303239E1));
#6846=CARTESIAN_POINT('',(5.366423796958E0,1.780727488875E2,-4.254173332909E0));
#6847=CARTESIAN_POINT('',(7.058488121019E0,1.777217874288E2,-5.689617460840E0));
#6848=CARTESIAN_POINT('',(1.041783406541E1,1.766727011779E2,-8.539481583022E0));
#6849=CARTESIAN_POINT('',(1.531761297885E1,1.740437228193E2,-1.269615504362E1));
#6850=CARTESIAN_POINT('',(1.837009306161E1,1.715981139709E2,-1.528569289281E1));
#6851=CARTESIAN_POINT('',(1.985191653417E1,1.701788124711E2,-1.654278151059E1));
#6852=CARTESIAN_POINT('',(5.438474773588E0,1.780622803888E2,-4.166681995417E0));
#6853=CARTESIAN_POINT('',(7.130129752373E0,1.777114038349E2,-5.601778859792E0));
#6854=CARTESIAN_POINT('',(1.048866300166E1,1.766625713797E2,-8.450953541038E0));
#6855=CARTESIAN_POINT('',(1.538725655747E1,1.740342290252E2,-1.260662141655E1));
#6856=CARTESIAN_POINT('',(1.843899818231E1,1.715892118200E2,-1.519553280310E1));
#6857=CARTESIAN_POINT('',(1.992046317121E1,1.701702536785E2,-1.645231730521E1));
#6858=B_SPLINE_SURFACE_WITH_KNOTS('',3,3,((#6804,#6805,#6806,#6807,#6808,#6809),
(#6810,#6811,#6812,#6813,#6814,#6815),(#6816,#6817,#6818,#6819,#6820,#6821),(
#6822,#6823,#6824,#6825,#6826,#6827),(#6828,#6829,#6830,#6831,#6832,#6833),(
#6834,#6835,#6836,#6837,#6838,#6839),(#6840,#6841,#6842,#6843,#6844,#6845),(
#6846,#6847,#6848,#6849,#6850,#6851),(#6852,#6853,#6854,#6855,#6856,#6857)),
.UNSPECIFIED.,.F.,.F.,.F.,(4,1,1,1,1,1,4),(4,1,1,4),(-1.429668883732E-2,0.E0,
1.25E-1,2.5E-1,3.75E-1,5.E-1,5.142966888373E-1),(2.524422732735E-1,5.E-1,7.5E-1,
1.015172197892E0),.UNSPECIFIED.);
#6859=ORIENTED_EDGE('',*,*,#4386,.F.);
#6860=ORIENTED_EDGE('',*,*,#4547,.F.);
#6861=ORIENTED_EDGE('',*,*,#4669,.T.);
#6863=ORIENTED_EDGE('',*,*,#6862,.T.);
#6864=ORIENTED_EDGE('',*,*,#6797,.T.);
#6865=ORIENTED_EDGE('',*,*,#2951,.T.);
#6866=EDGE_LOOP('',(#6859,#6860,#6861,#6863,#6864,#6865));
#6867=FACE_OUTER_BOUND('',#6866,.F.);
#6869=CARTESIAN_POINT('',(4.935330851014E0,1.761284775865E2,-8.253143683610E0));
#6870=CARTESIAN_POINT('',(4.680533953161E0,1.763442806048E2,-7.504650956862E0));
#6871=CARTESIAN_POINT('',(4.167675332208E0,1.769716952807E2,-7.382022230779E0));
#6872=CARTESIAN_POINT('',(3.876065931736E0,1.774243480837E2,-7.999864705098E0));
#6873=CARTESIAN_POINT('',(4.763388594689E0,1.760009512156E2,-8.255014849286E0));
#6874=CARTESIAN_POINT('',(4.514211485429E0,1.762387615373E2,-7.510872526688E0));
#6875=CARTESIAN_POINT('',(3.986177399912E0,1.768570406844E2,-7.404548148211E0));
#6876=CARTESIAN_POINT('',(3.672780071950E0,1.772779530716E2,-8.035411084070E0));
#6877=CARTESIAN_POINT('',(4.358598135098E0,1.756743901556E2,-8.231332747766E0));
#6878=CARTESIAN_POINT('',(4.115466552193E0,1.759614675653E2,-7.502224340140E0));
#6879=CARTESIAN_POINT('',(3.548441974790E0,1.765516762570E2,-7.434114356062E0));
#6880=CARTESIAN_POINT('',(3.187458139253E0,1.768934149251E2,-8.090657493730E0));
#6881=CARTESIAN_POINT('',(3.793154287561E0,1.751147941901E2,-8.103271543447E0));
#6882=CARTESIAN_POINT('',(3.533724072121E0,1.754596442561E2,-7.405500014343E0));
#6883=CARTESIAN_POINT('',(2.898590094329E0,1.759824248405E2,-7.387502970725E0));
#6884=CARTESIAN_POINT('',(2.481340243240E0,1.761945520629E2,-8.066100213617E0));
#6885=CARTESIAN_POINT('',(3.296330768185E0,1.744655489010E2,-7.874009123225E0));
#6886=CARTESIAN_POINT('',(2.993747235119E0,1.748413653968E2,-7.210701726433E0));
#6887=CARTESIAN_POINT('',(2.280293863631E0,1.752541095578E2,-7.229048730307E0));
#6888=CARTESIAN_POINT('',(1.822754821360E0,1.753180361021E2,-7.911903265556E0));
#6889=CARTESIAN_POINT('',(2.955369963448E0,1.738088050673E2,-7.587249094640E0));
#6890=CARTESIAN_POINT('',(2.594065450012E0,1.741729879618E2,-6.947107513017E0));
#6891=CARTESIAN_POINT('',(1.807451345198E0,1.744255397771E2,-6.971340999372E0));
#6892=CARTESIAN_POINT('',(1.330686878876E0,1.743304288977E2,-7.637301255057E0));
#6893=CARTESIAN_POINT('',(2.794278387594E0,1.731349204378E2,-7.268927784796E0));
#6894=CARTESIAN_POINT('',(2.389489515093E0,1.734486087538E2,-6.628015689189E0));
#6895=CARTESIAN_POINT('',(1.564782526366E0,1.735152193958E2,-6.616831078111E0));
#6896=CARTESIAN_POINT('',(1.090917761191E0,1.732724989311E2,-7.245826942445E0));
#6897=CARTESIAN_POINT('',(2.824543145731E0,1.724868428021E2,-6.946909586323E0));
#6898=CARTESIAN_POINT('',(2.411496775481E0,1.727448853511E2,-6.287270653381E0));
#6899=CARTESIAN_POINT('',(1.596825612185E0,1.726351938675E2,-6.207832660386E0));
#6900=CARTESIAN_POINT('',(1.141910644743E0,1.722602845738E2,-6.782837314161E0));
#6901=CARTESIAN_POINT('',(3.007189814812E0,1.719190013713E2,-6.641064389318E0));
#6902=CARTESIAN_POINT('',(2.609953648907E0,1.721513152726E2,-5.962872708923E0));
#6903=CARTESIAN_POINT('',(1.838900286081E0,1.719099055820E2,-5.803003194881E0));
#6904=CARTESIAN_POINT('',(1.414646090743E0,1.714203906316E2,-6.310867799130E0));
#6905=CARTESIAN_POINT('',(3.277029765358E0,1.714571397467E2,-6.356488366136E0));
#6906=CARTESIAN_POINT('',(2.897277733901E0,1.716984379235E2,-5.671419249322E0));
#6907=CARTESIAN_POINT('',(2.181308478150E0,1.713735057476E2,-5.432127651109E0));
#6908=CARTESIAN_POINT('',(1.798257478193E0,1.707860205707E2,-5.862252362081E0));
#6909=CARTESIAN_POINT('',(3.594514947934E0,1.710856688483E2,-6.074120868534E0));
#6910=CARTESIAN_POINT('',(3.218731835868E0,1.713587188724E2,-5.398590334677E0));
#6911=CARTESIAN_POINT('',(2.550410428819E0,1.709927793928E2,-5.093950995721E0));
#6912=CARTESIAN_POINT('',(2.214155152140E0,1.703298526497E2,-5.444914784041E0));
#6913=CARTESIAN_POINT('',(3.924868443255E0,1.707958388067E2,-5.788087603482E0));
#6914=CARTESIAN_POINT('',(3.537671202019E0,1.711074318365E2,-5.135837461825E0));
#6915=CARTESIAN_POINT('',(2.904333804010E0,1.707252736511E2,-4.781838547373E0));
#6916=CARTESIAN_POINT('',(2.616765078373E0,1.700065242806E2,-5.056933604657E0));
#6917=CARTESIAN_POINT('',(4.247591635881E0,1.705797183938E2,-5.500095151869E0));
#6918=CARTESIAN_POINT('',(3.837216194457E0,1.709277827959E2,-4.881143833227E0));
#6919=CARTESIAN_POINT('',(3.229060788877E0,1.705414309115E2,-4.490075237168E0));
#6920=CARTESIAN_POINT('',(2.991499488295E0,1.697817421467E2,-4.692376946672E0));
#6921=CARTESIAN_POINT('',(4.551197551472E0,1.704284197579E2,-5.213328569407E0));
#6922=CARTESIAN_POINT('',(4.109766967350E0,1.708060689439E2,-4.634301748656E0));
#6923=CARTESIAN_POINT('',(3.519929576742E0,1.704205785549E2,-4.215566471067E0));
#6924=CARTESIAN_POINT('',(3.332939672158E0,1.696322228545E2,-4.348467237468E0));
#6925=CARTESIAN_POINT('',(4.828628663658E0,1.703335128940E2,-4.933060520216E0));
#6926=CARTESIAN_POINT('',(4.352014015927E0,1.707315808901E2,-4.397241305054E0));
#6927=CARTESIAN_POINT('',(3.776503088812E0,1.703481062252E2,-3.957378623531E0));
#6928=CARTESIAN_POINT('',(3.639960849862E0,1.695414792937E2,-4.024562371213E0));
#6929=CARTESIAN_POINT('',(5.082246078918E0,1.702848919186E2,-4.658405079697E0));
#6930=CARTESIAN_POINT('',(4.568743066983E0,1.706940580840E2,-4.166890138384E0));
#6931=CARTESIAN_POINT('',(4.005921054840E0,1.703119719116E2,-3.709762328895E0));
#6932=CARTESIAN_POINT('',(3.919786116457E0,1.694957261289E2,-3.714247309046E0));
#6933=CARTESIAN_POINT('',(5.256458509689E0,1.702782791960E2,-4.456315088608E0));
#6934=CARTESIAN_POINT('',(4.715163698340E0,1.706890023069E2,-3.997698010246E0));
#6935=CARTESIAN_POINT('',(4.162372079011E0,1.703071047823E2,-3.528442221933E0));
#6936=CARTESIAN_POINT('',(4.114715452043E0,1.694895030422E2,-3.487108031497E0));
#6937=CARTESIAN_POINT('',(5.348824032654E0,1.702840083552E2,-4.344586739652E0));
#6938=CARTESIAN_POINT('',(4.792507219452E0,1.706934046579E2,-3.903559661061E0));
#6939=CARTESIAN_POINT('',(4.245268336780E0,1.703113416643E2,-3.428017631673E0));
#6940=CARTESIAN_POINT('',(4.218549670097E0,1.694948904394E2,-3.362395997811E0));
#6941=CARTESIAN_POINT('',(5.365481275405E0,1.702853493795E2,-4.324282996513E0));
#6942=CARTESIAN_POINT('',(4.806450595165E0,1.706944359117E2,-3.886431666776E0));
#6943=CARTESIAN_POINT('',(4.260224483468E0,1.703123345713E2,-3.409759880713E0));
#6944=CARTESIAN_POINT('',(4.237298703297E0,1.694961522618E2,-3.339758840426E0));
#6945=(BOUNDED_SURFACE()B_SPLINE_SURFACE(3,3,((#6869,#6870,#6871,#6872),(#6873,
#6874,#6875,#6876),(#6877,#6878,#6879,#6880),(#6881,#6882,#6883,#6884),(#6885,
#6886,#6887,#6888),(#6889,#6890,#6891,#6892),(#6893,#6894,#6895,#6896),(#6897,
#6898,#6899,#6900),(#6901,#6902,#6903,#6904),(#6905,#6906,#6907,#6908),(#6909,
#6910,#6911,#6912),(#6913,#6914,#6915,#6916),(#6917,#6918,#6919,#6920),(#6921,
#6922,#6923,#6924),(#6925,#6926,#6927,#6928),(#6929,#6930,#6931,#6932),(#6933,
#6934,#6935,#6936),(#6937,#6938,#6939,#6940),(#6941,#6942,#6943,#6944)),
.UNSPECIFIED.,.F.,.F.,.F.)B_SPLINE_SURFACE_WITH_KNOTS((4,1,1,1,1,1,1,1,1,1,1,1,
1,1,1,1,4),(4,4),(5.263494820299E-1,5.573355522599E-1,6.016942159960E-1,
6.440004716135E-1,6.842014526843E-1,7.254390686496E-1,7.654617016969E-1,
8.004735624141E-1,8.318795344983E-1,8.600120513793E-1,8.853546697001E-1,
9.082662797333E-1,9.290467539924E-1,9.479744468513E-1,9.650956751974E-1,
9.817710614587E-1,9.854617957206E-1),(0.E0,1.E0),.UNSPECIFIED.)GEOMETRIC_REPRESENTATION_ITEM()RATIONAL_B_SPLINE_SURFACE(((1.304881220410E0,8.983729265301E-1,
8.983729265301E-1,1.304881220410E0),(1.304881220410E0,8.983729265301E-1,
8.983729265301E-1,1.304881220410E0),(1.304881220410E0,8.983729265301E-1,
8.983729265301E-1,1.304881220410E0),(1.304881220410E0,8.983729265301E-1,
8.983729265301E-1,1.304881220410E0),(1.304881220410E0,8.983729265301E-1,
8.983729265301E-1,1.304881220410E0),(1.304881220410E0,8.983729265301E-1,
8.983729265301E-1,1.304881220410E0),(1.304881220410E0,8.983729265301E-1,
8.983729265301E-1,1.304881220410E0),(1.304881220410E0,8.983729265301E-1,
8.983729265301E-1,1.304881220410E0),(1.304881220410E0,8.983729265301E-1,
8.983729265301E-1,1.304881220410E0),(1.304881220410E0,8.983729265301E-1,
8.983729265301E-1,1.304881220410E0),(1.304881220410E0,8.983729265301E-1,
8.983729265301E-1,1.304881220410E0),(1.304881220410E0,8.983729265301E-1,
8.983729265301E-1,1.304881220410E0),(1.304881220410E0,8.983729265301E-1,
8.983729265301E-1,1.304881220410E0),(1.304881220410E0,8.983729265301E-1,
8.983729265301E-1,1.304881220410E0),(1.304881220410E0,8.983729265301E-1,
8.983729265301E-1,1.304881220410E0),(1.304881220410E0,8.983729265301E-1,
8.983729265301E-1,1.304881220410E0),(1.304881220410E0,8.983729265301E-1,
8.983729265301E-1,1.304881220410E0),(1.304881220410E0,8.983729265301E-1,
8.983729265301E-1,1.304881220410E0),(1.304881220410E0,8.983729265301E-1,
8.983729265301E-1,1.304881220410E0)))REPRESENTATION_ITEM('')SURFACE());
#6946=ORIENTED_EDGE('',*,*,#4812,.T.);
#6947=ORIENTED_EDGE('',*,*,#4843,.T.);
#6949=ORIENTED_EDGE('',*,*,#6948,.F.);
#6950=ORIENTED_EDGE('',*,*,#6862,.F.);
#6951=EDGE_LOOP('',(#6946,#6947,#6949,#6950));
#6952=FACE_OUTER_BOUND('',#6951,.F.);
#6954=CARTESIAN_POINT('',(5.140537203455E0,1.702853685284E2,-4.589487757456E0));
#6955=CARTESIAN_POINT('',(4.617511304230E0,1.706944869364E2,-4.109206657104E0));
#6956=CARTESIAN_POINT('',(4.058123955013E0,1.703124021335E2,-3.648011531763E0));
#6957=CARTESIAN_POINT('',(3.985185071778E0,1.694962150159E2,-3.636940704099E0));
#6958=CARTESIAN_POINT('',(5.169665527857E0,1.702831023427E2,-4.556278946122E0));
#6959=CARTESIAN_POINT('',(4.642111446099E0,1.706927448205E2,-4.081374985622E0));
#6960=CARTESIAN_POINT('',(4.084325826663E0,1.703107243304E2,-3.618183394575E0));
#6961=CARTESIAN_POINT('',(4.017621590260E0,1.694940816609E2,-3.599608415693E0));
#6962=CARTESIAN_POINT('',(5.248410104968E0,1.702792633514E2,-4.465360682197E0));
#6963=CARTESIAN_POINT('',(4.708438959323E0,1.706897994243E2,-4.005163231117E0));
#6964=CARTESIAN_POINT('',(4.155089123048E0,1.703078872513E2,-3.536559919028E0));
#6965=CARTESIAN_POINT('',(4.105527782373E0,1.694904663867E2,-3.497512846004E0));
#6966=CARTESIAN_POINT('',(5.378319180788E0,1.702836051450E2,-4.310082744230E0));
#6967=CARTESIAN_POINT('',(4.817238588190E0,1.706931248925E2,-3.874688454303E0));
#6968=CARTESIAN_POINT('',(4.271729944542E0,1.703110921891E2,-3.397049728029E0));
#6969=CARTESIAN_POINT('',(4.251631966339E0,1.694945592381E2,-3.323573268561E0));
#6970=CARTESIAN_POINT('',(5.533373354118E0,1.703061938451E2,-4.116039857870E0));
#6971=CARTESIAN_POINT('',(4.946866851544E0,1.707105154121E2,-3.710227590095E0));
#6972=CARTESIAN_POINT('',(4.411047002170E0,1.703278332095E2,-3.222243182756E0));
#6973=CARTESIAN_POINT('',(4.426697262792E0,1.695158064701E2,-3.108162532735E0));
#6974=CARTESIAN_POINT('',(5.696313307549E0,1.703508051052E2,-3.901759037741E0));
#6975=CARTESIAN_POINT('',(5.083225659950E0,1.707451663420E2,-3.526506395457E0));
#6976=CARTESIAN_POINT('',(4.558775563187E0,1.703613189252E2,-3.027189135742E0));
#6977=CARTESIAN_POINT('',(4.613120171162E0,1.695580111104E2,-2.870474970981E0));
#6978=CARTESIAN_POINT('',(5.866420306700E0,1.704226708788E2,-3.666015348172E0));
#6979=CARTESIAN_POINT('',(5.226346247549E0,1.708017214666E2,-3.321232077426E0));
#6980=CARTESIAN_POINT('',(4.715730526716E0,1.704164698985E2,-2.808782885038E0));
#6981=CARTESIAN_POINT('',(4.811800529620E0,1.696269767662E2,-2.607608740247E0));
#6982=CARTESIAN_POINT('',(6.041747221869E0,1.705272571652E2,-3.409765598635E0));
#6983=CARTESIAN_POINT('',(5.375384817456E0,1.708855033487E2,-3.093743918698E0));
#6984=CARTESIAN_POINT('',(4.882081817786E0,1.704993740722E2,-2.565167771135E0));
#6985=CARTESIAN_POINT('',(5.022884937926E0,1.697297502440E2,-2.318050564866E0));
#6986=CARTESIAN_POINT('',(6.220378375558E0,1.706702583568E2,-3.135300691819E0));
#6987=CARTESIAN_POINT('',(5.529713304865E0,1.710027033705E2,-2.844330637879E0));
#6988=CARTESIAN_POINT('',(5.058371565833E0,1.706177467094E2,-2.295119614653E0));
#6989=CARTESIAN_POINT('',(5.246874624175E0,1.698751733417E2,-2.000966625607E0));
#6990=CARTESIAN_POINT('',(6.401097067085E0,1.708579970961E2,-2.846260330847E0));
#6991=CARTESIAN_POINT('',(5.689518730820E0,1.711609965765E2,-2.574326076268E0));
#6992=CARTESIAN_POINT('',(5.246194454892E0,1.707819374197E2,-1.998084625489E0));
#6993=CARTESIAN_POINT('',(5.485460258468E0,1.700750927180E2,-1.656097933629E0));
#6994=CARTESIAN_POINT('',(6.583642107032E0,1.710974934694E2,-2.549091357545E0));
#6995=CARTESIAN_POINT('',(5.856177737013E0,1.713701704146E2,-2.287582251226E0));
#6996=CARTESIAN_POINT('',(5.448552592225E0,1.710062896416E2,-1.675836268159E0));
#6997=CARTESIAN_POINT('',(5.741737869093E0,1.703459383488E2,-1.285598311858E0));
#6998=CARTESIAN_POINT('',(6.769057666551E0,1.713956459893E2,-2.255471306528E0));
#6999=CARTESIAN_POINT('',(6.032682174836E0,1.716421464966E2,-1.993274661067E0));
#7000=CARTESIAN_POINT('',(5.670172114020E0,1.713100417382E2,-1.335805031129E0));
#7001=CARTESIAN_POINT('',(6.020333598865E0,1.707097206800E2,
-8.975411718460E-1));
#7002=CARTESIAN_POINT('',(6.962044521168E0,1.717589295483E2,-1.985002326450E0));
#7003=CARTESIAN_POINT('',(6.226044813774E0,1.719924274605E2,-1.710314207703E0));
#7004=CARTESIAN_POINT('',(5.919366472254E0,1.717207854141E2,
-9.977195879507E-1));
#7005=CARTESIAN_POINT('',(6.328634637819E0,1.711978832218E2,
-5.132176782910E-1));
#7006=CARTESIAN_POINT('',(7.178855040475E0,1.722022698249E2,-1.757363961493E0));
#7007=CARTESIAN_POINT('',(6.452207821975E0,1.724447748174E2,-1.465744195773E0));
#7008=CARTESIAN_POINT('',(6.205610092611E0,1.722665750180E2,
-7.007678006335E-1));
#7009=CARTESIAN_POINT('',(6.669534955409E0,1.718342180296E2,
-1.773906030604E-1));
#7010=CARTESIAN_POINT('',(7.429874341179E0,1.727279227894E2,-1.609423261402E0));
#7011=CARTESIAN_POINT('',(6.719468889845E0,1.730057442683E2,-1.308534386022E0));
#7012=CARTESIAN_POINT('',(6.534441105078E0,1.729605679664E2,
-5.058448741391E-1));
#7013=CARTESIAN_POINT('',(7.047720104318E0,1.726346161803E2,4.844233017117E-2));
#7014=CARTESIAN_POINT('',(7.720155858061E0,1.733211079358E2,-1.588199557709E0));
#7015=CARTESIAN_POINT('',(7.025285763448E0,1.736504372340E2,-1.302726456908E0));
#7016=CARTESIAN_POINT('',(6.893281952459E0,1.737688083983E2,
-4.960148919668E-1));
#7017=CARTESIAN_POINT('',(7.447516720567E0,1.735655903632E2,7.797313552013E-2));
#7018=CARTESIAN_POINT('',(8.035498186465E0,1.739398171348E2,-1.725751717646E0));
#7019=CARTESIAN_POINT('',(7.343620155515E0,1.743092259433E2,-1.485735059407E0));
#7020=CARTESIAN_POINT('',(7.242751595759E0,1.745963542396E2,
-7.184729497728E-1));
#7021=CARTESIAN_POINT('',(7.827165435115E0,1.745328485818E2,
-1.410574710538E-1));
#7022=CARTESIAN_POINT('',(8.344172671E0,1.745434099294E2,-2.018849639136E0));
#7023=CARTESIAN_POINT('',(7.637301488259E0,1.749163879366E2,-1.834889408478E0));
#7024=CARTESIAN_POINT('',(7.536801260726E0,1.753432552988E2,-1.137986679344E0));
#7025=CARTESIAN_POINT('',(8.136600668742E0,1.754250568196E2,
-5.794748395382E-1));
#7026=CARTESIAN_POINT('',(8.606759890544E0,1.751060617910E2,-2.423050925654E0));
#7027=CARTESIAN_POINT('',(7.876108093893E0,1.754497031076E2,-2.279164202940E0));
#7028=CARTESIAN_POINT('',(7.754169988125E0,1.759695475121E2,-1.654492010758E0));
#7029=CARTESIAN_POINT('',(8.354910343663E0,1.761797423840E2,-1.132860237846E0));
#7030=CARTESIAN_POINT('',(8.801723530687E0,1.755961522144E2,-2.881778789581E0));
#7031=CARTESIAN_POINT('',(8.046686474704E0,1.758916880367E2,-2.758002413194E0));
#7032=CARTESIAN_POINT('',(7.892554357639E0,1.764729629546E2,-2.199103451222E0));
#7033=CARTESIAN_POINT('',(8.483380846927E0,1.767967106760E2,-1.727435367244E0));
#7034=CARTESIAN_POINT('',(8.901825431100E0,1.759247664499E2,-3.258771380740E0));
#7035=CARTESIAN_POINT('',(8.130629062114E0,1.761745929135E2,-3.135757680222E0));
#7036=CARTESIAN_POINT('',(7.947314327184E0,1.767865475081E2,-2.621615477277E0));
#7037=CARTESIAN_POINT('',(8.523209307469E0,1.771886903595E2,-2.196868048480E0));
#7038=CARTESIAN_POINT('',(8.939467913321E0,1.760904524511E2,-3.473362833712E0));
#7039=CARTESIAN_POINT('',(8.161078185760E0,1.763126954713E2,-3.345470176030E0));
#7040=CARTESIAN_POINT('',(7.960544832787E0,1.769373380078E2,-2.854295591451E0));
#7041=CARTESIAN_POINT('',(8.525288656042E0,1.773805818883E2,-2.458896553571E0));
#7042=CARTESIAN_POINT('',(8.947255405784E0,1.761281866316E2,-3.523644606846E0));
#7043=CARTESIAN_POINT('',(8.167297907347E0,1.763439100729E2,-3.394318534414E0));
#7044=CARTESIAN_POINT('',(7.962709622115E0,1.769712852986E2,-2.908376323230E0));
#7045=CARTESIAN_POINT('',(8.524701138530E0,1.774239601334E2,-2.519985209919E0));
#7046=(BOUNDED_SURFACE()B_SPLINE_SURFACE(3,3,((#6954,#6955,#6956,#6957),(#6958,
#6959,#6960,#6961),(#6962,#6963,#6964,#6965),(#6966,#6967,#6968,#6969),(#6970,
#6971,#6972,#6973),(#6974,#6975,#6976,#6977),(#6978,#6979,#6980,#6981),(#6982,
#6983,#6984,#6985),(#6986,#6987,#6988,#6989),(#6990,#6991,#6992,#6993),(#6994,
#6995,#6996,#6997),(#6998,#6999,#7000,#7001),(#7002,#7003,#7004,#7005),(#7006,
#7007,#7008,#7009),(#7010,#7011,#7012,#7013),(#7014,#7015,#7016,#7017),(#7018,
#7019,#7020,#7021),(#7022,#7023,#7024,#7025),(#7026,#7027,#7028,#7029),(#7030,
#7031,#7032,#7033),(#7034,#7035,#7036,#7037),(#7038,#7039,#7040,#7041),(#7042,
#7043,#7044,#7045)),.UNSPECIFIED.,.F.,.F.,.F.)B_SPLINE_SURFACE_WITH_KNOTS((4,1,
1,1,1,1,1,1,1,1,1,1,1,1,1,1,1,1,1,1,4),(4,4),(1.262698016209E-2,
1.883780098685E-2,2.953038749426E-2,4.109040523376E-2,5.377718200553E-2,
6.774612484156E-2,8.309418688246E-2,9.993612944695E-2,1.184896428063E-1,
1.390408508629E-1,1.618574491373E-1,1.871800043356E-1,2.154615745781E-1,
2.476053681873E-1,2.834864289311E-1,3.215964616728E-1,3.601734444258E-1,
3.978373891695E-1,4.321627991940E-1,4.626513066689E-1,4.718255950361E-1),(0.E0,
1.E0),.UNSPECIFIED.)GEOMETRIC_REPRESENTATION_ITEM()RATIONAL_B_SPLINE_SURFACE(((
1.304891746997E0,8.983694176677E-1,8.983694176677E-1,1.304891746997E0),(
1.304891746997E0,8.983694176677E-1,8.983694176677E-1,1.304891746997E0),(
1.304891746997E0,8.983694176677E-1,8.983694176677E-1,1.304891746997E0),(
1.304891746997E0,8.983694176677E-1,8.983694176677E-1,1.304891746997E0),(
1.304891746997E0,8.983694176677E-1,8.983694176677E-1,1.304891746997E0),(
1.304891746997E0,8.983694176677E-1,8.983694176677E-1,1.304891746997E0),(
1.304891746997E0,8.983694176677E-1,8.983694176677E-1,1.304891746997E0),(
1.304891746997E0,8.983694176677E-1,8.983694176677E-1,1.304891746997E0),(
1.304891746997E0,8.983694176677E-1,8.983694176677E-1,1.304891746997E0),(
1.304891746997E0,8.983694176677E-1,8.983694176677E-1,1.304891746997E0),(
1.304891746997E0,8.983694176677E-1,8.983694176677E-1,1.304891746997E0),(
1.304891746997E0,8.983694176677E-1,8.983694176677E-1,1.304891746997E0),(
1.304891746997E0,8.983694176677E-1,8.983694176677E-1,1.304891746997E0),(
1.304891746997E0,8.983694176677E-1,8.983694176677E-1,1.304891746997E0),(
1.304891746997E0,8.983694176677E-1,8.983694176677E-1,1.304891746997E0),(
1.304891746997E0,8.983694176677E-1,8.983694176677E-1,1.304891746997E0),(
1.304891746997E0,8.983694176677E-1,8.983694176677E-1,1.304891746997E0),(
1.304891746997E0,8.983694176677E-1,8.983694176677E-1,1.304891746997E0),(
1.304891746997E0,8.983694176677E-1,8.983694176677E-1,1.304891746997E0),(
1.304891746997E0,8.983694176677E-1,8.983694176677E-1,1.304891746997E0),(
1.304891746997E0,8.983694176677E-1,8.983694176677E-1,1.304891746997E0),(
1.304891746997E0,8.983694176677E-1,8.983694176677E-1,1.304891746997E0),(
1.304891746997E0,8.983694176677E-1,8.983694176677E-1,1.304891746997E0)))REPRESENTATION_ITEM('')SURFACE());
#7048=ORIENTED_EDGE('',*,*,#7047,.T.);
#7049=ORIENTED_EDGE('',*,*,#6799,.F.);
#7050=ORIENTED_EDGE('',*,*,#6948,.T.);
#7051=ORIENTED_EDGE('',*,*,#4841,.T.);
#7052=EDGE_LOOP('',(#7048,#7049,#7050,#7051));
#7053=FACE_OUTER_BOUND('',#7052,.F.);
#7055=CARTESIAN_POINT('',(8.625399068562E0,1.760705346378E2,-1.962543533436E0));
#7056=CARTESIAN_POINT('',(8.337447337594E0,1.762030822490E2,-1.801828688951E0));
#7057=CARTESIAN_POINT('',(8.260682667985E0,1.765444809882E2,-1.739692472867E0));
#7058=CARTESIAN_POINT('',(8.454626660178E0,1.768300179419E2,-1.824313911363E0));
#7059=CARTESIAN_POINT('',(8.648570652371E0,1.771155548956E2,-1.908935349860E0));
#7060=CARTESIAN_POINT('',(8.962843491403E0,1.771238311239E2,-2.074700880387E0));
#7061=CARTESIAN_POINT('',(9.153765077432E0,1.768484294253E2,-2.193079634182E0));
#7062=CARTESIAN_POINT('',(8.615957319511E0,1.760716595594E2,-1.980385908471E0));
#7063=CARTESIAN_POINT('',(8.323765654165E0,1.762047116829E2,-1.827695601108E0));
#7064=CARTESIAN_POINT('',(8.244947577014E0,1.765463547680E2,-1.769445498454E0));
#7065=CARTESIAN_POINT('',(8.440616854581E0,1.768316864410E2,-1.850801421630E0));
#7066=CARTESIAN_POINT('',(8.636286132148E0,1.771170181139E2,-1.932157344806E0));
#7067=CARTESIAN_POINT('',(8.954725201947E0,1.771247986048E2,-2.090037738486E0));
#7068=CARTESIAN_POINT('',(9.149023562387E0,1.768489950959E2,-2.202025691896E0));
#7069=CARTESIAN_POINT('',(8.582233775115E0,1.760753227429E2,-2.050380105279E0));
#7070=CARTESIAN_POINT('',(8.275430164885E0,1.762099518973E2,-1.928197237109E0));
#7071=CARTESIAN_POINT('',(8.189527482424E0,1.765523597651E2,-1.884735865078E0));
#7072=CARTESIAN_POINT('',(8.391132738071E0,1.768370509773E2,-1.953694960782E0));
#7073=CARTESIAN_POINT('',(8.592737993717E0,1.771217421894E2,-2.022654056486E0));
#7074=CARTESIAN_POINT('',(8.925531000923E0,1.771279735751E2,-2.150564286152E0));
#7075=CARTESIAN_POINT('',(9.131471537466E0,1.768509134577E2,-2.238246930957E0));
#7076=CARTESIAN_POINT('',(8.542315520052E0,1.760773336019E2,-2.173872677252E0));
#7077=CARTESIAN_POINT('',(8.220412918341E0,1.762126607946E2,-2.099484471534E0));
#7078=CARTESIAN_POINT('',(8.127155181900E0,1.765554098114E2,-2.079285554932E0));
#7079=CARTESIAN_POINT('',(8.334852264707E0,1.768398207639E2,-2.128937713647E0));
#7080=CARTESIAN_POINT('',(8.542549347514E0,1.771242317165E2,-2.178589872363E0));
#7081=CARTESIAN_POINT('',(8.890157597082E0,1.771297787409E2,-2.259593937871E0));
#7082=CARTESIAN_POINT('',(9.108149385056E0,1.768521607991E2,-2.309141177378E0));
#7083=CARTESIAN_POINT('',(8.519220778484E0,1.760736374172E2,-2.328774938722E0));
#7084=CARTESIAN_POINT('',(8.189478893778E0,1.762076500889E2,-2.307990456159E0));
#7085=CARTESIAN_POINT('',(8.092386438447E0,1.765497572789E2,-2.313992311996E0));
#7086=CARTESIAN_POINT('',(8.303226721356E0,1.768346967570E2,-2.342126802038E0));
#7087=CARTESIAN_POINT('',(8.514067004265E0,1.771196362351E2,-2.370261292079E0));
#7088=CARTESIAN_POINT('',(8.869359206173E0,1.771264723305E2,-2.398713564735E0));
#7089=CARTESIAN_POINT('',(9.093617734688E0,1.768499044884E2,-2.405422366914E0));
#7090=CARTESIAN_POINT('',(8.517785543262E0,1.760657145667E2,-2.469871795511E0));
#7091=CARTESIAN_POINT('',(8.187598275362E0,1.761971081038E2,-2.495615517621E0));
#7092=CARTESIAN_POINT('',(8.090287120287E0,1.765379327004E2,-2.524404657675E0));
#7093=CARTESIAN_POINT('',(8.301304961772E0,1.768239206203E2,-2.533916763170E0));
#7094=CARTESIAN_POINT('',(8.512322803256E0,1.771099085403E2,-2.543428868664E0));
#7095=CARTESIAN_POINT('',(8.868051147128E0,1.771193111745E2,-2.526288466670E0));
#7096=CARTESIAN_POINT('',(9.092666226314E0,1.768448379317E2,-2.495785839867E0));
#7097=CARTESIAN_POINT('',(8.532141612254E0,1.760549443231E2,-2.596768987507E0));
#7098=CARTESIAN_POINT('',(8.206684089066E0,1.761827679636E2,-2.664688091210E0));
#7099=CARTESIAN_POINT('',(8.111689424915E0,1.765218445713E2,-2.714125948055E0));
#7100=CARTESIAN_POINT('',(8.320814348509E0,1.768092617613E2,-2.706749554371E0));
#7101=CARTESIAN_POINT('',(8.529939272102E0,1.770966789513E2,-2.699373160688E0));
#7102=CARTESIAN_POINT('',(8.881033015281E0,1.771095798908E2,-2.640902006441E0));
#7103=CARTESIAN_POINT('',(9.101865376240E0,1.768379614811E2,-2.576673311190E0));
#7104=CARTESIAN_POINT('',(8.558439363813E0,1.760422126749E2,-2.709846705390E0));
#7105=CARTESIAN_POINT('',(8.242124896106E0,1.761655873915E2,-2.817462147022E0));
#7106=CARTESIAN_POINT('',(8.151598397574E0,1.765024902693E2,-2.886291970996E0));
#7107=CARTESIAN_POINT('',(8.357052081671E0,1.767916943846E2,-2.862967077934E0));
#7108=CARTESIAN_POINT('',(8.562505765769E0,1.770808984999E2,-2.839642184871E0));
#7109=CARTESIAN_POINT('',(8.904635460975E0,1.770981614783E2,-2.742248172903E0));
#7110=CARTESIAN_POINT('',(9.118161486922E0,1.768300979940E2,-2.646302171138E0));
#7111=CARTESIAN_POINT('',(8.594071174702E0,1.760281214657E2,-2.809543918172E0));
#7112=CARTESIAN_POINT('',(8.291341797665E0,1.761461014331E2,-2.955545603584E0));
#7113=CARTESIAN_POINT('',(8.207430976825E0,1.764803775673E2,-3.043062128527E0));
#7114=CARTESIAN_POINT('',(8.407401277765E0,1.767717596628E2,-3.004235145455E0));
#7115=CARTESIAN_POINT('',(8.607371578704E0,1.770631417584E2,-2.965408162382E0));
#7116=CARTESIAN_POINT('',(8.936170522028E0,1.770856986836E2,-2.830343241793E0));
#7117=CARTESIAN_POINT('',(9.138854792929E0,1.768219403055E2,-2.703766689135E0));
#7118=CARTESIAN_POINT('',(8.636942035692E0,1.760131829750E2,-2.895819003776E0));
#7119=CARTESIAN_POINT('',(8.352640373064E0,1.761247198384E2,-3.079268147599E0));
#7120=CARTESIAN_POINT('',(8.277666539545E0,1.764558715708E2,-3.184940057402E0));
#7121=CARTESIAN_POINT('',(8.470153561500E0,1.767498705576E2,-3.130899108044E0));
#7122=CARTESIAN_POINT('',(8.662640583455E0,1.770438695444E2,-3.076858158686E0));
#7123=CARTESIAN_POINT('',(8.973338347916E0,1.770727555754E2,-2.905006488371E0));
#7124=CARTESIAN_POINT('',(9.161338787557E0,1.768141310710E2,-2.748594021940E0));
#7125=CARTESIAN_POINT('',(8.685261611753E0,1.759978164244E2,-2.968946210113E0));
#7126=CARTESIAN_POINT('',(8.424719097042E0,1.761017769730E2,-3.188684419335E0));
#7127=CARTESIAN_POINT('',(8.361220815829E0,1.764292696638E2,-3.311879205316E0));
#7128=CARTESIAN_POINT('',(8.544001908999E0,1.767263640208E2,-3.243008098345E0));
#7129=CARTESIAN_POINT('',(8.726783002169E0,1.770234583778E2,-3.174136991373E0));
#7130=CARTESIAN_POINT('',(9.014119115908E0,1.770597941103E2,-2.966601100736E0));
#7131=CARTESIAN_POINT('',(9.183216282084E0,1.768071973074E2,-2.781319094133E0));
#7132=CARTESIAN_POINT('',(8.738206543823E0,1.759821537081E2,-3.030208820825E0));
#7133=CARTESIAN_POINT('',(8.507471448021E0,1.760772772187E2,-3.284740724067E0));
#7134=CARTESIAN_POINT('',(8.458318080200E0,1.764005172868E2,-3.424676436703E0));
#7135=CARTESIAN_POINT('',(8.628858857632E0,1.767012408247E2,-3.341512950544E0));
#7136=CARTESIAN_POINT('',(8.799399635063E0,1.770019643626E2,-3.258349464386E0));
#7137=CARTESIAN_POINT('',(9.057401069803E0,1.770469970941E2,-3.016569878492E0));
#7138=CARTESIAN_POINT('',(9.202814644866E0,1.768014216509E2,-2.803644652643E0));
#7139=CARTESIAN_POINT('',(8.796659016975E0,1.759659070007E2,-3.081399589031E0));
#7140=CARTESIAN_POINT('',(8.603324126137E0,1.760506165737E2,-3.368975674711E0));
#7141=CARTESIAN_POINT('',(8.572115743815E0,1.763688601296E2,-3.524763241001E0));
#7142=CARTESIAN_POINT('',(8.727232148624E0,1.766738787639E2,-3.427968108473E0));
#7143=CARTESIAN_POINT('',(8.882348553433E0,1.769788973982E2,-3.331172975945E0));
#7144=CARTESIAN_POINT('',(9.103515969480E0,1.770341865135E2,-3.056847916041E0));
#7145=CARTESIAN_POINT('',(9.219246150469E0,1.767968761718E2,-2.817698418018E0));
#7146=CARTESIAN_POINT('',(8.863386540907E0,1.759484104861E2,-3.123622414668E0));
#7147=CARTESIAN_POINT('',(8.717909857710E0,1.760205525308E2,-3.441768536146E0));
#7148=CARTESIAN_POINT('',(8.709609720040E0,1.763327805758E2,-3.612186326010E0));
#7149=CARTESIAN_POINT('',(8.844921868199E0,1.766430000086E2,-3.502737658112E0));
#7150=CARTESIAN_POINT('',(8.980234016358E0,1.769532194414E2,-3.393288990215E0));
#7151=CARTESIAN_POINT('',(9.154240450195E0,1.770208930823E2,-3.088837903087E0));
#7152=CARTESIAN_POINT('',(9.232020489636E0,1.767935483103E2,-2.825448930770E0));
#7153=CARTESIAN_POINT('',(8.920346309247E0,1.759343335751E2,-3.146616191377E0));
#7154=CARTESIAN_POINT('',(8.819673599826E0,1.759953900330E2,-3.483040406602E0));
#7155=CARTESIAN_POINT('',(8.832782467712E0,1.763023210826E2,-3.662190503302E0));
#7156=CARTESIAN_POINT('',(8.949508591212E0,1.766171392826E2,-3.545157520763E0));
#7157=CARTESIAN_POINT('',(9.066234714712E0,1.769319574826E2,-3.428124538225E0));
#7158=CARTESIAN_POINT('',(9.196071279695E0,1.770105598726E2,-3.105653222184E0));
#7159=CARTESIAN_POINT('',(9.238345930206E0,1.767919999249E2,-2.827780587392E0));
#7160=CARTESIAN_POINT('',(8.954799398923E0,1.759261513543E2,-3.155528955646E0));
#7161=CARTESIAN_POINT('',(8.882120523955E0,1.759805605273E2,-3.499183562546E0));
#7162=CARTESIAN_POINT('',(8.908598203683E0,1.762843170736E2,-3.681786719795E0));
#7163=CARTESIAN_POINT('',(9.013702240016E0,1.766018949905E2,-3.561752041096E0));
#7164=CARTESIAN_POINT('',(9.118806276349E0,1.769194729074E2,-3.441717362397E0));
#7165=CARTESIAN_POINT('',(9.221041360478E0,1.770046294119E2,-3.112117041261E0));
#7166=CARTESIAN_POINT('',(9.241136704686E0,1.767913360633E2,-2.828515762850E0));
#7167=CARTESIAN_POINT('',(8.962393958559E0,1.759243630222E2,-3.157263943062E0));
#7168=CARTESIAN_POINT('',(8.895913488498E0,1.759773128185E2,-3.502332135277E0));
#7169=CARTESIAN_POINT('',(8.925351064963E0,1.762803724735E2,-3.685610335933E0));
#7170=CARTESIAN_POINT('',(9.027881452422E0,1.765985563384E2,-3.564988745240E0));
#7171=CARTESIAN_POINT('',(9.130411839881E0,1.769167402033E2,-3.444367154547E0));
#7172=CARTESIAN_POINT('',(9.226535279049E0,1.770033356566E2,-3.113373044393E0));
#7173=CARTESIAN_POINT('',(9.241719814426E0,1.767911985290E2,-2.828651812635E0));
#7174=(BOUNDED_SURFACE()B_SPLINE_SURFACE(3,3,((#7055,#7056,#7057,#7058,#7059,
#7060,#7061),(#7062,#7063,#7064,#7065,#7066,#7067,#7068),(#7069,#7070,#7071,
#7072,#7073,#7074,#7075),(#7076,#7077,#7078,#7079,#7080,#7081,#7082),(#7083,
#7084,#7085,#7086,#7087,#7088,#7089),(#7090,#7091,#7092,#7093,#7094,#7095,
#7096),(#7097,#7098,#7099,#7100,#7101,#7102,#7103),(#7104,#7105,#7106,#7107,
#7108,#7109,#7110),(#7111,#7112,#7113,#7114,#7115,#7116,#7117),(#7118,#7119,
#7120,#7121,#7122,#7123,#7124),(#7125,#7126,#7127,#7128,#7129,#7130,#7131),(
#7132,#7133,#7134,#7135,#7136,#7137,#7138),(#7139,#7140,#7141,#7142,#7143,#7144,
#7145),(#7146,#7147,#7148,#7149,#7150,#7151,#7152),(#7153,#7154,#7155,#7156,
#7157,#7158,#7159),(#7160,#7161,#7162,#7163,#7164,#7165,#7166),(#7167,#7168,
#7169,#7170,#7171,#7172,#7173)),.UNSPECIFIED.,.F.,.F.,.F.)B_SPLINE_SURFACE_WITH_KNOTS((4,1,1,1,1,1,1,1,1,1,1,1,1,1,4),(4,3,4),(8.361554796693E-2,
1.214228209027E-1,2.287977323434E-1,3.247700967049E-1,4.114144635702E-1,
4.899276198586E-1,5.614275830210E-1,6.272276557219E-1,6.875715448580E-1,
7.421147596018E-1,7.923209806519E-1,8.405343242984E-1,8.890445848732E-1,
9.414521988979E-1,9.561399017834E-1),(0.E0,1.E0,2.E0),.UNSPECIFIED.)GEOMETRIC_REPRESENTATION_ITEM()RATIONAL_B_SPLINE_SURFACE(((1.240455292291E0,
9.198482359029E-1,9.198482359029E-1,1.240455292291E0,9.198482359029E-1,
9.198482359029E-1,1.240455292291E0),(1.240455292291E0,9.198482359029E-1,
9.198482359029E-1,1.240455292291E0,9.198482359029E-1,9.198482359029E-1,
1.240455292291E0),(1.240455292291E0,9.198482359029E-1,9.198482359029E-1,
1.240455292291E0,9.198482359029E-1,9.198482359029E-1,1.240455292291E0),(
1.240455292291E0,9.198482359029E-1,9.198482359029E-1,1.240455292291E0,
9.198482359029E-1,9.198482359029E-1,1.240455292291E0),(1.240455292291E0,
9.198482359029E-1,9.198482359029E-1,1.240455292291E0,9.198482359029E-1,
9.198482359029E-1,1.240455292291E0),(1.240455292291E0,9.198482359029E-1,
9.198482359029E-1,1.240455292291E0,9.198482359029E-1,9.198482359029E-1,
1.240455292291E0),(1.240455292291E0,9.198482359029E-1,9.198482359029E-1,
1.240455292291E0,9.198482359029E-1,9.198482359029E-1,1.240455292291E0),(
1.240455292291E0,9.198482359029E-1,9.198482359029E-1,1.240455292291E0,
9.198482359029E-1,9.198482359029E-1,1.240455292291E0),(1.240455292291E0,
9.198482359029E-1,9.198482359029E-1,1.240455292291E0,9.198482359029E-1,
9.198482359029E-1,1.240455292291E0),(1.240455292291E0,9.198482359029E-1,
9.198482359029E-1,1.240455292291E0,9.198482359029E-1,9.198482359029E-1,
1.240455292291E0),(1.240455292291E0,9.198482359029E-1,9.198482359029E-1,
1.240455292291E0,9.198482359029E-1,9.198482359029E-1,1.240455292291E0),(
1.240455292291E0,9.198482359029E-1,9.198482359029E-1,1.240455292291E0,
9.198482359029E-1,9.198482359029E-1,1.240455292291E0),(1.240455292291E0,
9.198482359029E-1,9.198482359029E-1,1.240455292291E0,9.198482359029E-1,
9.198482359029E-1,1.240455292291E0),(1.240455292291E0,9.198482359029E-1,
9.198482359029E-1,1.240455292291E0,9.198482359029E-1,9.198482359029E-1,
1.240455292291E0),(1.240455292291E0,9.198482359029E-1,9.198482359029E-1,
1.240455292291E0,9.198482359029E-1,9.198482359029E-1,1.240455292291E0),(
1.240455292291E0,9.198482359029E-1,9.198482359029E-1,1.240455292291E0,
9.198482359029E-1,9.198482359029E-1,1.240455292291E0),(1.240455292291E0,
9.198482359029E-1,9.198482359029E-1,1.240455292291E0,9.198482359029E-1,
9.198482359029E-1,1.240455292291E0)))REPRESENTATION_ITEM('')SURFACE());
#7175=ORIENTED_EDGE('',*,*,#7047,.F.);
#7177=ORIENTED_EDGE('',*,*,#7176,.T.);
#7178=ORIENTED_EDGE('',*,*,#5834,.T.);
#7179=ORIENTED_EDGE('',*,*,#6732,.F.);
#7180=EDGE_LOOP('',(#7175,#7177,#7178,#7179));
#7181=FACE_OUTER_BOUND('',#7180,.F.);
#7183=CARTESIAN_POINT('',(0.E0,1.765388291310E2,0.E0));
#7184=DIRECTION('',(0.E0,1.E0,0.E0));
#7185=DIRECTION('',(-7.294001462325E-1,0.E0,6.840872946313E-1));
#7186=AXIS2_PLACEMENT_3D('',#7183,#7184,#7185);
#7187=TOROIDAL_SURFACE('',#7186,9.008860602768E0,5.E-1);
#7188=ORIENTED_EDGE('',*,*,#5836,.T.);
#7189=ORIENTED_EDGE('',*,*,#7176,.F.);
#7190=ORIENTED_EDGE('',*,*,#4839,.F.);
#7191=ORIENTED_EDGE('',*,*,#3119,.F.);
#7193=ORIENTED_EDGE('',*,*,#7192,.T.);
#7194=EDGE_LOOP('',(#7188,#7189,#7190,#7191,#7193));
#7195=FACE_OUTER_BOUND('',#7194,.F.);
#7197=CARTESIAN_POINT('',(8.962022538055E0,1.759244486620E2,3.157171847600E0));
#7198=CARTESIAN_POINT('',(8.895211768902E0,1.759774659340E2,3.502180524109E0));
#7199=CARTESIAN_POINT('',(8.924490781182E0,1.762805596336E2,3.685436647856E0));
#7200=CARTESIAN_POINT('',(9.027157129079E0,1.765987160854E2,3.564846551877E0));
#7201=CARTESIAN_POINT('',(9.129823476976E0,1.769168725371E2,3.444256455898E0));
#7202=CARTESIAN_POINT('',(9.226271428642E0,1.770033986647E2,3.113323640031E0));
#7203=CARTESIAN_POINT('',(9.241716890409E0,1.767912035874E2,2.828647754886E0));
#7204=CARTESIAN_POINT('',(8.956915890555E0,1.759256516381E2,3.155998177362E0));
#7205=CARTESIAN_POINT('',(8.885938379612E0,1.759796504617E2,3.500049338660E0));
#7206=CARTESIAN_POINT('',(8.913227579413E0,1.762832128979E2,3.682848203361E0));
#7207=CARTESIAN_POINT('',(9.017623910738E0,1.766009618207E2,3.562655655354E0));
#7208=CARTESIAN_POINT('',(9.122020242063E0,1.769187107435E2,3.442463107346E0));
#7209=CARTESIAN_POINT('',(9.222576573475E0,1.770042690678E2,3.112474394564E0));
#7210=CARTESIAN_POINT('',(9.241323243852E0,1.767912963308E2,2.828557126217E0));
#7211=CARTESIAN_POINT('',(8.936109417340E0,1.759305812439E2,3.150792510030E0));
#7212=CARTESIAN_POINT('',(8.848206063323E0,1.759885902406E2,3.490608943485E0));
#7213=CARTESIAN_POINT('',(8.867411964369E0,1.762940678209E2,3.671385423014E0));
#7214=CARTESIAN_POINT('',(8.978835192988E0,1.766101518888E2,3.552950955409E0));
#7215=CARTESIAN_POINT('',(9.090258421607E0,1.769262359567E2,3.434516487804E0));
#7216=CARTESIAN_POINT('',(9.207503310272E0,1.770078403271E2,3.108703135497E0));
#7217=CARTESIAN_POINT('',(9.239660175735E0,1.767916903656E2,2.828141004531E0));
#7218=CARTESIAN_POINT('',(8.899010223945E0,1.759395814330E2,3.138348357178E0));
#7219=CARTESIAN_POINT('',(8.781428361324E0,1.760047925158E2,3.468177620089E0));
#7220=CARTESIAN_POINT('',(8.786456486269E0,1.763137106E2,3.644183381350E0));
#7221=CARTESIAN_POINT('',(8.910195876617E0,1.766268058818E2,3.529893781178E0));
#7222=CARTESIAN_POINT('',(9.033935266964E0,1.769399011636E2,3.415604181006E0));
#7223=CARTESIAN_POINT('',(9.180440513835E0,1.770144049114E2,3.099637422450E0));
#7224=CARTESIAN_POINT('',(9.236113952214E0,1.767925481924E2,2.826988731013E0));
#7225=CARTESIAN_POINT('',(8.851157124912E0,1.759516316446E2,3.115633190684E0));
#7226=CARTESIAN_POINT('',(8.696952410975E0,1.760260698827E2,3.428003707457E0));
#7227=CARTESIAN_POINT('',(8.684471338904E0,1.763393993790E2,3.595663189711E0));
#7228=CARTESIAN_POINT('',(8.823391518712E0,1.766486697962E2,3.488611339786E0));
#7229=CARTESIAN_POINT('',(8.962311698519E0,1.769579402134E2,3.381559489862E0));
#7230=CARTESIAN_POINT('',(9.144916796581E0,1.770233485546E2,3.082802482943E0));
#7231=CARTESIAN_POINT('',(9.229617940125E0,1.767941783097E2,2.823991397183E0));
#7232=CARTESIAN_POINT('',(8.802279108058E0,1.759644541296E2,3.084599655888E0));
#7233=CARTESIAN_POINT('',(8.613059999771E0,1.760480854295E2,3.374623962576E0));
#7234=CARTESIAN_POINT('',(8.583817573458E0,1.763658155641E2,3.531587422724E0));
#7235=CARTESIAN_POINT('',(8.737225906801E0,1.766712820162E2,3.433783251446E0));
#7236=CARTESIAN_POINT('',(8.890634240144E0,1.769767484684E2,3.335979080167E0));
#7237=CARTESIAN_POINT('',(9.107743132835E0,1.770330977708E2,3.059242960643E0));
#7238=CARTESIAN_POINT('',(9.220210059328E0,1.767966376372E2,2.818151351224E0));
#7239=CARTESIAN_POINT('',(8.753260365966E0,1.759779165109E2,3.044184589063E0));
#7240=CARTESIAN_POINT('',(8.531886671041E0,1.760703892212E2,3.307534233029E0));
#7241=CARTESIAN_POINT('',(8.487223917734E0,1.763923593089E2,3.451707054302E0));
#7242=CARTESIAN_POINT('',(8.653902841785E0,1.766941766696E2,3.364913910821E0));
#7243=CARTESIAN_POINT('',(8.820581765835E0,1.769959940303E2,3.278120767339E0));
#7244=CARTESIAN_POINT('',(9.069362377661E0,1.770436346399E2,3.027659579481E0));
#7245=CARTESIAN_POINT('',(9.207344441891E0,1.768001587837E2,2.807733672555E0));
#7246=CARTESIAN_POINT('',(8.705114977763E0,1.759918514447E2,2.993343485808E0));
#7247=CARTESIAN_POINT('',(8.455384427884E0,1.760925448826E2,3.226539086676E0));
#7248=CARTESIAN_POINT('',(8.397089360915E0,1.764184668617E2,3.356218017444E0));
#7249=CARTESIAN_POINT('',(8.575430775667E0,1.767169030486E2,3.281829451085E0));
#7250=CARTESIAN_POINT('',(8.753772190420E0,1.770153392355E2,3.207440884725E0));
#7251=CARTESIAN_POINT('',(9.030467201303E0,1.770548873105E2,2.986664444478E0));
#7252=CARTESIAN_POINT('',(9.190971224905E0,1.768048823719E2,2.790686409593E0));
#7253=CARTESIAN_POINT('',(8.659293579160E0,1.760059535557E2,2.931579420132E0));
#7254=CARTESIAN_POINT('',(8.385646820635E0,1.761140227885E2,3.132291934518E0));
#7255=CARTESIAN_POINT('',(8.315818958197E0,1.764435013011E2,3.246310162798E0));
#7256=CARTESIAN_POINT('',(8.503953323199E0,1.767389170848E2,3.185226319052E0));
#7257=CARTESIAN_POINT('',(8.692087688201E0,1.770343328685E2,3.124142475305E0));
#7258=CARTESIAN_POINT('',(8.992308108765E0,1.770666255725E2,2.935319928203E0));
#7259=CARTESIAN_POINT('',(9.171828800803E0,1.768107559860E2,2.765168454262E0));
#7260=CARTESIAN_POINT('',(8.617202276037E0,1.760199097166E2,2.858571307548E0));
#7261=CARTESIAN_POINT('',(8.324165834370E0,1.761344244267E2,3.025382170865E0));
#7262=CARTESIAN_POINT('',(8.244954506562E0,1.764670219291E2,3.122997959257E0));
#7263=CARTESIAN_POINT('',(8.440987402673E0,1.767598118038E2,3.075729058415E0));
#7264=CARTESIAN_POINT('',(8.637020298783E0,1.770526016784E2,3.028460157572E0));
#7265=CARTESIAN_POINT('',(8.956296860879E0,1.770785596596E2,2.872958065501E0));
#7266=CARTESIAN_POINT('',(9.151255498350E0,1.768175583722E2,2.729796447251E0));
#7267=CARTESIAN_POINT('',(8.580254827178E0,1.760333919966E2,2.774108828210E0));
#7268=CARTESIAN_POINT('',(8.272102489587E0,1.761534396951E2,2.906078656239E0));
#7269=CARTESIAN_POINT('',(8.185547992212E0,1.764887247915E2,2.986773702296E0));
#7270=CARTESIAN_POINT('',(8.387704213316E0,1.767792729511E2,2.953624406545E0));
#7271=CARTESIAN_POINT('',(8.589860434420E0,1.770698211107E2,2.920475110794E0));
#7272=CARTESIAN_POINT('',(8.923978894504E0,1.770903462553E2,2.799184870721E0));
#7273=CARTESIAN_POINT('',(9.130989848869E0,1.768249335386E2,2.683800065932E0));
#7274=CARTESIAN_POINT('',(8.549918461400E0,1.760460670678E2,2.677785761972E0));
#7275=CARTESIAN_POINT('',(8.230562803919E0,1.761708134668E2,2.773882977978E0));
#7276=CARTESIAN_POINT('',(8.138545858761E0,1.765083892022E2,2.837092969267E0));
#7277=CARTESIAN_POINT('',(8.345215992863E0,1.767970438171E2,2.818403788694E0));
#7278=CARTESIAN_POINT('',(8.551886126965E0,1.770856984320E2,2.799714608122E0));
#7279=CARTESIAN_POINT('',(8.896994849819E0,1.771016140703E2,2.713617526952E0));
#7280=CARTESIAN_POINT('',(9.112950754771E0,1.768324500182E2,2.626870750740E0));
#7281=CARTESIAN_POINT('',(8.528005957771E0,1.760575369600E2,2.568899533984E0));
#7282=CARTESIAN_POINT('',(8.201156150123E0,1.761862246084E2,2.627441875801E0));
#7283=CARTESIAN_POINT('',(8.105474293426E0,1.765257273918E2,2.672292409355E0));
#7284=CARTESIAN_POINT('',(8.315150464400E0,1.768128006531E2,2.668674797311E0));
#7285=CARTESIAN_POINT('',(8.524826635374E0,1.770998739144E2,2.665057185268E0));
#7286=CARTESIAN_POINT('',(8.877281513887E0,1.771119259522E2,2.615776462189E0));
#7287=CARTESIAN_POINT('',(9.099227609712E0,1.768396118223E2,2.559044058667E0));
#7288=CARTESIAN_POINT('',(8.517117042920E0,1.760672243814E2,2.446711746032E0));
#7289=CARTESIAN_POINT('',(8.186692850165E0,1.761991089125E2,2.464856148011E0));
#7290=CARTESIAN_POINT('',(8.089260028898E0,1.765401773871E2,2.489923112486E0));
#7291=CARTESIAN_POINT('',(8.300366323847E0,1.768259711380E2,2.502476143534E0));
#7292=CARTESIAN_POINT('',(8.511472618796E0,1.771117648889E2,2.515029174583E0));
#7293=CARTESIAN_POINT('',(8.867429816136E0,1.771206843251E2,2.505334866429E0));
#7294=CARTESIAN_POINT('',(9.092234787468E0,1.768458134683E2,2.480910019965E0));
#7295=CARTESIAN_POINT('',(8.521068881813E0,1.760742526941E2,2.310886078086E0));
#7296=CARTESIAN_POINT('',(8.191917043007E0,1.762084713839E2,2.284080986942E0));
#7297=CARTESIAN_POINT('',(8.095108015461E0,1.765506827226E2,2.287136279207E0));
#7298=CARTESIAN_POINT('',(8.305705864911E0,1.768355418857E2,2.317682933467E0));
#7299=CARTESIAN_POINT('',(8.516303714361E0,1.771204010487E2,2.348229587727E0));
#7300=CARTESIAN_POINT('',(8.871014466934E0,1.771270331087E2,2.382582250235E0));
#7301=CARTESIAN_POINT('',(9.094801466205E0,1.768502956795E2,2.394104453483E0));
#7302=CARTESIAN_POINT('',(8.545534367177E0,1.760772879323E2,2.161867891294E0));
#7303=CARTESIAN_POINT('',(8.224769526158E0,1.762126006779E2,2.083062494593E0));
#7304=CARTESIAN_POINT('',(8.132061654986E0,1.765553459419E2,2.060708234452E0));
#7305=CARTESIAN_POINT('',(8.339294852821E0,1.768397649034E2,2.112138222207E0));
#7306=CARTESIAN_POINT('',(8.546528050656E0,1.771241838648E2,2.163568209961E0));
#7307=CARTESIAN_POINT('',(8.893017236995E0,1.771297429209E2,2.248904511915E0));
#7308=CARTESIAN_POINT('',(9.110100617384E0,1.768521316746E2,2.301978817718E0));
#7309=CARTESIAN_POINT('',(8.583152081743E0,1.760751615229E2,2.049505804616E0));
#7310=CARTESIAN_POINT('',(8.276764912363E0,1.762097151839E2,1.926823881061E0));
#7311=CARTESIAN_POINT('',(8.191058329779E0,1.765520898580E2,1.883120180527E0));
#7312=CARTESIAN_POINT('',(8.392487753615E0,1.768368140732E2,1.952281805621E0));
#7313=CARTESIAN_POINT('',(8.593917177450E0,1.771215382884E2,2.021443430716E0));
#7314=CARTESIAN_POINT('',(8.926297674389E0,1.771278417534E2,2.149843639139E0));
#7315=CARTESIAN_POINT('',(9.131907086656E0,1.768508368692E2,2.237923103319E0));
#7316=CARTESIAN_POINT('',(8.612460224685E0,1.760720255300E2,1.987847752028E0));
#7317=CARTESIAN_POINT('',(8.318748026247E0,1.762052279326E2,1.838413399247E0));
#7318=CARTESIAN_POINT('',(8.239187514991E0,1.765469473061E2,1.781738853446E0));
#7319=CARTESIAN_POINT('',(8.435468551853E0,1.768322202873E2,1.861768589011E0));
#7320=CARTESIAN_POINT('',(8.631749588716E0,1.771174932685E2,1.941798324577E0));
#7321=CARTESIAN_POINT('',(8.951679211666E0,1.771251240625E2,2.096478652060E0));
#7322=CARTESIAN_POINT('',(9.147189457867E0,1.768491958819E2,2.205873088631E0));
#7323=CARTESIAN_POINT('',(8.618234970539E0,1.760713676301E2,1.976403357217E0));
#7324=CARTESIAN_POINT('',(8.327074114719E0,1.762042798672E2,1.821903555291E0));
#7325=CARTESIAN_POINT('',(8.248749901529E0,1.765458586282E2,1.762774597589E0));
#7326=CARTESIAN_POINT('',(8.443993587510E0,1.768312495785E2,1.844864067547E0));
#7327=CARTESIAN_POINT('',(8.639237273491E0,1.771166405287E2,1.926953537505E0));
#7328=CARTESIAN_POINT('',(8.956660240761E0,1.771245564021E2,2.086610662822E0));
#7329=CARTESIAN_POINT('',(9.150138144464E0,1.768488593656E2,2.200040036668E0));
#7330=(BOUNDED_SURFACE()B_SPLINE_SURFACE(3,3,((#7197,#7198,#7199,#7200,#7201,
#7202,#7203),(#7204,#7205,#7206,#7207,#7208,#7209,#7210),(#7211,#7212,#7213,
#7214,#7215,#7216,#7217),(#7218,#7219,#7220,#7221,#7222,#7223,#7224),(#7225,
#7226,#7227,#7228,#7229,#7230,#7231),(#7232,#7233,#7234,#7235,#7236,#7237,
#7238),(#7239,#7240,#7241,#7242,#7243,#7244,#7245),(#7246,#7247,#7248,#7249,
#7250,#7251,#7252),(#7253,#7254,#7255,#7256,#7257,#7258,#7259),(#7260,#7261,
#7262,#7263,#7264,#7265,#7266),(#7267,#7268,#7269,#7270,#7271,#7272,#7273),(
#7274,#7275,#7276,#7277,#7278,#7279,#7280),(#7281,#7282,#7283,#7284,#7285,#7286,
#7287),(#7288,#7289,#7290,#7291,#7292,#7293,#7294),(#7295,#7296,#7297,#7298,
#7299,#7300,#7301),(#7302,#7303,#7304,#7305,#7306,#7307,#7308),(#7309,#7310,
#7311,#7312,#7313,#7314,#7315),(#7316,#7317,#7318,#7319,#7320,#7321,#7322),(
#7323,#7324,#7325,#7326,#7327,#7328,#7329)),.UNSPECIFIED.,.F.,.F.,.F.)B_SPLINE_SURFACE_WITH_KNOTS((4,1,1,1,1,1,1,1,1,1,1,1,1,1,1,1,4),(4,3,4),(4.402584561795E-2,
5.391953925522E-2,8.452483875311E-2,1.178698626644E-1,1.540173632442E-1,
1.940609565036E-1,2.381057412527E-1,2.864287855080E-1,3.391722470881E-1,
3.965732060426E-1,4.590622155888E-1,5.274733432315E-1,6.029014014068E-1,
6.863461436331E-1,7.789938861202E-1,8.826548207238E-1,9.066495437060E-1),(0.E0,
1.E0,2.E0),.UNSPECIFIED.)GEOMETRIC_REPRESENTATION_ITEM()RATIONAL_B_SPLINE_SURFACE(((1.240457360195E0,9.198475466017E-1,9.198475466017E-1,1.240457360195E0,
9.198475466017E-1,9.198475466017E-1,1.240457360195E0),(1.240457360195E0,
9.198475466017E-1,9.198475466017E-1,1.240457360195E0,9.198475466017E-1,
9.198475466017E-1,1.240457360195E0),(1.240457360195E0,9.198475466017E-1,
9.198475466017E-1,1.240457360195E0,9.198475466017E-1,9.198475466017E-1,
1.240457360195E0),(1.240457360195E0,9.198475466017E-1,9.198475466017E-1,
1.240457360195E0,9.198475466017E-1,9.198475466017E-1,1.240457360195E0),(
1.240457360195E0,9.198475466017E-1,9.198475466017E-1,1.240457360195E0,
9.198475466017E-1,9.198475466017E-1,1.240457360195E0),(1.240457360195E0,
9.198475466017E-1,9.198475466017E-1,1.240457360195E0,9.198475466017E-1,
9.198475466017E-1,1.240457360195E0),(1.240457360195E0,9.198475466017E-1,
9.198475466017E-1,1.240457360195E0,9.198475466017E-1,9.198475466017E-1,
1.240457360195E0),(1.240457360195E0,9.198475466017E-1,9.198475466017E-1,
1.240457360195E0,9.198475466017E-1,9.198475466017E-1,1.240457360195E0),(
1.240457360195E0,9.198475466017E-1,9.198475466017E-1,1.240457360195E0,
9.198475466017E-1,9.198475466017E-1,1.240457360195E0),(1.240457360195E0,
9.198475466017E-1,9.198475466017E-1,1.240457360195E0,9.198475466017E-1,
9.198475466017E-1,1.240457360195E0),(1.240457360195E0,9.198475466017E-1,
9.198475466017E-1,1.240457360195E0,9.198475466017E-1,9.198475466017E-1,
1.240457360195E0),(1.240457360195E0,9.198475466017E-1,9.198475466017E-1,
1.240457360195E0,9.198475466017E-1,9.198475466017E-1,1.240457360195E0),(
1.240457360195E0,9.198475466017E-1,9.198475466017E-1,1.240457360195E0,
9.198475466017E-1,9.198475466017E-1,1.240457360195E0),(1.240457360195E0,
9.198475466017E-1,9.198475466017E-1,1.240457360195E0,9.198475466017E-1,
9.198475466017E-1,1.240457360195E0),(1.240457360195E0,9.198475466017E-1,
9.198475466017E-1,1.240457360195E0,9.198475466017E-1,9.198475466017E-1,
1.240457360195E0),(1.240457360195E0,9.198475466017E-1,9.198475466017E-1,
1.240457360195E0,9.198475466017E-1,9.198475466017E-1,1.240457360195E0),(
1.240457360195E0,9.198475466017E-1,9.198475466017E-1,1.240457360195E0,
9.198475466017E-1,9.198475466017E-1,1.240457360195E0),(1.240457360195E0,
9.198475466017E-1,9.198475466017E-1,1.240457360195E0,9.198475466017E-1,
9.198475466017E-1,1.240457360195E0),(1.240457360195E0,9.198475466017E-1,
9.198475466017E-1,1.240457360195E0,9.198475466017E-1,9.198475466017E-1,
1.240457360195E0)))REPRESENTATION_ITEM('')SURFACE());
#7332=ORIENTED_EDGE('',*,*,#7331,.T.);
#7333=ORIENTED_EDGE('',*,*,#5838,.T.);
#7334=ORIENTED_EDGE('',*,*,#7192,.F.);
#7336=ORIENTED_EDGE('',*,*,#7335,.F.);
#7337=EDGE_LOOP('',(#7332,#7333,#7334,#7336));
#7338=FACE_OUTER_BOUND('',#7337,.F.);
#7340=CARTESIAN_POINT('',(2.082449284588E1,1.690255042867E2,1.328370478037E1));
#7341=CARTESIAN_POINT('',(2.064245829992E1,1.690993288033E2,1.357988484304E1));
#7342=CARTESIAN_POINT('',(2.069791810044E1,1.693655180835E2,1.380874449930E1));
#7343=CARTESIAN_POINT('',(2.094786889366E1,1.696176698022E2,1.379282669603E1));
#7344=CARTESIAN_POINT('',(2.119781968687E1,1.698698215208E2,1.377690889277E1));
#7345=CARTESIAN_POINT('',(2.144845041883E1,1.699124180332E2,1.352855624426E1));
#7346=CARTESIAN_POINT('',(2.150542281324E1,1.697124301385E2,1.324034060809E1));
#7347=CARTESIAN_POINT('',(2.062599094208E1,1.692116429808E2,1.311530787746E1));
#7348=CARTESIAN_POINT('',(2.044352822331E1,1.692858690025E2,1.341112470419E1));
#7349=CARTESIAN_POINT('',(2.049744415954E1,1.695535059914E2,1.363867463986E1));
#7350=CARTESIAN_POINT('',(2.074593250446E1,1.698070290733E2,1.362151618456E1));
#7351=CARTESIAN_POINT('',(2.099442084939E1,1.700605521553E2,1.360435772927E1));
#7352=CARTESIAN_POINT('',(2.124480452684E1,1.701033803349E2,1.335579549494E1));
#7353=CARTESIAN_POINT('',(2.130293682581E1,1.699023047774E2,1.306856385135E1));
#7354=CARTESIAN_POINT('',(2.018488820015E1,1.696153795283E2,1.274110322542E1));
#7355=CARTESIAN_POINT('',(2.000147401291E1,1.696904764186E2,1.303611288481E1));
#7356=CARTESIAN_POINT('',(2.005195923695E1,1.699612535008E2,1.326075241418E1));
#7357=CARTESIAN_POINT('',(2.029719778934E1,1.702177510824E2,1.324083703345E1));
#7358=CARTESIAN_POINT('',(2.054243634174E1,1.704742486640E2,1.322092165271E1));
#7359=CARTESIAN_POINT('',(2.079227102516E1,1.705175793321E2,1.297189368507E1));
#7360=CARTESIAN_POINT('',(2.085298081683E1,1.703141446238E2,1.268684862843E1));
#7361=CARTESIAN_POINT('',(1.946811838631E1,1.702368789293E2,1.213303945072E1));
#7362=CARTESIAN_POINT('',(1.928315811104E1,1.703133164074E2,1.242673750315E1));
#7363=CARTESIAN_POINT('',(1.932806860059E1,1.705889272510E2,1.264664776765E1));
#7364=CARTESIAN_POINT('',(1.956802640352E1,1.708500036843E2,1.262225252117E1));
#7365=CARTESIAN_POINT('',(1.980798420645E1,1.711110801176E2,1.259785727468E1));
#7366=CARTESIAN_POINT('',(2.005692680185E1,1.711551843006E2,1.234807251412E1));
#7367=CARTESIAN_POINT('',(2.012182488916E1,1.709481179893E2,1.206658055223E1));
#7368=CARTESIAN_POINT('',(1.864671345200E1,1.709054017878E2,1.143620962398E1));
#7369=CARTESIAN_POINT('',(1.845998138831E1,1.709832812843E2,1.172840459931E1));
#7370=CARTESIAN_POINT('',(1.849850333517E1,1.712640916179E2,1.194289521408E1));
#7371=CARTESIAN_POINT('',(1.873240949691E1,1.715300933448E2,1.191336612450E1));
#7372=CARTESIAN_POINT('',(1.896631565864E1,1.717960950717E2,1.188383703492E1));
#7373=CARTESIAN_POINT('',(1.921423593777E1,1.718410312947E2,1.163318500357E1));
#7374=CARTESIAN_POINT('',(1.928393373454E1,1.716300586088E2,1.135576482224E1));
#7375=CARTESIAN_POINT('',(1.773188180595E1,1.715986788740E2,1.066012227574E1));
#7376=CARTESIAN_POINT('',(1.754317643045E1,1.716780537843E2,1.095064321370E1));
#7377=CARTESIAN_POINT('',(1.757458320094E1,1.719642561360E2,1.115909774696E1));
#7378=CARTESIAN_POINT('',(1.780174940699E1,1.722353655314E2,1.112385089022E1));
#7379=CARTESIAN_POINT('',(1.802891561304E1,1.725064749269E2,1.108860403347E1));
#7380=CARTESIAN_POINT('',(1.827569729748E1,1.725522739990E2,1.083698608788E1));
#7381=CARTESIAN_POINT('',(1.835074072328E1,1.723372502921E2,1.056410081206E1));
#7382=CARTESIAN_POINT('',(1.671182758963E1,1.723115402842E2,9.794770519201E0));
#7383=CARTESIAN_POINT('',(1.652092193491E1,1.723924528521E2,1.008342487453E1));
#7384=CARTESIAN_POINT('',(1.654439515204E1,1.726841995405E2,1.028514906522E1));
#7385=CARTESIAN_POINT('',(1.676404618276E1,1.729605608906E2,1.024352679228E1));
#7386=CARTESIAN_POINT('',(1.698369721348E1,1.732369222407E2,1.020190451934E1));
#7387=CARTESIAN_POINT('',(1.722920934378E1,1.732836085364E2,9.949209561473E0));
#7388=CARTESIAN_POINT('',(1.731021324489E1,1.730644193717E2,9.681380789209E0));
#7389=CARTESIAN_POINT('',(1.558980541204E1,1.730259931835E2,8.842915366104E0));
#7390=CARTESIAN_POINT('',(1.539647953098E1,1.731084468419E2,9.129516549086E0));
#7391=CARTESIAN_POINT('',(1.541122613078E1,1.734057502449E2,9.323837610100E0));
#7392=CARTESIAN_POINT('',(1.562261074463E1,1.736873752749E2,9.275202613475E0));
#7393=CARTESIAN_POINT('',(1.583399535848E1,1.739690003048E2,9.226567616849E0));
#7394=CARTESIAN_POINT('',(1.607811102584E1,1.740165758048E2,8.972687985036E0));
#7395=CARTESIAN_POINT('',(1.616567123089E1,1.737932118827E2,8.710421180994E0));
#7396=CARTESIAN_POINT('',(1.440427382894E1,1.737047883166E2,7.837182708525E0));
#7397=CARTESIAN_POINT('',(1.420839073038E1,1.737887061510E2,8.121614504209E0));
#7398=CARTESIAN_POINT('',(1.421391676336E1,1.740912889375E2,8.308113398942E0));
#7399=CARTESIAN_POINT('',(1.441656705940E1,1.743779149413E2,8.252068740031E0));
#7400=CARTESIAN_POINT('',(1.461921735544E1,1.746645409450E2,8.196024081121E0));
#7401=CARTESIAN_POINT('',(1.486185751639E1,1.747129612699E2,7.940892719700E0));
#7402=CARTESIAN_POINT('',(1.495634512943E1,1.744856309492E2,7.684502705906E0));
#7403=CARTESIAN_POINT('',(1.322140552547E1,1.743079771002E2,6.833709414874E0));
#7404=CARTESIAN_POINT('',(1.302297095415E1,1.743931960259E2,7.115976696757E0));
#7405=CARTESIAN_POINT('',(1.301929713418E1,1.747004701615E2,7.294670997595E0));
#7406=CARTESIAN_POINT('',(1.321323273393E1,1.749915401148E2,7.231233322100E0));
#7407=CARTESIAN_POINT('',(1.340716833369E1,1.752826100681E2,7.167795646604E0));
#7408=CARTESIAN_POINT('',(1.364833630294E1,1.753317811185E2,6.911415367569E0));
#7409=CARTESIAN_POINT('',(1.374973576164E1,1.751009261893E2,6.660888941895E0));
#7410=CARTESIAN_POINT('',(1.210143476572E1,1.748147311334E2,5.883594559506E0));
#7411=CARTESIAN_POINT('',(1.190058439302E1,1.749010431386E2,6.163812422899E0));
#7412=CARTESIAN_POINT('',(1.188819991079E1,1.752122585943E2,6.335117129362E0));
#7413=CARTESIAN_POINT('',(1.207388420734E1,1.755070620211E2,6.264679551695E0));
#7414=CARTESIAN_POINT('',(1.225956850389E1,1.758018654480E2,6.194241974029E0));
#7415=CARTESIAN_POINT('',(1.249934256339E1,1.758516672019E2,5.936679187015E0));
#7416=CARTESIAN_POINT('',(1.260728633900E1,1.756178511605E2,5.691704560500E0));
#7417=CARTESIAN_POINT('',(1.107087015144E1,1.752282979509E2,5.009326422638E0));
#7418=CARTESIAN_POINT('',(1.086779682837E1,1.753155020287E2,5.287658470588E0));
#7419=CARTESIAN_POINT('',(1.084739704731E1,1.756299340335E2,5.452163486627E0));
#7420=CARTESIAN_POINT('',(1.102548873393E1,1.759277843838E2,5.375284801988E0));
#7421=CARTESIAN_POINT('',(1.120358042055E1,1.762256347341E2,5.298406117349E0));
#7422=CARTESIAN_POINT('',(1.144207184472E1,1.762759512110E2,5.039755220775E0));
#7423=CARTESIAN_POINT('',(1.155603751099E1,1.760397185777E2,4.799889198820E0));
#7424=CARTESIAN_POINT('',(1.013145518090E1,1.755627622531E2,4.212384081957E0));
#7425=CARTESIAN_POINT('',(9.926355519265E0,1.756506877777E2,4.488997107833E0));
#7426=CARTESIAN_POINT('',(9.898649363092E0,1.759677211053E2,4.647303840941E0));
#7427=CARTESIAN_POINT('',(1.006981997819E1,1.762680355971E2,4.564553741481E0));
#7428=CARTESIAN_POINT('',(1.024099059329E1,1.765683500888E2,4.481803642022E0));
#7429=CARTESIAN_POINT('',(1.047831282648E1,1.766190828384E2,4.222160875206E0));
#7430=CARTESIAN_POINT('',(1.059776776929E1,1.763808958322E2,3.986951620634E0));
#7431=CARTESIAN_POINT('',(9.333755206179E0,1.758147290711E2,3.535664096350E0));
#7432=CARTESIAN_POINT('',(9.126934888167E0,1.759031980938E2,3.810817422584E0));
#7433=CARTESIAN_POINT('',(9.093024556422E0,1.762221911135E2,3.963860911992E0));
#7434=CARTESIAN_POINT('',(9.258318174851E0,1.765243619525E2,3.876125127281E0));
#7435=CARTESIAN_POINT('',(9.423611793280E0,1.768265327915E2,3.788389342570E0));
#7436=CARTESIAN_POINT('',(9.659941213319E0,1.768775791376E2,3.527904333514E0));
#7437=CARTESIAN_POINT('',(9.784057350670E0,1.766379198155E2,3.296649351682E0));
#7438=CARTESIAN_POINT('',(8.847525149779E0,1.759527080119E2,3.123176185278E0));
#7439=CARTESIAN_POINT('',(8.639656023131E0,1.760414746581E2,3.397439765820E0));
#7440=CARTESIAN_POINT('',(8.601963998451E0,1.763615408200E2,3.547275097137E0));
#7441=CARTESIAN_POINT('',(8.763675352379E0,1.766647282088E2,3.456500337566E0));
#7442=CARTESIAN_POINT('',(8.925386706308E0,1.769679155976E2,3.365725577995E0));
#7443=CARTESIAN_POINT('',(9.161110966836E0,1.770191336716E2,3.104727188799E0));
#7444=CARTESIAN_POINT('',(9.288068288435E0,1.767786680983E2,2.875882494881E0));
#7445=CARTESIAN_POINT('',(8.646133399850E0,1.760072052200E2,2.952327712723E0));
#7446=CARTESIAN_POINT('',(8.437829866704E0,1.760960894178E2,3.226222769496E0));
#7447=CARTESIAN_POINT('',(8.398571501443E0,1.764165794362E2,3.374729313283E0));
#7448=CARTESIAN_POINT('',(8.558799116233E0,1.767201683292E2,3.282695840067E0));
#7449=CARTESIAN_POINT('',(8.719026731024E0,1.770237572222E2,3.190662366851E0));
#7450=CARTESIAN_POINT('',(8.954500340490E0,1.770750431231E2,2.929451340470E0));
#7451=CARTESIAN_POINT('',(9.082634453143E0,1.768342591067E2,2.701604964028E0));
#7452=(BOUNDED_SURFACE()B_SPLINE_SURFACE(3,3,((#7340,#7341,#7342,#7343,#7344,
#7345,#7346),(#7347,#7348,#7349,#7350,#7351,#7352,#7353),(#7354,#7355,#7356,
#7357,#7358,#7359,#7360),(#7361,#7362,#7363,#7364,#7365,#7366,#7367),(#7368,
#7369,#7370,#7371,#7372,#7373,#7374),(#7375,#7376,#7377,#7378,#7379,#7380,
#7381),(#7382,#7383,#7384,#7385,#7386,#7387,#7388),(#7389,#7390,#7391,#7392,
#7393,#7394,#7395),(#7396,#7397,#7398,#7399,#7400,#7401,#7402),(#7403,#7404,
#7405,#7406,#7407,#7408,#7409),(#7410,#7411,#7412,#7413,#7414,#7415,#7416),(
#7417,#7418,#7419,#7420,#7421,#7422,#7423),(#7424,#7425,#7426,#7427,#7428,#7429,
#7430),(#7431,#7432,#7433,#7434,#7435,#7436,#7437),(#7438,#7439,#7440,#7441,
#7442,#7443,#7444),(#7445,#7446,#7447,#7448,#7449,#7450,#7451)),.UNSPECIFIED.,
.F.,.F.,.F.)B_SPLINE_SURFACE_WITH_KNOTS((4,1,1,1,1,1,1,1,1,1,1,1,1,4),(4,3,4),(
8.402717498022E-1,8.484793666493E-1,8.583627655385E-1,8.691696758994E-1,
8.809903496976E-1,8.938945527085E-1,9.080380677976E-1,9.229317419499E-1,
9.373917586106E-1,9.507137623078E-1,9.627714668288E-1,9.736341166795E-1,
9.834493012095E-1,9.903655409590E-1),(0.E0,1.E0,2.E0),.UNSPECIFIED.)GEOMETRIC_REPRESENTATION_ITEM()RATIONAL_B_SPLINE_SURFACE(((1.240462715948E0,
9.198457613508E-1,9.198457613508E-1,1.240462715948E0,9.198457613508E-1,
9.198457613508E-1,1.240462715948E0),(1.240462715948E0,9.198457613508E-1,
9.198457613508E-1,1.240462715948E0,9.198457613508E-1,9.198457613508E-1,
1.240462715948E0),(1.240462715948E0,9.198457613508E-1,9.198457613508E-1,
1.240462715948E0,9.198457613508E-1,9.198457613508E-1,1.240462715948E0),(
1.240462715948E0,9.198457613508E-1,9.198457613508E-1,1.240462715948E0,
9.198457613508E-1,9.198457613508E-1,1.240462715948E0),(1.240462715948E0,
9.198457613508E-1,9.198457613508E-1,1.240462715948E0,9.198457613508E-1,
9.198457613508E-1,1.240462715948E0),(1.240462715948E0,9.198457613508E-1,
9.198457613508E-1,1.240462715948E0,9.198457613508E-1,9.198457613508E-1,
1.240462715948E0),(1.240462715948E0,9.198457613508E-1,9.198457613508E-1,
1.240462715948E0,9.198457613508E-1,9.198457613508E-1,1.240462715948E0),(
1.240462715948E0,9.198457613508E-1,9.198457613508E-1,1.240462715948E0,
9.198457613508E-1,9.198457613508E-1,1.240462715948E0),(1.240462715948E0,
9.198457613508E-1,9.198457613508E-1,1.240462715948E0,9.198457613508E-1,
9.198457613508E-1,1.240462715948E0),(1.240462715948E0,9.198457613508E-1,
9.198457613508E-1,1.240462715948E0,9.198457613508E-1,9.198457613508E-1,
1.240462715948E0),(1.240462715948E0,9.198457613508E-1,9.198457613508E-1,
1.240462715948E0,9.198457613508E-1,9.198457613508E-1,1.240462715948E0),(
1.240462715948E0,9.198457613508E-1,9.198457613508E-1,1.240462715948E0,
9.198457613508E-1,9.198457613508E-1,1.240462715948E0),(1.240462715948E0,
9.198457613508E-1,9.198457613508E-1,1.240462715948E0,9.198457613508E-1,
9.198457613508E-1,1.240462715948E0),(1.240462715948E0,9.198457613508E-1,
9.198457613508E-1,1.240462715948E0,9.198457613508E-1,9.198457613508E-1,
1.240462715948E0),(1.240462715948E0,9.198457613508E-1,9.198457613508E-1,
1.240462715948E0,9.198457613508E-1,9.198457613508E-1,1.240462715948E0),(
1.240462715948E0,9.198457613508E-1,9.198457613508E-1,1.240462715948E0,
9.198457613508E-1,9.198457613508E-1,1.240462715948E0)))REPRESENTATION_ITEM('')SURFACE());
#7453=ORIENTED_EDGE('',*,*,#6461,.F.);
#7454=ORIENTED_EDGE('',*,*,#5840,.T.);
#7455=ORIENTED_EDGE('',*,*,#7331,.F.);
#7456=ORIENTED_EDGE('',*,*,#6308,.F.);
#7457=EDGE_LOOP('',(#7453,#7454,#7455,#7456));
#7458=FACE_OUTER_BOUND('',#7457,.F.);
#7460=CARTESIAN_POINT('',(8.947195498881E0,1.761285921563E2,3.524130986596E0));
#7461=CARTESIAN_POINT('',(8.167256731580E0,1.763443805357E2,3.394740749719E0));
#7462=CARTESIAN_POINT('',(7.962711213025E0,1.769717415311E2,2.908757037042E0));
#7463=CARTESIAN_POINT('',(8.524718258137E0,1.774243709354E2,2.520359017262E0));
#7464=CARTESIAN_POINT('',(8.931660180507E0,1.760530283963E2,3.423426977100E0));
#7465=CARTESIAN_POINT('',(8.154844374033E0,1.762818389355E2,3.296908271356E0));
#7466=CARTESIAN_POINT('',(7.958385384613E0,1.769037575959E2,2.800490796334E0));
#7467=CARTESIAN_POINT('',(8.525885209947E0,1.773375663392E2,2.398104659673E0));
#7468=CARTESIAN_POINT('',(8.877773329212E0,1.758344872803E2,3.148246371299E0));
#7469=CARTESIAN_POINT('',(8.110909521519E0,1.760981133828E2,3.026421832196E0));
#7470=CARTESIAN_POINT('',(7.936347317336E0,1.767024656373E2,2.500006077069E0));
#7471=CARTESIAN_POINT('',(8.517224934496E0,1.770827428018E2,2.060964296964E0));
#7472=CARTESIAN_POINT('',(8.743936976725E0,1.754395247413E2,2.723339193377E0));
#7473=CARTESIAN_POINT('',(7.996910278929E0,1.757528821150E2,2.595061706030E0));
#7474=CARTESIAN_POINT('',(7.854503737478E0,1.763165074283E2,2.014970884575E0));
#7475=CARTESIAN_POINT('',(8.449804291143E0,1.766036610609E2,1.525194294575E0));
#7476=CARTESIAN_POINT('',(8.530927043918E0,1.749379303373E2,2.291195173843E0));
#7477=CARTESIAN_POINT('',(7.808033215012E0,1.752927697889E2,2.136509659618E0));
#7478=CARTESIAN_POINT('',(7.694052975812E0,1.757869728483E2,1.489828185753E0));
#7479=CARTESIAN_POINT('',(8.295507283580E0,1.759586789040E2,9.555110354235E-1));
#7480=CARTESIAN_POINT('',(8.274111970620E0,1.744045355838E2,1.943193256904E0));
#7481=CARTESIAN_POINT('',(7.571558369695E0,1.747789698448E2,1.746775373358E0));
#7482=CARTESIAN_POINT('',(7.472653671085E0,1.751766098709E2,1.033065889081E0));
#7483=CARTESIAN_POINT('',(8.069829889739E0,1.752258386474E2,4.690665405626E-1));
#7484=CARTESIAN_POINT('',(7.989843197249E0,1.738516026156E2,1.700526847143E0));
#7485=CARTESIAN_POINT('',(7.298232722639E0,1.742161435508E2,1.452936076462E0));
#7486=CARTESIAN_POINT('',(7.193893115683E0,1.744790274695E2,6.784299424863E-1));
#7487=CARTESIAN_POINT('',(7.774335619481E0,1.743945745341E2,1.008280772411E-1));
#7488=CARTESIAN_POINT('',(7.693196141285E0,1.732668598432E2,1.585047033697E0));
#7489=CARTESIAN_POINT('',(6.997275157582E0,1.735916399486E2,1.297176350313E0));
#7490=CARTESIAN_POINT('',(6.861180319212E0,1.736951048815E2,4.895120380151E-1));
#7491=CARTESIAN_POINT('',(7.412099922700E0,1.734805608310E2,
-8.313808479055E-2));
#7492=CARTESIAN_POINT('',(7.406571935073E0,1.726797409682E2,1.616576932707E0));
#7493=CARTESIAN_POINT('',(6.694725912387E0,1.729534703547E2,1.315443952368E0));
#7494=CARTESIAN_POINT('',(6.504727810223E0,1.728952081024E2,5.146225877926E-1));
#7495=CARTESIAN_POINT('',(7.014141563019E0,1.725594035697E2,
-3.747446291749E-2));
#7496=CARTESIAN_POINT('',(7.150351716028E0,1.721427862893E2,1.780167214433E0));
#7497=CARTESIAN_POINT('',(6.422051346978E0,1.723822959476E2,1.490341974121E0));
#7498=CARTESIAN_POINT('',(6.168037197675E0,1.721900748432E2,7.310249079496E-1));
#7499=CARTESIAN_POINT('',(6.625699806441E0,1.717457644313E2,2.118406080506E-1));
#7500=CARTESIAN_POINT('',(6.925575881511E0,1.716865329657E2,2.030104173833E0));
#7501=CARTESIAN_POINT('',(6.188638695707E0,1.719204024806E2,1.758363781896E0));
#7502=CARTESIAN_POINT('',(5.871448404827E0,1.716348770421E2,1.055783928907E0));
#7503=CARTESIAN_POINT('',(6.270437211995E0,1.710967962643E2,5.789650836676E-1));
#7504=CARTESIAN_POINT('',(6.722059151730E0,1.713135480875E2,2.327230106115E0));
#7505=CARTESIAN_POINT('',(5.986922600925E0,1.715654643847E2,2.066686613728E0));
#7506=CARTESIAN_POINT('',(5.611782675015E0,1.712224586113E2,1.422096801054E0));
#7507=CARTESIAN_POINT('',(5.947228777001E0,1.706050889936E2,9.958661760041E-1));
#7508=CARTESIAN_POINT('',(6.522542470070E0,1.710099294899E2,2.648273634751E0));
#7509=CARTESIAN_POINT('',(5.799532849684E0,1.712924154246E2,2.384696226926E0));
#7510=CARTESIAN_POINT('',(5.378881459729E0,1.709216835216E2,1.786122817105E0));
#7511=CARTESIAN_POINT('',(5.653710731304E0,1.702442036382E2,1.411953991328E0));
#7512=CARTESIAN_POINT('',(6.323412308706E0,1.707700086960E2,2.971810589130E0));
#7513=CARTESIAN_POINT('',(5.620140298104E0,1.710859372525E2,2.692874086439E0));
#7514=CARTESIAN_POINT('',(5.163773539224E0,1.707032659776E2,2.129424770594E0));
#7515=CARTESIAN_POINT('',(5.380812488280E0,1.699796227445E2,1.808037782280E0));
#7516=CARTESIAN_POINT('',(6.123752222259E0,1.705864803002E2,3.285765380209E0));
#7517=CARTESIAN_POINT('',(5.445749204805E0,1.709334922134E2,2.982080853370E0));
#7518=CARTESIAN_POINT('',(4.961761543241E0,1.705473832940E2,2.444888065092E0));
#7519=CARTESIAN_POINT('',(5.124102984006E0,1.697889940876E2,2.176223951278E0));
#7520=CARTESIAN_POINT('',(5.924790821701E0,1.704524239994E2,3.582703720926E0));
#7521=CARTESIAN_POINT('',(5.275674457061E0,1.708252438715E2,3.247996320873E0));
#7522=CARTESIAN_POINT('',(4.770319887029E0,1.704395229597E2,2.730701245430E0));
#7523=CARTESIAN_POINT('',(4.881009438210E0,1.696557391946E2,2.514259896453E0));
#7524=CARTESIAN_POINT('',(5.728789498571E0,1.703611128380E2,3.858254573644E0));
#7525=CARTESIAN_POINT('',(5.110423296558E0,1.707531192304E2,3.489045865716E0));
#7526=CARTESIAN_POINT('',(4.588367827614E0,1.703689916430E2,2.987461915189E0));
#7527=CARTESIAN_POINT('',(4.650513349610E0,1.695677189549E2,2.822261192234E0));
#7528=CARTESIAN_POINT('',(5.538655465488E0,1.703060828949E2,4.109778849944E0));
#7529=CARTESIAN_POINT('',(4.951268405915E0,1.707103466190E2,3.705008128967E0));
#7530=CARTESIAN_POINT('',(4.415774300771E0,1.703276464270E2,3.216718655401E0));
#7531=CARTESIAN_POINT('',(4.432622570835E0,1.695156372165E2,3.101244461443E0));
#7532=CARTESIAN_POINT('',(5.352712805814E0,1.702802970746E2,4.341821721142E0));
#7533=CARTESIAN_POINT('',(4.795834637714E0,1.706905188974E2,3.901527855140E0));
#7534=CARTESIAN_POINT('',(4.248786026529E0,1.703085640494E2,3.425622267748E0));
#7535=CARTESIAN_POINT('',(4.222814730124E0,1.694913908623E2,3.358865551598E0));
#7536=CARTESIAN_POINT('',(5.220637171948E0,1.702798130964E2,4.497740379890E0));
#7537=CARTESIAN_POINT('',(4.685110145495E0,1.706901479313E2,4.032304640154E0));
#7538=CARTESIAN_POINT('',(4.130197165037E0,1.703082054845E2,3.565660457087E0));
#7539=CARTESIAN_POINT('',(4.074495684748E0,1.694909324980E2,3.533913119023E0));
#7540=CARTESIAN_POINT('',(5.149666583926E0,1.702846990618E2,4.578970530859E0));
#7541=CARTESIAN_POINT('',(4.625212381503E0,1.706939042819E2,4.100381970647E0));
#7542=CARTESIAN_POINT('',(4.066359310786E0,1.703118216900E2,3.638602757131E0));
#7543=CARTESIAN_POINT('',(3.995387062350E0,1.694955290018E2,3.625191590420E0));
#7544=CARTESIAN_POINT('',(5.141046225600E0,1.702853664202E2,4.588799843921E0));
#7545=CARTESIAN_POINT('',(4.617931530585E0,1.706944175105E2,4.108619737900E0));
#7546=CARTESIAN_POINT('',(4.058604116165E0,1.703123158425E2,3.647430721356E0));
#7547=CARTESIAN_POINT('',(3.985786973839E0,1.694961569596E2,3.636239922064E0));
#7548=(BOUNDED_SURFACE()B_SPLINE_SURFACE(3,3,((#7460,#7461,#7462,#7463),(#7464,
#7465,#7466,#7467),(#7468,#7469,#7470,#7471),(#7472,#7473,#7474,#7475),(#7476,
#7477,#7478,#7479),(#7480,#7481,#7482,#7483),(#7484,#7485,#7486,#7487),(#7488,
#7489,#7490,#7491),(#7492,#7493,#7494,#7495),(#7496,#7497,#7498,#7499),(#7500,
#7501,#7502,#7503),(#7504,#7505,#7506,#7507),(#7508,#7509,#7510,#7511),(#7512,
#7513,#7514,#7515),(#7516,#7517,#7518,#7519),(#7520,#7521,#7522,#7523),(#7524,
#7525,#7526,#7527),(#7528,#7529,#7530,#7531),(#7532,#7533,#7534,#7535),(#7536,
#7537,#7538,#7539),(#7540,#7541,#7542,#7543),(#7544,#7545,#7546,#7547)),
.UNSPECIFIED.,.F.,.F.,.F.)B_SPLINE_SURFACE_WITH_KNOTS((4,1,1,1,1,1,1,1,1,1,1,1,
1,1,1,1,1,1,1,4),(4,4),(5.282220771712E-1,5.465853828074E-1,5.797025367412E-1,
6.147984415314E-1,6.490827697080E-1,6.831089415074E-1,7.190344773651E-1,
7.550805058361E-1,7.882039408336E-1,8.177278857180E-1,8.442386051270E-1,
8.681656684807E-1,8.898119672523E-1,9.094734563331E-1,9.273783056811E-1,
9.437069338711E-1,9.586159006860E-1,9.721798129627E-1,9.855008356026E-1,
9.873382215510E-1),(0.E0,1.E0),.UNSPECIFIED.)GEOMETRIC_REPRESENTATION_ITEM()RATIONAL_B_SPLINE_SURFACE(((1.304868223818E0,8.983772587272E-1,8.983772587272E-1,
1.304868223818E0),(1.304868223818E0,8.983772587272E-1,8.983772587272E-1,
1.304868223818E0),(1.304868223818E0,8.983772587272E-1,8.983772587272E-1,
1.304868223818E0),(1.304868223818E0,8.983772587272E-1,8.983772587272E-1,
1.304868223818E0),(1.304868223818E0,8.983772587272E-1,8.983772587272E-1,
1.304868223818E0),(1.304868223818E0,8.983772587272E-1,8.983772587272E-1,
1.304868223818E0),(1.304868223818E0,8.983772587272E-1,8.983772587272E-1,
1.304868223818E0),(1.304868223818E0,8.983772587272E-1,8.983772587272E-1,
1.304868223818E0),(1.304868223818E0,8.983772587272E-1,8.983772587272E-1,
1.304868223818E0),(1.304868223818E0,8.983772587272E-1,8.983772587272E-1,
1.304868223818E0),(1.304868223818E0,8.983772587272E-1,8.983772587272E-1,
1.304868223818E0),(1.304868223818E0,8.983772587272E-1,8.983772587272E-1,
1.304868223818E0),(1.304868223818E0,8.983772587272E-1,8.983772587272E-1,
1.304868223818E0),(1.304868223818E0,8.983772587272E-1,8.983772587272E-1,
1.304868223818E0),(1.304868223818E0,8.983772587272E-1,8.983772587272E-1,
1.304868223818E0),(1.304868223818E0,8.983772587272E-1,8.983772587272E-1,
1.304868223818E0),(1.304868223818E0,8.983772587272E-1,8.983772587272E-1,
1.304868223818E0),(1.304868223818E0,8.983772587272E-1,8.983772587272E-1,
1.304868223818E0),(1.304868223818E0,8.983772587272E-1,8.983772587272E-1,
1.304868223818E0),(1.304868223818E0,8.983772587272E-1,8.983772587272E-1,
1.304868223818E0),(1.304868223818E0,8.983772587272E-1,8.983772587272E-1,
1.304868223818E0),(1.304868223818E0,8.983772587272E-1,8.983772587272E-1,
1.304868223818E0)))REPRESENTATION_ITEM('')SURFACE());
#7549=ORIENTED_EDGE('',*,*,#7335,.T.);
#7550=ORIENTED_EDGE('',*,*,#3117,.T.);
#7552=ORIENTED_EDGE('',*,*,#7551,.F.);
#7553=ORIENTED_EDGE('',*,*,#6310,.F.);
#7554=EDGE_LOOP('',(#7549,#7550,#7552,#7553));
#7555=FACE_OUTER_BOUND('',#7554,.F.);
#7557=CARTESIAN_POINT('',(5.365954967615E0,1.702855052389E2,4.323420879935E0));
#7558=CARTESIAN_POINT('',(4.806849734260E0,1.706943622845E2,3.885704262513E0));
#7559=CARTESIAN_POINT('',(4.260793944106E0,1.703122521471E2,3.409077459083E0));
#7560=CARTESIAN_POINT('',(4.238019747136E0,1.694962168733E2,3.338898477084E0));
#7561=CARTESIAN_POINT('',(5.350414882772E0,1.702842474686E2,4.342364880158E0));
#7562=CARTESIAN_POINT('',(4.793841281136E0,1.706933952359E2,3.901686112591E0));
#7563=CARTESIAN_POINT('',(4.246839401537E0,1.703113208262E2,3.426114580322E0));
#7564=CARTESIAN_POINT('',(4.220525415812E0,1.694950329023E2,3.360022250017E0));
#7565=CARTESIAN_POINT('',(5.290885555532E0,1.702804549824E2,4.414419286405E0));
#7566=CARTESIAN_POINT('',(4.743995051998E0,1.706904816111E2,3.962400042221E0));
#7567=CARTESIAN_POINT('',(4.193397446823E0,1.703085149747E2,3.490891664881E0));
#7568=CARTESIAN_POINT('',(4.153568742148E0,1.694914630331E2,3.440469526797E0));
#7569=CARTESIAN_POINT('',(5.181794341845E0,1.702805788811E2,4.542955053297E0));
#7570=CARTESIAN_POINT('',(4.652467490287E0,1.706905768675E2,4.070224211273E0));
#7571=CARTESIAN_POINT('',(4.095373944101E0,1.703086074354E2,3.606374303901E0));
#7572=CARTESIAN_POINT('',(4.031059484392E0,1.694915811571E2,3.584824662640E0));
#7573=CARTESIAN_POINT('',(5.031290046785E0,1.702952133907E2,4.713083487975E0));
#7574=CARTESIAN_POINT('',(4.525146816782E0,1.707018192935E2,4.212769855762E0));
#7575=CARTESIAN_POINT('',(3.959992124053E0,1.703194305851E2,3.759123221895E0));
#7576=CARTESIAN_POINT('',(3.863904049893E0,1.695053496077E2,3.776029023547E0));
#7577=CARTESIAN_POINT('',(4.862506778261E0,1.703283301072E2,4.895513070651E0));
#7578=CARTESIAN_POINT('',(4.380781030586E0,1.707274394887E2,4.365848626725E0));
#7579=CARTESIAN_POINT('',(3.807047532663E0,1.703441366988E2,3.923870225872E0));
#7580=CARTESIAN_POINT('',(3.677400363962E0,1.695365781936E2,3.982560559200E0));
#7581=CARTESIAN_POINT('',(4.673484327203E0,1.703849298678E2,5.090334990223E0));
#7582=CARTESIAN_POINT('',(4.216760927258E0,1.707716948373E2,4.530185610551E0));
#7583=CARTESIAN_POINT('',(3.633397657986E0,1.703870906042E2,4.102123738643E0));
#7584=CARTESIAN_POINT('',(3.468486615229E0,1.695904896873E2,4.206128521625E0));
#7585=CARTESIAN_POINT('',(4.463425951192E0,1.704707494749E2,5.296485883513E0));
#7586=CARTESIAN_POINT('',(4.031194980703E0,1.708398127301E2,4.705763695507E0));
#7587=CARTESIAN_POINT('',(3.436315603410E0,1.704539716387E2,4.294936875052E0));
#7588=CARTESIAN_POINT('',(3.234640516289E0,1.696737544346E2,4.447880212326E0));
#7589=CARTESIAN_POINT('',(4.233096521092E0,1.705919696890E2,5.511956062314E0));
#7590=CARTESIAN_POINT('',(3.823273971535E0,1.709379593616E2,4.892027629364E0));
#7591=CARTESIAN_POINT('',(3.213848510823E0,1.705520077077E2,4.503071426549E0));
#7592=CARTESIAN_POINT('',(2.974264632871E0,1.697947462703E2,4.708526434263E0));
#7593=CARTESIAN_POINT('',(3.985028148402E0,1.707551382354E2,5.734428388375E0));
#7594=CARTESIAN_POINT('',(3.593552554474E0,1.710734449518E2,5.088411305259E0));
#7595=CARTESIAN_POINT('',(2.965074039847E0,1.706905071665E2,4.727534441598E0));
#7596=CARTESIAN_POINT('',(2.686840188959E0,1.699641402768E2,4.988999565682E0));
#7597=CARTESIAN_POINT('',(3.724020924493E0,1.709673501046E2,5.961908272108E0));
#7598=CARTESIAN_POINT('',(3.344503959191E0,1.712552773786E2,5.294936147330E0));
#7599=CARTESIAN_POINT('',(2.690627556886E0,1.708820631828E2,4.970296758258E0));
#7600=CARTESIAN_POINT('',(2.373370977550E0,1.701964372350E2,5.291331734892E0));
#7601=CARTESIAN_POINT('',(3.458405735516E0,1.712368790163E2,6.193590529518E0));
#7602=CARTESIAN_POINT('',(3.082094044015E0,1.714954483441E2,5.513046958738E0));
#7603=CARTESIAN_POINT('',(2.394835210443E0,1.711443352049E2,5.234695951231E0));
#7604=CARTESIAN_POINT('',(2.038800893029E0,1.705116181854E2,5.618627475038E0));
#7605=CARTESIAN_POINT('',(3.204287185548E0,1.715710338140E2,6.428628491253E0));
#7606=CARTESIAN_POINT('',(2.820199547860E0,1.718083123289E2,5.744800663735E0));
#7607=CARTESIAN_POINT('',(2.089759191520E0,1.715029120198E2,5.526117806834E0));
#7608=CARTESIAN_POINT('',(1.695486401397E0,1.709401976042E2,5.976916228767E0));
#7609=CARTESIAN_POINT('',(2.984600716204E0,1.719830010086E2,6.675645853461E0));
#7610=CARTESIAN_POINT('',(2.585242490317E0,1.722177543518E2,5.999709868545E0));
#7611=CARTESIAN_POINT('',(1.809099942381E0,1.719907136948E2,5.849059269624E0));
#7612=CARTESIAN_POINT('',(1.381397285869E0,1.715140248380E2,6.364461319621E0));
#7613=CARTESIAN_POINT('',(2.831715986476E0,1.724822567633E2,6.943369532171E0));
#7614=CARTESIAN_POINT('',(2.419597981518E0,1.727408460589E2,6.283671372006E0));
#7615=CARTESIAN_POINT('',(1.606685231438E0,1.726309259760E2,6.202944669569E0));
#7616=CARTESIAN_POINT('',(1.152559866306E0,1.722552053608E2,6.776620103717E0));
#7617=CARTESIAN_POINT('',(2.793558741097E0,1.730700211999E2,7.236928104455E0));
#7618=CARTESIAN_POINT('',(2.387170343742E0,1.733775393782E2,6.594423060004E0));
#7619=CARTESIAN_POINT('',(1.562700994456E0,1.734260294310E2,6.576980490656E0));
#7620=CARTESIAN_POINT('',(1.090531259232E0,1.731701824645E2,7.200898657175E0));
#7621=CARTESIAN_POINT('',(2.923513373844E0,1.737237493515E2,7.547690919952E0));
#7622=CARTESIAN_POINT('',(2.554816468102E0,1.740831329666E2,6.909170373258E0));
#7623=CARTESIAN_POINT('',(1.760703230434E0,1.743124132672E2,6.931385982990E0));
#7624=CARTESIAN_POINT('',(1.283189608460E0,1.741973517398E2,7.593579580255E0));
#7625=CARTESIAN_POINT('',(3.240978522989E0,1.743786502358E2,7.838720468222E0));
#7626=CARTESIAN_POINT('',(2.931144721221E0,1.747557467205E2,7.179637891107E0));
#7627=CARTESIAN_POINT('',(2.207431143634E0,1.751503807624E2,7.201007828395E0));
#7628=CARTESIAN_POINT('',(1.746072602353E0,1.751938080329E2,7.882862303837E0));
#7629=CARTESIAN_POINT('',(3.692250171977E0,1.749916540304E2,8.062377802273E0));
#7630=CARTESIAN_POINT('',(3.425405495036E0,1.753439072952E2,7.371594454830E0));
#7631=CARTESIAN_POINT('',(2.775433922496E0,1.758471172636E2,7.361553632579E0));
#7632=CARTESIAN_POINT('',(2.349666058417E0,1.760310867348E2,8.041637436061E0));
#7633=CARTESIAN_POINT('',(4.193108389280E0,1.755180798741E2,8.199846272915E0));
#7634=CARTESIAN_POINT('',(3.946668080077E0,1.758230137447E2,7.479533488909E0));
#7635=CARTESIAN_POINT('',(3.360736786895E0,1.763957327801E2,7.426416863663E0));
#7636=CARTESIAN_POINT('',(2.982806155923E0,1.767010908102E2,8.090128340264E0));
#7637=CARTESIAN_POINT('',(4.614894534220E0,1.758842394109E2,8.249151048516E0));
#7638=CARTESIAN_POINT('',(4.368707718774E0,1.761404666031E2,7.510314395269E0));
#7639=CARTESIAN_POINT('',(3.826824148498E0,1.767489586261E2,7.418216567642E0));
#7640=CARTESIAN_POINT('',(3.495577469308E0,1.771411431862E2,8.058913374300E0));
#7641=CARTESIAN_POINT('',(4.862384863266E0,1.760744734292E2,8.253723038513E0));
#7642=CARTESIAN_POINT('',(4.609954169893E0,1.762996018328E2,7.507357352387E0));
#7643=CARTESIAN_POINT('',(4.090841216886E0,1.769230022630E2,7.391748686285E0));
#7644=CARTESIAN_POINT('',(3.790102884647E0,1.773621720752E2,8.014921273858E0));
#7645=CARTESIAN_POINT('',(4.935109079567E0,1.761284063438E2,8.252971990656E0));
#7646=CARTESIAN_POINT('',(4.680291218515E0,1.763442352595E2,7.504727463314E0));
#7647=CARTESIAN_POINT('',(4.167594103820E0,1.769715361696E2,7.382193265431E0));
#7648=CARTESIAN_POINT('',(3.876079684531E0,1.774241618381E2,7.999864817366E0));
#7649=(BOUNDED_SURFACE()B_SPLINE_SURFACE(3,3,((#7557,#7558,#7559,#7560),(#7561,
#7562,#7563,#7564),(#7565,#7566,#7567,#7568),(#7569,#7570,#7571,#7572),(#7573,
#7574,#7575,#7576),(#7577,#7578,#7579,#7580),(#7581,#7582,#7583,#7584),(#7585,
#7586,#7587,#7588),(#7589,#7590,#7591,#7592),(#7593,#7594,#7595,#7596),(#7597,
#7598,#7599,#7600),(#7601,#7602,#7603,#7604),(#7605,#7606,#7607,#7608),(#7609,
#7610,#7611,#7612),(#7613,#7614,#7615,#7616),(#7617,#7618,#7619,#7620),(#7621,
#7622,#7623,#7624),(#7625,#7626,#7627,#7628),(#7629,#7630,#7631,#7632),(#7633,
#7634,#7635,#7636),(#7637,#7638,#7639,#7640),(#7641,#7642,#7643,#7644),(#7645,
#7646,#7647,#7648)),.UNSPECIFIED.,.F.,.F.,.F.)B_SPLINE_SURFACE_WITH_KNOTS((4,1,
1,1,1,1,1,1,1,1,1,1,1,1,1,1,1,1,1,1,4),(4,4),(1.449488770042E-2,
1.793995065442E-2,2.763380912088E-2,3.820941356360E-2,4.985800096443E-2,
6.275524325123E-2,7.706988910533E-2,9.294654343383E-2,1.105279566171E-1,
1.300405875533E-1,1.517986351873E-1,1.761628412625E-1,2.035695371381E-1,
2.345271811850E-1,2.695734816458E-1,3.093784104397E-1,3.518949357847E-1,
3.922633935462E-1,4.284513268100E-1,4.605777174331E-1,4.736887747938E-1),(0.E0,
1.E0),.UNSPECIFIED.)GEOMETRIC_REPRESENTATION_ITEM()RATIONAL_B_SPLINE_SURFACE(((
1.304799814779E0,8.984000617402E-1,8.984000617402E-1,1.304799814779E0),(
1.304799814779E0,8.984000617402E-1,8.984000617402E-1,1.304799814779E0),(
1.304799814779E0,8.984000617402E-1,8.984000617402E-1,1.304799814779E0),(
1.304799814780E0,8.984000617402E-1,8.984000617402E-1,1.304799814780E0),(
1.304799814779E0,8.984000617402E-1,8.984000617402E-1,1.304799814779E0),(
1.304799814779E0,8.984000617402E-1,8.984000617402E-1,1.304799814779E0),(
1.304799814780E0,8.984000617402E-1,8.984000617402E-1,1.304799814780E0),(
1.304799814779E0,8.984000617402E-1,8.984000617402E-1,1.304799814779E0),(
1.304799814780E0,8.984000617402E-1,8.984000617402E-1,1.304799814780E0),(
1.304799814779E0,8.984000617402E-1,8.984000617402E-1,1.304799814779E0),(
1.304799814780E0,8.984000617402E-1,8.984000617402E-1,1.304799814780E0),(
1.304799814779E0,8.984000617402E-1,8.984000617402E-1,1.304799814779E0),(
1.304799814779E0,8.984000617402E-1,8.984000617402E-1,1.304799814779E0),(
1.304799814780E0,8.984000617402E-1,8.984000617402E-1,1.304799814780E0),(
1.304799814780E0,8.984000617402E-1,8.984000617402E-1,1.304799814780E0),(
1.304799814779E0,8.984000617402E-1,8.984000617402E-1,1.304799814779E0),(
1.304799814779E0,8.984000617402E-1,8.984000617402E-1,1.304799814779E0),(
1.304799814779E0,8.984000617402E-1,8.984000617402E-1,1.304799814779E0),(
1.304799814779E0,8.984000617402E-1,8.984000617402E-1,1.304799814779E0),(
1.304799814779E0,8.984000617402E-1,8.984000617402E-1,1.304799814779E0),(
1.304799814780E0,8.984000617402E-1,8.984000617402E-1,1.304799814780E0),(
1.304799814779E0,8.984000617402E-1,8.984000617402E-1,1.304799814779E0),(
1.304799814779E0,8.984000617402E-1,8.984000617402E-1,1.304799814779E0)))REPRESENTATION_ITEM('')SURFACE());
#7651=ORIENTED_EDGE('',*,*,#7650,.T.);
#7652=ORIENTED_EDGE('',*,*,#6151,.F.);
#7653=ORIENTED_EDGE('',*,*,#7551,.T.);
#7654=ORIENTED_EDGE('',*,*,#3115,.T.);
#7655=EDGE_LOOP('',(#7651,#7652,#7653,#7654));
#7656=FACE_OUTER_BOUND('',#7655,.F.);
#7658=CARTESIAN_POINT('',(3.342284526376E0,1.760705422436E2,8.190099228363E0));
#7659=CARTESIAN_POINT('',(3.136790644332E0,1.762030955287E2,7.932193955169E0));
#7660=CARTESIAN_POINT('',(3.062979339496E0,1.765444949798E2,7.866586520522E0));
#7661=CARTESIAN_POINT('',(3.178082019132E0,1.768300281511E2,8.044147259532E0));
#7662=CARTESIAN_POINT('',(3.293184698767E0,1.771155613224E2,8.221707998541E0));
#7663=CARTESIAN_POINT('',(3.507953674460E0,1.771238330598E2,8.504760833119E0));
#7664=CARTESIAN_POINT('',(3.655862548350E0,1.768484296685E2,8.673833799056E0));
#7665=CARTESIAN_POINT('',(3.358117771945E0,1.760716508399E2,8.178052008424E0));
#7666=CARTESIAN_POINT('',(3.159747294059E0,1.762047014205E2,7.914733709105E0));
#7667=CARTESIAN_POINT('',(3.089385574600E0,1.765463417142E2,7.846504852270E0));
#7668=CARTESIAN_POINT('',(3.201589300123E0,1.768316725322E2,8.026268357077E0));
#7669=CARTESIAN_POINT('',(3.313793025647E0,1.771170033502E2,8.206031861884E0));
#7670=CARTESIAN_POINT('',(3.521562282978E0,1.771247864378E2,8.494403681706E0));
#7671=CARTESIAN_POINT('',(3.663798077732E0,1.768489869870E2,8.667787646544E0));
#7672=CARTESIAN_POINT('',(3.421276721058E0,1.760753012054E2,8.133604274765E0));
#7673=CARTESIAN_POINT('',(3.250465667797E0,1.762099248321E2,7.850983761294E0));
#7674=CARTESIAN_POINT('',(3.193462767455E0,1.765523279318E2,7.773397149601E0));
#7675=CARTESIAN_POINT('',(3.294466618229E0,1.768370198554E2,7.961003123807E0));
#7676=CARTESIAN_POINT('',(3.395470469003E0,1.771217117790E2,8.148609098012E0));
#7677=CARTESIAN_POINT('',(3.576165255560E0,1.771279496542E2,8.455942760308E0));
#7678=CARTESIAN_POINT('',(3.696444839105E0,1.768508967914E2,8.644705410623E0));
#7679=CARTESIAN_POINT('',(3.536131615856E0,1.760773408676E2,8.074165898497E0));
#7680=CARTESIAN_POINT('',(3.409879762382E0,1.762126747527E2,7.768860093107E0));
#7681=CARTESIAN_POINT('',(3.374562112853E0,1.765554249214E2,7.680226891322E0));
#7682=CARTESIAN_POINT('',(3.457563073877E0,1.768398316159E2,7.876990222081E0));
#7683=CARTESIAN_POINT('',(3.540564034900E0,1.771242383103E2,8.073753552841E0));
#7684=CARTESIAN_POINT('',(3.677526773681E0,1.771297798179E2,8.403348137122E0));
#7685=CARTESIAN_POINT('',(3.762253868284E0,1.768521593946E2,8.610214722487E0));
#7686=CARTESIAN_POINT('',(3.685009951838E0,1.760736948822E2,8.025983466364E0));
#7687=CARTESIAN_POINT('',(3.610334223497E0,1.762077304762E2,7.704146015491E0));
#7688=CARTESIAN_POINT('',(3.600224508467E0,1.765498467900E2,7.607429809240E0));
#7689=CARTESIAN_POINT('',(3.662519622488E0,1.768347755408E2,7.810826132502E0));
#7690=CARTESIAN_POINT('',(3.724814736508E0,1.771197042916E2,8.014222455763E0));
#7691=CARTESIAN_POINT('',(3.811212633586E0,1.771265189775E2,8.360022975937E0));
#7692=CARTESIAN_POINT('',(3.854722583161E0,1.768499356644E2,8.580102770338E0));
#7693=CARTESIAN_POINT('',(3.824044934766E0,1.760658059185E2,8.001388700346E0));
#7694=CARTESIAN_POINT('',(3.795220229687E0,1.761972334548E2,7.671469616545E0));
#7695=CARTESIAN_POINT('',(3.807565503279E0,1.765380726356E2,7.570794927659E0));
#7696=CARTESIAN_POINT('',(3.851508544586E0,1.768240454345E2,7.777425225269E0));
#7697=CARTESIAN_POINT('',(3.895451585894E0,1.771100182334E2,7.984055522879E0));
#7698=CARTESIAN_POINT('',(3.936920079042E0,1.771193886202E2,8.337774932980E0));
#7699=CARTESIAN_POINT('',(3.943760409821E0,1.768448910354E2,8.564318427175E0));
#7700=CARTESIAN_POINT('',(3.951754133498E0,1.760550526043E2,7.994717281424E0));
#7701=CARTESIAN_POINT('',(3.965345232902E0,1.761829176862E2,7.662541441517E0));
#7702=CARTESIAN_POINT('',(3.998456987659E0,1.765220125305E2,7.560762695585E0));
#7703=CARTESIAN_POINT('',(4.025415385827E0,1.768094116248E2,7.768297692943E0));
#7704=CARTESIAN_POINT('',(4.052373783994E0,1.770968107192E2,7.975832690301E0));
#7705=CARTESIAN_POINT('',(4.052275969728E0,1.771096721202E2,8.331764075785E0));
#7706=CARTESIAN_POINT('',(4.025197785721E0,1.768380234249E2,8.560111711581E0));
#7707=CARTESIAN_POINT('',(4.067836932276E0,1.760423206538E2,8.002131004994E0));
#7708=CARTESIAN_POINT('',(4.122133223390E0,1.761657401983E2,7.672467973869E0));
#7709=CARTESIAN_POINT('',(4.175130144113E0,1.765026629567E2,7.571918452819E0));
#7710=CARTESIAN_POINT('',(4.185735230894E0,1.767918475967E2,7.778445981470E0));
#7711=CARTESIAN_POINT('',(4.196340317676E0,1.770810322368E2,7.984973510122E0));
#7712=CARTESIAN_POINT('',(4.156330656125E0,1.770982523485E2,8.338441898905E0));
#7713=CARTESIAN_POINT('',(4.096728719559E0,1.768301558955E2,8.564780754964E0));
#7714=CARTESIAN_POINT('',(4.172231518806E0,1.760282183559E2,8.020987185829E0));
#7715=CARTESIAN_POINT('',(4.266670580620E0,1.761462430666E2,7.698446027313E0));
#7716=CARTESIAN_POINT('',(4.339209692715E0,1.764805390360E2,7.601365823826E0));
#7717=CARTESIAN_POINT('',(4.333603873699E0,1.767719016772E2,7.805020094450E0));
#7718=CARTESIAN_POINT('',(4.327998054683E0,1.770632643184E2,8.008674365075E0));
#7719=CARTESIAN_POINT('',(4.248593913953E0,1.770857784547E2,8.355154771390E0));
#7720=CARTESIAN_POINT('',(4.156959401388E0,1.768219871978E2,8.575809224302E0));
#7721=CARTESIAN_POINT('',(4.264503913247E0,1.760132684997E2,8.049200658340E0));
#7722=CARTESIAN_POINT('',(4.398938827190E0,1.761248493360E2,7.738719619994E0));
#7723=CARTESIAN_POINT('',(4.490869183676E0,1.764560205478E2,7.647489180951E0));
#7724=CARTESIAN_POINT('',(4.469014523922E0,1.767500004058E2,7.846247101820E0));
#7725=CARTESIAN_POINT('',(4.447159864168E0,1.770439802637E2,8.045005022689E0));
#7726=CARTESIAN_POINT('',(4.328465735144E0,1.770728242678E2,8.379639470038E0));
#7727=CARTESIAN_POINT('',(4.204964543718E0,1.768141675114E2,8.590683409873E0));
#7728=CARTESIAN_POINT('',(4.344649108388E0,1.759978918405E2,8.084946424851E0));
#7729=CARTESIAN_POINT('',(4.518795552998E0,1.761018960652E2,7.791976733974E0));
#7730=CARTESIAN_POINT('',(4.629901700329E0,1.764294081249E2,7.709204861987E0));
#7731=CARTESIAN_POINT('',(4.591818671405E0,1.767264835036E2,7.900810011877E0));
#7732=CARTESIAN_POINT('',(4.553735642481E0,1.770235588823E2,8.092415161767E0));
#7733=CARTESIAN_POINT('',(4.395992048711E0,1.770598528920E2,8.409831576679E0));
#7734=CARTESIAN_POINT('',(4.240898258115E0,1.768072240813E2,8.606942646771E0));
#7735=CARTESIAN_POINT('',(4.413828548620E0,1.759822163849E2,8.127208098208E0));
#7736=CARTESIAN_POINT('',(4.627198993996E0,1.760773816678E2,7.857967350547E0));
#7737=CARTESIAN_POINT('',(4.757177985843E0,1.764006402387E2,7.786615570378E0));
#7738=CARTESIAN_POINT('',(4.702983121862E0,1.767013456286E2,7.968477112134E0));
#7739=CARTESIAN_POINT('',(4.648788257881E0,1.770020510185E2,8.150338653891E0));
#7740=CARTESIAN_POINT('',(4.452440856337E0,1.770470439211E2,8.444402706489E0));
#7741=CARTESIAN_POINT('',(4.266183695327E0,1.768014379848E2,8.622659487504E0));
#7742=CARTESIAN_POINT('',(4.473954392679E0,1.759659548444E2,8.176561796846E0));
#7743=CARTESIAN_POINT('',(4.726064694371E0,1.760507016051E2,7.938836967736E0));
#7744=CARTESIAN_POINT('',(4.874628109113E0,1.763689615455E2,7.882607091794E0));
#7745=CARTESIAN_POINT('',(4.804452346067E0,1.766739640078E2,8.051471383769E0));
#7746=CARTESIAN_POINT('',(4.734276583021E0,1.769789664700E2,8.220335675743E0));
#7747=CARTESIAN_POINT('',(4.499774142873E0,1.770342203071E2,8.483361061252E0));
#7748=CARTESIAN_POINT('',(4.282772249603E0,1.767968831E2,8.636604350393E0));
#7749=CARTESIAN_POINT('',(4.526557498700E0,1.759484447424E2,8.235546813261E0));
#7750=CARTESIAN_POINT('',(4.816668178536E0,1.760206180350E2,8.040067185392E0));
#7751=CARTESIAN_POINT('',(4.983418142512E0,1.763328597467E2,8.004058805270E0));
#7752=CARTESIAN_POINT('',(4.897513712365E0,1.766430656008E2,8.155441654423E0));
#7753=CARTESIAN_POINT('',(4.811609282218E0,1.769532714550E2,8.306824503577E0));
#7754=CARTESIAN_POINT('',(4.539658566808E0,1.770209157271E2,8.528220173483E0));
#7755=CARTESIAN_POINT('',(4.292525229689E0,1.767935487701E2,8.647964096237E0));
#7756=CARTESIAN_POINT('',(4.558578945215E0,1.759343524113E2,8.288046479807E0));
#7757=CARTESIAN_POINT('',(4.874062457940E0,1.759954298499E2,8.133824190612E0));
#7758=CARTESIAN_POINT('',(5.052934588316E0,1.763023697863E2,8.117529902968E0));
#7759=CARTESIAN_POINT('',(4.956502438763E0,1.766171788055E2,8.251797792823E0));
#7760=CARTESIAN_POINT('',(4.860070289210E0,1.769319878247E2,8.386065682678E0));
#7761=CARTESIAN_POINT('',(4.563104894283E0,1.770105710252E2,8.566787845370E0));
#7762=CARTESIAN_POINT('',(4.295865663410E0,1.767919969931E2,8.653836915345E0));
#7763=CARTESIAN_POINT('',(4.573010562526E0,1.759261601108E2,8.320623891476E0));
#7764=CARTESIAN_POINT('',(4.900207934635E0,1.759805825680E2,8.192871308163E0));
#7765=CARTESIAN_POINT('',(5.084674118399E0,1.762843444068E2,8.189217626937E0));
#7766=CARTESIAN_POINT('',(4.983378729610E0,1.766019164282E2,8.312495819235E0));
#7767=CARTESIAN_POINT('',(4.882083340821E0,1.769194884495E2,8.435774011533E0));
#7768=CARTESIAN_POINT('',(4.573568245968E0,1.770046333904E2,8.590397304488E0));
#7769=CARTESIAN_POINT('',(4.297048197860E0,1.767913320305E2,8.656474731923E0));
#7770=CARTESIAN_POINT('',(4.575971689570E0,1.759243649901E2,8.327861331151E0));
#7771=CARTESIAN_POINT('',(4.905583280198E0,1.759773226083E2,8.206015768293E0));
#7772=CARTESIAN_POINT('',(5.091202305159E0,1.762803849655E2,8.205182763873E0));
#7773=CARTESIAN_POINT('',(4.988904496521E0,1.765985652230E2,8.326008208318E0));
#7774=CARTESIAN_POINT('',(4.886606687884E0,1.769167454805E2,8.446833652762E0));
#7775=CARTESIAN_POINT('',(4.575711162975E0,1.770033347643E2,8.595632571469E0));
#7776=CARTESIAN_POINT('',(4.297278399487E0,1.767911939474E2,8.657030069821E0));
#7777=(BOUNDED_SURFACE()B_SPLINE_SURFACE(3,3,((#7658,#7659,#7660,#7661,#7662,
#7663,#7664),(#7665,#7666,#7667,#7668,#7669,#7670,#7671),(#7672,#7673,#7674,
#7675,#7676,#7677,#7678),(#7679,#7680,#7681,#7682,#7683,#7684,#7685),(#7686,
#7687,#7688,#7689,#7690,#7691,#7692),(#7693,#7694,#7695,#7696,#7697,#7698,
#7699),(#7700,#7701,#7702,#7703,#7704,#7705,#7706),(#7707,#7708,#7709,#7710,
#7711,#7712,#7713),(#7714,#7715,#7716,#7717,#7718,#7719,#7720),(#7721,#7722,
#7723,#7724,#7725,#7726,#7727),(#7728,#7729,#7730,#7731,#7732,#7733,#7734),(
#7735,#7736,#7737,#7738,#7739,#7740,#7741),(#7742,#7743,#7744,#7745,#7746,#7747,
#7748),(#7749,#7750,#7751,#7752,#7753,#7754,#7755),(#7756,#7757,#7758,#7759,
#7760,#7761,#7762),(#7763,#7764,#7765,#7766,#7767,#7768,#7769),(#7770,#7771,
#7772,#7773,#7774,#7775,#7776)),.UNSPECIFIED.,.F.,.F.,.F.)B_SPLINE_SURFACE_WITH_KNOTS((4,1,1,1,1,1,1,1,1,1,1,1,1,1,4),(4,3,4),(8.362990871021E-2,
1.208947801690E-1,2.279645763816E-1,3.239536936428E-1,4.106554022279E-1,
4.892680882381E-1,5.609416827862E-1,6.268856734787E-1,6.873075365610E-1,
7.419145016815E-1,7.921842375888E-1,8.404568101868E-1,8.890159644961E-1,
9.414512868351E-1,9.561950814412E-1),(0.E0,1.E0,2.E0),.UNSPECIFIED.)GEOMETRIC_REPRESENTATION_ITEM()RATIONAL_B_SPLINE_SURFACE(((1.240454143248E0,
9.198486189175E-1,9.198486189175E-1,1.240454143248E0,9.198486189175E-1,
9.198486189175E-1,1.240454143248E0),(1.240454143248E0,9.198486189175E-1,
9.198486189175E-1,1.240454143248E0,9.198486189175E-1,9.198486189175E-1,
1.240454143248E0),(1.240454143248E0,9.198486189175E-1,9.198486189175E-1,
1.240454143248E0,9.198486189175E-1,9.198486189175E-1,1.240454143248E0),(
1.240454143248E0,9.198486189175E-1,9.198486189175E-1,1.240454143248E0,
9.198486189175E-1,9.198486189175E-1,1.240454143248E0),(1.240454143248E0,
9.198486189175E-1,9.198486189175E-1,1.240454143248E0,9.198486189175E-1,
9.198486189175E-1,1.240454143248E0),(1.240454143248E0,9.198486189175E-1,
9.198486189175E-1,1.240454143248E0,9.198486189175E-1,9.198486189175E-1,
1.240454143248E0),(1.240454143248E0,9.198486189175E-1,9.198486189175E-1,
1.240454143248E0,9.198486189175E-1,9.198486189175E-1,1.240454143248E0),(
1.240454143248E0,9.198486189175E-1,9.198486189175E-1,1.240454143248E0,
9.198486189175E-1,9.198486189175E-1,1.240454143248E0),(1.240454143248E0,
9.198486189175E-1,9.198486189175E-1,1.240454143248E0,9.198486189175E-1,
9.198486189175E-1,1.240454143248E0),(1.240454143248E0,9.198486189175E-1,
9.198486189175E-1,1.240454143248E0,9.198486189175E-1,9.198486189175E-1,
1.240454143248E0),(1.240454143248E0,9.198486189175E-1,9.198486189175E-1,
1.240454143248E0,9.198486189175E-1,9.198486189175E-1,1.240454143248E0),(
1.240454143248E0,9.198486189175E-1,9.198486189175E-1,1.240454143248E0,
9.198486189175E-1,9.198486189175E-1,1.240454143248E0),(1.240454143248E0,
9.198486189175E-1,9.198486189175E-1,1.240454143248E0,9.198486189175E-1,
9.198486189175E-1,1.240454143248E0),(1.240454143248E0,9.198486189175E-1,
9.198486189175E-1,1.240454143248E0,9.198486189175E-1,9.198486189175E-1,
1.240454143248E0),(1.240454143248E0,9.198486189175E-1,9.198486189175E-1,
1.240454143248E0,9.198486189175E-1,9.198486189175E-1,1.240454143248E0),(
1.240454143248E0,9.198486189175E-1,9.198486189175E-1,1.240454143248E0,
9.198486189175E-1,9.198486189175E-1,1.240454143248E0),(1.240454143248E0,
9.198486189175E-1,9.198486189175E-1,1.240454143248E0,9.198486189175E-1,
9.198486189175E-1,1.240454143248E0)))REPRESENTATION_ITEM('')SURFACE());
#7778=ORIENTED_EDGE('',*,*,#7650,.F.);
#7780=ORIENTED_EDGE('',*,*,#7779,.T.);
#7781=ORIENTED_EDGE('',*,*,#5814,.T.);
#7782=ORIENTED_EDGE('',*,*,#5948,.F.);
#7783=EDGE_LOOP('',(#7778,#7780,#7781,#7782));
#7784=FACE_OUTER_BOUND('',#7783,.F.);
#7786=CARTESIAN_POINT('',(0.E0,1.765388291310E2,0.E0));
#7787=DIRECTION('',(0.E0,1.E0,0.E0));
#7788=DIRECTION('',(-7.294001462325E-1,0.E0,6.840872946313E-1));
#7789=AXIS2_PLACEMENT_3D('',#7786,#7787,#7788);
#7790=TOROIDAL_SURFACE('',#7789,9.008860602768E0,5.E-1);
#7791=ORIENTED_EDGE('',*,*,#3113,.F.);
#7793=ORIENTED_EDGE('',*,*,#7792,.T.);
#7794=ORIENTED_EDGE('',*,*,#5816,.T.);
#7795=ORIENTED_EDGE('',*,*,#7779,.F.);
#7796=EDGE_LOOP('',(#7791,#7793,#7794,#7795));
#7797=FACE_OUTER_BOUND('',#7796,.F.);
#7799=CARTESIAN_POINT('',(-4.575828200999E0,1.759244487907E2,8.327542791661E0));
#7800=CARTESIAN_POINT('',(-4.905333511692E0,1.759774881171E2,8.205415801036E0));
#7801=CARTESIAN_POINT('',(-5.090893013799E0,1.762805871355E2,8.204451597E0));
#7802=CARTESIAN_POINT('',(-4.988629845661E0,1.765987326290E2,8.325397792307E0));
#7803=CARTESIAN_POINT('',(-4.886366677523E0,1.769168781225E2,8.446343987614E0));
#7804=CARTESIAN_POINT('',(-4.575572406146E0,1.770033903218E2,8.595422797712E0));
#7805=CARTESIAN_POINT('',(-4.297226899872E0,1.767911904539E2,8.657043314600E0));
#7806=CARTESIAN_POINT('',(-4.573880304217E0,1.759256262637E2,8.322798374491E0));
#7807=CARTESIAN_POINT('',(-4.901796606713E0,1.759796261912E2,8.196800749497E0));
#7808=CARTESIAN_POINT('',(-5.086597372031E0,1.762831838873E2,8.193988356064E0));
#7809=CARTESIAN_POINT('',(-4.984994038583E0,1.766009304911E2,8.316541833481E0));
#7810=CARTESIAN_POINT('',(-4.883390705135E0,1.769186770948E2,8.439095310899E0));
#7811=CARTESIAN_POINT('',(-4.574163225359E0,1.770042421232E2,8.591990639831E0));
#7812=CARTESIAN_POINT('',(-4.297076627851E0,1.767912812090E2,8.656677706491E0));
#7813=CARTESIAN_POINT('',(-4.565418951022E0,1.759305227982E2,8.303246313921E0));
#7814=CARTESIAN_POINT('',(-4.886452662896E0,1.759885056620E2,8.161344613514E0));
#7815=CARTESIAN_POINT('',(-5.067966890273E0,1.762939652684E2,8.150937792019E0));
#7816=CARTESIAN_POINT('',(-4.969221347234E0,1.766100580764E2,8.280094963652E0));
#7817=CARTESIAN_POINT('',(-4.870475804195E0,1.769261508845E2,8.409252135286E0));
#7818=CARTESIAN_POINT('',(-4.568034604536E0,1.770077887112E2,8.577828988901E0));
#7819=CARTESIAN_POINT('',(-4.296400913814E0,1.767916722150E2,8.655116461523E0));
#7820=CARTESIAN_POINT('',(-4.547211440940E0,1.759394823022E2,8.268811006515E0));
#7821=CARTESIAN_POINT('',(-4.853646582270E0,1.760046355062E2,8.099363829430E0));
#7822=CARTESIAN_POINT('',(-5.028188017526E0,1.763135200320E2,8.075799773870E0));
#7823=CARTESIAN_POINT('',(-4.935501939228E0,1.766266367665E2,8.216389649593E0));
#7824=CARTESIAN_POINT('',(-4.842815860931E0,1.769397535011E2,8.356979525316E0));
#7825=CARTESIAN_POINT('',(-4.554768069072E0,1.770143218128E2,8.552714470634E0));
#7826=CARTESIAN_POINT('',(-4.294701544365E0,1.767925238344E2,8.651827912941E0));
#7827=CARTESIAN_POINT('',(-4.517113701223E0,1.759515099941E2,8.225353815710E0));
#7828=CARTESIAN_POINT('',(-4.800433278082E0,1.760258764523E2,8.022647876078E0));
#7829=CARTESIAN_POINT('',(-4.963925328086E0,1.763391651849E2,7.983184891429E0));
#7830=CARTESIAN_POINT('',(-4.880823381215E0,1.766484621986E2,8.137563189083E0));
#7831=CARTESIAN_POINT('',(-4.797721434345E0,1.769577592124E2,8.291941486737E0));
#7832=CARTESIAN_POINT('',(-4.532460063756E0,1.770232455644E2,8.520461106722E0));
#7833=CARTESIAN_POINT('',(-4.290714392988E0,1.767941452463E2,8.645935295584E0));
#7834=CARTESIAN_POINT('',(-4.478672578940E0,1.759643091686E2,8.182230393319E0));
#7835=CARTESIAN_POINT('',(-4.734323039280E0,1.760478582098E2,7.948629852342E0));
#7836=CARTESIAN_POINT('',(-4.884572743561E0,1.763655419775E2,7.894379455442E0));
#7837=CARTESIAN_POINT('',(-4.812922910143E0,1.766710387098E2,8.061543213146E0));
#7838=CARTESIAN_POINT('',(-4.741273076725E0,1.769765354422E2,8.228706970849E0));
#7839=CARTESIAN_POINT('',(-4.503278678830E0,1.770329728120E2,8.487671489239E0));
#7840=CARTESIAN_POINT('',(-4.283472907551E0,1.767965911003E2,8.637644021171E0));
#7841=CARTESIAN_POINT('',(-4.430990747611E0,1.759777471749E2,8.140484433866E0));
#7842=CARTESIAN_POINT('',(-4.655170192106E0,1.760701308768E2,7.879497529930E0));
#7843=CARTESIAN_POINT('',(-4.790331193275E0,1.763920507571E2,7.812115096724E0));
#7844=CARTESIAN_POINT('',(-4.731674263911E0,1.766939005088E2,7.990583302784E0));
#7845=CARTESIAN_POINT('',(-4.673017334547E0,1.769957502604E2,8.169051508844E0));
#7846=CARTESIAN_POINT('',(-4.466023168528E0,1.770434853074E2,8.454991855079E0));
#7847=CARTESIAN_POINT('',(-4.271188375570E0,1.768000934318E2,8.626695406236E0));
#7848=CARTESIAN_POINT('',(-4.373209247408E0,1.759916574356E2,8.101280543138E0));
#7849=CARTESIAN_POINT('',(-4.563102016948E0,1.760922590831E2,7.817203675960E0));
#7850=CARTESIAN_POINT('',(-4.681784888149E0,1.764181289097E2,7.738722264608E0));
#7851=CARTESIAN_POINT('',(-4.637234985074E0,1.767165979472E2,7.926688267810E0));
#7852=CARTESIAN_POINT('',(-4.592685082E0,1.770150669846E2,8.114654271012E0));
#7853=CARTESIAN_POINT('',(-4.419444964685E0,1.770547119539E2,8.423324903666E0));
#7854=CARTESIAN_POINT('',(-4.251839440588E0,1.768047934228E2,8.613366898501E0));
#7855=CARTESIAN_POINT('',(-4.305078614283E0,1.760057360003E2,8.066122816464E0));
#7856=CARTESIAN_POINT('',(-4.459106609003E0,1.761137142227E2,7.763702424476E0));
#7857=CARTESIAN_POINT('',(-4.560500895570E0,1.764431403651E2,7.676376425741E0));
#7858=CARTESIAN_POINT('',(-4.530643609765E0,1.767385880064E2,7.871854587189E0));
#7859=CARTESIAN_POINT('',(-4.500786323959E0,1.770340356478E2,8.067332748638E0));
#7860=CARTESIAN_POINT('',(-4.362827843588E0,1.770664242025E2,8.394047599605E0));
#7861=CARTESIAN_POINT('',(-4.223736731131E0,1.768106406283E2,8.598674967085E0));
#7862=CARTESIAN_POINT('',(-4.226502159875E0,1.760196739518E2,8.036436059186E0));
#7863=CARTESIAN_POINT('',(-4.343995324600E0,1.761341022030E2,7.720356116171E0));
#7864=CARTESIAN_POINT('',(-4.427715970168E0,1.764666489767E2,7.626420251646E0));
#7865=CARTESIAN_POINT('',(-4.412749804379E0,1.767594682148E2,7.827463309591E0));
#7866=CARTESIAN_POINT('',(-4.397783638589E0,1.770522874528E2,8.028506367537E0));
#7867=CARTESIAN_POINT('',(-4.295734944383E0,1.770783365489E2,8.368646035773E0));
#7868=CARTESIAN_POINT('',(-4.185728992587E0,1.768174178728E2,8.584148970354E0));
#7869=CARTESIAN_POINT('',(-4.137462303860E0,1.760331514149E2,8.013631018368E0));
#7870=CARTESIAN_POINT('',(-4.218171985467E0,1.761531219862E2,7.688248109284E0));
#7871=CARTESIAN_POINT('',(-4.284031535578E0,1.764883603810E2,7.589793034485E0));
#7872=CARTESIAN_POINT('',(-4.283975580162E0,1.767789335450E2,7.794604688049E0));
#7873=CARTESIAN_POINT('',(-4.283919624746E0,1.770695067090E2,7.999416341614E0));
#7874=CARTESIAN_POINT('',(-4.217991549829E0,1.770901135692E2,8.348690363693E0));
#7875=CARTESIAN_POINT('',(-4.137309861372E0,1.768247762299E2,8.571610926559E0));
#7876=CARTESIAN_POINT('',(-4.037717251987E0,1.760458447021E2,7.999213428302E0));
#7877=CARTESIAN_POINT('',(-4.081227553852E0,1.761705292988E2,7.668545005539E0));
#7878=CARTESIAN_POINT('',(-4.128958448008E0,1.765080653757E2,7.567512442381E0));
#7879=CARTESIAN_POINT('',(-4.143900936386E0,1.767967383299E2,7.774453134366E0));
#7880=CARTESIAN_POINT('',(-4.158843424764E0,1.770854112840E2,7.981393826350E0));
#7881=CARTESIAN_POINT('',(-4.129411583124E0,1.771013934040E2,8.335852625808E0));
#7882=CARTESIAN_POINT('',(-4.078425913570E0,1.768322926686E2,8.562993595616E0));
#7883=CARTESIAN_POINT('',(-3.926784498572E0,1.760573594736E2,7.995107454057E0));
#7884=CARTESIAN_POINT('',(-3.931997449382E0,1.761860054595E2,7.663084759425E0));
#7885=CARTESIAN_POINT('',(-3.961008835013E0,1.765254781106E2,7.561388997381E0));
#7886=CARTESIAN_POINT('',(-3.991324161408E0,1.768125612666E2,7.768871786521E0));
#7887=CARTESIAN_POINT('',(-4.021639487804E0,1.770996444226E2,7.976354575661E0));
#7888=CARTESIAN_POINT('',(-4.029753227237E0,1.771117430504E2,8.332140443639E0));
#7889=CARTESIAN_POINT('',(-4.009374247468E0,1.768394762635E2,8.560364487144E0));
#7890=CARTESIAN_POINT('',(-3.804384418343E0,1.760671070580E2,8.004038663793E0));
#7891=CARTESIAN_POINT('',(-3.769126319859E0,1.761989701050E2,7.674995992623E0));
#7892=CARTESIAN_POINT('',(-3.778320724147E0,1.765400181380E2,7.574758871938E0));
#7893=CARTESIAN_POINT('',(-3.824838586245E0,1.768258134961E2,7.781047936802E0));
#7894=CARTESIAN_POINT('',(-3.871356448343E0,1.771116088543E2,7.987337001666E0));
#7895=CARTESIAN_POINT('',(-3.919129316170E0,1.771205550216E2,8.340202355091E0));
#7896=CARTESIAN_POINT('',(-3.931115646624E0,1.768457154279E2,8.566043566688E0));
#7897=CARTESIAN_POINT('',(-3.670903041163E0,1.760742000368E2,8.029833844288E0));
#7898=CARTESIAN_POINT('',(-3.591495394743E0,1.762084168403E2,7.709287918344E0));
#7899=CARTESIAN_POINT('',(-3.579071907663E0,1.765506172356E2,7.613211959918E0));
#7900=CARTESIAN_POINT('',(-3.643265351685E0,1.768354700574E2,7.816100172875E0));
#7901=CARTESIAN_POINT('',(-3.707458795706E0,1.771203228791E2,8.018988385832E0));
#7902=CARTESIAN_POINT('',(-3.798495641800E0,1.771269624236E2,8.363527784222E0));
#7903=CARTESIAN_POINT('',(-3.845788851508E0,1.768502406018E2,8.582573615041E0));
#7904=CARTESIAN_POINT('',(-3.527561260441E0,1.760773118802E2,8.078044081251E0));
#7905=CARTESIAN_POINT('',(-3.398176962283E0,1.762126476551E2,7.774151942671E0));
#7906=CARTESIAN_POINT('',(-3.361334812950E0,1.765553941213E2,7.686216053663E0));
#7907=CARTESIAN_POINT('',(-3.445601028469E0,1.768397967078E2,7.882419070432E0));
#7908=CARTESIAN_POINT('',(-3.529867243988E0,1.771241992944E2,8.078622087202E0));
#7909=CARTESIAN_POINT('',(-3.669904514789E0,1.771297413952E2,8.406834509613E0));
#7910=CARTESIAN_POINT('',(-3.757132451243E0,1.768521258439E2,8.612570995996E0));
#7911=CARTESIAN_POINT('',(-3.422116895192E0,1.760752289387E2,8.133584183301E0));
#7912=CARTESIAN_POINT('',(-3.251576756972E0,1.762098243657E2,7.851033791270E0));
#7913=CARTESIAN_POINT('',(-3.194711032892E0,1.765522093710E2,7.773487139015E0));
#7914=CARTESIAN_POINT('',(-3.295611573942E0,1.768369096486E2,7.961071403166E0));
#7915=CARTESIAN_POINT('',(-3.396512114992E0,1.771216099262E2,8.148655667316E0));
#7916=CARTESIAN_POINT('',(-3.576943891324E0,1.771278780501E2,8.455924050936E0));
#7917=CARTESIAN_POINT('',(-3.697005914696E0,1.768508539190E2,8.644630545493E0));
#7918=CARTESIAN_POINT('',(-3.365454337217E0,1.760720760750E2,8.172892268056E0));
#7919=CARTESIAN_POINT('',(-3.170340223820E0,1.762053145503E2,7.907340914181E0));
#7920=CARTESIAN_POINT('',(-3.101561115343E0,1.765470415473E2,7.838036097360E0));
#7921=CARTESIAN_POINT('',(-3.212446117344E0,1.768322929585E2,8.018714540470E0));
#7922=CARTESIAN_POINT('',(-3.323331119346E0,1.771175443697E2,8.199392983580E0));
#7923=CARTESIAN_POINT('',(-3.527903572524E0,1.771251454379E2,8.489962440905E0));
#7924=CARTESIAN_POINT('',(-3.667544585305E0,1.768492025396E2,8.665124713544E0));
#7925=CARTESIAN_POINT('',(-3.354705799061E0,1.760713930011E2,8.180745634047E0));
#7926=CARTESIAN_POINT('',(-3.154833380979E0,1.762043302245E2,7.918665481963E0));
#7927=CARTESIAN_POINT('',(-3.083748971221E0,1.765459112537E2,7.851042474379E0));
#7928=CARTESIAN_POINT('',(-3.196569131712E0,1.768312851599E2,8.030309313457E0));
#7929=CARTESIAN_POINT('',(-3.309389292203E0,1.771166590661E2,8.209576152534E0));
#7930=CARTESIAN_POINT('',(-3.518636904074E0,1.771245561134E2,8.496735104861E0));
#7931=CARTESIAN_POINT('',(-3.662068108272E0,1.768488531856E2,8.669132367268E0));
#7932=(BOUNDED_SURFACE()B_SPLINE_SURFACE(3,3,((#7799,#7800,#7801,#7802,#7803,
#7804,#7805),(#7806,#7807,#7808,#7809,#7810,#7811,#7812),(#7813,#7814,#7815,
#7816,#7817,#7818,#7819),(#7820,#7821,#7822,#7823,#7824,#7825,#7826),(#7827,
#7828,#7829,#7830,#7831,#7832,#7833),(#7834,#7835,#7836,#7837,#7838,#7839,
#7840),(#7841,#7842,#7843,#7844,#7845,#7846,#7847),(#7848,#7849,#7850,#7851,
#7852,#7853,#7854),(#7855,#7856,#7857,#7858,#7859,#7860,#7861),(#7862,#7863,
#7864,#7865,#7866,#7867,#7868),(#7869,#7870,#7871,#7872,#7873,#7874,#7875),(
#7876,#7877,#7878,#7879,#7880,#7881,#7882),(#7883,#7884,#7885,#7886,#7887,#7888,
#7889),(#7890,#7891,#7892,#7893,#7894,#7895,#7896),(#7897,#7898,#7899,#7900,
#7901,#7902,#7903),(#7904,#7905,#7906,#7907,#7908,#7909,#7910),(#7911,#7912,
#7913,#7914,#7915,#7916,#7917),(#7918,#7919,#7920,#7921,#7922,#7923,#7924),(
#7925,#7926,#7927,#7928,#7929,#7930,#7931)),.UNSPECIFIED.,.F.,.F.,.F.)B_SPLINE_SURFACE_WITH_KNOTS((4,1,1,1,1,1,1,1,1,1,1,1,1,1,1,1,4),(4,3,4),(4.410171497726E-2,
5.378366958049E-2,8.432162365250E-2,1.175940507232E-1,1.536551566518E-1,
1.935938264760E-1,2.375107500909E-1,2.856788364885E-1,3.382379174958E-1,
3.954455908611E-1,4.577813209568E-1,5.261404652004E-1,6.016396988523E-1,
6.851275783627E-1,7.777353860137E-1,8.817337823368E-1,9.066449275088E-1),(0.E0,
1.E0,2.E0),.UNSPECIFIED.)GEOMETRIC_REPRESENTATION_ITEM()RATIONAL_B_SPLINE_SURFACE(((1.240451544081E0,9.198494853062E-1,9.198494853062E-1,1.240451544081E0,
9.198494853062E-1,9.198494853062E-1,1.240451544081E0),(1.240451544081E0,
9.198494853062E-1,9.198494853062E-1,1.240451544081E0,9.198494853062E-1,
9.198494853062E-1,1.240451544081E0),(1.240451544081E0,9.198494853062E-1,
9.198494853062E-1,1.240451544081E0,9.198494853062E-1,9.198494853062E-1,
1.240451544081E0),(1.240451544081E0,9.198494853062E-1,9.198494853062E-1,
1.240451544081E0,9.198494853062E-1,9.198494853062E-1,1.240451544081E0),(
1.240451544081E0,9.198494853062E-1,9.198494853062E-1,1.240451544081E0,
9.198494853062E-1,9.198494853062E-1,1.240451544081E0),(1.240451544081E0,
9.198494853062E-1,9.198494853062E-1,1.240451544081E0,9.198494853062E-1,
9.198494853062E-1,1.240451544081E0),(1.240451544081E0,9.198494853062E-1,
9.198494853062E-1,1.240451544081E0,9.198494853062E-1,9.198494853062E-1,
1.240451544081E0),(1.240451544081E0,9.198494853062E-1,9.198494853062E-1,
1.240451544081E0,9.198494853062E-1,9.198494853062E-1,1.240451544081E0),(
1.240451544081E0,9.198494853062E-1,9.198494853062E-1,1.240451544081E0,
9.198494853062E-1,9.198494853062E-1,1.240451544081E0),(1.240451544081E0,
9.198494853062E-1,9.198494853062E-1,1.240451544081E0,9.198494853062E-1,
9.198494853062E-1,1.240451544081E0),(1.240451544081E0,9.198494853062E-1,
9.198494853062E-1,1.240451544081E0,9.198494853062E-1,9.198494853062E-1,
1.240451544081E0),(1.240451544081E0,9.198494853062E-1,9.198494853062E-1,
1.240451544081E0,9.198494853062E-1,9.198494853062E-1,1.240451544081E0),(
1.240451544081E0,9.198494853062E-1,9.198494853062E-1,1.240451544081E0,
9.198494853062E-1,9.198494853062E-1,1.240451544081E0),(1.240451544081E0,
9.198494853062E-1,9.198494853062E-1,1.240451544081E0,9.198494853062E-1,
9.198494853062E-1,1.240451544081E0),(1.240451544081E0,9.198494853062E-1,
9.198494853062E-1,1.240451544081E0,9.198494853062E-1,9.198494853062E-1,
1.240451544081E0),(1.240451544081E0,9.198494853062E-1,9.198494853062E-1,
1.240451544081E0,9.198494853062E-1,9.198494853062E-1,1.240451544081E0),(
1.240451544081E0,9.198494853062E-1,9.198494853062E-1,1.240451544081E0,
9.198494853062E-1,9.198494853062E-1,1.240451544081E0),(1.240451544081E0,
9.198494853062E-1,9.198494853062E-1,1.240451544081E0,9.198494853062E-1,
9.198494853062E-1,1.240451544081E0),(1.240451544081E0,9.198494853062E-1,
9.198494853062E-1,1.240451544081E0,9.198494853062E-1,9.198494853062E-1,
1.240451544081E0)))REPRESENTATION_ITEM('')SURFACE());
#7934=ORIENTED_EDGE('',*,*,#7933,.T.);
#7935=ORIENTED_EDGE('',*,*,#5818,.T.);
#7936=ORIENTED_EDGE('',*,*,#7792,.F.);
#7938=ORIENTED_EDGE('',*,*,#7937,.F.);
#7939=EDGE_LOOP('',(#7934,#7935,#7936,#7938));
#7940=FACE_OUTER_BOUND('',#7939,.F.);
#7942=CARTESIAN_POINT('',(-1.639473103799E1,1.691243419288E2,1.829081363876E1));
#7943=CARTESIAN_POINT('',(-1.665705238121E1,1.691983808510E2,1.806273697341E1));
#7944=CARTESIAN_POINT('',(-1.689107011966E1,1.694653442348E2,1.807945415465E1));
#7945=CARTESIAN_POINT('',(-1.691532374425E1,1.697182250736E2,1.832800245479E1));
#7946=CARTESIAN_POINT('',(-1.693957736884E1,1.699711059124E2,1.857655075493E1));
#7947=CARTESIAN_POINT('',(-1.673526029211E1,1.700138169947E2,1.886420247147E1));
#7948=CARTESIAN_POINT('',(-1.646080272967E1,1.698132395717E2,1.896790858568E1));
#7949=CARTESIAN_POINT('',(-1.636879789445E1,1.691484523473E2,1.826881354227E1));
#7950=CARTESIAN_POINT('',(-1.663106329846E1,1.692225432771E2,1.804068942139E1));
#7951=CARTESIAN_POINT('',(-1.686487933581E1,1.694896941854E2,1.805723549158E1));
#7952=CARTESIAN_POINT('',(-1.688894189917E1,1.697427526566E2,1.830562170697E1));
#7953=CARTESIAN_POINT('',(-1.691300446253E1,1.699958111278E2,1.855400792236E1));
#7954=CARTESIAN_POINT('',(-1.670865511589E1,1.700385522119E2,1.884163226314E1));
#7955=CARTESIAN_POINT('',(-1.643434909738E1,1.698378338961E2,1.894546693813E1));
#7956=CARTESIAN_POINT('',(-1.595935699456E1,1.695279175699E2,1.792146886589E1));
#7957=CARTESIAN_POINT('',(-1.622073921128E1,1.696028270278E2,1.769259550258E1));
#7958=CARTESIAN_POINT('',(-1.645137072513E1,1.698729293168E2,1.770644001707E1));
#7959=CARTESIAN_POINT('',(-1.647241675125E1,1.701287834809E2,1.795226718620E1));
#7960=CARTESIAN_POINT('',(-1.649346277736E1,1.703846376449E2,1.819809435533E1));
#7961=CARTESIAN_POINT('',(-1.628860394336E1,1.704278509162E2,1.848528647826E1));
#7962=CARTESIAN_POINT('',(-1.601669055075E1,1.702249151415E2,1.859115091135E1));
#7963=CARTESIAN_POINT('',(-1.513054707996E1,1.702584648660E2,1.721835710547E1));
#7964=CARTESIAN_POINT('',(-1.539014150622E1,1.703349501562E2,1.698796709011E1));
#7965=CARTESIAN_POINT('',(-1.561432675437E1,1.706107344499E2,1.699634298646E1));
#7966=CARTESIAN_POINT('',(-1.562926656085E1,1.708719708882E2,1.723699001159E1));
#7967=CARTESIAN_POINT('',(-1.564420636733E1,1.711332073264E2,1.747763703673E1));
#7968=CARTESIAN_POINT('',(-1.543831620480E1,1.711773296532E2,1.776395424328E1));
#7969=CARTESIAN_POINT('',(-1.517124608080E1,1.709701248217E2,1.787392740958E1));
#7970=CARTESIAN_POINT('',(-1.387901598756E1,1.712570463557E2,1.615663449142E1));
#7971=CARTESIAN_POINT('',(-1.413591078984E1,1.713356856432E2,1.592395427968E1));
#7972=CARTESIAN_POINT('',(-1.435036195839E1,1.716192366411E2,1.592407237670E1));
#7973=CARTESIAN_POINT('',(-1.435608116620E1,1.718878300833E2,1.615689720847E1));
#7974=CARTESIAN_POINT('',(-1.436180037401E1,1.721564235254E2,1.638972204023E1));
#7975=CARTESIAN_POINT('',(-1.415435287023E1,1.722017884360E2,1.667471809358E1));
#7976=CARTESIAN_POINT('',(-1.389459624582E1,1.719887482517E2,1.679089558682E1));
#7977=CARTESIAN_POINT('',(-1.258210479763E1,1.721863447359E2,1.505641417141E1));
#7978=CARTESIAN_POINT('',(-1.283620208840E1,1.722669885730E2,1.482136072163E1));
#7979=CARTESIAN_POINT('',(-1.304056622280E1,1.725577674094E2,1.481292159440E1));
#7980=CARTESIAN_POINT('',(-1.303673049607E1,1.728332074153E2,1.503764060274E1));
#7981=CARTESIAN_POINT('',(-1.303289476935E1,1.731086474212E2,1.526235961108E1));
#7982=CARTESIAN_POINT('',(-1.282383345571E1,1.731551687031E2,1.554598660658E1));
#7983=CARTESIAN_POINT('',(-1.257165551602E1,1.729366980318E2,1.566859339347E1));
#7984=CARTESIAN_POINT('',(-1.130143529320E1,1.730064161235E2,1.396997230640E1));
#7985=CARTESIAN_POINT('',(-1.155277010671E1,1.730888289014E2,1.373257533947E1));
#7986=CARTESIAN_POINT('',(-1.174717353054E1,1.733859860373E2,1.371568615315E1));
#7987=CARTESIAN_POINT('',(-1.173390252918E1,1.736674678821E2,1.393240085020E1));
#7988=CARTESIAN_POINT('',(-1.172063152781E1,1.739489497269E2,1.414911554724E1));
#7989=CARTESIAN_POINT('',(-1.150997661462E1,1.739964914636E2,1.443139063012E1));
#7990=CARTESIAN_POINT('',(-1.126528244903E1,1.737732285887E2,1.456034619433E1));
#7991=CARTESIAN_POINT('',(-1.008985733192E1,1.736986984847E2,1.294214349085E1));
#7992=CARTESIAN_POINT('',(-1.033857870258E1,1.737826045552E2,1.270252943846E1));
#7993=CARTESIAN_POINT('',(-1.052355879168E1,1.740851460813E2,1.267764606995E1));
#7994=CARTESIAN_POINT('',(-1.050136154450E1,1.743717282850E2,1.288678828469E1));
#7995=CARTESIAN_POINT('',(-1.047916429732E1,1.746583104888E2,1.309593049944E1));
#7996=CARTESIAN_POINT('',(-1.026700175854E1,1.747067136662E2,1.337692660476E1));
#7997=CARTESIAN_POINT('',(-1.002938762082E1,1.744794053410E2,1.351188843261E1));
#7998=CARTESIAN_POINT('',(-8.982386485212E0,1.742648350034E2,1.200263279899E1));
#7999=CARTESIAN_POINT('',(-9.228718978014E0,1.743499622627E2,1.176099216839E1));
#8000=CARTESIAN_POINT('',(-9.405085450150E0,1.746569070497E2,1.172880153282E1));
#8001=CARTESIAN_POINT('',(-9.374728961603E0,1.749476602386E2,1.193102194504E1));
#8002=CARTESIAN_POINT('',(-9.344372473056E0,1.752384134276E2,1.213324235727E1));
#8003=CARTESIAN_POINT('',(-9.130831854268E0,1.752875210763E2,1.241306938360E1));
#8004=CARTESIAN_POINT('',(-8.899689379700E0,1.750569044520E2,1.255352137559E1));
#8005=CARTESIAN_POINT('',(-7.986640655740E0,1.747222117838E2,1.115790279464E1));
#8006=CARTESIAN_POINT('',(-8.230825267923E0,1.748083256309E2,1.091444003318E1));
#8007=CARTESIAN_POINT('',(-8.399447090889E0,1.751188277742E2,1.087567930981E1));
#8008=CARTESIAN_POINT('',(-8.361754489988E0,1.754129506659E2,1.107167621194E1));
#8009=CARTESIAN_POINT('',(-8.324061889087E0,1.757070735576E2,1.126767311407E1));
#8010=CARTESIAN_POINT('',(-8.109282215177E0,1.757567503426E2,1.154644900164E1));
#8011=CARTESIAN_POINT('',(-7.883958522763E0,1.755234609721E2,1.169183729336E1));
#8012=CARTESIAN_POINT('',(-7.095117651983E0,1.750916084402E2,1.040158907627E1));
#8013=CARTESIAN_POINT('',(-7.337379198138E0,1.751785190971E2,1.015649490293E1));
#8014=CARTESIAN_POINT('',(-7.499066989665E0,1.754918943104E2,1.011185177037E1));
#8015=CARTESIAN_POINT('',(-7.454806133365E0,1.757887387152E2,1.030227656539E1));
#8016=CARTESIAN_POINT('',(-7.410545277066E0,1.760855831201E2,1.049270136042E1));
#8017=CARTESIAN_POINT('',(-7.194656237578E0,1.761357195633E2,1.077053612992E1));
#8018=CARTESIAN_POINT('',(-6.974542286432E0,1.759002715710E2,1.092034404826E1));
#8019=CARTESIAN_POINT('',(-6.300859704558E0,1.753896220829E2,9.727789096855E0));
#8020=CARTESIAN_POINT('',(-6.541407990956E0,1.754771755722E2,9.481241498491E0));
#8021=CARTESIAN_POINT('',(-6.696918253056E0,1.757928686573E2,9.431357726920E0));
#8022=CARTESIAN_POINT('',(-6.646805737256E0,1.760919086642E2,9.616818331080E0));
#8023=CARTESIAN_POINT('',(-6.596693221455E0,1.763909486710E2,9.802278935240E0));
#8024=CARTESIAN_POINT('',(-6.379815848052E0,1.764414559472E2,1.007927526255E1));
#8025=CARTESIAN_POINT('',(-6.164343256017E0,1.762042664698E2,1.023302062673E1));
#8026=CARTESIAN_POINT('',(-5.585403004391E0,1.756337826184E2,9.120839287476E0));
#8027=CARTESIAN_POINT('',(-5.824408009854E0,1.757218627760E2,8.872982463683E0));
#8028=CARTESIAN_POINT('',(-5.974353637944E0,1.760394548774E2,8.818377996090E0));
#8029=CARTESIAN_POINT('',(-5.918970027283E0,1.763402937260E2,8.999366924970E0));
#8030=CARTESIAN_POINT('',(-5.863586416623E0,1.766411325746E2,9.180355853850E0));
#8031=CARTESIAN_POINT('',(-5.645818765522E0,1.766919436716E2,9.456596923911E0));
#8032=CARTESIAN_POINT('',(-5.434527046281E0,1.764533274075E2,9.613889085537E0));
#8033=CARTESIAN_POINT('',(-4.936514708432E0,1.758355889062E2,8.570362050178E0));
#8034=CARTESIAN_POINT('',(-5.174120024707E0,1.759241043714E2,8.321317815649E0));
#8035=CARTESIAN_POINT('',(-5.319018770196E0,1.762432660691E2,8.262431881012E0));
#8036=CARTESIAN_POINT('',(-5.258854504326E0,1.765455917164E2,8.439365193803E0));
#8037=CARTESIAN_POINT('',(-5.198690238456E0,1.768479173637E2,8.616298506594E0));
#8038=CARTESIAN_POINT('',(-4.980115144033E0,1.768989795781E2,8.891854590909E0));
#8039=CARTESIAN_POINT('',(-4.772615295793E0,1.766591840303E2,9.052363544312E0));
#8040=CARTESIAN_POINT('',(-4.520087964307E0,1.759536631463E2,8.217091009983E0));
#8041=CARTESIAN_POINT('',(-4.756795024493E0,1.760424333044E2,7.967284749420E0));
#8042=CARTESIAN_POINT('',(-4.898454912516E0,1.763625133524E2,7.905651165261E0));
#8043=CARTESIAN_POINT('',(-4.835222641544E0,1.766657089063E2,8.079981769522E0));
#8044=CARTESIAN_POINT('',(-4.771990370572E0,1.769689044602E2,8.254312373782E0));
#8045=CARTESIAN_POINT('',(-4.552897095926E0,1.770201136002E2,8.529428865838E0));
#8046=CARTESIAN_POINT('',(-4.347830696271E0,1.767796280688E2,8.692002209018E0));
#8047=CARTESIAN_POINT('',(-4.322249743551E0,1.760071989266E2,8.049257134829E0));
#8048=CARTESIAN_POINT('',(-4.558530055335E0,1.760960845645E2,7.799088847091E0));
#8049=CARTESIAN_POINT('',(-4.698651209634E0,1.764165809997E2,7.736149895294E0));
#8050=CARTESIAN_POINT('',(-4.633961374487E0,1.767201709761E2,7.909243991114E0));
#8051=CARTESIAN_POINT('',(-4.569271539340E0,1.770237609524E2,8.082338086934E0));
#8052=CARTESIAN_POINT('',(-4.349932084978E0,1.770750367096E2,8.357245735063E0));
#8053=CARTESIAN_POINT('',(-4.146021781138E0,1.768342383343E2,8.520799839225E0));
#8054=(BOUNDED_SURFACE()B_SPLINE_SURFACE(3,3,((#7942,#7943,#7944,#7945,#7946,
#7947,#7948),(#7949,#7950,#7951,#7952,#7953,#7954,#7955),(#7956,#7957,#7958,
#7959,#7960,#7961,#7962),(#7963,#7964,#7965,#7966,#7967,#7968,#7969),(#7970,
#7971,#7972,#7973,#7974,#7975,#7976),(#7977,#7978,#7979,#7980,#7981,#7982,
#7983),(#7984,#7985,#7986,#7987,#7988,#7989,#7990),(#7991,#7992,#7993,#7994,
#7995,#7996,#7997),(#7998,#7999,#8000,#8001,#8002,#8003,#8004),(#8005,#8006,
#8007,#8008,#8009,#8010,#8011),(#8012,#8013,#8014,#8015,#8016,#8017,#8018),(
#8019,#8020,#8021,#8022,#8023,#8024,#8025),(#8026,#8027,#8028,#8029,#8030,#8031,
#8032),(#8033,#8034,#8035,#8036,#8037,#8038,#8039),(#8040,#8041,#8042,#8043,
#8044,#8045,#8046),(#8047,#8048,#8049,#8050,#8051,#8052,#8053)),.UNSPECIFIED.,
.F.,.F.,.F.)B_SPLINE_SURFACE_WITH_KNOTS((4,1,1,1,1,1,1,1,1,1,1,1,1,4),(4,3,4),(
8.364607958344E-1,8.375655300858E-1,8.538843352897E-1,8.711565766990E-1,
8.884616687486E-1,9.052288453020E-1,9.206714161265E-1,9.343794946090E-1,
9.465299280191E-1,9.573328557761E-1,9.668690238702E-1,9.752383401499E-1,
9.830240899877E-1,9.900445148881E-1),(0.E0,1.E0,2.E0),.UNSPECIFIED.)GEOMETRIC_REPRESENTATION_ITEM()RATIONAL_B_SPLINE_SURFACE(((1.240469119349E0,
9.198436268836E-1,9.198436268836E-1,1.240469119349E0,9.198436268836E-1,
9.198436268836E-1,1.240469119349E0),(1.240469119349E0,9.198436268836E-1,
9.198436268836E-1,1.240469119349E0,9.198436268836E-1,9.198436268836E-1,
1.240469119349E0),(1.240469119349E0,9.198436268836E-1,9.198436268836E-1,
1.240469119349E0,9.198436268836E-1,9.198436268836E-1,1.240469119349E0),(
1.240469119349E0,9.198436268836E-1,9.198436268836E-1,1.240469119349E0,
9.198436268836E-1,9.198436268836E-1,1.240469119349E0),(1.240469119349E0,
9.198436268836E-1,9.198436268836E-1,1.240469119349E0,9.198436268836E-1,
9.198436268836E-1,1.240469119349E0),(1.240469119349E0,9.198436268836E-1,
9.198436268836E-1,1.240469119349E0,9.198436268836E-1,9.198436268836E-1,
1.240469119349E0),(1.240469119349E0,9.198436268836E-1,9.198436268836E-1,
1.240469119349E0,9.198436268836E-1,9.198436268836E-1,1.240469119349E0),(
1.240469119349E0,9.198436268836E-1,9.198436268836E-1,1.240469119349E0,
9.198436268836E-1,9.198436268836E-1,1.240469119349E0),(1.240469119349E0,
9.198436268836E-1,9.198436268836E-1,1.240469119349E0,9.198436268836E-1,
9.198436268836E-1,1.240469119349E0),(1.240469119349E0,9.198436268836E-1,
9.198436268836E-1,1.240469119349E0,9.198436268836E-1,9.198436268836E-1,
1.240469119349E0),(1.240469119349E0,9.198436268836E-1,9.198436268836E-1,
1.240469119349E0,9.198436268836E-1,9.198436268836E-1,1.240469119349E0),(
1.240469119349E0,9.198436268836E-1,9.198436268836E-1,1.240469119349E0,
9.198436268836E-1,9.198436268836E-1,1.240469119349E0),(1.240469119349E0,
9.198436268836E-1,9.198436268836E-1,1.240469119349E0,9.198436268836E-1,
9.198436268836E-1,1.240469119349E0),(1.240469119349E0,9.198436268836E-1,
9.198436268836E-1,1.240469119349E0,9.198436268836E-1,9.198436268836E-1,
1.240469119349E0),(1.240469119349E0,9.198436268836E-1,9.198436268836E-1,
1.240469119349E0,9.198436268836E-1,9.198436268836E-1,1.240469119349E0),(
1.240469119349E0,9.198436268836E-1,9.198436268836E-1,1.240469119349E0,
9.198436268836E-1,9.198436268836E-1,1.240469119349E0)))REPRESENTATION_ITEM('')SURFACE());
#8055=ORIENTED_EDGE('',*,*,#5786,.F.);
#8056=ORIENTED_EDGE('',*,*,#5820,.T.);
#8057=ORIENTED_EDGE('',*,*,#7933,.F.);
#8058=ORIENTED_EDGE('',*,*,#5602,.F.);
#8059=EDGE_LOOP('',(#8055,#8056,#8057,#8058));
#8060=FACE_OUTER_BOUND('',#8059,.F.);
#8062=CARTESIAN_POINT('',(-4.935050411721E0,1.761283162675E2,8.253112999450E0));
#8063=CARTESIAN_POINT('',(-4.680228520254E0,1.763440993928E2,7.504728246037E0));
#8064=CARTESIAN_POINT('',(-4.167519517371E0,1.769715263841E2,7.382135239435E0));
#8065=CARTESIAN_POINT('',(-3.876064944866E0,1.774242483879E2,7.999900725824E0));
#8066=CARTESIAN_POINT('',(-4.816904532821E0,1.760406952491E2,8.254345153262E0));
#8067=CARTESIAN_POINT('',(-4.565964401691E0,1.762715820639E2,7.509007583316E0));
#8068=CARTESIAN_POINT('',(-4.042841539053E0,1.768926814637E2,7.397658353358E0));
#8069=CARTESIAN_POINT('',(-3.736409542883E0,1.773235579142E2,8.024356571810E0));
#8070=CARTESIAN_POINT('',(-4.475491661623E0,1.757723835764E2,8.241704118934E0));
#8071=CARTESIAN_POINT('',(-4.231526985953E0,1.760457042979E2,7.507784644810E0));
#8072=CARTESIAN_POINT('',(-3.676143502403E0,1.766447523415E2,7.428868747261E0));
#8073=CARTESIAN_POINT('',(-3.328363301672E0,1.770096998094E2,8.078705638044E0));
#8074=CARTESIAN_POINT('',(-3.970038404431E0,1.753018689125E2,8.153116654166E0));
#8075=CARTESIAN_POINT('',(-3.718153606036E0,1.756301249972E2,7.444800626783E0));
#8076=CARTESIAN_POINT('',(-3.105906810372E0,1.761777381530E2,7.411673849535E0));
#8077=CARTESIAN_POINT('',(-2.705460534551E0,1.764329478875E2,8.084694263548E0));
#8078=CARTESIAN_POINT('',(-3.489521252202E0,1.747337663862E2,7.973444588810E0));
#8079=CARTESIAN_POINT('',(-3.206115273009E0,1.750995979713E2,7.296502556809E0));
#8080=CARTESIAN_POINT('',(-2.524814898470E0,1.755603057664E2,7.301730060268E0));
#8081=CARTESIAN_POINT('',(-2.082315232529E0,1.756853448776E2,7.984241844485E0));
#8082=CARTESIAN_POINT('',(-3.139115127997E0,1.741852352847E2,7.754364057331E0));
#8083=CARTESIAN_POINT('',(-2.811840738095E0,1.745594394256E2,7.102304842052E0));
#8084=CARTESIAN_POINT('',(-2.066186325370E0,1.749077291566E2,7.125977079619E0));
#8085=CARTESIAN_POINT('',(-1.598987722529E0,1.749046175488E2,7.803258372451E0));
#8086=CARTESIAN_POINT('',(-2.902562308737E0,1.736302750941E2,7.503389591143E0));
#8087=CARTESIAN_POINT('',(-2.527875239925E0,1.739822902581E2,6.864468292137E0));
#8088=CARTESIAN_POINT('',(-1.728596014190E0,1.741853386617E2,6.881412212962E0));
#8089=CARTESIAN_POINT('',(-1.251674418626E0,1.740496656398E2,7.538386764596E0));
#8090=CARTESIAN_POINT('',(-2.787459366066E0,1.730104419548E2,7.208165612757E0));
#8091=CARTESIAN_POINT('',(-2.378688284932E0,1.733131566189E2,6.564668367722E0));
#8092=CARTESIAN_POINT('',(-1.552812477619E0,1.733453651163E2,6.542591185136E0));
#8093=CARTESIAN_POINT('',(-1.081637013715E0,1.730769676654E2,7.162565837103E0));
#8094=CARTESIAN_POINT('',(-2.848591790385E0,1.723408227557E2,6.872183827974E0));
#8095=CARTESIAN_POINT('',(-2.436633041786E0,1.725877822832E2,6.207644839904E0));
#8096=CARTESIAN_POINT('',(-1.628398964685E0,1.724402163579E2,6.110462142712E0));
#8097=CARTESIAN_POINT('',(-1.179207916389E0,1.720360296481E2,6.671455806082E0));
#8098=CARTESIAN_POINT('',(-3.105273832015E0,1.717030399334E2,6.518543574482E0));
#8099=CARTESIAN_POINT('',(-2.716830964812E0,1.719319674398E2,5.834192794146E0));
#8100=CARTESIAN_POINT('',(-1.968252870763E0,1.716452768006E2,5.639878724582E0));
#8101=CARTESIAN_POINT('',(-1.559107648186E0,1.711108887936E2,6.117193540610E0));
#8102=CARTESIAN_POINT('',(-3.494929810496E0,1.711775242584E2,6.158913806128E0));
#8103=CARTESIAN_POINT('',(-3.121668473996E0,1.714384715164E2,5.477130994371E0));
#8104=CARTESIAN_POINT('',(-2.442348316796E0,1.710774777194E2,5.187935444607E0));
#8105=CARTESIAN_POINT('',(-2.091813871885E0,1.704319021168E2,5.561588846831E0));
#8106=CARTESIAN_POINT('',(-3.934326852455E0,1.707798633896E2,5.780980568691E0));
#8107=CARTESIAN_POINT('',(-3.548152340308E0,1.710927018003E2,5.128204369225E0));
#8108=CARTESIAN_POINT('',(-2.916873086424E0,1.707088885887E2,4.771643442503E0));
#8109=CARTESIAN_POINT('',(-2.630437996145E0,1.699871084141E2,5.044514391341E0));
#8110=CARTESIAN_POINT('',(-4.367863069545E0,1.705066842550E2,5.391160619839E0));
#8111=CARTESIAN_POINT('',(-3.947381832892E0,1.708679428292E2,4.785883015785E0));
#8112=CARTESIAN_POINT('',(-3.347648356248E0,1.704810763681E2,4.382292902541E0));
#8113=CARTESIAN_POINT('',(-3.129131094528E0,1.697076228817E2,4.557557031669E0));
#8114=CARTESIAN_POINT('',(-4.778983146687E0,1.703398473534E2,4.988108814925E0));
#8115=CARTESIAN_POINT('',(-4.310110679156E0,1.707361673437E2,4.443078241889E0));
#8116=CARTESIAN_POINT('',(-3.732294108440E0,1.703523442179E2,4.006430768309E0));
#8117=CARTESIAN_POINT('',(-3.585519900568E0,1.695470719004E2,4.086226214737E0));
#8118=CARTESIAN_POINT('',(-5.108314209591E0,1.702786834789E2,4.630665611341E0));
#8119=CARTESIAN_POINT('',(-4.590855510189E0,1.706892183603E2,4.143763611490E0));
#8120=CARTESIAN_POINT('',(-4.029334119142E0,1.703072526260E2,3.684817006900E0));
#8121=CARTESIAN_POINT('',(-3.948508181021E0,1.694897444135E2,3.682724807513E0));
#8122=CARTESIAN_POINT('',(-5.298252878523E0,1.702801060032E2,4.405920951497E0));
#8123=CARTESIAN_POINT('',(-4.750268491791E0,1.706902828954E2,3.955249678946E0));
#8124=CARTESIAN_POINT('',(-4.199937888415E0,1.703082805374E2,3.483417525531E0));
#8125=CARTESIAN_POINT('',(-4.161561094955E0,1.694910912928E2,3.431365423020E0));
#8126=CARTESIAN_POINT('',(-5.365227666332E0,1.702854736768E2,4.324300444083E0));
#8127=CARTESIAN_POINT('',(-4.806310945353E0,1.706944131042E2,3.886405551291E0));
#8128=CARTESIAN_POINT('',(-4.260082723514E0,1.703122544450E2,3.409978270757E0));
#8129=CARTESIAN_POINT('',(-4.237009231976E0,1.694961361308E2,3.340253814787E0));
#8130=(BOUNDED_SURFACE()B_SPLINE_SURFACE(3,3,((#8062,#8063,#8064,#8065),(#8066,
#8067,#8068,#8069),(#8070,#8071,#8072,#8073),(#8074,#8075,#8076,#8077),(#8078,
#8079,#8080,#8081),(#8082,#8083,#8084,#8085),(#8086,#8087,#8088,#8089),(#8090,
#8091,#8092,#8093),(#8094,#8095,#8096,#8097),(#8098,#8099,#8100,#8101),(#8102,
#8103,#8104,#8105),(#8106,#8107,#8108,#8109),(#8110,#8111,#8112,#8113),(#8114,
#8115,#8116,#8117),(#8118,#8119,#8120,#8121),(#8122,#8123,#8124,#8125),(#8126,
#8127,#8128,#8129)),.UNSPECIFIED.,.F.,.F.,.F.)B_SPLINE_SURFACE_WITH_KNOTS((4,1,
1,1,1,1,1,1,1,1,1,1,1,1,4),(4,4),(5.264111761214E-1,5.477052109225E-1,
5.893478553273E-1,6.276952585900E-1,6.612597433913E-1,6.942253876750E-1,
7.310012303998E-1,7.725528544085E-1,8.147377574268E-1,8.528133345755E-1,
8.867052986443E-1,9.170990870971E-1,9.442145261533E-1,9.706213558813E-1,
9.854533836572E-1),(0.E0,1.E0),.UNSPECIFIED.)GEOMETRIC_REPRESENTATION_ITEM()RATIONAL_B_SPLINE_SURFACE(((1.304856669679E0,8.983811101070E-1,8.983811101070E-1,
1.304856669679E0),(1.304856669679E0,8.983811101070E-1,8.983811101070E-1,
1.304856669679E0),(1.304856669679E0,8.983811101070E-1,8.983811101070E-1,
1.304856669679E0),(1.304856669679E0,8.983811101070E-1,8.983811101070E-1,
1.304856669679E0),(1.304856669679E0,8.983811101070E-1,8.983811101070E-1,
1.304856669679E0),(1.304856669679E0,8.983811101070E-1,8.983811101070E-1,
1.304856669679E0),(1.304856669679E0,8.983811101070E-1,8.983811101070E-1,
1.304856669679E0),(1.304856669679E0,8.983811101070E-1,8.983811101070E-1,
1.304856669679E0),(1.304856669679E0,8.983811101070E-1,8.983811101070E-1,
1.304856669679E0),(1.304856669679E0,8.983811101070E-1,8.983811101070E-1,
1.304856669679E0),(1.304856669679E0,8.983811101070E-1,8.983811101070E-1,
1.304856669679E0),(1.304856669679E0,8.983811101070E-1,8.983811101070E-1,
1.304856669679E0),(1.304856669679E0,8.983811101070E-1,8.983811101070E-1,
1.304856669679E0),(1.304856669679E0,8.983811101070E-1,8.983811101070E-1,
1.304856669679E0),(1.304856669679E0,8.983811101070E-1,8.983811101070E-1,
1.304856669679E0),(1.304856669679E0,8.983811101070E-1,8.983811101070E-1,
1.304856669679E0),(1.304856669679E0,8.983811101070E-1,8.983811101070E-1,
1.304856669679E0)))REPRESENTATION_ITEM('')SURFACE());
#8131=ORIENTED_EDGE('',*,*,#7937,.T.);
#8132=ORIENTED_EDGE('',*,*,#3111,.T.);
#8133=ORIENTED_EDGE('',*,*,#5078,.F.);
#8134=ORIENTED_EDGE('',*,*,#5604,.F.);
#8135=EDGE_LOOP('',(#8131,#8132,#8133,#8134));
#8136=FACE_OUTER_BOUND('',#8135,.F.);
#8138=CARTESIAN_POINT('',(0.E0,1.348002982887E2,0.E0));
#8139=DIRECTION('',(0.E0,-1.E0,0.E0));
#8140=DIRECTION('',(7.625640061584E-1,0.E0,-6.469127734956E-1));
#8141=AXIS2_PLACEMENT_3D('',#8138,#8139,#8140);
#8142=SPHERICAL_SURFACE('',#8141,4.469970171130E1);
#8144=ORIENTED_EDGE('',*,*,#8143,.F.);
#8146=ORIENTED_EDGE('',*,*,#8145,.T.);
#8147=ORIENTED_EDGE('',*,*,#5620,.T.);
#8149=ORIENTED_EDGE('',*,*,#8148,.F.);
#8150=EDGE_LOOP('',(#8144,#8146,#8147,#8149));
#8151=FACE_OUTER_BOUND('',#8150,.F.);
#8153=CARTESIAN_POINT('',(0.E0,1.775134601174E2,0.E0));
#8154=DIRECTION('',(0.E0,1.E0,0.E0));
#8155=DIRECTION('',(7.459009572831E-1,0.E0,-6.660568758928E-1));
#8156=AXIS2_PLACEMENT_3D('',#8153,#8154,#8155);
#8157=TOROIDAL_SURFACE('',#8156,9.233078373719E0,1.E0);
#8158=ORIENTED_EDGE('',*,*,#8143,.T.);
#8160=ORIENTED_EDGE('',*,*,#8159,.T.);
#8162=ORIENTED_EDGE('',*,*,#8161,.F.);
#8164=ORIENTED_EDGE('',*,*,#8163,.F.);
#8165=EDGE_LOOP('',(#8158,#8160,#8162,#8164));
#8166=FACE_OUTER_BOUND('',#8165,.F.);
#8168=CARTESIAN_POINT('',(0.E0,1.775134601174E2,0.E0));
#8169=DIRECTION('',(0.E0,1.E0,0.E0));
#8170=DIRECTION('',(-7.459009572831E-1,0.E0,6.660568758928E-1));
#8171=AXIS2_PLACEMENT_3D('',#8168,#8169,#8170);
#8172=TOROIDAL_SURFACE('',#8171,9.233078373719E0,1.E0);
#8174=ORIENTED_EDGE('',*,*,#8173,.T.);
#8175=ORIENTED_EDGE('',*,*,#8163,.T.);
#8177=ORIENTED_EDGE('',*,*,#8176,.F.);
#8178=ORIENTED_EDGE('',*,*,#8159,.F.);
#8179=EDGE_LOOP('',(#8174,#8175,#8177,#8178));
#8180=FACE_OUTER_BOUND('',#8179,.F.);
#8182=CARTESIAN_POINT('',(0.E0,1.348002982887E2,0.E0));
#8183=DIRECTION('',(0.E0,-1.E0,0.E0));
#8184=DIRECTION('',(7.625640061584E-1,0.E0,-6.469127734956E-1));
#8185=AXIS2_PLACEMENT_3D('',#8182,#8183,#8184);
#8186=SPHERICAL_SURFACE('',#8185,4.469970171130E1);
#8187=ORIENTED_EDGE('',*,*,#8173,.F.);
#8188=ORIENTED_EDGE('',*,*,#8148,.T.);
#8189=ORIENTED_EDGE('',*,*,#4390,.F.);
#8190=ORIENTED_EDGE('',*,*,#8145,.F.);
#8191=EDGE_LOOP('',(#8187,#8188,#8189,#8190));
#8192=FACE_OUTER_BOUND('',#8191,.F.);
#8194=CARTESIAN_POINT('',(0.E0,1.785134601174E2,0.E0));
#8195=DIRECTION('',(0.E0,1.E0,0.E0));
#8196=DIRECTION('',(1.E0,0.E0,0.E0));
#8197=AXIS2_PLACEMENT_3D('',#8194,#8195,#8196);
#8198=PLANE('',#8197);
#8199=ORIENTED_EDGE('',*,*,#8176,.T.);
#8200=ORIENTED_EDGE('',*,*,#8161,.T.);
#8201=EDGE_LOOP('',(#8199,#8200));
#8202=FACE_OUTER_BOUND('',#8201,.F.);
#8204=ORIENTED_EDGE('',*,*,#8203,.T.);
#8206=ORIENTED_EDGE('',*,*,#8205,.T.);
#8207=EDGE_LOOP('',(#8204,#8206));
#8208=FACE_BOUND('',#8207,.F.);
#8210=CARTESIAN_POINT('',(0.E0,1.775134601174E2,0.E0));
#8211=DIRECTION('',(0.E0,1.E0,0.E0));
#8212=DIRECTION('',(9.931690685159E-1,0.E0,1.166841949162E-1));
#8213=AXIS2_PLACEMENT_3D('',#8210,#8211,#8212);
#8214=TOROIDAL_SURFACE('',#8213,8.489188696804E0,1.E0);
#8216=ORIENTED_EDGE('',*,*,#8215,.T.);
#8218=ORIENTED_EDGE('',*,*,#8217,.T.);
#8219=ORIENTED_EDGE('',*,*,#8203,.F.);
#8221=ORIENTED_EDGE('',*,*,#8220,.F.);
#8222=EDGE_LOOP('',(#8216,#8218,#8219,#8221));
#8223=FACE_OUTER_BOUND('',#8222,.F.);
#8225=CARTESIAN_POINT('',(0.E0,1.695677452775E2,0.E0));
#8226=DIRECTION('',(0.E0,1.E0,0.E0));
#8227=DIRECTION('',(1.E0,0.E0,0.E0));
#8228=AXIS2_PLACEMENT_3D('',#8225,#8226,#8227);
#8229=CONICAL_SURFACE('',#8228,3.863442345574E0,2.396248897458E1);
#8230=ORIENTED_EDGE('',*,*,#8215,.F.);
#8232=ORIENTED_EDGE('',*,*,#8231,.T.);
#8234=ORIENTED_EDGE('',*,*,#8233,.F.);
#8235=EDGE_LOOP('',(#8230,#8232,#8234));
#8236=FACE_OUTER_BOUND('',#8235,.F.);
#8238=CARTESIAN_POINT('',(0.E0,1.695677452775E2,0.E0));
#8239=DIRECTION('',(0.E0,1.E0,0.E0));
#8240=DIRECTION('',(1.E0,0.E0,0.E0));
#8241=AXIS2_PLACEMENT_3D('',#8238,#8239,#8240);
#8242=CONICAL_SURFACE('',#8241,3.863442345574E0,2.396248897458E1);
#8244=ORIENTED_EDGE('',*,*,#8243,.F.);
#8245=ORIENTED_EDGE('',*,*,#8233,.T.);
#8246=ORIENTED_EDGE('',*,*,#8231,.F.);
#8247=EDGE_LOOP('',(#8244,#8245,#8246));
#8248=FACE_OUTER_BOUND('',#8247,.F.);
#8250=CARTESIAN_POINT('',(0.E0,1.775134601174E2,0.E0));
#8251=DIRECTION('',(0.E0,1.E0,0.E0));
#8252=DIRECTION('',(-9.931690685159E-1,0.E0,-1.166841949162E-1));
#8253=AXIS2_PLACEMENT_3D('',#8250,#8251,#8252);
#8254=TOROIDAL_SURFACE('',#8253,8.489188696804E0,1.E0);
#8255=ORIENTED_EDGE('',*,*,#8243,.T.);
#8256=ORIENTED_EDGE('',*,*,#8220,.T.);
#8257=ORIENTED_EDGE('',*,*,#8205,.F.);
#8258=ORIENTED_EDGE('',*,*,#8217,.F.);
#8259=EDGE_LOOP('',(#8255,#8256,#8257,#8258));
#8260=FACE_OUTER_BOUND('',#8259,.F.);
#8262=CARTESIAN_POINT('',(-4.996492963032E0,1.780624820209E2,
-4.685707922436E0));
#8263=CARTESIAN_POINT('',(-5.071068984541E0,1.780729505684E2,
-4.600358678948E0));
#8264=CARTESIAN_POINT('',(-5.794386437615E0,1.781248183454E2,
-3.760409899545E0));
#8265=CARTESIAN_POINT('',(-7.051154973199E0,1.772643733524E2,
-2.068627883829E0));
#8266=CARTESIAN_POINT('',(-7.495326272890E0,1.743169783516E2,
-8.245593259065E-1));
#8267=CARTESIAN_POINT('',(-6.340300744169E0,1.713695833508E2,
-1.465582530077E0));
#8268=CARTESIAN_POINT('',(-4.876009646477E0,1.705091383578E2,
-2.981315066493E0));
#8269=CARTESIAN_POINT('',(-4.165201690293E0,1.705610061348E2,
-3.831876139768E0));
#8270=CARTESIAN_POINT('',(-4.093150478410E0,1.705714746823E2,
-3.919367277686E0));
#8271=CARTESIAN_POINT('',(-6.688479895803E0,1.777116036375E2,
-6.121086396318E0));
#8272=CARTESIAN_POINT('',(-6.763465342913E0,1.777219872798E2,
-6.036084484528E0));
#8273=CARTESIAN_POINT('',(-7.488811348253E0,1.777734343826E2,
-5.197856605092E0));
#8274=CARTESIAN_POINT('',(-8.711927821946E0,1.769199680375E2,
-3.477526233414E0));
#8275=CARTESIAN_POINT('',(-9.040826303744E0,1.739964779140E2,
-2.135667250386E0));
#8276=CARTESIAN_POINT('',(-7.770527957130E0,1.710729877905E2,
-2.678900029452E0));
#8277=CARTESIAN_POINT('',(-6.272584797546E0,1.702195214454E2,
-4.166084209906E0));
#8278=CARTESIAN_POINT('',(-5.563805393629E0,1.702709685483E2,
-5.018366183146E0));
#8279=CARTESIAN_POINT('',(-5.492163607346E0,1.702813521905E2,
-5.106204652762E0));
#8280=CARTESIAN_POINT('',(-1.004734882676E1,1.766627348628E2,
-8.970545849410E0));
#8281=CARTESIAN_POINT('',(-1.012314705020E1,1.766728647006E2,
-8.886233447467E0));
#8282=CARTESIAN_POINT('',(-1.085252006134E1,1.767230542966E2,
-8.051421834030E0));
#8283=CARTESIAN_POINT('',(-1.200883172528E1,1.758904489855E2,
-6.274418337983E0));
#8284=CARTESIAN_POINT('',(-1.210889493707E1,1.730384168957E2,
-4.738429474713E0));
#8285=CARTESIAN_POINT('',(-1.060976132045E1,1.701863848059E2,
-5.087532373535E0));
#8286=CARTESIAN_POINT('',(-9.045013351114E0,1.693537794948E2,
-6.518043429621E0));
#8287=CARTESIAN_POINT('',(-8.340260952991E0,1.694039690908E2,
-7.373741668861E0));
#8288=CARTESIAN_POINT('',(-8.269431943040E0,1.694140989287E2,
-7.462269648324E0));
#8289=CARTESIAN_POINT('',(-1.494624695081E1,1.740342290067E2,
-1.312647210203E1));
#8290=CARTESIAN_POINT('',(-1.502323060557E1,1.740437228009E2,
-1.304316534769E1));
#8291=CARTESIAN_POINT('',(-1.575847699001E1,1.740907610359E2,
-1.221333634579E1));
#8292=CARTESIAN_POINT('',(-1.681735408181E1,1.733104342856E2,
-1.035367530390E1));
#8293=CARTESIAN_POINT('',(-1.658366188427E1,1.706374788016E2,
-8.534548716086E0));
#8294=CARTESIAN_POINT('',(-1.475077285832E1,1.679645233175E2,
-8.600513890374E0));
#8295=CARTESIAN_POINT('',(-1.308859031684E1,1.671841965673E2,
-9.948367400609E0));
#8296=CARTESIAN_POINT('',(-1.238971129202E1,1.672312348023E2,
-1.080904825139E1));
#8297=CARTESIAN_POINT('',(-1.232006771339E1,1.672407285965E2,
-1.089858187846E1));
#8298=CARTESIAN_POINT('',(-1.799798857845E1,1.715892118200E2,
-1.571538349096E1));
#8299=CARTESIAN_POINT('',(-1.807571069113E1,1.715981139709E2,
-1.563270319926E1));
#8300=CARTESIAN_POINT('',(-1.881461586115E1,1.716422208327E2,
-1.480597808780E1));
#8301=CARTESIAN_POINT('',(-1.981279662242E1,1.709105232226E2,
-1.289482598259E1));
#8302=CARTESIAN_POINT('',(-1.937119332931E1,1.684041435055E2,
-1.089932030739E1));
#8303=CARTESIAN_POINT('',(-1.733039320776E1,1.658977637883E2,
-1.078890639428E1));
#8304=CARTESIAN_POINT('',(-1.560751433576E1,1.651660661782E2,
-1.208526884120E1));
#8305=CARTESIAN_POINT('',(-1.491229409652E1,1.652101730401E2,
-1.294905358242E1));
#8306=CARTESIAN_POINT('',(-1.484338897582E1,1.652190751910E2,
-1.303921367213E1));
#8307=CARTESIAN_POINT('',(-1.947945356734E1,1.701702536785E2,
-1.697216799306E1));
#8308=CARTESIAN_POINT('',(-1.955753416370E1,1.701788124711E2,
-1.688979181704E1));
#8309=CARTESIAN_POINT('',(-2.029821548760E1,1.702212181196E2,
-1.606457348616E1));
#8310=CARTESIAN_POINT('',(-2.126693127456E1,1.695177422802E2,
-1.412842509461E1));
#8311=CARTESIAN_POINT('',(-2.072439774341E1,1.671080342927E2,
-1.204729636391E1));
#8312=CARTESIAN_POINT('',(-1.858266738384E1,1.646983263053E2,
-1.185125939531E1));
#8313=CARTESIAN_POINT('',(-1.683032353752E1,1.639948504658E2,
-1.312262555589E1));
#8314=CARTESIAN_POINT('',(-1.613687945217E1,1.640372561143E2,
-1.398791707769E1));
#8315=CARTESIAN_POINT('',(-1.606833281514E1,1.640458149070E2,
-1.407838128307E1));
#8316=B_SPLINE_SURFACE_WITH_KNOTS('',3,3,((#8262,#8263,#8264,#8265,#8266,#8267,
#8268,#8269,#8270),(#8271,#8272,#8273,#8274,#8275,#8276,#8277,#8278,#8279),(
#8280,#8281,#8282,#8283,#8284,#8285,#8286,#8287,#8288),(#8289,#8290,#8291,#8292,
#8293,#8294,#8295,#8296,#8297),(#8298,#8299,#8300,#8301,#8302,#8303,#8304,#8305,
#8306),(#8307,#8308,#8309,#8310,#8311,#8312,#8313,#8314,#8315)),.UNSPECIFIED.,
.F.,.F.,.F.,(4,1,1,4),(4,1,1,1,1,1,4),(2.523948489624E-1,5.E-1,7.5E-1,
1.015172197892E0),(4.857033111627E-1,5.E-1,6.25E-1,7.5E-1,8.75E-1,1.E0,
1.014296688837E0),.UNSPECIFIED.);
#8317=ORIENTED_EDGE('',*,*,#4401,.F.);
#8318=ORIENTED_EDGE('',*,*,#4374,.F.);
#8319=ORIENTED_EDGE('',*,*,#4223,.T.);
#8320=ORIENTED_EDGE('',*,*,#3958,.T.);
#8321=ORIENTED_EDGE('',*,*,#3343,.T.);
#8322=ORIENTED_EDGE('',*,*,#3270,.F.);
#8323=EDGE_LOOP('',(#8317,#8318,#8319,#8320,#8321,#8322));
#8324=FACE_OUTER_BOUND('',#8323,.F.);
#8326=CARTESIAN_POINT('',(1.940738320487E-1,1.348002982887E2,
2.287692018475E-1));
#8327=DIRECTION('',(-6.469127734956E-1,0.E0,-7.625640061584E-1));
#8328=DIRECTION('',(0.E0,1.E0,0.E0));
#8329=AXIS2_PLACEMENT_3D('',#8326,#8327,#8328);
#8330=PLANE('',#8329);
#8331=ORIENTED_EDGE('',*,*,#3061,.T.);
#8332=ORIENTED_EDGE('',*,*,#3034,.T.);
#8333=ORIENTED_EDGE('',*,*,#2963,.T.);
#8335=ORIENTED_EDGE('',*,*,#8334,.F.);
#8336=EDGE_LOOP('',(#8331,#8332,#8333,#8335));
#8337=FACE_OUTER_BOUND('',#8336,.F.);
#8339=CARTESIAN_POINT('',(0.E0,1.348002982887E2,0.E0));
#8340=DIRECTION('',(-6.469127734956E-1,0.E0,-7.625640061584E-1));
#8341=DIRECTION('',(0.E0,1.E0,0.E0));
#8342=AXIS2_PLACEMENT_3D('',#8339,#8340,#8341);
#8343=CYLINDRICAL_SURFACE('',#8342,4.254970171130E1);
#8344=ORIENTED_EDGE('',*,*,#3063,.T.);
#8345=ORIENTED_EDGE('',*,*,#8334,.T.);
#8346=ORIENTED_EDGE('',*,*,#2961,.T.);
#8348=ORIENTED_EDGE('',*,*,#8347,.F.);
#8349=EDGE_LOOP('',(#8344,#8345,#8346,#8348));
#8350=FACE_OUTER_BOUND('',#8349,.F.);
#8352=CARTESIAN_POINT('',(-1.940738320487E-1,1.348002982887E2,
-2.287692018475E-1));
#8353=DIRECTION('',(-6.469127734956E-1,0.E0,-7.625640061584E-1));
#8354=DIRECTION('',(0.E0,1.E0,0.E0));
#8355=AXIS2_PLACEMENT_3D('',#8352,#8353,#8354);
#8356=PLANE('',#8355);
#8357=ORIENTED_EDGE('',*,*,#3065,.T.);
#8358=ORIENTED_EDGE('',*,*,#8347,.T.);
#8359=ORIENTED_EDGE('',*,*,#2959,.T.);
#8360=ORIENTED_EDGE('',*,*,#3031,.F.);
#8361=EDGE_LOOP('',(#8357,#8358,#8359,#8360));
#8362=FACE_OUTER_BOUND('',#8361,.F.);
#8364=CLOSED_SHELL('',(#2967,#3038,#3054,#3069,#3085,#3101,#3127,#3142,#3157,
#3171,#3235,#3248,#3262,#3280,#3349,#3451,#3587,#3602,#3620,#3640,#3769,#3859,
#3962,#4105,#4227,#4378,#4408,#4551,#4673,#4816,#4829,#4850,#4864,#4993,#5083,
#5151,#5272,#5407,#5419,#5440,#5504,#5517,#5530,#5542,#5610,#5641,#5791,#5805,
#5824,#5844,#5953,#6088,#6155,#6174,#6237,#6249,#6316,#6466,#6479,#6615,#6737,
#6803,#6868,#6953,#7054,#7182,#7196,#7339,#7459,#7556,#7657,#7785,#7798,#7941,
#8061,#8137,#8152,#8167,#8181,#8193,#8209,#8224,#8237,#8249,#8261,#8325,#8338,
#8351,#8363));
#8365=MANIFOLD_SOLID_BREP('',#8364);
#8366=FILL_AREA_STYLE_COLOUR('',#173);
#8367=FILL_AREA_STYLE('',(#8366));
#8368=SURFACE_STYLE_FILL_AREA(#8367);
#8369=SURFACE_SIDE_STYLE('',(#8368));
#8370=SURFACE_STYLE_USAGE(.BOTH.,#8369);
#8371=PRESENTATION_STYLE_ASSIGNMENT((#8370));
#243=STYLED_ITEM('',(#8371),#8365);
#8374=PLANE_ANGLE_MEASURE_WITH_UNIT(PLANE_ANGLE_MEASURE(1.745329251994E-2),
#8373);
#8375=(CONVERSION_BASED_UNIT('DEGREE',#8374)NAMED_UNIT(*)PLANE_ANGLE_UNIT());
#8377=UNCERTAINTY_MEASURE_WITH_UNIT(LENGTH_MEASURE(2.843994268276E-2),#8372,
'distance_accuracy_value',
'Maximum model space distance between geometric entities at asserted connectivities');
#8380=MECHANICAL_DESIGN_GEOMETRIC_PRESENTATION_REPRESENTATION('',(#269,#276,
#283,#290,#307,#324,#350,#358,#366,#387,#407,#415,#440,#465,#473,#480,#487,#496,
#504,#513,#521,#530,#538,#565,#573,#582,#590,#599,#607,#631,#638,#645,#652,#669,
#686,#694,#704,#727,#745,#753,#763,#771,#779,#796,#812,#820,#837,#856,#864,#884,
#900,#917,#937,#945,#961,#969,#986,#994,#1013,#1021,#1031,#1046,#1057,#1064,
#1072,#1079,#1090,#1104,#1112,#1127,#1138,#1149,#1163,#1171,#1179,#1189,#1208,
#1216,#1224,#1232,#1240,#1265,#1287,#1295,#1318,#1342,#1350,#1358,#1366,#1382,
#1390,#1398,#1420,#1439,#1447,#1457,#1465,#1489,#1496,#1503,#1510,#1527,#1544,
#1570,#1578,#1587,#1595,#1604,#1612,#1621,#1629,#1637,#1658,#1668,#1683,#1694,
#1702,#1713,#1727,#1735,#1750,#1761,#1772,#1786,#1794,#1802,#1812,#1820,#1828,
#1846,#1862,#1870,#1887,#1906,#1914,#1934,#1950,#1967,#1987,#2005,#2013,#2023,
#2031,#2041,#2067,#2091,#2098,#2105,#2112,#2129,#2146,#2173,#2181,#2190,#2198,
#2206,#2231,#2239,#2249,#2257,#2267,#2285,#2293,#2301,#2327,#2335,#2357,#2367,
#2384,#2400,#2408,#2416,#2424,#2432,#2440,#2459,#2476,#2492,#2500,#2508,#2516,
#2524,#2543,#2560,#2568,#2576,#2584,#2592,#2600,#2608,#2616,#2624,#2632,#2640,
#2648,#2656,#2664,#2671,#2678,#2686,#2694,#2720,#2729,#2737,#2746,#2754,#2763,
#2771,#243),#8378);
#8381=APPLICATION_CONTEXT('automotive_design');
#8382=APPLICATION_PROTOCOL_DEFINITION('international standard',
'automotive_design',2001,#8381);
#8383=PRODUCT_DEFINITION_CONTEXT('part definition',#8381,'design');
#8384=PRODUCT_CONTEXT('',#8381,'mechanical');
#8385=PRODUCT('BB_DACH','BB_DACH','NOT SPECIFIED',(#8384));
#8386=PRODUCT_DEFINITION_FORMATION('1','LAST_VERSION',#8385);
#8394=DERIVED_UNIT_ELEMENT(#8393,2.E0);
#8395=DERIVED_UNIT((#8394));
#8396=MEASURE_REPRESENTATION_ITEM('surface area measure',AREA_MEASURE(
7.493729733162E3),#8395);
#8401=DERIVED_UNIT_ELEMENT(#8400,3.E0);
#8402=DERIVED_UNIT((#8401));
#8403=MEASURE_REPRESENTATION_ITEM('volume measure',VOLUME_MEASURE(
5.211089028406E3),#8402);
#8407=CARTESIAN_POINT('centre point',(-1.596366233965E-3,1.730621796728E2,
1.314389633839E-3));
#8412=DERIVED_UNIT_ELEMENT(#8411,2.E0);
#8413=DERIVED_UNIT((#8412));
#8414=MEASURE_REPRESENTATION_ITEM('surface area measure',AREA_MEASURE(
7.493729733162E3),#8413);
#8419=DERIVED_UNIT_ELEMENT(#8418,3.E0);
#8420=DERIVED_UNIT((#8419));
#8421=MEASURE_REPRESENTATION_ITEM('volume measure',VOLUME_MEASURE(
5.211089028406E3),#8420);
#8425=CARTESIAN_POINT('centre point',(-1.596366233965E-3,1.730621796728E2,
1.314389633839E-3));
#8430=PRODUCT_RELATED_PRODUCT_CATEGORY('part','',(#8385));
#8432=GENERAL_PROPERTY('','DESCRIPTION','user defined attribute');
#8433=GENERAL_PROPERTY_ASSOCIATION('user defined attribute','',#8432,#8431);
#8434=DESCRIPTIVE_REPRESENTATION_ITEM('DESCRIPTION','');
#8438=GENERAL_PROPERTY('','MODELED_BY','user defined attribute');
#8439=GENERAL_PROPERTY_ASSOCIATION('user defined attribute','',#8438,#8437);
#8440=DESCRIPTIVE_REPRESENTATION_ITEM('MODELED_BY','');
#1=DRAUGHTING_PRE_DEFINED_COLOUR('black');
#2=COLOUR_RGB('',0.E0,0.E0,5.02E-1);
#3=COLOUR_RGB('',0.E0,0.E0,8.04E-1);
#4=COLOUR_RGB('',0.E0,0.E0,8.3E-1);
#5=DRAUGHTING_PRE_DEFINED_COLOUR('blue');
#6=COLOUR_RGB('',0.E0,2.39E-1,4.31E-1);
#7=COLOUR_RGB('',0.E0,2.58E-1,5.6E-1);
#8=COLOUR_RGB('',0.E0,3.14E-1,4.31E-1);
#9=COLOUR_RGB('',0.E0,3.92E-1,0.E0);
#10=COLOUR_RGB('',0.E0,5.E-1,0.E0);
#11=COLOUR_RGB('',0.E0,5.E-1,1.E0);
#12=COLOUR_RGB('',0.E0,5.4E-1,5.6E-1);
#13=COLOUR_RGB('',0.E0,7.49E-1,1.E0);
#14=COLOUR_RGB('',0.E0,7.8E-1,5.5E-1);
#15=COLOUR_RGB('',0.E0,7.9E-1,3.4E-1);
#16=COLOUR_RGB('',0.E0,8.08E-1,8.2E-1);
#17=COLOUR_RGB('',0.E0,9.8E-1,6.04E-1);
#18=DRAUGHTING_PRE_DEFINED_COLOUR('green');
#19=COLOUR_RGB('',0.E0,1.E0,4.98E-1);
#20=DRAUGHTING_PRE_DEFINED_COLOUR('cyan');
#21=COLOUR_RGB('',4.E-3,1.41E-1,7.18E-1);
#22=COLOUR_RGB('',1.1E-2,1.2E-2,1.E0);
#23=COLOUR_RGB('',1.E-2,6.6E-1,6.2E-1);
#24=COLOUR_RGB('',2.E-2,7.2E-1,8.E-1);
#25=COLOUR_RGB('',2.8E-2,2.8E-2,7.E-1);
#26=COLOUR_RGB('',3.E-2,1.8E-1,3.3E-1);
#27=COLOUR_RGB('',3.1E-2,1.99E-1,6.3E-1);
#28=COLOUR_RGB('',3.5E-2,2.5E-1,1.73E-1);
#29=COLOUR_RGB('',4.7E-2,4.99E-1,9.5E-1);
#30=COLOUR_RGB('',6.3E-2,7.91E-1,6.95E-1);
#31=COLOUR_RGB('',7.E-2,4.E-2,5.6E-1);
#32=COLOUR_RGB('',7.8E-2,7.8E-2,7.8E-2);
#33=COLOUR_RGB('',9.8E-2,9.8E-2,4.39E-1);
#34=COLOUR_RGB('',1.01E-1,6.3E-1,5.03E-1);
#35=COLOUR_RGB('',1.1E-1,1.1E-1,1.1E-1);
#36=COLOUR_RGB('',1.18E-1,5.65E-1,1.E0);
#37=COLOUR_RGB('',1.26E-1,6.98E-1,6.67E-1);
#38=COLOUR_RGB('',1.33E-1,5.45E-1,1.33E-1);
#39=COLOUR_RGB('',1.44E-1,3.4E-2,0.E0);
#40=COLOUR_RGB('',1.6E-1,1.4E-1,1.3E-1);
#41=COLOUR_RGB('',1.8E-1,1.8E-1,3.1E-1);
#42=COLOUR_RGB('',1.8E-1,2.8E-1,2.3E-1);
#43=COLOUR_RGB('',1.8E-1,5.45E-1,3.41E-1);
#44=COLOUR_RGB('',1.84E-1,3.1E-1,3.1E-1);
#45=COLOUR_RGB('',1.96E-1,8.04E-1,1.96E-1);
#46=COLOUR_RGB('',2.E-1,2.E-1,2.E-1);
#47=COLOUR_RGB('',2.E-1,6.3E-1,7.9E-1);
#48=COLOUR_RGB('',2.E-1,1.E0,1.E0);
#49=COLOUR_RGB('',2.12E-1,5.14E-1,4.16E-1);
#50=COLOUR_RGB('',2.3E-1,3.7E-1,1.7E-1);
#51=COLOUR_RGB('',2.3E-1,3.82E-1,5.6E-1);
#52=COLOUR_RGB('',2.35E-1,7.02E-1,4.43E-1);
#53=COLOUR_RGB('',2.4E-1,3.5E-1,6.7E-1);
#54=COLOUR_RGB('',2.4E-1,5.7E-1,2.5E-1);
#55=COLOUR_RGB('',2.49E-1,5.93E-1,6.3E-1);
#56=COLOUR_RGB('',2.55E-1,4.12E-1,8.82E-1);
#57=COLOUR_RGB('',2.66E-1,3.09E-1,3.16E-1);
#58=COLOUR_RGB('',2.74E-1,5.1E-1,7.06E-1);
#59=COLOUR_RGB('',2.8E-1,2.8E-1,2.8E-1);
#60=COLOUR_RGB('',2.82E-1,2.39E-1,5.45E-1);
#61=COLOUR_RGB('',2.82E-1,8.2E-1,8.E-1);
#62=COLOUR_RGB('',3.24E-1,5.77E-1,8.1E-1);
#63=COLOUR_RGB('',3.33E-1,3.33E-1,3.33E-1);
#64=COLOUR_RGB('',3.33E-1,4.2E-1,1.84E-1);
#65=COLOUR_RGB('',3.44E-1,3.63E-1,3.74E-1);
#66=COLOUR_RGB('',3.6E-1,1.4E-1,4.3E-1);
#67=COLOUR_RGB('',3.7E-1,1.5E-1,2.E-2);
#68=COLOUR_RGB('',3.72E-1,6.2E-1,6.28E-1);
#69=COLOUR_RGB('',3.75E-1,3.74E-1,3.91E-1);
#70=COLOUR_RGB('',3.75E-1,3.8E-1,4.22E-1);
#71=COLOUR_RGB('',3.81E-1,4.41E-1,5.96E-1);
#72=COLOUR_RGB('',3.8E-1,7.E-1,1.6E-1);
#73=COLOUR_RGB('',3.92E-1,1.2E-2,1.2E-2);
#74=COLOUR_RGB('',3.92E-1,4.37E-1,4.9E-1);
#75=COLOUR_RGB('',3.92E-1,5.84E-1,9.29E-1);
#76=COLOUR_RGB('',4.E-1,4.E-1,4.E-1);
#77=COLOUR_RGB('',4.E-1,5.E-1,8.E-2);
#78=COLOUR_RGB('',4.E-1,8.04E-1,6.67E-1);
#79=COLOUR_RGB('',4.1E-1,0.E0,2.2E-1);
#80=COLOUR_RGB('',4.16E-1,3.53E-1,8.04E-1);
#81=COLOUR_RGB('',4.2E-1,4.2E-1,4.2E-1);
#82=COLOUR_RGB('',4.2E-1,5.57E-1,1.37E-1);
#83=COLOUR_RGB('',4.3E-1,1.E0,4.4E-1);
#84=COLOUR_RGB('',4.38E-1,5.03E-1,6.E-1);
#85=COLOUR_RGB('',4.4E-1,0.E0,2.8E-1);
#86=COLOUR_RGB('',4.4E-1,2.6E-1,2.6E-1);
#87=COLOUR_RGB('',4.4E-1,5.E-1,6.E-1);
#88=COLOUR_RGB('',4.39E-1,5.02E-1,5.65E-1);
#89=COLOUR_RGB('',4.5E-1,2.9E-1,7.E-2);
#90=COLOUR_RGB('',4.67E-1,5.33E-1,6.E-1);
#91=COLOUR_RGB('',4.82E-1,4.08E-1,9.33E-1);
#92=COLOUR_RGB('',4.98E-1,1.E0,0.E0);
#93=COLOUR_RGB('',4.98E-1,1.E0,8.31E-1);
#94=COLOUR_RGB('',5.E-1,0.E0,0.E0);
#95=COLOUR_RGB('',5.E-1,0.E0,1.E0);
#96=COLOUR_RGB('',5.E-1,1.65E-1,1.65E-1);
#97=COLOUR_RGB('',5.E-1,5.E-1,1.E0);
#98=COLOUR_RGB('',5.E-1,5.4E-1,5.3E-1);
#99=COLOUR_RGB('',5.1E-1,3.97E-1,1.07E-1);
#100=COLOUR_RGB('',5.1E-1,4.E-1,1.1E-1);
#101=COLOUR_RGB('',5.18E-1,4.39E-1,1.E0);
#102=COLOUR_RGB('',5.3E-1,1.5E-1,3.4E-1);
#103=COLOUR_RGB('',5.3E-1,2.6E-1,1.2E-1);
#104=COLOUR_RGB('',5.29E-1,8.08E-1,9.22E-1);
#105=COLOUR_RGB('',5.29E-1,8.08E-1,9.8E-1);
#106=COLOUR_RGB('',5.41E-1,1.69E-1,8.86E-1);
#107=COLOUR_RGB('',5.4E-1,2.E-1,1.4E-1);
#108=COLOUR_RGB('',5.4E-1,2.1E-1,6.E-2);
#109=COLOUR_RGB('',5.45E-1,2.71E-1,7.4E-2);
#110=COLOUR_RGB('',5.5E-1,5.5E-1,5.5E-1);
#111=COLOUR_RGB('',5.6E-1,3.7E-1,6.E-1);
#112=COLOUR_RGB('',5.61E-1,7.37E-1,5.61E-1);
#113=COLOUR_RGB('',5.7E-1,1.3E-1,6.2E-1);
#114=COLOUR_RGB('',5.71E-1,6.1E-1,6.33E-1);
#115=COLOUR_RGB('',5.76E-1,4.39E-1,8.59E-1);
#116=COLOUR_RGB('',5.8E-1,0.E0,8.27E-1);
#117=COLOUR_RGB('',5.9E-1,2.7E-1,8.E-2);
#118=COLOUR_RGB('',5.9E-1,1.E0,5.9E-1);
#119=COLOUR_RGB('',5.96E-1,9.84E-1,5.96E-1);
#120=COLOUR_RGB('',6.E-1,1.96E-1,8.E-1);
#121=COLOUR_RGB('',6.E-1,6.E-1,6.E-1);
#122=COLOUR_RGB('',6.04E-1,8.04E-1,1.96E-1);
#123=COLOUR_RGB('',6.1E-1,0.E0,6.E-2);
#124=COLOUR_RGB('',6.1E-1,4.E-1,1.2E-1);
#125=COLOUR_RGB('',6.16E-1,6.96E-1,7.7E-1);
#126=COLOUR_RGB('',6.28E-1,1.26E-1,9.41E-1);
#127=COLOUR_RGB('',6.28E-1,3.22E-1,1.77E-1);
#128=COLOUR_RGB('',6.4E-1,4.64E-1,3.01E-1);
#129=COLOUR_RGB('',6.4E-1,5.8E-1,5.E-1);
#130=COLOUR_RGB('',6.67E-1,6.67E-1,6.67E-1);
#131=COLOUR_RGB('',6.76E-1,6.84E-1,6.41E-1);
#132=COLOUR_RGB('',6.78E-1,8.47E-1,9.02E-1);
#133=COLOUR_RGB('',6.78E-1,1.E0,1.84E-1);
#134=COLOUR_RGB('',6.8E-1,8.1E-1,1.E0);
#135=COLOUR_RGB('',6.86E-1,9.33E-1,9.33E-1);
#136=COLOUR_RGB('',6.9E-1,9.E-2,1.2E-1);
#137=COLOUR_RGB('',6.9E-1,1.88E-1,3.77E-1);
#138=COLOUR_RGB('',6.9E-1,6.9E-1,7.4E-1);
#139=COLOUR_RGB('',6.9E-1,7.69E-1,8.71E-1);
#140=COLOUR_RGB('',6.98E-1,1.33E-1,1.33E-1);
#141=COLOUR_RGB('',7.16E-1,7.2E-2,3.72E-1);
#142=COLOUR_RGB('',7.22E-1,5.25E-1,4.3E-2);
#143=COLOUR_RGB('',7.29E-1,3.33E-1,8.27E-1);
#144=COLOUR_RGB('',7.37E-1,5.61E-1,5.61E-1);
#145=COLOUR_RGB('',7.4E-1,4.E-1,4.E-1);
#146=COLOUR_RGB('',7.41E-1,7.18E-1,4.2E-1);
#147=COLOUR_RGB('',7.4E-1,9.9E-1,7.9E-1);
#148=COLOUR_RGB('',7.5E-1,7.2E-1,0.E0);
#149=COLOUR_RGB('',7.53E-1,7.53E-1,7.53E-1);
#150=COLOUR_RGB('',7.8E-1,8.2E-2,5.22E-1);
#151=COLOUR_RGB('',7.8E-1,3.8E-1,8.E-2);
#152=COLOUR_RGB('',7.8E-1,4.7E-1,1.5E-1);
#153=COLOUR_RGB('',8.E-1,8.E-1,8.E-1);
#154=COLOUR_RGB('',8.04E-1,5.22E-1,2.47E-1);
#155=COLOUR_RGB('',8.16E-1,1.26E-1,5.65E-1);
#156=COLOUR_RGB('',8.2E-1,5.4E-1,5.6E-1);
#157=COLOUR_RGB('',8.2E-1,6.E-1,2.4E-1);
#158=COLOUR_RGB('',8.23E-1,4.12E-1,1.18E-1);
#159=COLOUR_RGB('',8.3E-1,0.E0,0.E0);
#160=COLOUR_RGB('',8.3E-1,1.E-1,1.2E-1);
#161=COLOUR_RGB('',8.3E-1,2.4E-1,1.E-1);
#162=COLOUR_RGB('',8.42E-1,8.99E-1,9.33E-1);
#163=COLOUR_RGB('',8.47E-1,7.49E-1,8.47E-1);
#164=COLOUR_RGB('',8.55E-1,4.39E-1,8.39E-1);
#165=COLOUR_RGB('',8.55E-1,6.47E-1,1.26E-1);
#166=COLOUR_RGB('',8.6E-1,1.5E-1,2.7E-1);
#167=COLOUR_RGB('',8.6E-1,1.6E-1,1.6E-1);
#168=COLOUR_RGB('',8.59E-1,4.39E-1,5.76E-1);
#169=COLOUR_RGB('',8.6E-1,5.8E-1,4.4E-1);
#170=COLOUR_RGB('',8.63E-1,8.63E-1,8.63E-1);
#171=COLOUR_RGB('',8.67E-1,6.28E-1,8.67E-1);
#172=COLOUR_RGB('',8.71E-1,7.22E-1,5.29E-1);
#173=COLOUR_RGB('',8.784E-1,9.49E-1,1.E0);
#174=COLOUR_RGB('',8.78E-1,1.E0,1.E0);
#175=COLOUR_RGB('',8.9E-1,7.E-2,1.9E-1);
#176=COLOUR_RGB('',8.9E-1,9.E-2,5.E-2);
#177=COLOUR_RGB('',8.9E-1,1.5E-1,2.1E-1);
#178=COLOUR_RGB('',8.9E-1,1.8E-1,1.9E-1);
#179=COLOUR_RGB('',8.9E-1,2.1E-1,2.2E-1);
#180=COLOUR_RGB('',8.9E-1,4.4E-1,1.E-1);
#181=COLOUR_RGB('',8.9E-1,5.1E-1,9.E-2);
#182=COLOUR_RGB('',8.9E-1,6.6E-1,4.1E-1);
#183=COLOUR_RGB('',8.9E-1,8.1E-1,3.4E-1);
#184=COLOUR_RGB('',9.02E-1,9.02E-1,9.8E-1);
#185=COLOUR_RGB('',9.3E-1,5.7E-1,1.3E-1);
#186=COLOUR_RGB('',9.33E-1,8.67E-1,5.1E-1);
#187=COLOUR_RGB('',9.33E-1,9.1E-1,6.67E-1);
#188=COLOUR_RGB('',9.41E-1,5.02E-1,5.02E-1);
#189=COLOUR_RGB('',9.41E-1,9.02E-1,5.49E-1);
#190=COLOUR_RGB('',9.41E-1,9.73E-1,1.E0);
#191=COLOUR_RGB('',9.41E-1,1.E0,9.41E-1);
#192=COLOUR_RGB('',9.42E-1,1.E0,1.E0);
#193=COLOUR_RGB('',9.57E-1,6.43E-1,3.77E-1);
#194=COLOUR_RGB('',9.61E-1,8.71E-1,7.02E-1);
#195=COLOUR_RGB('',9.61E-1,9.61E-1,8.63E-1);
#196=COLOUR_RGB('',9.6E-1,9.6E-1,9.6E-1);
#197=COLOUR_RGB('',9.73E-1,9.73E-1,1.E0);
#198=COLOUR_RGB('',9.8E-1,5.02E-1,4.47E-1);
#199=COLOUR_RGB('',9.8E-1,6.27E-1,0.E0);
#200=COLOUR_RGB('',9.81E-1,9.22E-1,8.45E-1);
#201=COLOUR_RGB('',9.9E-1,9.E-1,7.9E-1);
#202=COLOUR_RGB('',9.9E-1,1.E0,9.4E-1);
#203=COLOUR_RGB('',9.92E-1,9.61E-1,9.02E-1);
#204=DRAUGHTING_PRE_DEFINED_COLOUR('red');
#205=COLOUR_RGB('',1.E0,0.E0,5.8E-1);
#206=COLOUR_RGB('',1.E0,0.E0,7.8E-1);
#207=DRAUGHTING_PRE_DEFINED_COLOUR('magenta');
#208=COLOUR_RGB('',1.E0,3.E-2,3.E-2);
#209=COLOUR_RGB('',1.E0,7.8E-2,5.76E-1);
#210=COLOUR_RGB('',1.E0,3.4E-1,1.3E-1);
#211=COLOUR_RGB('',1.E0,3.6E-1,0.E0);
#212=COLOUR_RGB('',1.E0,3.8E-1,1.E-2);
#213=COLOUR_RGB('',1.E0,3.88E-1,2.78E-1);
#214=COLOUR_RGB('',1.E0,4.12E-1,7.06E-1);
#215=COLOUR_RGB('',1.E0,4.9E-1,2.5E-1);
#216=COLOUR_RGB('',1.E0,5.E-1,0.E0);
#217=COLOUR_RGB('',1.E0,5.4E-1,5.6E-1);
#218=COLOUR_RGB('',1.E0,5.49E-1,0.E0);
#219=COLOUR_RGB('',1.E0,6.E-1,7.E-2);
#220=COLOUR_RGB('',1.E0,6.28E-1,4.78E-1);
#221=COLOUR_RGB('',1.E0,6.6E-1,7.E-2);
#222=COLOUR_RGB('',1.E0,7.2E-1,0.E0);
#223=COLOUR_RGB('',1.E0,7.53E-1,7.96E-1);
#224=COLOUR_RGB('',1.E0,7.7E-1,6.E-2);
#225=COLOUR_RGB('',1.E0,8.43E-1,0.E0);
#226=COLOUR_RGB('',1.E0,8.55E-1,7.26E-1);
#227=COLOUR_RGB('',1.E0,8.71E-1,6.78E-1);
#228=COLOUR_RGB('',1.E0,8.9E-1,1.E-2);
#229=COLOUR_RGB('',1.E0,8.94E-1,7.1E-1);
#230=COLOUR_RGB('',1.E0,8.94E-1,8.82E-1);
#231=COLOUR_RGB('',1.E0,8.98E-1,7.72E-1);
#232=COLOUR_RGB('',1.E0,9.37E-1,8.35E-1);
#233=COLOUR_RGB('',1.E0,9.41E-1,9.61E-1);
#234=COLOUR_RGB('',1.E0,9.73E-1,8.63E-1);
#235=COLOUR_RGB('',1.E0,9.8E-1,8.04E-1);
#236=COLOUR_RGB('',1.E0,9.8E-1,9.41E-1);
#237=COLOUR_RGB('',1.E0,9.8E-1,9.8E-1);
#238=DRAUGHTING_PRE_DEFINED_COLOUR('yellow');
#239=COLOUR_RGB('',1.E0,1.E0,8.78E-1);
#240=COLOUR_RGB('',1.E0,1.E0,9.41E-1);
#241=COLOUR_RGB('',1.E0,1.E0,9.49E-1);
#242=DRAUGHTING_PRE_DEFINED_COLOUR('white');
#265=B_SPLINE_CURVE_WITH_KNOTS('',3,(#244,#245,#246,#247,#248,#249,#250,#251,
#252,#253,#254,#255,#256,#257,#258,#259,#260,#261,#262,#263,#264),.UNSPECIFIED.,
.F.,.F.,(4,1,1,1,1,1,1,1,1,1,1,1,1,1,1,1,1,1,4),(0.E0,5.555555555556E-2,
1.111111111111E-1,1.666666666667E-1,2.222222222222E-1,2.777777777778E-1,
3.333333333333E-1,3.888888888889E-1,4.444444444444E-1,5.E-1,5.555555555556E-1,
6.111111111111E-1,6.666666666667E-1,7.222222222222E-1,7.777777777778E-1,
8.333333333333E-1,8.888888888889E-1,9.444444444444E-1,1.E0),.UNSPECIFIED.);
#304=B_SPLINE_CURVE_WITH_KNOTS('',3,(#291,#292,#293,#294,#295,#296,#297,#298,
#299,#300,#301,#302,#303),.UNSPECIFIED.,.F.,.F.,(4,1,1,1,1,1,1,1,1,1,4),(0.E0,
1.E-1,2.E-1,3.E-1,4.E-1,5.E-1,6.E-1,7.E-1,8.E-1,9.E-1,1.E0),.UNSPECIFIED.);
#321=B_SPLINE_CURVE_WITH_KNOTS('',3,(#308,#309,#310,#311,#312,#313,#314,#315,
#316,#317,#318,#319,#320),.UNSPECIFIED.,.F.,.F.,(4,1,1,1,1,1,1,1,1,1,4),(0.E0,
1.E-1,2.E-1,3.E-1,4.E-1,5.E-1,6.E-1,7.E-1,8.E-1,9.E-1,1.E0),.UNSPECIFIED.);
#347=B_SPLINE_CURVE_WITH_KNOTS('',3,(#325,#326,#327,#328,#329,#330,#331,#332,
#333,#334,#335,#336,#337,#338,#339,#340,#341,#342,#343,#344,#345,#346),
.UNSPECIFIED.,.F.,.F.,(4,1,1,1,1,1,1,1,1,1,1,1,1,1,1,1,1,1,1,4),(0.E0,
5.263157894737E-2,1.052631578947E-1,1.578947368421E-1,2.105263157895E-1,
2.631578947368E-1,3.157894736842E-1,3.684210526316E-1,4.210526315789E-1,
4.736842105263E-1,5.263157894737E-1,5.789473684211E-1,6.315789473684E-1,
6.842105263158E-1,7.368421052632E-1,7.894736842105E-1,8.421052631579E-1,
8.947368421053E-1,9.473684210526E-1,1.E0),.UNSPECIFIED.);
#355=CIRCLE('',#354,4.279970171130E1);
#363=CIRCLE('',#362,8.551954828458E0);
#384=B_SPLINE_CURVE_WITH_KNOTS('',3,(#367,#368,#369,#370,#371,#372,#373,#374,
#375,#376,#377,#378,#379,#380,#381,#382,#383),.UNSPECIFIED.,.F.,.F.,(4,1,1,1,1,
1,1,1,1,1,1,1,1,1,4),(0.E0,7.142857142857E-2,1.428571428571E-1,
2.142857142857E-1,2.857142857143E-1,3.571428571429E-1,4.285714285714E-1,5.E-1,
5.714285714286E-1,6.428571428571E-1,7.142857142857E-1,7.857142857143E-1,
8.571428571429E-1,9.285714285714E-1,1.E0),.UNSPECIFIED.);
#404=B_SPLINE_CURVE_WITH_KNOTS('',3,(#388,#389,#390,#391,#392,#393,#394,#395,
#396,#397,#398,#399,#400,#401,#402,#403),.UNSPECIFIED.,.F.,.F.,(4,1,1,1,1,1,1,1,
1,1,1,1,1,4),(0.E0,7.692307692308E-2,1.538461538462E-1,2.307692307692E-1,
3.076923076923E-1,3.846153846154E-1,4.615384615385E-1,5.384615384615E-1,
6.153846153846E-1,6.923076923077E-1,7.692307692308E-1,8.461538461538E-1,
9.230769230769E-1,1.E0),.UNSPECIFIED.);
#412=CIRCLE('',#411,8.551954828458E0);
#437=B_SPLINE_CURVE_WITH_KNOTS('',3,(#416,#417,#418,#419,#420,#421,#422,#423,
#424,#425,#426,#427,#428,#429,#430,#431,#432,#433,#434,#435,#436),.UNSPECIFIED.,
.F.,.F.,(4,1,1,1,1,1,1,1,1,1,1,1,1,1,1,1,1,1,4),(0.E0,5.555555555556E-2,
1.111111111111E-1,1.666666666667E-1,2.222222222222E-1,2.777777777778E-1,
3.333333333333E-1,3.888888888889E-1,4.444444444444E-1,5.E-1,5.555555555556E-1,
6.111111111111E-1,6.666666666667E-1,7.222222222222E-1,7.777777777778E-1,
8.333333333333E-1,8.888888888889E-1,9.444444444444E-1,1.E0),.UNSPECIFIED.);
#462=B_SPLINE_CURVE_WITH_KNOTS('',3,(#441,#442,#443,#444,#445,#446,#447,#448,
#449,#450,#451,#452,#453,#454,#455,#456,#457,#458,#459,#460,#461),.UNSPECIFIED.,
.F.,.F.,(4,1,1,1,1,1,1,1,1,1,1,1,1,1,1,1,1,1,4),(0.E0,5.555555555556E-2,
1.111111111111E-1,1.666666666667E-1,2.222222222222E-1,2.777777777778E-1,
3.333333333333E-1,3.888888888889E-1,4.444444444444E-1,5.E-1,5.555555555556E-1,
6.111111111111E-1,6.666666666667E-1,7.222222222222E-1,7.777777777778E-1,
8.333333333333E-1,8.888888888889E-1,9.444444444444E-1,1.E0),.UNSPECIFIED.);
#470=CIRCLE('',#469,8.551954828458E0);
#493=B_SPLINE_CURVE_WITH_KNOTS('',3,(#488,#489,#490,#491,#492),.UNSPECIFIED.,
.F.,.F.,(4,1,4),(0.E0,5.E-1,1.E0),.UNSPECIFIED.);
#501=CIRCLE('',#500,4.254970171130E1);
#510=B_SPLINE_CURVE_WITH_KNOTS('',3,(#505,#506,#507,#508,#509),.UNSPECIFIED.,
.F.,.F.,(4,1,4),(0.E0,5.E-1,1.E0),.UNSPECIFIED.);
#518=CIRCLE('',#517,4.254970171130E1);
#527=B_SPLINE_CURVE_WITH_KNOTS('',3,(#522,#523,#524,#525,#526),.UNSPECIFIED.,
.F.,.F.,(4,1,4),(0.E0,5.E-1,1.E0),.UNSPECIFIED.);
#535=CIRCLE('',#534,4.254970171130E1);
#562=B_SPLINE_CURVE_WITH_KNOTS('',3,(#539,#540,#541,#542,#543,#544,#545,#546,
#547,#548,#549,#550,#551,#552,#553,#554,#555,#556,#557,#558,#559,#560,#561),
.UNSPECIFIED.,.F.,.F.,(4,1,1,1,1,1,1,1,1,1,1,1,1,1,1,1,1,1,1,1,4),(0.E0,5.E-2,
1.E-1,1.5E-1,2.E-1,2.5E-1,3.E-1,3.5E-1,4.E-1,4.5E-1,5.E-1,5.5E-1,6.E-1,6.5E-1,
7.E-1,7.5E-1,8.E-1,8.5E-1,9.E-1,9.5E-1,1.E0),.UNSPECIFIED.);
#570=CIRCLE('',#569,4.279970171130E1);
#579=B_SPLINE_CURVE_WITH_KNOTS('',3,(#574,#575,#576,#577,#578),.UNSPECIFIED.,
.F.,.F.,(4,1,4),(0.E0,5.E-1,1.E0),.UNSPECIFIED.);
#587=CIRCLE('',#586,4.279970171130E1);
#596=B_SPLINE_CURVE_WITH_KNOTS('',3,(#591,#592,#593,#594,#595),.UNSPECIFIED.,
.F.,.F.,(4,1,4),(0.E0,5.E-1,1.E0),.UNSPECIFIED.);
#604=CIRCLE('',#603,4.254970171130E1);
#628=B_SPLINE_CURVE_WITH_KNOTS('',3,(#608,#609,#610,#611,#612,#613,#614,#615,
#616,#617,#618,#619,#620,#621,#622,#623,#624,#625,#626,#627),.UNSPECIFIED.,.F.,
.F.,(4,1,1,1,1,1,1,1,1,1,1,1,1,1,1,1,1,4),(0.E0,5.882352941176E-2,
1.176470588235E-1,1.764705882353E-1,2.352941176471E-1,2.941176470588E-1,
3.529411764706E-1,4.117647058824E-1,4.705882352941E-1,5.294117647059E-1,
5.882352941176E-1,6.470588235294E-1,7.058823529412E-1,7.647058823529E-1,
8.235294117647E-1,8.823529411765E-1,9.411764705882E-1,1.E0),.UNSPECIFIED.);
#666=B_SPLINE_CURVE_WITH_KNOTS('',3,(#653,#654,#655,#656,#657,#658,#659,#660,
#661,#662,#663,#664,#665),.UNSPECIFIED.,.F.,.F.,(4,1,1,1,1,1,1,1,1,1,4),(0.E0,
1.E-1,2.E-1,3.E-1,4.E-1,5.E-1,6.E-1,7.E-1,8.E-1,9.E-1,1.E0),.UNSPECIFIED.);
#683=B_SPLINE_CURVE_WITH_KNOTS('',3,(#670,#671,#672,#673,#674,#675,#676,#677,
#678,#679,#680,#681,#682),.UNSPECIFIED.,.F.,.F.,(4,1,1,1,1,1,1,1,1,1,4),(0.E0,
1.E-1,2.E-1,3.E-1,4.E-1,5.E-1,6.E-1,7.E-1,8.E-1,9.E-1,1.E0),.UNSPECIFIED.);
#691=CIRCLE('',#690,4.226393640399E1);
#701=B_SPLINE_CURVE_WITH_KNOTS('',3,(#695,#696,#697,#698,#699,#700),
.UNSPECIFIED.,.F.,.F.,(4,1,1,4),(0.E0,3.333333333333E-1,6.666666666667E-1,1.E0),
.UNSPECIFIED.);
#724=B_SPLINE_CURVE_WITH_KNOTS('',3,(#705,#706,#707,#708,#709,#710,#711,#712,
#713,#714,#715,#716,#717,#718,#719,#720,#721,#722,#723),.UNSPECIFIED.,.F.,.F.,
(4,1,1,1,1,1,1,1,1,1,1,1,1,1,1,1,4),(0.E0,6.25E-2,1.25E-1,1.875E-1,2.5E-1,
3.125E-1,3.75E-1,4.375E-1,5.E-1,5.625E-1,6.25E-1,6.875E-1,7.5E-1,8.125E-1,
8.75E-1,9.375E-1,1.E0),.UNSPECIFIED.);
#742=B_SPLINE_CURVE_WITH_KNOTS('',3,(#728,#729,#730,#731,#732,#733,#734,#735,
#736,#737,#738,#739,#740,#741),.UNSPECIFIED.,.F.,.F.,(4,1,1,1,1,1,1,1,1,1,1,4),(
0.E0,9.090909090909E-2,1.818181818182E-1,2.727272727273E-1,3.636363636364E-1,
4.545454545455E-1,5.454545454545E-1,6.363636363636E-1,7.272727272727E-1,
8.181818181818E-1,9.090909090909E-1,1.E0),.UNSPECIFIED.);
#750=CIRCLE('',#749,4.999999999367E-1);
#760=B_SPLINE_CURVE_WITH_KNOTS('',3,(#754,#755,#756,#757,#758,#759),
.UNSPECIFIED.,.F.,.F.,(4,1,1,4),(0.E0,3.333333333333E-1,6.666666666667E-1,1.E0),
.UNSPECIFIED.);
#768=CIRCLE('',#767,2.5E-1);
#776=CIRCLE('',#775,2.494736220026E1);
#793=B_SPLINE_CURVE_WITH_KNOTS('',3,(#780,#781,#782,#783,#784,#785,#786,#787,
#788,#789,#790,#791,#792),.UNSPECIFIED.,.F.,.F.,(4,1,1,1,1,1,1,1,1,1,4),(0.E0,
1.E-1,2.E-1,3.E-1,4.E-1,5.E-1,6.E-1,7.E-1,8.E-1,9.E-1,1.E0),.UNSPECIFIED.);
#809=B_SPLINE_CURVE_WITH_KNOTS('',3,(#797,#798,#799,#800,#801,#802,#803,#804,
#805,#806,#807,#808),.UNSPECIFIED.,.F.,.F.,(4,1,1,1,1,1,1,1,1,4),(0.E0,
1.111111111111E-1,2.222222222222E-1,3.333333333333E-1,4.444444444444E-1,
5.555555555556E-1,6.666666666667E-1,7.777777777778E-1,8.888888888889E-1,1.E0),
.UNSPECIFIED.);
#817=CIRCLE('',#816,9.114351510687E0);
#834=B_SPLINE_CURVE_WITH_KNOTS('',3,(#821,#822,#823,#824,#825,#826,#827,#828,
#829,#830,#831,#832,#833),.UNSPECIFIED.,.F.,.F.,(4,1,1,1,1,1,1,1,1,1,4),(0.E0,
1.E-1,2.E-1,3.E-1,4.E-1,5.E-1,6.E-1,7.E-1,8.E-1,9.E-1,1.E0),.UNSPECIFIED.);
#853=B_SPLINE_CURVE_WITH_KNOTS('',3,(#838,#839,#840,#841,#842,#843,#844,#845,
#846,#847,#848,#849,#850,#851,#852),.UNSPECIFIED.,.F.,.F.,(4,1,1,1,1,1,1,1,1,1,
1,1,4),(0.E0,8.333333333333E-2,1.666666666667E-1,2.5E-1,3.333333333333E-1,
4.166666666667E-1,5.E-1,5.833333333333E-1,6.666666666667E-1,7.5E-1,
8.333333333333E-1,9.166666666667E-1,1.E0),.UNSPECIFIED.);
#861=CIRCLE('',#860,2.494736220026E1);
#881=B_SPLINE_CURVE_WITH_KNOTS('',3,(#865,#866,#867,#868,#869,#870,#871,#872,
#873,#874,#875,#876,#877,#878,#879,#880),.UNSPECIFIED.,.F.,.F.,(4,1,1,1,1,1,1,1,
1,1,1,1,1,4),(0.E0,7.692307692308E-2,1.538461538462E-1,2.307692307692E-1,
3.076923076923E-1,3.846153846154E-1,4.615384615385E-1,5.384615384615E-1,
6.153846153846E-1,6.923076923077E-1,7.692307692308E-1,8.461538461538E-1,
9.230769230769E-1,1.E0),.UNSPECIFIED.);
#897=B_SPLINE_CURVE_WITH_KNOTS('',3,(#885,#886,#887,#888,#889,#890,#891,#892,
#893,#894,#895,#896),.UNSPECIFIED.,.F.,.F.,(4,1,1,1,1,1,1,1,1,4),(0.E0,
1.111111111111E-1,2.222222222222E-1,3.333333333333E-1,4.444444444444E-1,
5.555555555556E-1,6.666666666667E-1,7.777777777778E-1,8.888888888889E-1,1.E0),
.UNSPECIFIED.);
#914=B_SPLINE_CURVE_WITH_KNOTS('',3,(#901,#902,#903,#904,#905,#906,#907,#908,
#909,#910,#911,#912,#913),.UNSPECIFIED.,.F.,.F.,(4,1,1,1,1,1,1,1,1,1,4),(0.E0,
1.E-1,2.E-1,3.E-1,4.E-1,5.E-1,6.E-1,7.E-1,8.E-1,9.E-1,1.E0),.UNSPECIFIED.);
#934=B_SPLINE_CURVE_WITH_KNOTS('',3,(#918,#919,#920,#921,#922,#923,#924,#925,
#926,#927,#928,#929,#930,#931,#932,#933),.UNSPECIFIED.,.F.,.F.,(4,1,1,1,1,1,1,1,
1,1,1,1,1,4),(0.E0,7.692307692308E-2,1.538461538462E-1,2.307692307692E-1,
3.076923076923E-1,3.846153846154E-1,4.615384615385E-1,5.384615384615E-1,
6.153846153846E-1,6.923076923077E-1,7.692307692308E-1,8.461538461538E-1,
9.230769230769E-1,1.E0),.UNSPECIFIED.);
#942=CIRCLE('',#941,5.000000001572E-1);
#958=B_SPLINE_CURVE_WITH_KNOTS('',3,(#946,#947,#948,#949,#950,#951,#952,#953,
#954,#955,#956,#957),.UNSPECIFIED.,.F.,.F.,(4,1,1,1,1,1,1,1,1,4),(0.E0,
1.111111111111E-1,2.222222222222E-1,3.333333333333E-1,4.444444444444E-1,
5.555555555556E-1,6.666666666667E-1,7.777777777778E-1,8.888888888889E-1,1.E0),
.UNSPECIFIED.);
#966=CIRCLE('',#965,9.999998706996E-1);
#983=B_SPLINE_CURVE_WITH_KNOTS('',3,(#970,#971,#972,#973,#974,#975,#976,#977,
#978,#979,#980,#981,#982),.UNSPECIFIED.,.F.,.F.,(4,1,1,1,1,1,1,1,1,1,4),(0.E0,
1.E-1,2.E-1,3.E-1,4.E-1,5.E-1,6.E-1,7.E-1,8.E-1,9.E-1,1.E0),.UNSPECIFIED.);
#991=CIRCLE('',#990,4.999999999811E-1);
#1010=B_SPLINE_CURVE_WITH_KNOTS('',3,(#995,#996,#997,#998,#999,#1000,#1001,
#1002,#1003,#1004,#1005,#1006,#1007,#1008,#1009),.UNSPECIFIED.,.F.,.F.,(4,1,1,1,
1,1,1,1,1,1,1,1,4),(0.E0,8.333333333333E-2,1.666666666667E-1,2.5E-1,
3.333333333333E-1,4.166666666667E-1,5.E-1,5.833333333333E-1,6.666666666667E-1,
7.5E-1,8.333333333333E-1,9.166666666667E-1,1.E0),.UNSPECIFIED.);
#1018=CIRCLE('',#1017,2.499999599508E-1);
#1028=B_SPLINE_CURVE_WITH_KNOTS('',3,(#1022,#1023,#1024,#1025,#1026,#1027),
.UNSPECIFIED.,.F.,.F.,(4,1,1,4),(0.E0,3.333333333333E-1,6.666666666667E-1,1.E0),
.UNSPECIFIED.);
#1043=B_SPLINE_CURVE_WITH_KNOTS('',3,(#1032,#1033,#1034,#1035,#1036,#1037,#1038,
#1039,#1040,#1041,#1042),.UNSPECIFIED.,.F.,.F.,(4,1,1,1,1,1,1,1,4),(0.E0,
1.25E-1,2.5E-1,3.75E-1,5.E-1,6.25E-1,7.5E-1,8.75E-1,1.E0),.UNSPECIFIED.);
#1054=B_SPLINE_CURVE_WITH_KNOTS('',3,(#1047,#1048,#1049,#1050,#1051,#1052,
#1053),.UNSPECIFIED.,.F.,.F.,(4,1,1,1,4),(0.E0,2.5E-1,5.E-1,7.5E-1,1.E0),
.UNSPECIFIED.);
#1069=CIRCLE('',#1068,2.602314003656E1);
#1087=B_SPLINE_CURVE_WITH_KNOTS('',3,(#1080,#1081,#1082,#1083,#1084,#1085,
#1086),.UNSPECIFIED.,.F.,.F.,(4,1,1,1,4),(0.E0,2.5E-1,5.E-1,7.5E-1,1.E0),
.UNSPECIFIED.);
#1101=B_SPLINE_CURVE_WITH_KNOTS('',3,(#1091,#1092,#1093,#1094,#1095,#1096,#1097,
#1098,#1099,#1100),.UNSPECIFIED.,.F.,.F.,(4,1,1,1,1,1,1,4),(0.E0,
1.428571428571E-1,2.857142857143E-1,4.285714285714E-1,5.714285714286E-1,
7.142857142857E-1,8.571428571429E-1,1.E0),.UNSPECIFIED.);
#1109=CIRCLE('',#1108,2.529500001816E1);
#1124=B_SPLINE_CURVE_WITH_KNOTS('',3,(#1113,#1114,#1115,#1116,#1117,#1118,#1119,
#1120,#1121,#1122,#1123),.UNSPECIFIED.,.F.,.F.,(4,1,1,1,1,1,1,1,4),(0.E0,
1.25E-1,2.5E-1,3.75E-1,5.E-1,6.25E-1,7.5E-1,8.75E-1,1.E0),.UNSPECIFIED.);
#1135=B_SPLINE_CURVE_WITH_KNOTS('',3,(#1128,#1129,#1130,#1131,#1132,#1133,
#1134),.UNSPECIFIED.,.F.,.F.,(4,1,1,1,4),(0.E0,2.5E-1,5.E-1,7.5E-1,1.E0),
.UNSPECIFIED.);
#1146=B_SPLINE_CURVE_WITH_KNOTS('',3,(#1139,#1140,#1141,#1142,#1143,#1144,
#1145),.UNSPECIFIED.,.F.,.F.,(4,1,1,1,4),(0.E0,2.5E-1,5.E-1,7.5E-1,1.E0),
.UNSPECIFIED.);
#1160=B_SPLINE_CURVE_WITH_KNOTS('',3,(#1150,#1151,#1152,#1153,#1154,#1155,#1156,
#1157,#1158,#1159),.UNSPECIFIED.,.F.,.F.,(4,1,1,1,1,1,1,4),(0.E0,
1.428571428571E-1,2.857142857143E-1,4.285714285714E-1,5.714285714286E-1,
7.142857142857E-1,8.571428571429E-1,1.E0),.UNSPECIFIED.);
#1168=CIRCLE('',#1167,2.529500001816E1);
#1176=CIRCLE('',#1175,2.500000014470E-1);
#1186=B_SPLINE_CURVE_WITH_KNOTS('',3,(#1180,#1181,#1182,#1183,#1184,#1185),
.UNSPECIFIED.,.F.,.F.,(4,1,1,4),(0.E0,3.333333333333E-1,6.666666666667E-1,1.E0),
.UNSPECIFIED.);
#1205=B_SPLINE_CURVE_WITH_KNOTS('',3,(#1190,#1191,#1192,#1193,#1194,#1195,#1196,
#1197,#1198,#1199,#1200,#1201,#1202,#1203,#1204),.UNSPECIFIED.,.F.,.F.,(4,1,1,1,
1,1,1,1,1,1,1,1,4),(0.E0,8.333333333333E-2,1.666666666667E-1,2.5E-1,
3.333333333333E-1,4.166666666667E-1,5.E-1,5.833333333333E-1,6.666666666667E-1,
7.5E-1,8.333333333333E-1,9.166666666667E-1,1.E0),.UNSPECIFIED.);
#1213=CIRCLE('',#1212,4.999999999819E-1);
#1221=CIRCLE('',#1220,5.E-1);
#1229=CIRCLE('',#1228,8.551954828458E0);
#1237=CIRCLE('',#1236,8.551954828458E0);
#1262=B_SPLINE_CURVE_WITH_KNOTS('',3,(#1241,#1242,#1243,#1244,#1245,#1246,#1247,
#1248,#1249,#1250,#1251,#1252,#1253,#1254,#1255,#1256,#1257,#1258,#1259,#1260,
#1261),.UNSPECIFIED.,.F.,.F.,(4,1,1,1,1,1,1,1,1,1,1,1,1,1,1,1,1,1,4),(0.E0,
5.555555555556E-2,1.111111111111E-1,1.666666666667E-1,2.222222222222E-1,
2.777777777778E-1,3.333333333333E-1,3.888888888889E-1,4.444444444444E-1,5.E-1,
5.555555555556E-1,6.111111111111E-1,6.666666666667E-1,7.222222222222E-1,
7.777777777778E-1,8.333333333333E-1,8.888888888889E-1,9.444444444444E-1,1.E0),
.UNSPECIFIED.);
#1284=B_SPLINE_CURVE_WITH_KNOTS('',3,(#1266,#1267,#1268,#1269,#1270,#1271,#1272,
#1273,#1274,#1275,#1276,#1277,#1278,#1279,#1280,#1281,#1282,#1283),
.UNSPECIFIED.,.F.,.F.,(4,1,1,1,1,1,1,1,1,1,1,1,1,1,1,4),(0.E0,6.666666666667E-2,
1.333333333333E-1,2.E-1,2.666666666667E-1,3.333333333333E-1,4.E-1,
4.666666666667E-1,5.333333333333E-1,6.E-1,6.666666666667E-1,7.333333333333E-1,
8.E-1,8.666666666667E-1,9.333333333333E-1,1.E0),.UNSPECIFIED.);
#1292=CIRCLE('',#1291,8.551954828458E0);
#1315=B_SPLINE_CURVE_WITH_KNOTS('',3,(#1296,#1297,#1298,#1299,#1300,#1301,#1302,
#1303,#1304,#1305,#1306,#1307,#1308,#1309,#1310,#1311,#1312,#1313,#1314),
.UNSPECIFIED.,.F.,.F.,(4,1,1,1,1,1,1,1,1,1,1,1,1,1,1,1,4),(0.E0,6.25E-2,1.25E-1,
1.875E-1,2.5E-1,3.125E-1,3.75E-1,4.375E-1,5.E-1,5.625E-1,6.25E-1,6.875E-1,
7.5E-1,8.125E-1,8.75E-1,9.375E-1,1.E0),.UNSPECIFIED.);
#1339=B_SPLINE_CURVE_WITH_KNOTS('',3,(#1319,#1320,#1321,#1322,#1323,#1324,#1325,
#1326,#1327,#1328,#1329,#1330,#1331,#1332,#1333,#1334,#1335,#1336,#1337,#1338),
.UNSPECIFIED.,.F.,.F.,(4,1,1,1,1,1,1,1,1,1,1,1,1,1,1,1,1,4),(0.E0,
5.882352941176E-2,1.176470588235E-1,1.764705882353E-1,2.352941176471E-1,
2.941176470588E-1,3.529411764706E-1,4.117647058824E-1,4.705882352941E-1,
5.294117647059E-1,5.882352941176E-1,6.470588235294E-1,7.058823529412E-1,
7.647058823529E-1,8.235294117647E-1,8.823529411765E-1,9.411764705882E-1,1.E0),
.UNSPECIFIED.);
#1347=CIRCLE('',#1346,9.114351510687E0);
#1355=CIRCLE('',#1354,5.E-1);
#1363=CIRCLE('',#1362,5.000000001598E-1);
#1379=B_SPLINE_CURVE_WITH_KNOTS('',3,(#1367,#1368,#1369,#1370,#1371,#1372,#1373,
#1374,#1375,#1376,#1377,#1378),.UNSPECIFIED.,.F.,.F.,(4,1,1,1,1,1,1,1,1,4),
(0.E0,1.111111111111E-1,2.222222222222E-1,3.333333333333E-1,4.444444444444E-1,
5.555555555556E-1,6.666666666667E-1,7.777777777778E-1,8.888888888889E-1,1.E0),
.UNSPECIFIED.);
#1387=CIRCLE('',#1386,9.999968674785E-1);
#1395=CIRCLE('',#1394,4.226393642205E1);
#1417=B_SPLINE_CURVE_WITH_KNOTS('',3,(#1399,#1400,#1401,#1402,#1403,#1404,#1405,
#1406,#1407,#1408,#1409,#1410,#1411,#1412,#1413,#1414,#1415,#1416),
.UNSPECIFIED.,.F.,.F.,(4,1,1,1,1,1,1,1,1,1,1,1,1,1,1,4),(0.E0,6.666666666667E-2,
1.333333333333E-1,2.E-1,2.666666666667E-1,3.333333333333E-1,4.E-1,
4.666666666667E-1,5.333333333333E-1,6.E-1,6.666666666667E-1,7.333333333333E-1,
8.E-1,8.666666666667E-1,9.333333333333E-1,1.E0),.UNSPECIFIED.);
#1436=B_SPLINE_CURVE_WITH_KNOTS('',3,(#1421,#1422,#1423,#1424,#1425,#1426,#1427,
#1428,#1429,#1430,#1431,#1432,#1433,#1434,#1435),.UNSPECIFIED.,.F.,.F.,(4,1,1,1,
1,1,1,1,1,1,1,1,4),(0.E0,8.333333333333E-2,1.666666666667E-1,2.5E-1,
3.333333333333E-1,4.166666666667E-1,5.E-1,5.833333333333E-1,6.666666666667E-1,
7.5E-1,8.333333333333E-1,9.166666666667E-1,1.E0),.UNSPECIFIED.);
#1444=CIRCLE('',#1443,5.000000000372E-1);
#1454=B_SPLINE_CURVE_WITH_KNOTS('',3,(#1448,#1449,#1450,#1451,#1452,#1453),
.UNSPECIFIED.,.F.,.F.,(4,1,1,4),(0.E0,3.333333333333E-1,6.666666666667E-1,1.E0),
.UNSPECIFIED.);
#1462=CIRCLE('',#1461,2.5E-1);
#1486=B_SPLINE_CURVE_WITH_KNOTS('',3,(#1466,#1467,#1468,#1469,#1470,#1471,#1472,
#1473,#1474,#1475,#1476,#1477,#1478,#1479,#1480,#1481,#1482,#1483,#1484,#1485),
.UNSPECIFIED.,.F.,.F.,(4,1,1,1,1,1,1,1,1,1,1,1,1,1,1,1,1,4),(0.E0,
5.882352941176E-2,1.176470588235E-1,1.764705882353E-1,2.352941176471E-1,
2.941176470588E-1,3.529411764706E-1,4.117647058824E-1,4.705882352941E-1,
5.294117647059E-1,5.882352941176E-1,6.470588235294E-1,7.058823529412E-1,
7.647058823529E-1,8.235294117647E-1,8.823529411765E-1,9.411764705882E-1,1.E0),
.UNSPECIFIED.);
#1524=B_SPLINE_CURVE_WITH_KNOTS('',3,(#1511,#1512,#1513,#1514,#1515,#1516,#1517,
#1518,#1519,#1520,#1521,#1522,#1523),.UNSPECIFIED.,.F.,.F.,(4,1,1,1,1,1,1,1,1,1,
4),(0.E0,1.E-1,2.E-1,3.E-1,4.E-1,5.E-1,6.E-1,7.E-1,8.E-1,9.E-1,1.E0),
.UNSPECIFIED.);
#1541=B_SPLINE_CURVE_WITH_KNOTS('',3,(#1528,#1529,#1530,#1531,#1532,#1533,#1534,
#1535,#1536,#1537,#1538,#1539,#1540),.UNSPECIFIED.,.F.,.F.,(4,1,1,1,1,1,1,1,1,1,
4),(0.E0,1.E-1,2.E-1,3.E-1,4.E-1,5.E-1,6.E-1,7.E-1,8.E-1,9.E-1,1.E0),
.UNSPECIFIED.);
#1567=B_SPLINE_CURVE_WITH_KNOTS('',3,(#1545,#1546,#1547,#1548,#1549,#1550,#1551,
#1552,#1553,#1554,#1555,#1556,#1557,#1558,#1559,#1560,#1561,#1562,#1563,#1564,
#1565,#1566),.UNSPECIFIED.,.F.,.F.,(4,1,1,1,1,1,1,1,1,1,1,1,1,1,1,1,1,1,1,4),(
0.E0,5.263157894737E-2,1.052631578947E-1,1.578947368421E-1,2.105263157895E-1,
2.631578947368E-1,3.157894736842E-1,3.684210526316E-1,4.210526315789E-1,
4.736842105263E-1,5.263157894737E-1,5.789473684211E-1,6.315789473684E-1,
6.842105263158E-1,7.368421052632E-1,7.894736842105E-1,8.421052631579E-1,
8.947368421053E-1,9.473684210526E-1,1.E0),.UNSPECIFIED.);
#1575=CIRCLE('',#1574,4.279970171130E1);
#1584=B_SPLINE_CURVE_WITH_KNOTS('',3,(#1579,#1580,#1581,#1582,#1583),
.UNSPECIFIED.,.F.,.F.,(4,1,4),(0.E0,5.E-1,1.E0),.UNSPECIFIED.);
#1592=CIRCLE('',#1591,4.254970171130E1);
#1601=B_SPLINE_CURVE_WITH_KNOTS('',3,(#1596,#1597,#1598,#1599,#1600),
.UNSPECIFIED.,.F.,.F.,(4,1,4),(0.E0,5.E-1,1.E0),.UNSPECIFIED.);
#1609=CIRCLE('',#1608,4.254970171130E1);
#1618=B_SPLINE_CURVE_WITH_KNOTS('',3,(#1613,#1614,#1615,#1616,#1617),
.UNSPECIFIED.,.F.,.F.,(4,1,4),(0.E0,5.E-1,1.E0),.UNSPECIFIED.);
#1626=CIRCLE('',#1625,4.279970171130E1);
#1634=CIRCLE('',#1633,4.226393646962E1);
#1655=B_SPLINE_CURVE_WITH_KNOTS('',3,(#1638,#1639,#1640,#1641,#1642,#1643,#1644,
#1645,#1646,#1647,#1648,#1649,#1650,#1651,#1652,#1653,#1654),.UNSPECIFIED.,.F.,
.F.,(4,1,1,1,1,1,1,1,1,1,1,1,1,1,4),(0.E0,7.142857142857E-2,1.428571428571E-1,
2.142857142857E-1,2.857142857143E-1,3.571428571429E-1,4.285714285714E-1,5.E-1,
5.714285714286E-1,6.428571428571E-1,7.142857142857E-1,7.857142857143E-1,
8.571428571429E-1,9.285714285714E-1,1.E0),.UNSPECIFIED.);
#1665=B_SPLINE_CURVE_WITH_KNOTS('',3,(#1659,#1660,#1661,#1662,#1663,#1664),
.UNSPECIFIED.,.F.,.F.,(4,1,1,4),(0.E0,3.333333333333E-1,6.666666666667E-1,1.E0),
.UNSPECIFIED.);
#1680=B_SPLINE_CURVE_WITH_KNOTS('',3,(#1669,#1670,#1671,#1672,#1673,#1674,#1675,
#1676,#1677,#1678,#1679),.UNSPECIFIED.,.F.,.F.,(4,1,1,1,1,1,1,1,4),(0.E0,
1.25E-1,2.5E-1,3.75E-1,5.E-1,6.25E-1,7.5E-1,8.75E-1,1.E0),.UNSPECIFIED.);
#1691=B_SPLINE_CURVE_WITH_KNOTS('',3,(#1684,#1685,#1686,#1687,#1688,#1689,
#1690),.UNSPECIFIED.,.F.,.F.,(4,1,1,1,4),(0.E0,2.5E-1,5.E-1,7.5E-1,1.E0),
.UNSPECIFIED.);
#1699=CIRCLE('',#1698,2.602314003656E1);
#1710=B_SPLINE_CURVE_WITH_KNOTS('',3,(#1703,#1704,#1705,#1706,#1707,#1708,
#1709),.UNSPECIFIED.,.F.,.F.,(4,1,1,1,4),(0.E0,2.5E-1,5.E-1,7.5E-1,1.E0),
.UNSPECIFIED.);
#1724=B_SPLINE_CURVE_WITH_KNOTS('',3,(#1714,#1715,#1716,#1717,#1718,#1719,#1720,
#1721,#1722,#1723),.UNSPECIFIED.,.F.,.F.,(4,1,1,1,1,1,1,4),(0.E0,
1.428571428571E-1,2.857142857143E-1,4.285714285714E-1,5.714285714286E-1,
7.142857142857E-1,8.571428571429E-1,1.E0),.UNSPECIFIED.);
#1732=CIRCLE('',#1731,2.529500001816E1);
#1747=B_SPLINE_CURVE_WITH_KNOTS('',3,(#1736,#1737,#1738,#1739,#1740,#1741,#1742,
#1743,#1744,#1745,#1746),.UNSPECIFIED.,.F.,.F.,(4,1,1,1,1,1,1,1,4),(0.E0,
1.25E-1,2.5E-1,3.75E-1,5.E-1,6.25E-1,7.5E-1,8.75E-1,1.E0),.UNSPECIFIED.);
#1758=B_SPLINE_CURVE_WITH_KNOTS('',3,(#1751,#1752,#1753,#1754,#1755,#1756,
#1757),.UNSPECIFIED.,.F.,.F.,(4,1,1,1,4),(0.E0,2.5E-1,5.E-1,7.5E-1,1.E0),
.UNSPECIFIED.);
#1769=B_SPLINE_CURVE_WITH_KNOTS('',3,(#1762,#1763,#1764,#1765,#1766,#1767,
#1768),.UNSPECIFIED.,.F.,.F.,(4,1,1,1,4),(0.E0,2.5E-1,5.E-1,7.5E-1,1.E0),
.UNSPECIFIED.);
#1783=B_SPLINE_CURVE_WITH_KNOTS('',3,(#1773,#1774,#1775,#1776,#1777,#1778,#1779,
#1780,#1781,#1782),.UNSPECIFIED.,.F.,.F.,(4,1,1,1,1,1,1,4),(0.E0,
1.428571428571E-1,2.857142857143E-1,4.285714285714E-1,5.714285714286E-1,
7.142857142857E-1,8.571428571429E-1,1.E0),.UNSPECIFIED.);
#1791=CIRCLE('',#1790,2.529500001816E1);
#1799=CIRCLE('',#1798,2.499999597819E-1);
#1809=B_SPLINE_CURVE_WITH_KNOTS('',3,(#1803,#1804,#1805,#1806,#1807,#1808),
.UNSPECIFIED.,.F.,.F.,(4,1,1,4),(0.E0,3.333333333333E-1,6.666666666667E-1,1.E0),
.UNSPECIFIED.);
#1817=CIRCLE('',#1816,2.5E-1);
#1825=CIRCLE('',#1824,2.494736220026E1);
#1843=B_SPLINE_CURVE_WITH_KNOTS('',3,(#1829,#1830,#1831,#1832,#1833,#1834,#1835,
#1836,#1837,#1838,#1839,#1840,#1841,#1842),.UNSPECIFIED.,.F.,.F.,(4,1,1,1,1,1,1,
1,1,1,1,4),(0.E0,9.090909090909E-2,1.818181818182E-1,2.727272727273E-1,
3.636363636364E-1,4.545454545455E-1,5.454545454545E-1,6.363636363636E-1,
7.272727272727E-1,8.181818181818E-1,9.090909090909E-1,1.E0),.UNSPECIFIED.);
#1859=B_SPLINE_CURVE_WITH_KNOTS('',3,(#1847,#1848,#1849,#1850,#1851,#1852,#1853,
#1854,#1855,#1856,#1857,#1858),.UNSPECIFIED.,.F.,.F.,(4,1,1,1,1,1,1,1,1,4),
(0.E0,1.111111111111E-1,2.222222222222E-1,3.333333333333E-1,4.444444444444E-1,
5.555555555556E-1,6.666666666667E-1,7.777777777778E-1,8.888888888889E-1,1.E0),
.UNSPECIFIED.);
#1867=CIRCLE('',#1866,9.114351510687E0);
#1884=B_SPLINE_CURVE_WITH_KNOTS('',3,(#1871,#1872,#1873,#1874,#1875,#1876,#1877,
#1878,#1879,#1880,#1881,#1882,#1883),.UNSPECIFIED.,.F.,.F.,(4,1,1,1,1,1,1,1,1,1,
4),(0.E0,1.E-1,2.E-1,3.E-1,4.E-1,5.E-1,6.E-1,7.E-1,8.E-1,9.E-1,1.E0),
.UNSPECIFIED.);
#1903=B_SPLINE_CURVE_WITH_KNOTS('',3,(#1888,#1889,#1890,#1891,#1892,#1893,#1894,
#1895,#1896,#1897,#1898,#1899,#1900,#1901,#1902),.UNSPECIFIED.,.F.,.F.,(4,1,1,1,
1,1,1,1,1,1,1,1,4),(0.E0,8.333333333333E-2,1.666666666667E-1,2.5E-1,
3.333333333333E-1,4.166666666667E-1,5.E-1,5.833333333333E-1,6.666666666667E-1,
7.5E-1,8.333333333333E-1,9.166666666667E-1,1.E0),.UNSPECIFIED.);
#1911=CIRCLE('',#1910,2.494736220026E1);
#1931=B_SPLINE_CURVE_WITH_KNOTS('',3,(#1915,#1916,#1917,#1918,#1919,#1920,#1921,
#1922,#1923,#1924,#1925,#1926,#1927,#1928,#1929,#1930),.UNSPECIFIED.,.F.,.F.,(4,
1,1,1,1,1,1,1,1,1,1,1,1,4),(0.E0,7.692307692308E-2,1.538461538462E-1,
2.307692307692E-1,3.076923076923E-1,3.846153846154E-1,4.615384615385E-1,
5.384615384615E-1,6.153846153846E-1,6.923076923077E-1,7.692307692308E-1,
8.461538461538E-1,9.230769230769E-1,1.E0),.UNSPECIFIED.);
#1947=B_SPLINE_CURVE_WITH_KNOTS('',3,(#1935,#1936,#1937,#1938,#1939,#1940,#1941,
#1942,#1943,#1944,#1945,#1946),.UNSPECIFIED.,.F.,.F.,(4,1,1,1,1,1,1,1,1,4),
(0.E0,1.111111111111E-1,2.222222222222E-1,3.333333333333E-1,4.444444444444E-1,
5.555555555556E-1,6.666666666667E-1,7.777777777778E-1,8.888888888889E-1,1.E0),
.UNSPECIFIED.);
#1964=B_SPLINE_CURVE_WITH_KNOTS('',3,(#1951,#1952,#1953,#1954,#1955,#1956,#1957,
#1958,#1959,#1960,#1961,#1962,#1963),.UNSPECIFIED.,.F.,.F.,(4,1,1,1,1,1,1,1,1,1,
4),(0.E0,1.E-1,2.E-1,3.E-1,4.E-1,5.E-1,6.E-1,7.E-1,8.E-1,9.E-1,1.E0),
.UNSPECIFIED.);
#1984=B_SPLINE_CURVE_WITH_KNOTS('',3,(#1968,#1969,#1970,#1971,#1972,#1973,#1974,
#1975,#1976,#1977,#1978,#1979,#1980,#1981,#1982,#1983),.UNSPECIFIED.,.F.,.F.,(4,
1,1,1,1,1,1,1,1,1,1,1,1,4),(0.E0,7.692307692308E-2,1.538461538462E-1,
2.307692307692E-1,3.076923076923E-1,3.846153846154E-1,4.615384615385E-1,
5.384615384615E-1,6.153846153846E-1,6.923076923077E-1,7.692307692308E-1,
8.461538461538E-1,9.230769230769E-1,1.E0),.UNSPECIFIED.);
#2002=B_SPLINE_CURVE_WITH_KNOTS('',3,(#1988,#1989,#1990,#1991,#1992,#1993,#1994,
#1995,#1996,#1997,#1998,#1999,#2000,#2001),.UNSPECIFIED.,.F.,.F.,(4,1,1,1,1,1,1,
1,1,1,1,4),(0.E0,9.090909090909E-2,1.818181818182E-1,2.727272727273E-1,
3.636363636364E-1,4.545454545455E-1,5.454545454545E-1,6.363636363636E-1,
7.272727272727E-1,8.181818181818E-1,9.090909090909E-1,1.E0),.UNSPECIFIED.);
#2010=CIRCLE('',#2009,4.999999999358E-1);
#2020=B_SPLINE_CURVE_WITH_KNOTS('',3,(#2014,#2015,#2016,#2017,#2018,#2019),
.UNSPECIFIED.,.F.,.F.,(4,1,1,4),(0.E0,3.333333333333E-1,6.666666666667E-1,1.E0),
.UNSPECIFIED.);
#2028=CIRCLE('',#2027,4.226393641318E1);
#2038=B_SPLINE_CURVE_WITH_KNOTS('',3,(#2032,#2033,#2034,#2035,#2036,#2037),
.UNSPECIFIED.,.F.,.F.,(4,1,1,4),(0.E0,3.333333333333E-1,6.666666666667E-1,1.E0),
.UNSPECIFIED.);
#2064=B_SPLINE_CURVE_WITH_KNOTS('',3,(#2042,#2043,#2044,#2045,#2046,#2047,#2048,
#2049,#2050,#2051,#2052,#2053,#2054,#2055,#2056,#2057,#2058,#2059,#2060,#2061,
#2062,#2063),.UNSPECIFIED.,.F.,.F.,(4,1,1,1,1,1,1,1,1,1,1,1,1,1,1,1,1,1,1,4),(
0.E0,5.263157894737E-2,1.052631578947E-1,1.578947368421E-1,2.105263157895E-1,
2.631578947368E-1,3.157894736842E-1,3.684210526316E-1,4.210526315789E-1,
4.736842105263E-1,5.263157894737E-1,5.789473684211E-1,6.315789473684E-1,
6.842105263158E-1,7.368421052632E-1,7.894736842105E-1,8.421052631579E-1,
8.947368421053E-1,9.473684210526E-1,1.E0),.UNSPECIFIED.);
#2088=B_SPLINE_CURVE_WITH_KNOTS('',3,(#2068,#2069,#2070,#2071,#2072,#2073,#2074,
#2075,#2076,#2077,#2078,#2079,#2080,#2081,#2082,#2083,#2084,#2085,#2086,#2087),
.UNSPECIFIED.,.F.,.F.,(4,1,1,1,1,1,1,1,1,1,1,1,1,1,1,1,1,4),(0.E0,
5.882352941176E-2,1.176470588235E-1,1.764705882353E-1,2.352941176471E-1,
2.941176470588E-1,3.529411764706E-1,4.117647058824E-1,4.705882352941E-1,
5.294117647059E-1,5.882352941176E-1,6.470588235294E-1,7.058823529412E-1,
7.647058823529E-1,8.235294117647E-1,8.823529411765E-1,9.411764705882E-1,1.E0),
.UNSPECIFIED.);
#2126=B_SPLINE_CURVE_WITH_KNOTS('',3,(#2113,#2114,#2115,#2116,#2117,#2118,#2119,
#2120,#2121,#2122,#2123,#2124,#2125),.UNSPECIFIED.,.F.,.F.,(4,1,1,1,1,1,1,1,1,1,
4),(0.E0,1.E-1,2.E-1,3.E-1,4.E-1,5.E-1,6.E-1,7.E-1,8.E-1,9.E-1,1.E0),
.UNSPECIFIED.);
#2143=B_SPLINE_CURVE_WITH_KNOTS('',3,(#2130,#2131,#2132,#2133,#2134,#2135,#2136,
#2137,#2138,#2139,#2140,#2141,#2142),.UNSPECIFIED.,.F.,.F.,(4,1,1,1,1,1,1,1,1,1,
4),(0.E0,1.E-1,2.E-1,3.E-1,4.E-1,5.E-1,6.E-1,7.E-1,8.E-1,9.E-1,1.E0),
.UNSPECIFIED.);
#2170=B_SPLINE_CURVE_WITH_KNOTS('',3,(#2147,#2148,#2149,#2150,#2151,#2152,#2153,
#2154,#2155,#2156,#2157,#2158,#2159,#2160,#2161,#2162,#2163,#2164,#2165,#2166,
#2167,#2168,#2169),.UNSPECIFIED.,.F.,.F.,(4,1,1,1,1,1,1,1,1,1,1,1,1,1,1,1,1,1,1,
1,4),(0.E0,5.E-2,1.E-1,1.5E-1,2.E-1,2.5E-1,3.E-1,3.5E-1,4.E-1,4.5E-1,5.E-1,
5.5E-1,6.E-1,6.5E-1,7.E-1,7.5E-1,8.E-1,8.5E-1,9.E-1,9.5E-1,1.E0),.UNSPECIFIED.);
#2178=CIRCLE('',#2177,4.279970171130E1);
#2187=B_SPLINE_CURVE_WITH_KNOTS('',3,(#2182,#2183,#2184,#2185,#2186),
.UNSPECIFIED.,.F.,.F.,(4,1,4),(0.E0,5.E-1,1.E0),.UNSPECIFIED.);
#2195=CIRCLE('',#2194,4.279970171130E1);
#2203=CIRCLE('',#2202,4.226393645799E1);
#2228=B_SPLINE_CURVE_WITH_KNOTS('',3,(#2207,#2208,#2209,#2210,#2211,#2212,#2213,
#2214,#2215,#2216,#2217,#2218,#2219,#2220,#2221,#2222,#2223,#2224,#2225,#2226,
#2227),.UNSPECIFIED.,.F.,.F.,(4,1,1,1,1,1,1,1,1,1,1,1,1,1,1,1,1,1,4),(0.E0,
5.555555555556E-2,1.111111111111E-1,1.666666666667E-1,2.222222222222E-1,
2.777777777778E-1,3.333333333333E-1,3.888888888889E-1,4.444444444444E-1,5.E-1,
5.555555555556E-1,6.111111111111E-1,6.666666666667E-1,7.222222222222E-1,
7.777777777778E-1,8.333333333333E-1,8.888888888889E-1,9.444444444444E-1,1.E0),
.UNSPECIFIED.);
#2236=CIRCLE('',#2235,2.499999599136E-1);
#2246=B_SPLINE_CURVE_WITH_KNOTS('',3,(#2240,#2241,#2242,#2243,#2244,#2245),
.UNSPECIFIED.,.F.,.F.,(4,1,1,4),(0.E0,3.333333333333E-1,6.666666666667E-1,1.E0),
.UNSPECIFIED.);
#2254=CIRCLE('',#2253,2.5E-1);
#2264=B_SPLINE_CURVE_WITH_KNOTS('',3,(#2258,#2259,#2260,#2261,#2262,#2263),
.UNSPECIFIED.,.F.,.F.,(4,1,1,4),(0.E0,3.333333333333E-1,6.666666666667E-1,1.E0),
.UNSPECIFIED.);
#2282=B_SPLINE_CURVE_WITH_KNOTS('',3,(#2268,#2269,#2270,#2271,#2272,#2273,#2274,
#2275,#2276,#2277,#2278,#2279,#2280,#2281),.UNSPECIFIED.,.F.,.F.,(4,1,1,1,1,1,1,
1,1,1,1,4),(0.E0,9.090909090909E-2,1.818181818182E-1,2.727272727273E-1,
3.636363636364E-1,4.545454545455E-1,5.454545454545E-1,6.363636363636E-1,
7.272727272727E-1,8.181818181818E-1,9.090909090909E-1,1.E0),.UNSPECIFIED.);
#2290=CIRCLE('',#2289,5.000000000339E-1);
#2298=CIRCLE('',#2297,4.226393643864E1);
#2324=B_SPLINE_CURVE_WITH_KNOTS('',3,(#2302,#2303,#2304,#2305,#2306,#2307,#2308,
#2309,#2310,#2311,#2312,#2313,#2314,#2315,#2316,#2317,#2318,#2319,#2320,#2321,
#2322,#2323),.UNSPECIFIED.,.F.,.F.,(4,1,1,1,1,1,1,1,1,1,1,1,1,1,1,1,1,1,1,4),(
0.E0,5.263157894737E-2,1.052631578947E-1,1.578947368421E-1,2.105263157895E-1,
2.631578947368E-1,3.157894736842E-1,3.684210526316E-1,4.210526315789E-1,
4.736842105263E-1,5.263157894737E-1,5.789473684211E-1,6.315789473684E-1,
6.842105263158E-1,7.368421052632E-1,7.894736842105E-1,8.421052631579E-1,
8.947368421053E-1,9.473684210526E-1,1.E0),.UNSPECIFIED.);
#2332=CIRCLE('',#2331,4.226393647195E1);
#2354=B_SPLINE_CURVE_WITH_KNOTS('',3,(#2336,#2337,#2338,#2339,#2340,#2341,#2342,
#2343,#2344,#2345,#2346,#2347,#2348,#2349,#2350,#2351,#2352,#2353),
.UNSPECIFIED.,.F.,.F.,(4,1,1,1,1,1,1,1,1,1,1,1,1,1,1,4),(0.E0,6.666666666667E-2,
1.333333333333E-1,2.E-1,2.666666666667E-1,3.333333333333E-1,4.E-1,
4.666666666667E-1,5.333333333333E-1,6.E-1,6.666666666667E-1,7.333333333333E-1,
8.E-1,8.666666666667E-1,9.333333333333E-1,1.E0),.UNSPECIFIED.);
#2364=B_SPLINE_CURVE_WITH_KNOTS('',3,(#2358,#2359,#2360,#2361,#2362,#2363),
.UNSPECIFIED.,.F.,.F.,(4,1,1,4),(0.E0,3.333333333333E-1,6.666666666667E-1,1.E0),
.UNSPECIFIED.);
#2381=B_SPLINE_CURVE_WITH_KNOTS('',3,(#2368,#2369,#2370,#2371,#2372,#2373,#2374,
#2375,#2376,#2377,#2378,#2379,#2380),.UNSPECIFIED.,.F.,.F.,(4,1,1,1,1,1,1,1,1,1,
4),(0.E0,1.E-1,2.E-1,3.E-1,4.E-1,5.E-1,6.E-1,7.E-1,8.E-1,9.E-1,1.E0),
.UNSPECIFIED.);
#2397=B_SPLINE_CURVE_WITH_KNOTS('',3,(#2385,#2386,#2387,#2388,#2389,#2390,#2391,
#2392,#2393,#2394,#2395,#2396),.UNSPECIFIED.,.F.,.F.,(4,1,1,1,1,1,1,1,1,4),
(0.E0,1.111111111111E-1,2.222222222222E-1,3.333333333333E-1,4.444444444444E-1,
5.555555555556E-1,6.666666666667E-1,7.777777777778E-1,8.888888888889E-1,1.E0),
.UNSPECIFIED.);
#2405=CIRCLE('',#2404,9.999986271160E-1);
#2413=CIRCLE('',#2412,5.000000001638E-1);
#2421=CIRCLE('',#2420,9.114351510687E0);
#2429=CIRCLE('',#2428,5.E-1);
#2437=CIRCLE('',#2436,4.999999999810E-1);
#2456=B_SPLINE_CURVE_WITH_KNOTS('',3,(#2441,#2442,#2443,#2444,#2445,#2446,#2447,
#2448,#2449,#2450,#2451,#2452,#2453,#2454,#2455),.UNSPECIFIED.,.F.,.F.,(4,1,1,1,
1,1,1,1,1,1,1,1,4),(0.E0,8.333333333333E-2,1.666666666667E-1,2.5E-1,
3.333333333333E-1,4.166666666667E-1,5.E-1,5.833333333333E-1,6.666666666667E-1,
7.5E-1,8.333333333333E-1,9.166666666667E-1,1.E0),.UNSPECIFIED.);
#2473=B_SPLINE_CURVE_WITH_KNOTS('',3,(#2460,#2461,#2462,#2463,#2464,#2465,#2466,
#2467,#2468,#2469,#2470,#2471,#2472),.UNSPECIFIED.,.F.,.F.,(4,1,1,1,1,1,1,1,1,1,
4),(0.E0,1.E-1,2.E-1,3.E-1,4.E-1,5.E-1,6.E-1,7.E-1,8.E-1,9.E-1,1.E0),
.UNSPECIFIED.);
#2489=B_SPLINE_CURVE_WITH_KNOTS('',3,(#2477,#2478,#2479,#2480,#2481,#2482,#2483,
#2484,#2485,#2486,#2487,#2488),.UNSPECIFIED.,.F.,.F.,(4,1,1,1,1,1,1,1,1,4),
(0.E0,1.111111111111E-1,2.222222222222E-1,3.333333333333E-1,4.444444444444E-1,
5.555555555556E-1,6.666666666667E-1,7.777777777778E-1,8.888888888889E-1,1.E0),
.UNSPECIFIED.);
#2497=CIRCLE('',#2496,9.999968476690E-1);
#2505=CIRCLE('',#2504,5.000000001573E-1);
#2513=CIRCLE('',#2512,5.E-1);
#2521=CIRCLE('',#2520,4.999999999819E-1);
#2540=B_SPLINE_CURVE_WITH_KNOTS('',3,(#2525,#2526,#2527,#2528,#2529,#2530,#2531,
#2532,#2533,#2534,#2535,#2536,#2537,#2538,#2539),.UNSPECIFIED.,.F.,.F.,(4,1,1,1,
1,1,1,1,1,1,1,1,4),(0.E0,8.333333333333E-2,1.666666666667E-1,2.5E-1,
3.333333333333E-1,4.166666666667E-1,5.E-1,5.833333333333E-1,6.666666666667E-1,
7.5E-1,8.333333333333E-1,9.166666666667E-1,1.E0),.UNSPECIFIED.);
#2557=B_SPLINE_CURVE_WITH_KNOTS('',3,(#2544,#2545,#2546,#2547,#2548,#2549,#2550,
#2551,#2552,#2553,#2554,#2555,#2556),.UNSPECIFIED.,.F.,.F.,(4,1,1,1,1,1,1,1,1,1,
4),(0.E0,1.E-1,2.E-1,3.E-1,4.E-1,5.E-1,6.E-1,7.E-1,8.E-1,9.E-1,1.E0),
.UNSPECIFIED.);
#2565=CIRCLE('',#2564,9.444363073892E0);
#2573=CIRCLE('',#2572,1.E0);
#2581=CIRCLE('',#2580,1.E0);
#2589=CIRCLE('',#2588,9.444363073892E0);
#2597=CIRCLE('',#2596,4.469970171130E1);
#2605=CIRCLE('',#2604,4.469970171130E1);
#2613=CIRCLE('',#2612,9.233078373719E0);
#2621=CIRCLE('',#2620,9.233078373719E0);
#2629=CIRCLE('',#2628,8.489188696804E0);
#2637=CIRCLE('',#2636,8.489188696804E0);
#2645=CIRCLE('',#2644,1.E0);
#2653=CIRCLE('',#2652,7.575377148184E0);
#2661=CIRCLE('',#2660,7.575377148184E0);
#2683=CIRCLE('',#2682,1.E0);
#2691=CIRCLE('',#2690,4.226393644034E1);
#2717=B_SPLINE_CURVE_WITH_KNOTS('',3,(#2695,#2696,#2697,#2698,#2699,#2700,#2701,
#2702,#2703,#2704,#2705,#2706,#2707,#2708,#2709,#2710,#2711,#2712,#2713,#2714,
#2715,#2716),.UNSPECIFIED.,.F.,.F.,(4,1,1,1,1,1,1,1,1,1,1,1,1,1,1,1,1,1,1,4),(
0.E0,5.263157894737E-2,1.052631578947E-1,1.578947368421E-1,2.105263157895E-1,
2.631578947368E-1,3.157894736842E-1,3.684210526316E-1,4.210526315789E-1,
4.736842105263E-1,5.263157894737E-1,5.789473684211E-1,6.315789473684E-1,
6.842105263158E-1,7.368421052632E-1,7.894736842105E-1,8.421052631579E-1,
8.947368421053E-1,9.473684210526E-1,1.E0),.UNSPECIFIED.);
#2726=B_SPLINE_CURVE_WITH_KNOTS('',3,(#2721,#2722,#2723,#2724,#2725),
.UNSPECIFIED.,.F.,.F.,(4,1,4),(0.E0,5.E-1,1.E0),.UNSPECIFIED.);
#2734=CIRCLE('',#2733,4.279970171130E1);
#2743=B_SPLINE_CURVE_WITH_KNOTS('',3,(#2738,#2739,#2740,#2741,#2742),
.UNSPECIFIED.,.F.,.F.,(4,1,4),(0.E0,5.E-1,1.E0),.UNSPECIFIED.);
#2751=CIRCLE('',#2750,4.254970171130E1);
#2760=B_SPLINE_CURVE_WITH_KNOTS('',3,(#2755,#2756,#2757,#2758,#2759),
.UNSPECIFIED.,.F.,.F.,(4,1,4),(0.E0,5.E-1,1.E0),.UNSPECIFIED.);
#2768=CIRCLE('',#2767,4.254970171130E1);
#2951=EDGE_CURVE('',#2800,#2801,#304,.T.);
#2953=EDGE_CURVE('',#2801,#2800,#321,.T.);
#2957=EDGE_CURVE('',#2772,#2773,#265,.T.);
#2959=EDGE_CURVE('',#2777,#2772,#273,.T.);
#2961=EDGE_CURVE('',#2775,#2777,#280,.T.);
#2963=EDGE_CURVE('',#2773,#2775,#287,.T.);
#2967=ADVANCED_FACE('',(#2956,#2966),#2950,.T.);
#3029=EDGE_CURVE('',#2824,#2825,#347,.T.);
#3031=EDGE_CURVE('',#2825,#2772,#355,.T.);
#3034=EDGE_CURVE('',#2824,#2773,#2734,.T.);
#3038=ADVANCED_FACE('',(#3037),#3028,.T.);
#3044=EDGE_CURVE('',#2830,#2831,#493,.T.);
#3046=EDGE_CURVE('',#2833,#2830,#579,.T.);
#3048=EDGE_CURVE('',#2835,#2833,#562,.T.);
#3050=EDGE_CURVE('',#2831,#2835,#527,.T.);
#3054=ADVANCED_FACE('',(#3053),#3043,.T.);
#3061=EDGE_CURVE('',#2826,#2824,#2726,.T.);
#3063=EDGE_CURVE('',#2827,#2826,#2743,.T.);
#3065=EDGE_CURVE('',#2825,#2827,#2760,.T.);
#3069=ADVANCED_FACE('',(#3068),#3059,.T.);
#3075=EDGE_CURVE('',#2828,#2829,#2187,.T.);
#3077=EDGE_CURVE('',#2834,#2828,#2170,.T.);
#3079=EDGE_CURVE('',#2832,#2834,#596,.T.);
#3081=EDGE_CURVE('',#2829,#2832,#510,.T.);
#3085=ADVANCED_FACE('',(#3084),#3074,.T.);
#3091=EDGE_CURVE('',#2836,#2837,#1567,.T.);
#3093=EDGE_CURVE('',#2838,#2836,#1618,.T.);
#3095=EDGE_CURVE('',#2839,#2838,#1601,.T.);
#3097=EDGE_CURVE('',#2837,#2839,#1584,.T.);
#3101=ADVANCED_FACE('',(#3100),#3090,.T.);
#3107=EDGE_CURVE('',#2875,#2870,#363,.T.);
#3109=EDGE_CURVE('',#2863,#2870,#384,.T.);
#3111=EDGE_CURVE('',#2901,#2863,#404,.T.);
#3113=EDGE_CURVE('',#2901,#2896,#412,.T.);
#3115=EDGE_CURVE('',#2867,#2896,#437,.T.);
#3117=EDGE_CURVE('',#2894,#2867,#462,.T.);
#3119=EDGE_CURVE('',#2894,#2892,#470,.T.);
#3121=EDGE_CURVE('',#2905,#2892,#477,.T.);
#3123=EDGE_CURVE('',#2905,#2875,#484,.T.);
#3127=ADVANCED_FACE('',(#3126),#3106,.T.);
#3134=EDGE_CURVE('',#2831,#2789,#535,.T.);
#3136=EDGE_CURVE('',#2787,#2789,#642,.T.);
#3138=EDGE_CURVE('',#2787,#2830,#501,.T.);
#3142=ADVANCED_FACE('',(#3141),#3132,.F.);
#3149=EDGE_CURVE('',#2832,#2783,#604,.T.);
#3151=EDGE_CURVE('',#2781,#2783,#2102,.T.);
#3153=EDGE_CURVE('',#2829,#2781,#518,.T.);
#3157=ADVANCED_FACE('',(#3156),#3147,.F.);
#3164=EDGE_CURVE('',#2835,#2784,#570,.T.);
#3166=EDGE_CURVE('',#2789,#2784,#649,.T.);
#3171=ADVANCED_FACE('',(#3170),#3162,.F.);
#3228=EDGE_CURVE('',#2833,#2785,#587,.T.);
#3230=EDGE_CURVE('',#2784,#2785,#628,.T.);
#3235=ADVANCED_FACE('',(#3234),#3226,.F.);
#3243=EDGE_CURVE('',#2785,#2787,#635,.T.);
#3248=ADVANCED_FACE('',(#3247),#3240,.F.);
#3255=EDGE_CURVE('',#2834,#2778,#2178,.T.);
#3257=EDGE_CURVE('',#2783,#2778,#2109,.T.);
#3262=ADVANCED_FACE('',(#3261),#3253,.F.);
#3268=EDGE_CURVE('',#2804,#2805,#666,.T.);
#3270=EDGE_CURVE('',#2805,#2804,#683,.T.);
#3280=ADVANCED_FACE('',(#3273,#3279),#3267,.F.);
#3336=EDGE_CURVE('',#2880,#2934,#691,.T.);
#3338=EDGE_CURVE('',#2935,#2934,#760,.T.);
#3340=EDGE_CURVE('',#2805,#2935,#1146,.T.);
#3343=EDGE_CURVE('',#2860,#2804,#701,.T.);
#3345=EDGE_CURVE('',#2860,#2880,#724,.T.);
#3349=ADVANCED_FACE('',(#3348),#3335,.F.);
#3442=EDGE_CURVE('',#2934,#2931,#742,.T.);
#3445=EDGE_CURVE('',#2880,#2882,#750,.T.);
#3447=EDGE_CURVE('',#2882,#2931,#793,.T.);
#3451=ADVANCED_FACE('',(#3450),#3441,.F.);
#3580=EDGE_CURVE('',#2931,#2933,#768,.T.);
#3582=EDGE_CURVE('',#2935,#2933,#1160,.T.);
#3587=ADVANCED_FACE('',(#3586),#3578,.T.);
#3593=EDGE_CURVE('',#2931,#2928,#776,.T.);
#3595=EDGE_CURVE('',#2928,#2926,#1176,.T.);
#3597=EDGE_CURVE('',#2933,#2926,#1168,.T.);
#3602=ADVANCED_FACE('',(#3601),#3592,.T.);
#3610=EDGE_CURVE('',#2881,#2882,#809,.T.);
#3612=EDGE_CURVE('',#2886,#2881,#817,.T.);
#3614=EDGE_CURVE('',#2815,#2886,#834,.T.);
#3616=EDGE_CURVE('',#2928,#2815,#853,.T.);
#3620=ADVANCED_FACE('',(#3619),#3607,.F.);
#3626=EDGE_CURVE('',#2941,#2938,#861,.T.);
#3628=EDGE_CURVE('',#2873,#2941,#881,.T.);
#3630=EDGE_CURVE('',#2872,#2873,#897,.T.);
#3632=EDGE_CURVE('',#2878,#2872,#1347,.T.);
#3634=EDGE_CURVE('',#2811,#2878,#914,.T.);
#3636=EDGE_CURVE('',#2938,#2811,#934,.T.);
#3640=ADVANCED_FACE('',(#3639),#3625,.F.);
#3761=EDGE_CURVE('',#2879,#2880,#958,.T.);
#3763=EDGE_CURVE('',#2879,#2881,#942,.T.);
#3769=ADVANCED_FACE('',(#3768),#3760,.F.);
#3853=EDGE_CURVE('',#2860,#2865,#966,.T.);
#3855=EDGE_CURVE('',#2865,#2879,#1315,.T.);
#3859=ADVANCED_FACE('',(#3858),#3850,.F.);
#3953=EDGE_CURVE('',#2810,#2877,#983,.T.);
#3955=EDGE_CURVE('',#2877,#2865,#1339,.T.);
#3958=EDGE_CURVE('',#2810,#2860,#2717,.T.);
#3962=ADVANCED_FACE('',(#3961),#3952,.F.);
#4097=EDGE_CURVE('',#2810,#2811,#991,.T.);
#4100=EDGE_CURVE('',#2877,#2878,#1355,.T.);
#4105=ADVANCED_FACE('',(#4104),#4096,.F.);
#4219=EDGE_CURVE('',#2938,#2939,#1010,.T.);
#4223=EDGE_CURVE('',#2939,#2810,#2691,.T.);
#4227=ADVANCED_FACE('',(#4226),#4218,.F.);
#4369=EDGE_CURVE('',#2936,#2937,#1124,.T.);
#4371=EDGE_CURVE('',#2938,#2936,#1018,.T.);
#4374=EDGE_CURVE('',#2939,#2937,#1028,.T.);
#4378=ADVANCED_FACE('',(#4377),#4368,.T.);
#4384=EDGE_CURVE('',#2926,#2927,#1043,.T.);
#4386=EDGE_CURVE('',#2927,#2801,#1054,.T.);
#4388=EDGE_CURVE('',#2798,#2801,#1061,.T.);
#4390=EDGE_CURVE('',#2798,#2799,#1069,.T.);
#4392=EDGE_CURVE('',#2799,#2807,#1076,.T.);
#4394=EDGE_CURVE('',#2807,#2945,#1087,.T.);
#4396=EDGE_CURVE('',#2945,#2943,#1101,.T.);
#4398=EDGE_CURVE('',#2943,#2936,#1109,.T.);
#4401=EDGE_CURVE('',#2937,#2805,#1135,.T.);
#4408=ADVANCED_FACE('',(#4407),#4383,.T.);
#4545=EDGE_CURVE('',#2928,#2929,#1205,.T.);
#4547=EDGE_CURVE('',#2929,#2927,#1186,.T.);
#4551=ADVANCED_FACE('',(#4550),#4542,.T.);
#4667=EDGE_CURVE('',#2814,#2815,#1213,.T.);
#4669=EDGE_CURVE('',#2929,#2814,#2332,.T.);
#4673=ADVANCED_FACE('',(#4672),#4664,.F.);
#4810=EDGE_CURVE('',#2884,#2886,#1221,.T.);
#4812=EDGE_CURVE('',#2814,#2884,#2381,.T.);
#4816=ADVANCED_FACE('',(#4815),#4807,.F.);
#4822=EDGE_CURVE('',#2884,#2879,#1292,.T.);
#4829=ADVANCED_FACE('',(#4828),#4821,.F.);
#4835=EDGE_CURVE('',#2877,#2875,#1229,.T.);
#4839=EDGE_CURVE('',#2892,#2887,#1237,.T.);
#4841=EDGE_CURVE('',#2869,#2887,#1262,.T.);
#4843=EDGE_CURVE('',#2884,#2869,#1284,.T.);
#4850=ADVANCED_FACE('',(#4849),#4834,.T.);
#4857=EDGE_CURVE('',#2870,#2872,#1363,.T.);
#4864=ADVANCED_FACE('',(#4863),#4855,.F.);
#4985=EDGE_CURVE('',#2870,#2871,#1379,.T.);
#4989=EDGE_CURVE('',#2871,#2873,#1444,.T.);
#4993=ADVANCED_FACE('',(#4992),#4984,.F.);
#5076=EDGE_CURVE('',#2861,#2871,#1417,.T.);
#5078=EDGE_CURVE('',#2861,#2863,#1387,.T.);
#5083=ADVANCED_FACE('',(#5082),#5074,.F.);
#5139=EDGE_CURVE('',#2871,#2944,#1395,.T.);
#5141=EDGE_CURVE('',#2945,#2944,#1454,.T.);
#5144=EDGE_CURVE('',#2807,#2806,#1541,.T.);
#5146=EDGE_CURVE('',#2861,#2806,#1665,.T.);
#5151=ADVANCED_FACE('',(#5150),#5138,.T.);
#5265=EDGE_CURVE('',#2944,#2941,#1436,.T.);
#5272=ADVANCED_FACE('',(#5271),#5264,.F.);
#5401=EDGE_CURVE('',#2941,#2943,#1462,.T.);
#5407=ADVANCED_FACE('',(#5406),#5399,.T.);
#5419=ADVANCED_FACE('',(#5418),#5412,.T.);
#5425=EDGE_CURVE('',#2806,#2807,#1524,.T.);
#5430=EDGE_CURVE('',#2790,#2791,#1486,.T.);
#5432=EDGE_CURVE('',#2795,#2790,#1493,.T.);
#5434=EDGE_CURVE('',#2793,#2795,#1500,.T.);
#5436=EDGE_CURVE('',#2791,#2793,#1507,.T.);
#5440=ADVANCED_FACE('',(#5429,#5439),#5424,.T.);
#5497=EDGE_CURVE('',#2837,#2790,#1575,.T.);
#5500=EDGE_CURVE('',#2836,#2791,#1626,.T.);
#5504=ADVANCED_FACE('',(#5503),#5495,.T.);
#5511=EDGE_CURVE('',#2839,#2795,#1592,.T.);
#5517=ADVANCED_FACE('',(#5516),#5509,.T.);
#5524=EDGE_CURVE('',#2838,#2793,#1609,.T.);
#5530=ADVANCED_FACE('',(#5529),#5522,.F.);
#5542=ADVANCED_FACE('',(#5541),#5535,.F.);
#5598=EDGE_CURVE('',#2907,#2807,#1691,.T.);
#5600=EDGE_CURVE('',#2909,#2907,#1809,.T.);
#5602=EDGE_CURVE('',#2909,#2822,#1634,.T.);
#5604=EDGE_CURVE('',#2822,#2861,#1655,.T.);
#5610=ADVANCED_FACE('',(#5609),#5597,.T.);
#5616=EDGE_CURVE('',#2906,#2907,#1680,.T.);
#5620=EDGE_CURVE('',#2798,#2799,#1699,.T.);
#5623=EDGE_CURVE('',#2801,#2925,#1710,.T.);
#5625=EDGE_CURVE('',#2925,#2923,#1724,.T.);
#5627=EDGE_CURVE('',#2923,#2916,#1732,.T.);
#5629=EDGE_CURVE('',#2916,#2917,#1747,.T.);
#5631=EDGE_CURVE('',#2917,#2803,#1758,.T.);
#5633=EDGE_CURVE('',#2803,#2915,#1769,.T.);
#5635=EDGE_CURVE('',#2915,#2913,#1783,.T.);
#5637=EDGE_CURVE('',#2913,#2906,#1791,.T.);
#5641=ADVANCED_FACE('',(#5640),#5615,.T.);
#5784=EDGE_CURVE('',#2908,#2906,#1799,.T.);
#5786=EDGE_CURVE('',#2908,#2909,#2540,.T.);
#5791=ADVANCED_FACE('',(#5790),#5782,.T.);
#5797=EDGE_CURVE('',#2911,#2908,#1825,.T.);
#5801=EDGE_CURVE('',#2911,#2913,#1817,.T.);
#5805=ADVANCED_FACE('',(#5804),#5796,.T.);
#5812=EDGE_CURVE('',#2899,#2911,#1843,.T.);
#5814=EDGE_CURVE('',#2898,#2899,#1859,.T.);
#5816=EDGE_CURVE('',#2903,#2898,#1867,.T.);
#5818=EDGE_CURVE('',#2823,#2903,#1884,.T.);
#5820=EDGE_CURVE('',#2908,#2823,#1903,.T.);
#5824=ADVANCED_FACE('',(#5823),#5810,.F.);
#5830=EDGE_CURVE('',#2921,#2918,#1911,.T.);
#5832=EDGE_CURVE('',#2890,#2921,#1931,.T.);
#5834=EDGE_CURVE('',#2889,#2890,#1947,.T.);
#5836=EDGE_CURVE('',#2895,#2889,#2421,.T.);
#5838=EDGE_CURVE('',#2819,#2895,#1964,.T.);
#5840=EDGE_CURVE('',#2918,#2819,#1984,.T.);
#5844=ADVANCED_FACE('',(#5843),#5829,.F.);
#5944=EDGE_CURVE('',#2914,#2911,#2002,.T.);
#5946=EDGE_CURVE('',#2897,#2914,#2028,.T.);
#5948=EDGE_CURVE('',#2897,#2899,#2010,.T.);
#5953=ADVANCED_FACE('',(#5952),#5943,.F.);
#6084=EDGE_CURVE('',#2915,#2914,#2020,.T.);
#6088=ADVANCED_FACE('',(#6087),#6080,.T.);
#6147=EDGE_CURVE('',#2802,#2803,#2126,.T.);
#6149=EDGE_CURVE('',#2859,#2802,#2038,.T.);
#6151=EDGE_CURVE('',#2859,#2897,#2064,.T.);
#6155=ADVANCED_FACE('',(#6154),#6143,.F.);
#6162=EDGE_CURVE('',#2803,#2802,#2143,.T.);
#6166=EDGE_CURVE('',#2778,#2779,#2088,.T.);
#6168=EDGE_CURVE('',#2779,#2781,#2095,.T.);
#6174=ADVANCED_FACE('',(#6165,#6173),#6160,.F.);
#6231=EDGE_CURVE('',#2828,#2779,#2195,.T.);
#6237=ADVANCED_FACE('',(#6236),#6229,.F.);
#6249=ADVANCED_FACE('',(#6248),#6242,.T.);
#6306=EDGE_CURVE('',#2919,#2917,#2246,.T.);
#6308=EDGE_CURVE('',#2919,#2818,#2203,.T.);
#6310=EDGE_CURVE('',#2818,#2859,#2228,.T.);
#6316=ADVANCED_FACE('',(#6315),#6304,.F.);
#6459=EDGE_CURVE('',#2918,#2916,#2236,.T.);
#6461=EDGE_CURVE('',#2918,#2919,#2456,.T.);
#6466=ADVANCED_FACE('',(#6465),#6457,.T.);
#6475=EDGE_CURVE('',#2921,#2923,#2254,.T.);
#6479=ADVANCED_FACE('',(#6478),#6471,.T.);
#6607=EDGE_CURVE('',#2924,#2921,#2282,.T.);
#6611=EDGE_CURVE('',#2925,#2924,#2264,.T.);
#6615=ADVANCED_FACE('',(#6614),#6606,.T.);
#6730=EDGE_CURVE('',#2888,#2924,#2298,.T.);
#6732=EDGE_CURVE('',#2888,#2890,#2290,.T.);
#6737=ADVANCED_FACE('',(#6736),#6728,.F.);
#6797=EDGE_CURVE('',#2858,#2800,#2364,.T.);
#6799=EDGE_CURVE('',#2858,#2888,#2324,.T.);
#6803=ADVANCED_FACE('',(#6802),#6792,.T.);
#6862=EDGE_CURVE('',#2814,#2858,#2354,.T.);
#6868=ADVANCED_FACE('',(#6867),#6858,.T.);
#6948=EDGE_CURVE('',#2858,#2869,#2405,.T.);
#6953=ADVANCED_FACE('',(#6952),#6945,.F.);
#7047=EDGE_CURVE('',#2887,#2888,#2397,.T.);
#7054=ADVANCED_FACE('',(#7053),#7046,.F.);
#7176=EDGE_CURVE('',#2887,#2889,#2413,.T.);
#7182=ADVANCED_FACE('',(#7181),#7174,.F.);
#7192=EDGE_CURVE('',#2894,#2895,#2429,.T.);
#7196=ADVANCED_FACE('',(#7195),#7187,.F.);
#7331=EDGE_CURVE('',#2818,#2819,#2437,.T.);
#7335=EDGE_CURVE('',#2818,#2894,#2473,.T.);
#7339=ADVANCED_FACE('',(#7338),#7330,.F.);
#7459=ADVANCED_FACE('',(#7458),#7452,.F.);
#7551=EDGE_CURVE('',#2859,#2867,#2497,.T.);
#7556=ADVANCED_FACE('',(#7555),#7548,.F.);
#7650=EDGE_CURVE('',#2896,#2897,#2489,.T.);
#7657=ADVANCED_FACE('',(#7656),#7649,.F.);
#7779=EDGE_CURVE('',#2896,#2898,#2505,.T.);
#7785=ADVANCED_FACE('',(#7784),#7777,.F.);
#7792=EDGE_CURVE('',#2901,#2903,#2513,.T.);
#7798=ADVANCED_FACE('',(#7797),#7790,.F.);
#7933=EDGE_CURVE('',#2822,#2823,#2521,.T.);
#7937=EDGE_CURVE('',#2822,#2901,#2557,.T.);
#7941=ADVANCED_FACE('',(#7940),#7932,.F.);
#8061=ADVANCED_FACE('',(#8060),#8054,.F.);
#8137=ADVANCED_FACE('',(#8136),#8130,.F.);
#8143=EDGE_CURVE('',#2843,#2842,#2565,.T.);
#8145=EDGE_CURVE('',#2843,#2798,#2605,.T.);
#8148=EDGE_CURVE('',#2842,#2799,#2597,.T.);
#8152=ADVANCED_FACE('',(#8151),#8142,.T.);
#8159=EDGE_CURVE('',#2842,#2846,#2581,.T.);
#8161=EDGE_CURVE('',#2847,#2846,#2621,.T.);
#8163=EDGE_CURVE('',#2843,#2847,#2573,.T.);
#8167=ADVANCED_FACE('',(#8166),#8157,.T.);
#8173=EDGE_CURVE('',#2842,#2843,#2589,.T.);
#8176=EDGE_CURVE('',#2846,#2847,#2613,.T.);
#8181=ADVANCED_FACE('',(#8180),#8172,.T.);
#8193=ADVANCED_FACE('',(#8192),#8186,.T.);
#8203=EDGE_CURVE('',#2854,#2855,#2629,.T.);
#8205=EDGE_CURVE('',#2855,#2854,#2637,.T.);
#8209=ADVANCED_FACE('',(#8202,#8208),#8198,.T.);
#8215=EDGE_CURVE('',#2850,#2851,#2653,.T.);
#8217=EDGE_CURVE('',#2851,#2855,#2683,.T.);
#8220=EDGE_CURVE('',#2850,#2854,#2645,.T.);
#8224=ADVANCED_FACE('',(#8223),#8214,.T.);
#8231=EDGE_CURVE('',#2850,#2857,#2675,.T.);
#8233=EDGE_CURVE('',#2851,#2857,#2668,.T.);
#8237=ADVANCED_FACE('',(#8236),#8229,.F.);
#8243=EDGE_CURVE('',#2851,#2850,#2661,.T.);
#8249=ADVANCED_FACE('',(#8248),#8242,.F.);
#8261=ADVANCED_FACE('',(#8260),#8254,.T.);
#8325=ADVANCED_FACE('',(#8324),#8316,.F.);
#8334=EDGE_CURVE('',#2826,#2775,#2751,.T.);
#8338=ADVANCED_FACE('',(#8337),#8330,.F.);
#8347=EDGE_CURVE('',#2827,#2777,#2768,.T.);
#8351=ADVANCED_FACE('',(#8350),#8343,.F.);
#8363=ADVANCED_FACE('',(#8362),#8356,.T.);
#8372=(LENGTH_UNIT()NAMED_UNIT(*)SI_UNIT(.MILLI.,.METRE.));
#8373=(NAMED_UNIT(*)PLANE_ANGLE_UNIT()SI_UNIT($,.RADIAN.));
#8376=(NAMED_UNIT(*)SI_UNIT($,.STERADIAN.)SOLID_ANGLE_UNIT());
#8378=(GEOMETRIC_REPRESENTATION_CONTEXT(3)GLOBAL_UNCERTAINTY_ASSIGNED_CONTEXT((
#8377))GLOBAL_UNIT_ASSIGNED_CONTEXT((#8372,#8375,#8376))REPRESENTATION_CONTEXT(
'ID1','3'));
#8379=ADVANCED_BREP_SHAPE_REPRESENTATION('',(#8365),#8378);
#8387=PRODUCT_DEFINITION('part definition','',#8386,#8383);
#8388=PRODUCT_DEFINITION_SHAPE('','SHAPE FOR BB_DACH.',#8387);
#8389=SHAPE_ASPECT('','solid data associated with BB_DACH',#8388,.F.);
#8390=PROPERTY_DEFINITION('',
'shape for solid data with which properties are associated',#8389);
#8391=SHAPE_REPRESENTATION('',(#8365),#8378);
#8392=SHAPE_DEFINITION_REPRESENTATION(#8390,#8391);
#8393=(LENGTH_UNIT()NAMED_UNIT(*)SI_UNIT(.MILLI.,.METRE.));
#8397=PROPERTY_DEFINITION('geometric validation property','area of BB_DACH',
#8389);
#8398=REPRESENTATION('surface area',(#8396),#8378);
#8399=PROPERTY_DEFINITION_REPRESENTATION(#8397,#8398);
#8400=(LENGTH_UNIT()NAMED_UNIT(*)SI_UNIT(.MILLI.,.METRE.));
#8404=PROPERTY_DEFINITION('geometric validation property','volume of BB_DACH',
#8389);
#8405=REPRESENTATION('volume',(#8403),#8378);
#8406=PROPERTY_DEFINITION_REPRESENTATION(#8404,#8405);
#8408=PROPERTY_DEFINITION('geometric validation property','centroid of BB_DACH',
#8389);
#8409=REPRESENTATION('centroid',(#8407),#8378);
#8410=PROPERTY_DEFINITION_REPRESENTATION(#8408,#8409);
#8411=(LENGTH_UNIT()NAMED_UNIT(*)SI_UNIT(.MILLI.,.METRE.));
#8415=PROPERTY_DEFINITION('geometric validation property','area of BB_DACH',
#8388);
#8416=REPRESENTATION('surface area',(#8414),#8378);
#8417=PROPERTY_DEFINITION_REPRESENTATION(#8415,#8416);
#8418=(LENGTH_UNIT()NAMED_UNIT(*)SI_UNIT(.MILLI.,.METRE.));
#8422=PROPERTY_DEFINITION('geometric validation property','volume of BB_DACH',
#8388);
#8423=REPRESENTATION('volume',(#8421),#8378);
#8424=PROPERTY_DEFINITION_REPRESENTATION(#8422,#8423);
#8426=PROPERTY_DEFINITION('geometric validation property','centroid of BB_DACH',
#8388);
#8427=REPRESENTATION('centroid',(#8425),#8378);
#8428=PROPERTY_DEFINITION_REPRESENTATION(#8426,#8427);
#8429=SHAPE_DEFINITION_REPRESENTATION(#8388,#8379);
#8431=PROPERTY_DEFINITION('DESCRIPTION','user defined attribute',#8387);
#8435=REPRESENTATION('',(#8434),#8378);
#8436=PROPERTY_DEFINITION_REPRESENTATION(#8431,#8435);
#8437=PROPERTY_DEFINITION('MODELED_BY','user defined attribute',#8387);
#8441=REPRESENTATION('',(#8440),#8378);
#8442=PROPERTY_DEFINITION_REPRESENTATION(#8437,#8441);
ENDSEC;
END-ISO-10303-21;
